2025-09-29 16:23:25,565 - game_server - INFO - <module>:87 - Сервер запущен на 192.168.1.4:5555 (привязан к 0.0.0.0)
2025-09-29 16:23:28,915 - game_server - INFO - log_connection:56 - Клиент 0: подключен - {"ip": "192.168.1.4", "port": 52649}
2025-09-29 16:23:28,932 - game_server - INFO - log_game_event:61 - Игровое событие: обновление_позиции - {"client_id": 0, "position": {"x": 960, "y": 540}, "inputs": {"left": false, "right": false, "up": false, "down": false}}
2025-09-29 16:23:28,959 - game_server - INFO - log_game_event:61 - Игровое событие: обновление_позиции - {"client_id": 0, "position": {"x": 960, "y": 540}, "inputs": {"left": false, "right": false, "up": false, "down": false}}
2025-09-29 16:23:28,985 - game_server - INFO - log_game_event:61 - Игровое событие: обновление_позиции - {"client_id": 0, "position": {"x": 960, "y": 540}, "inputs": {"left": false, "right": false, "up": false, "down": false}}
2025-09-29 16:23:29,019 - game_server - INFO - log_game_event:61 - Игровое событие: обновление_позиции - {"client_id": 0, "position": {"x": 960, "y": 540}, "inputs": {"left": false, "right": false, "up": false, "down": false}}
2025-09-29 16:23:29,054 - game_server - INFO - log_game_event:61 - Игровое событие: обновление_позиции - {"client_id": 0, "position": {"x": 960, "y": 540}, "inputs": {"left": false, "right": false, "up": false, "down": false}}
2025-09-29 16:23:29,089 - game_server - INFO - log_game_event:61 - Игровое событие: обновление_позиции - {"client_id": 0, "position": {"x": 960, "y": 540}, "inputs": {"left": false, "right": false, "up": false, "down": false}}
2025-09-29 16:23:29,123 - game_server - INFO - log_game_event:61 - Игровое событие: обновление_позиции - {"client_id": 0, "position": {"x": 960, "y": 540}, "inputs": {"left": false, "right": false, "up": false, "down": false}}
2025-09-29 16:23:29,163 - game_server - INFO - log_game_event:61 - Игровое событие: обновление_позиции - {"client_id": 0, "position": {"x": 960, "y": 540}, "inputs": {"left": false, "right": false, "up": false, "down": false}}
2025-09-29 16:23:29,200 - game_server - INFO - log_game_event:61 - Игровое событие: обновление_позиции - {"client_id": 0, "position": {"x": 960, "y": 540}, "inputs": {"left": false, "right": false, "up": false, "down": false}}
2025-09-29 16:23:29,238 - game_server - INFO - log_game_event:61 - Игровое событие: обновление_позиции - {"client_id": 0, "position": {"x": 960, "y": 540}, "inputs": {"left": false, "right": false, "up": false, "down": false}}
2025-09-29 16:23:29,274 - game_server - INFO - log_game_event:61 - Игровое событие: обновление_позиции - {"client_id": 0, "position": {"x": 960, "y": 540}, "inputs": {"left": false, "right": false, "up": false, "down": false}}
2025-09-29 16:23:29,309 - game_server - INFO - log_game_event:61 - Игровое событие: обновление_позиции - {"client_id": 0, "position": {"x": 960, "y": 540}, "inputs": {"left": false, "right": false, "up": false, "down": false}}
2025-09-29 16:23:29,346 - game_server - INFO - log_game_event:61 - Игровое событие: обновление_позиции - {"client_id": 0, "position": {"x": 960, "y": 540}, "inputs": {"left": false, "right": false, "up": false, "down": false}}
2025-09-29 16:23:29,384 - game_server - INFO - log_game_event:61 - Игровое событие: обновление_позиции - {"client_id": 0, "position": {"x": 960, "y": 540}, "inputs": {"left": false, "right": false, "up": false, "down": false}}
2025-09-29 16:23:29,420 - game_server - INFO - log_game_event:61 - Игровое событие: обновление_позиции - {"client_id": 0, "position": {"x": 960, "y": 540}, "inputs": {"left": false, "right": false, "up": false, "down": false}}
2025-09-29 16:23:29,454 - game_server - INFO - log_game_event:61 - Игровое событие: обновление_позиции - {"client_id": 0, "position": {"x": 960, "y": 540}, "inputs": {"left": false, "right": false, "up": false, "down": false}}
2025-09-29 16:23:29,492 - game_server - INFO - log_game_event:61 - Игровое событие: обновление_позиции - {"client_id": 0, "position": {"x": 960, "y": 540}, "inputs": {"left": false, "right": false, "up": false, "down": false}}
2025-09-29 16:23:29,530 - game_server - INFO - log_game_event:61 - Игровое событие: обновление_позиции - {"client_id": 0, "position": {"x": 960, "y": 540}, "inputs": {"left": false, "right": false, "up": false, "down": false}}
2025-09-29 16:23:29,567 - game_server - INFO - log_game_event:61 - Игровое событие: обновление_позиции - {"client_id": 0, "position": {"x": 960, "y": 540}, "inputs": {"left": false, "right": false, "up": false, "down": false}}
2025-09-29 16:23:29,605 - game_server - INFO - log_game_event:61 - Игровое событие: обновление_позиции - {"client_id": 0, "position": {"x": 960, "y": 540}, "inputs": {"left": false, "right": false, "up": false, "down": false}}
2025-09-29 16:23:29,641 - game_server - INFO - log_game_event:61 - Игровое событие: обновление_позиции - {"client_id": 0, "position": {"x": 960, "y": 540}, "inputs": {"left": false, "right": false, "up": false, "down": false}}
2025-09-29 16:23:29,679 - game_server - INFO - log_game_event:61 - Игровое событие: обновление_позиции - {"client_id": 0, "position": {"x": 960, "y": 540}, "inputs": {"left": false, "right": false, "up": false, "down": false}}
2025-09-29 16:23:29,717 - game_server - INFO - log_game_event:61 - Игровое событие: обновление_позиции - {"client_id": 0, "position": {"x": 960, "y": 540}, "inputs": {"left": false, "right": false, "up": false, "down": false}}
2025-09-29 16:23:29,754 - game_server - INFO - log_game_event:61 - Игровое событие: обновление_позиции - {"client_id": 0, "position": {"x": 960, "y": 540}, "inputs": {"left": false, "right": false, "up": false, "down": false}}
2025-09-29 16:23:29,791 - game_server - INFO - log_game_event:61 - Игровое событие: обновление_позиции - {"client_id": 0, "position": {"x": 960, "y": 540}, "inputs": {"left": false, "right": false, "up": false, "down": false}}
2025-09-29 16:23:29,829 - game_server - INFO - log_game_event:61 - Игровое событие: обновление_позиции - {"client_id": 0, "position": {"x": 960, "y": 540}, "inputs": {"left": false, "right": false, "up": false, "down": false}}
2025-09-29 16:23:29,866 - game_server - INFO - log_game_event:61 - Игровое событие: обновление_позиции - {"client_id": 0, "position": {"x": 960, "y": 540}, "inputs": {"left": false, "right": false, "up": false, "down": false}}
2025-09-29 16:23:29,903 - game_server - INFO - log_game_event:61 - Игровое событие: обновление_позиции - {"client_id": 0, "position": {"x": 960, "y": 540}, "inputs": {"left": false, "right": false, "up": false, "down": false}}
2025-09-29 16:23:29,940 - game_server - INFO - log_game_event:61 - Игровое событие: обновление_позиции - {"client_id": 0, "position": {"x": 960, "y": 540}, "inputs": {"left": false, "right": false, "up": false, "down": false}}
2025-09-29 16:23:29,980 - game_server - INFO - log_game_event:61 - Игровое событие: обновление_позиции - {"client_id": 0, "position": {"x": 960, "y": 540}, "inputs": {"left": false, "right": false, "up": false, "down": false}}
2025-09-29 16:23:30,015 - game_server - INFO - log_game_event:61 - Игровое событие: обновление_позиции - {"client_id": 0, "position": {"x": 960, "y": 540}, "inputs": {"left": false, "right": false, "up": false, "down": false}}
2025-09-29 16:23:30,052 - game_server - INFO - log_game_event:61 - Игровое событие: обновление_позиции - {"client_id": 0, "position": {"x": 960, "y": 540}, "inputs": {"left": false, "right": false, "up": false, "down": false}}
2025-09-29 16:23:30,088 - game_server - INFO - log_game_event:61 - Игровое событие: обновление_позиции - {"client_id": 0, "position": {"x": 960, "y": 540}, "inputs": {"left": false, "right": false, "up": false, "down": false}}
2025-09-29 16:23:30,125 - game_server - INFO - log_game_event:61 - Игровое событие: обновление_позиции - {"client_id": 0, "position": {"x": 960, "y": 540}, "inputs": {"left": false, "right": false, "up": false, "down": false}}
2025-09-29 16:23:30,162 - game_server - INFO - log_game_event:61 - Игровое событие: обновление_позиции - {"client_id": 0, "position": {"x": 960, "y": 540}, "inputs": {"left": false, "right": false, "up": false, "down": false}}
2025-09-29 16:23:30,199 - game_server - INFO - log_game_event:61 - Игровое событие: обновление_позиции - {"client_id": 0, "position": {"x": 960, "y": 540}, "inputs": {"left": false, "right": false, "up": false, "down": false}}
2025-09-29 16:23:30,237 - game_server - INFO - log_game_event:61 - Игровое событие: обновление_позиции - {"client_id": 0, "position": {"x": 960, "y": 540}, "inputs": {"left": false, "right": false, "up": false, "down": false}}
2025-09-29 16:23:30,272 - game_server - INFO - log_game_event:61 - Игровое событие: обновление_позиции - {"client_id": 0, "position": {"x": 960, "y": 540}, "inputs": {"left": false, "right": false, "up": false, "down": false}}
2025-09-29 16:23:30,308 - game_server - INFO - log_game_event:61 - Игровое событие: обновление_позиции - {"client_id": 0, "position": {"x": 960, "y": 540}, "inputs": {"left": false, "right": false, "up": false, "down": false}}
2025-09-29 16:23:30,338 - game_server - INFO - log_game_event:61 - Игровое событие: обновление_позиции - {"client_id": 0, "position": {"x": 960, "y": 540}, "inputs": {"left": false, "right": false, "up": false, "down": false}}
2025-09-29 16:23:30,375 - game_server - INFO - log_game_event:61 - Игровое событие: обновление_позиции - {"client_id": 0, "position": {"x": 960, "y": 540}, "inputs": {"left": false, "right": false, "up": false, "down": false}}
2025-09-29 16:23:30,414 - game_server - INFO - log_game_event:61 - Игровое событие: обновление_позиции - {"client_id": 0, "position": {"x": 960, "y": 540}, "inputs": {"left": false, "right": false, "up": false, "down": false}}
2025-09-29 16:23:30,450 - game_server - INFO - log_game_event:61 - Игровое событие: обновление_позиции - {"client_id": 0, "position": {"x": 960, "y": 540}, "inputs": {"left": false, "right": false, "up": false, "down": false}}
2025-09-29 16:23:30,488 - game_server - INFO - log_game_event:61 - Игровое событие: обновление_позиции - {"client_id": 0, "position": {"x": 960, "y": 540}, "inputs": {"left": false, "right": false, "up": false, "down": false}}
2025-09-29 16:23:30,525 - game_server - INFO - log_game_event:61 - Игровое событие: обновление_позиции - {"client_id": 0, "position": {"x": 960, "y": 540}, "inputs": {"left": false, "right": false, "up": false, "down": false}}
2025-09-29 16:23:30,563 - game_server - INFO - log_game_event:61 - Игровое событие: обновление_позиции - {"client_id": 0, "position": {"x": 960, "y": 540}, "inputs": {"left": false, "right": false, "up": false, "down": false}}
2025-09-29 16:23:30,599 - game_server - INFO - log_game_event:61 - Игровое событие: обновление_позиции - {"client_id": 0, "position": {"x": 960, "y": 540}, "inputs": {"left": false, "right": false, "up": false, "down": false}}
2025-09-29 16:23:30,635 - game_server - INFO - log_game_event:61 - Игровое событие: обновление_позиции - {"client_id": 0, "position": {"x": 960, "y": 540}, "inputs": {"left": false, "right": false, "up": false, "down": false}}
2025-09-29 16:23:30,671 - game_server - INFO - log_game_event:61 - Игровое событие: обновление_позиции - {"client_id": 0, "position": {"x": 960, "y": 540}, "inputs": {"left": false, "right": false, "up": false, "down": false}}
2025-09-29 16:23:30,709 - game_server - INFO - log_game_event:61 - Игровое событие: обновление_позиции - {"client_id": 0, "position": {"x": 960, "y": 540}, "inputs": {"left": false, "right": false, "up": false, "down": false}}
2025-09-29 16:23:30,745 - game_server - INFO - log_game_event:61 - Игровое событие: обновление_позиции - {"client_id": 0, "position": {"x": 960, "y": 540}, "inputs": {"left": false, "right": false, "up": false, "down": false}}
2025-09-29 16:23:30,785 - game_server - INFO - log_game_event:61 - Игровое событие: обновление_позиции - {"client_id": 0, "position": {"x": 960, "y": 540}, "inputs": {"left": false, "right": false, "up": false, "down": false}}
2025-09-29 16:23:30,822 - game_server - INFO - log_game_event:61 - Игровое событие: обновление_позиции - {"client_id": 0, "position": {"x": 960, "y": 540}, "inputs": {"left": false, "right": false, "up": false, "down": false}}
2025-09-29 16:23:30,858 - game_server - INFO - log_game_event:61 - Игровое событие: обновление_позиции - {"client_id": 0, "position": {"x": 960, "y": 540}, "inputs": {"left": false, "right": false, "up": false, "down": false}}
2025-09-29 16:23:30,893 - game_server - INFO - log_game_event:61 - Игровое событие: обновление_позиции - {"client_id": 0, "position": {"x": 960, "y": 540}, "inputs": {"left": false, "right": false, "up": false, "down": false}}
2025-09-29 16:23:30,930 - game_server - INFO - log_game_event:61 - Игровое событие: обновление_позиции - {"client_id": 0, "position": {"x": 960, "y": 540}, "inputs": {"left": false, "right": false, "up": false, "down": false}}
2025-09-29 16:23:30,966 - game_server - INFO - log_game_event:61 - Игровое событие: обновление_позиции - {"client_id": 0, "position": {"x": 960, "y": 540}, "inputs": {"left": false, "right": false, "up": false, "down": false}}
2025-09-29 16:23:31,003 - game_server - INFO - log_game_event:61 - Игровое событие: обновление_позиции - {"client_id": 0, "position": {"x": 960, "y": 540}, "inputs": {"left": false, "right": false, "up": false, "down": false}}
2025-09-29 16:23:31,040 - game_server - INFO - log_game_event:61 - Игровое событие: обновление_позиции - {"client_id": 0, "position": {"x": 960, "y": 540}, "inputs": {"left": false, "right": false, "up": false, "down": false}}
2025-09-29 16:23:31,076 - game_server - INFO - log_game_event:61 - Игровое событие: обновление_позиции - {"client_id": 0, "position": {"x": 960, "y": 540}, "inputs": {"left": false, "right": false, "up": false, "down": false}}
2025-09-29 16:23:31,115 - game_server - INFO - log_game_event:61 - Игровое событие: обновление_позиции - {"client_id": 0, "position": {"x": 960, "y": 540}, "inputs": {"left": false, "right": false, "up": false, "down": false}}
2025-09-29 16:23:31,152 - game_server - INFO - log_game_event:61 - Игровое событие: обновление_позиции - {"client_id": 0, "position": {"x": 960, "y": 540}, "inputs": {"left": false, "right": false, "up": false, "down": false}}
2025-09-29 16:23:31,188 - game_server - INFO - log_game_event:61 - Игровое событие: обновление_позиции - {"client_id": 0, "position": {"x": 960, "y": 540}, "inputs": {"left": false, "right": false, "up": false, "down": false}}
2025-09-29 16:23:31,225 - game_server - INFO - log_game_event:61 - Игровое событие: обновление_позиции - {"client_id": 0, "position": {"x": 960, "y": 540}, "inputs": {"left": false, "right": false, "up": false, "down": false}}
2025-09-29 16:23:31,262 - game_server - INFO - log_game_event:61 - Игровое событие: обновление_позиции - {"client_id": 0, "position": {"x": 960, "y": 540}, "inputs": {"left": false, "right": false, "up": false, "down": false}}
2025-09-29 16:23:31,301 - game_server - INFO - log_game_event:61 - Игровое событие: обновление_позиции - {"client_id": 0, "position": {"x": 960, "y": 540}, "inputs": {"left": false, "right": false, "up": false, "down": false}}
2025-09-29 16:23:31,339 - game_server - INFO - log_game_event:61 - Игровое событие: обновление_позиции - {"client_id": 0, "position": {"x": 960, "y": 540}, "inputs": {"left": false, "right": false, "up": false, "down": false}}
2025-09-29 16:23:31,376 - game_server - INFO - log_game_event:61 - Игровое событие: обновление_позиции - {"client_id": 0, "position": {"x": 960, "y": 540}, "inputs": {"left": false, "right": false, "up": false, "down": false}}
2025-09-29 16:23:31,412 - game_server - INFO - log_game_event:61 - Игровое событие: обновление_позиции - {"client_id": 0, "position": {"x": 960, "y": 540}, "inputs": {"left": false, "right": false, "up": false, "down": false}}
2025-09-29 16:23:31,448 - game_server - INFO - log_game_event:61 - Игровое событие: обновление_позиции - {"client_id": 0, "position": {"x": 960, "y": 540}, "inputs": {"left": false, "right": false, "up": false, "down": false}}
2025-09-29 16:23:31,486 - game_server - INFO - log_game_event:61 - Игровое событие: обновление_позиции - {"client_id": 0, "position": {"x": 960, "y": 540}, "inputs": {"left": false, "right": false, "up": false, "down": false}}
2025-09-29 16:23:31,522 - game_server - INFO - log_game_event:61 - Игровое событие: обновление_позиции - {"client_id": 0, "position": {"x": 960, "y": 540}, "inputs": {"left": false, "right": false, "up": false, "down": false}}
2025-09-29 16:23:31,560 - game_server - INFO - log_game_event:61 - Игровое событие: обновление_позиции - {"client_id": 0, "position": {"x": 960, "y": 540}, "inputs": {"left": false, "right": false, "up": false, "down": false}}
2025-09-29 16:23:31,598 - game_server - INFO - log_game_event:61 - Игровое событие: обновление_позиции - {"client_id": 0, "position": {"x": 960, "y": 540}, "inputs": {"left": false, "right": false, "up": false, "down": false}}
2025-09-29 16:23:31,636 - game_server - INFO - log_game_event:61 - Игровое событие: обновление_позиции - {"client_id": 0, "position": {"x": 960, "y": 540}, "inputs": {"left": false, "right": false, "up": false, "down": false}}
2025-09-29 16:23:31,672 - game_server - INFO - log_game_event:61 - Игровое событие: обновление_позиции - {"client_id": 0, "position": {"x": 960, "y": 540}, "inputs": {"left": false, "right": false, "up": false, "down": false}}
2025-09-29 16:23:31,707 - game_server - INFO - log_game_event:61 - Игровое событие: обновление_позиции - {"client_id": 0, "position": {"x": 960, "y": 540}, "inputs": {"left": false, "right": false, "up": false, "down": false}}
2025-09-29 16:23:31,747 - game_server - INFO - log_game_event:61 - Игровое событие: обновление_позиции - {"client_id": 0, "position": {"x": 960, "y": 540}, "inputs": {"left": false, "right": false, "up": false, "down": false}}
2025-09-29 16:23:31,786 - game_server - INFO - log_game_event:61 - Игровое событие: обновление_позиции - {"client_id": 0, "position": {"x": 960, "y": 540}, "inputs": {"left": false, "right": false, "up": false, "down": false}}
2025-09-29 16:23:31,824 - game_server - INFO - log_game_event:61 - Игровое событие: обновление_позиции - {"client_id": 0, "position": {"x": 960, "y": 540}, "inputs": {"left": false, "right": false, "up": false, "down": false}}
2025-09-29 16:23:31,860 - game_server - INFO - log_game_event:61 - Игровое событие: обновление_позиции - {"client_id": 0, "position": {"x": 960, "y": 540}, "inputs": {"left": false, "right": false, "up": false, "down": false}}
2025-09-29 16:23:31,899 - game_server - INFO - log_game_event:61 - Игровое событие: обновление_позиции - {"client_id": 0, "position": {"x": 960, "y": 540}, "inputs": {"left": false, "right": false, "up": false, "down": false}}
2025-09-29 16:23:31,968 - game_server - INFO - log_game_event:61 - Игровое событие: обновление_позиции - {"client_id": 0, "position": {"x": 960, "y": 540}, "inputs": {"left": false, "right": false, "up": false, "down": false}}
2025-09-29 16:23:32,001 - game_server - INFO - log_game_event:61 - Игровое событие: обновление_позиции - {"client_id": 0, "position": {"x": 960, "y": 540}, "inputs": {"left": false, "right": false, "up": false, "down": false}}
2025-09-29 16:23:32,041 - game_server - INFO - log_game_event:61 - Игровое событие: обновление_позиции - {"client_id": 0, "position": {"x": 960, "y": 540}, "inputs": {"left": false, "right": false, "up": false, "down": false}}
2025-09-29 16:23:32,076 - game_server - INFO - log_game_event:61 - Игровое событие: обновление_позиции - {"client_id": 0, "position": {"x": 960, "y": 540}, "inputs": {"left": false, "right": false, "up": false, "down": false}}
2025-09-29 16:23:32,108 - game_server - INFO - log_game_event:61 - Игровое событие: обновление_позиции - {"client_id": 0, "position": {"x": 960, "y": 540}, "inputs": {"left": false, "right": false, "up": false, "down": false}}
2025-09-29 16:23:32,141 - game_server - INFO - log_game_event:61 - Игровое событие: обновление_позиции - {"client_id": 0, "position": {"x": 960, "y": 540}, "inputs": {"left": false, "right": false, "up": false, "down": false}}
2025-09-29 16:23:32,170 - game_server - INFO - log_game_event:61 - Игровое событие: обновление_позиции - {"client_id": 0, "position": {"x": 960, "y": 540}, "inputs": {"left": false, "right": false, "up": false, "down": false}}
2025-09-29 16:23:32,203 - game_server - INFO - log_game_event:61 - Игровое событие: обновление_позиции - {"client_id": 0, "position": {"x": 960, "y": 540}, "inputs": {"left": false, "right": false, "up": false, "down": false}}
2025-09-29 16:23:32,233 - game_server - INFO - log_game_event:61 - Игровое событие: обновление_позиции - {"client_id": 0, "position": {"x": 960, "y": 540}, "inputs": {"left": false, "right": false, "up": false, "down": false}}
2025-09-29 16:23:32,259 - game_server - INFO - log_game_event:61 - Игровое событие: обновление_позиции - {"client_id": 0, "position": {"x": 960, "y": 540}, "inputs": {"left": false, "right": false, "up": false, "down": false}}
2025-09-29 16:23:32,291 - game_server - INFO - log_game_event:61 - Игровое событие: обновление_позиции - {"client_id": 0, "position": {"x": 960, "y": 540}, "inputs": {"left": false, "right": false, "up": false, "down": false}}
2025-09-29 16:23:32,326 - game_server - INFO - log_game_event:61 - Игровое событие: обновление_позиции - {"client_id": 0, "position": {"x": 960, "y": 540}, "inputs": {"left": false, "right": false, "up": false, "down": false}}
2025-09-29 16:23:32,360 - game_server - INFO - log_game_event:61 - Игровое событие: обновление_позиции - {"client_id": 0, "position": {"x": 960, "y": 540}, "inputs": {"left": false, "right": false, "up": false, "down": false}}
2025-09-29 16:23:32,396 - game_server - INFO - log_game_event:61 - Игровое событие: обновление_позиции - {"client_id": 0, "position": {"x": 960, "y": 540}, "inputs": {"left": false, "right": false, "up": false, "down": false}}
2025-09-29 16:23:32,429 - game_server - INFO - log_game_event:61 - Игровое событие: обновление_позиции - {"client_id": 0, "position": {"x": 960, "y": 540}, "inputs": {"left": false, "right": false, "up": false, "down": false}}
2025-09-29 16:23:32,466 - game_server - INFO - log_game_event:61 - Игровое событие: обновление_позиции - {"client_id": 0, "position": {"x": 960, "y": 540}, "inputs": {"left": false, "right": false, "up": false, "down": false}}
2025-09-29 16:23:32,501 - game_server - INFO - log_game_event:61 - Игровое событие: обновление_позиции - {"client_id": 0, "position": {"x": 960, "y": 540}, "inputs": {"left": false, "right": false, "up": false, "down": false}}
2025-09-29 16:23:32,537 - game_server - INFO - log_game_event:61 - Игровое событие: обновление_позиции - {"client_id": 0, "position": {"x": 960, "y": 540}, "inputs": {"left": false, "right": false, "up": false, "down": false}}
2025-09-29 16:23:32,574 - game_server - INFO - log_game_event:61 - Игровое событие: обновление_позиции - {"client_id": 0, "position": {"x": 960, "y": 540}, "inputs": {"left": false, "right": false, "up": false, "down": false}}
2025-09-29 16:23:32,610 - game_server - INFO - log_game_event:61 - Игровое событие: обновление_позиции - {"client_id": 0, "position": {"x": 960, "y": 540}, "inputs": {"left": false, "right": false, "up": false, "down": false}}
2025-09-29 16:23:32,648 - game_server - INFO - log_game_event:61 - Игровое событие: обновление_позиции - {"client_id": 0, "position": {"x": 960, "y": 540}, "inputs": {"left": false, "right": false, "up": false, "down": false}}
2025-09-29 16:23:32,687 - game_server - INFO - log_game_event:61 - Игровое событие: обновление_позиции - {"client_id": 0, "position": {"x": 960, "y": 545}, "inputs": {"left": false, "right": false, "up": false, "down": true}}
2025-09-29 16:23:32,721 - game_server - INFO - log_game_event:61 - Игровое событие: обновление_позиции - {"client_id": 0, "position": {"x": 960, "y": 550}, "inputs": {"left": false, "right": false, "up": false, "down": true}}
2025-09-29 16:23:32,758 - game_server - INFO - log_game_event:61 - Игровое событие: обновление_позиции - {"client_id": 0, "position": {"x": 960, "y": 555}, "inputs": {"left": false, "right": false, "up": false, "down": true}}
2025-09-29 16:23:32,796 - game_server - INFO - log_game_event:61 - Игровое событие: обновление_позиции - {"client_id": 0, "position": {"x": 960, "y": 560}, "inputs": {"left": false, "right": false, "up": false, "down": true}}
2025-09-29 16:23:32,830 - game_server - INFO - log_game_event:61 - Игровое событие: обновление_позиции - {"client_id": 0, "position": {"x": 960, "y": 565}, "inputs": {"left": false, "right": false, "up": false, "down": true}}
2025-09-29 16:23:32,863 - game_server - INFO - log_game_event:61 - Игровое событие: обновление_позиции - {"client_id": 0, "position": {"x": 960, "y": 570}, "inputs": {"left": false, "right": false, "up": false, "down": true}}
2025-09-29 16:23:32,900 - game_server - INFO - log_game_event:61 - Игровое событие: обновление_позиции - {"client_id": 0, "position": {"x": 960, "y": 575}, "inputs": {"left": false, "right": false, "up": false, "down": true}}
2025-09-29 16:23:32,938 - game_server - INFO - log_game_event:61 - Игровое событие: обновление_позиции - {"client_id": 0, "position": {"x": 960, "y": 580}, "inputs": {"left": false, "right": false, "up": false, "down": true}}
2025-09-29 16:23:32,976 - game_server - INFO - log_game_event:61 - Игровое событие: обновление_позиции - {"client_id": 0, "position": {"x": 960, "y": 585}, "inputs": {"left": false, "right": false, "up": false, "down": true}}
2025-09-29 16:23:33,012 - game_server - INFO - log_game_event:61 - Игровое событие: обновление_позиции - {"client_id": 0, "position": {"x": 960, "y": 590}, "inputs": {"left": false, "right": false, "up": false, "down": true}}
2025-09-29 16:23:33,049 - game_server - INFO - log_game_event:61 - Игровое событие: обновление_позиции - {"client_id": 0, "position": {"x": 960, "y": 595}, "inputs": {"left": false, "right": false, "up": false, "down": true}}
2025-09-29 16:23:33,085 - game_server - INFO - log_game_event:61 - Игровое событие: обновление_позиции - {"client_id": 0, "position": {"x": 960, "y": 600}, "inputs": {"left": false, "right": false, "up": false, "down": true}}
2025-09-29 16:23:33,121 - game_server - INFO - log_game_event:61 - Игровое событие: обновление_позиции - {"client_id": 0, "position": {"x": 960, "y": 605}, "inputs": {"left": false, "right": false, "up": false, "down": true}}
2025-09-29 16:23:33,155 - game_server - INFO - log_game_event:61 - Игровое событие: обновление_позиции - {"client_id": 0, "position": {"x": 960, "y": 610}, "inputs": {"left": false, "right": false, "up": false, "down": true}}
2025-09-29 16:23:33,192 - game_server - INFO - log_game_event:61 - Игровое событие: обновление_позиции - {"client_id": 0, "position": {"x": 960, "y": 615}, "inputs": {"left": false, "right": false, "up": false, "down": true}}
2025-09-29 16:23:33,231 - game_server - INFO - log_game_event:61 - Игровое событие: обновление_позиции - {"client_id": 0, "position": {"x": 960, "y": 620}, "inputs": {"left": false, "right": false, "up": false, "down": true}}
2025-09-29 16:23:33,268 - game_server - INFO - log_game_event:61 - Игровое событие: обновление_позиции - {"client_id": 0, "position": {"x": 955, "y": 625}, "inputs": {"left": true, "right": false, "up": false, "down": true}}
2025-09-29 16:23:33,304 - game_server - INFO - log_game_event:61 - Игровое событие: обновление_позиции - {"client_id": 0, "position": {"x": 950, "y": 630}, "inputs": {"left": true, "right": false, "up": false, "down": true}}
2025-09-29 16:23:33,344 - game_server - INFO - log_game_event:61 - Игровое событие: обновление_позиции - {"client_id": 0, "position": {"x": 945, "y": 630}, "inputs": {"left": true, "right": false, "up": false, "down": false}}
2025-09-29 16:23:33,382 - game_server - INFO - log_game_event:61 - Игровое событие: обновление_позиции - {"client_id": 0, "position": {"x": 940, "y": 630}, "inputs": {"left": true, "right": false, "up": false, "down": false}}
2025-09-29 16:23:33,421 - game_server - INFO - log_game_event:61 - Игровое событие: обновление_позиции - {"client_id": 0, "position": {"x": 935, "y": 630}, "inputs": {"left": true, "right": false, "up": false, "down": false}}
2025-09-29 16:23:33,456 - game_server - INFO - log_game_event:61 - Игровое событие: обновление_позиции - {"client_id": 0, "position": {"x": 930, "y": 630}, "inputs": {"left": true, "right": false, "up": false, "down": false}}
2025-09-29 16:23:33,495 - game_server - INFO - log_game_event:61 - Игровое событие: обновление_позиции - {"client_id": 0, "position": {"x": 925, "y": 630}, "inputs": {"left": true, "right": false, "up": false, "down": false}}
2025-09-29 16:23:33,530 - game_server - INFO - log_game_event:61 - Игровое событие: обновление_позиции - {"client_id": 0, "position": {"x": 920, "y": 630}, "inputs": {"left": true, "right": false, "up": false, "down": false}}
2025-09-29 16:23:33,567 - game_server - INFO - log_game_event:61 - Игровое событие: обновление_позиции - {"client_id": 0, "position": {"x": 915, "y": 630}, "inputs": {"left": true, "right": false, "up": false, "down": false}}
2025-09-29 16:23:33,605 - game_server - INFO - log_game_event:61 - Игровое событие: обновление_позиции - {"client_id": 0, "position": {"x": 910, "y": 630}, "inputs": {"left": true, "right": false, "up": false, "down": false}}
2025-09-29 16:23:33,639 - game_server - INFO - log_game_event:61 - Игровое событие: обновление_позиции - {"client_id": 0, "position": {"x": 905, "y": 630}, "inputs": {"left": true, "right": false, "up": false, "down": false}}
2025-09-29 16:23:33,674 - game_server - INFO - log_game_event:61 - Игровое событие: обновление_позиции - {"client_id": 0, "position": {"x": 900, "y": 630}, "inputs": {"left": true, "right": false, "up": false, "down": false}}
2025-09-29 16:23:33,710 - game_server - INFO - log_game_event:61 - Игровое событие: обновление_позиции - {"client_id": 0, "position": {"x": 895, "y": 630}, "inputs": {"left": true, "right": false, "up": false, "down": false}}
2025-09-29 16:23:33,747 - game_server - INFO - log_game_event:61 - Игровое событие: обновление_позиции - {"client_id": 0, "position": {"x": 890, "y": 630}, "inputs": {"left": true, "right": false, "up": false, "down": false}}
2025-09-29 16:23:33,783 - game_server - INFO - log_game_event:61 - Игровое событие: обновление_позиции - {"client_id": 0, "position": {"x": 885, "y": 630}, "inputs": {"left": true, "right": false, "up": false, "down": false}}
2025-09-29 16:23:33,822 - game_server - INFO - log_game_event:61 - Игровое событие: обновление_позиции - {"client_id": 0, "position": {"x": 880, "y": 630}, "inputs": {"left": true, "right": false, "up": false, "down": false}}
2025-09-29 16:23:33,859 - game_server - INFO - log_game_event:61 - Игровое событие: обновление_позиции - {"client_id": 0, "position": {"x": 875, "y": 630}, "inputs": {"left": true, "right": false, "up": false, "down": false}}
2025-09-29 16:23:33,896 - game_server - INFO - log_game_event:61 - Игровое событие: обновление_позиции - {"client_id": 0, "position": {"x": 875, "y": 630}, "inputs": {"left": false, "right": false, "up": false, "down": false}}
2025-09-29 16:23:33,928 - game_server - INFO - log_game_event:61 - Игровое событие: обновление_позиции - {"client_id": 0, "position": {"x": 875, "y": 630}, "inputs": {"left": false, "right": false, "up": false, "down": false}}
2025-09-29 16:23:33,962 - game_server - INFO - log_game_event:61 - Игровое событие: обновление_позиции - {"client_id": 0, "position": {"x": 875, "y": 630}, "inputs": {"left": false, "right": false, "up": false, "down": false}}
2025-09-29 16:23:33,999 - game_server - INFO - log_game_event:61 - Игровое событие: обновление_позиции - {"client_id": 0, "position": {"x": 875, "y": 630}, "inputs": {"left": false, "right": false, "up": false, "down": false}}
2025-09-29 16:23:34,033 - game_server - INFO - log_game_event:61 - Игровое событие: обновление_позиции - {"client_id": 0, "position": {"x": 875, "y": 630}, "inputs": {"left": false, "right": false, "up": false, "down": false}}
2025-09-29 16:23:34,057 - game_server - INFO - log_game_event:61 - Игровое событие: обновление_позиции - {"client_id": 0, "position": {"x": 875, "y": 630}, "inputs": {"left": false, "right": false, "up": false, "down": false}}
2025-09-29 16:23:34,082 - game_server - INFO - log_game_event:61 - Игровое событие: обновление_позиции - {"client_id": 0, "position": {"x": 875, "y": 630}, "inputs": {"left": false, "right": false, "up": false, "down": false}}
2025-09-29 16:23:34,111 - game_server - INFO - log_game_event:61 - Игровое событие: обновление_позиции - {"client_id": 0, "position": {"x": 875, "y": 630}, "inputs": {"left": false, "right": false, "up": false, "down": false}}
2025-09-29 16:23:34,135 - game_server - INFO - log_game_event:61 - Игровое событие: обновление_позиции - {"client_id": 0, "position": {"x": 875, "y": 630}, "inputs": {"left": false, "right": false, "up": false, "down": false}}
2025-09-29 16:23:34,162 - game_server - INFO - log_game_event:61 - Игровое событие: обновление_позиции - {"client_id": 0, "position": {"x": 875, "y": 630}, "inputs": {"left": false, "right": false, "up": false, "down": false}}
2025-09-29 16:23:34,188 - game_server - INFO - log_game_event:61 - Игровое событие: обновление_позиции - {"client_id": 0, "position": {"x": 875, "y": 630}, "inputs": {"left": false, "right": false, "up": false, "down": false}}
2025-09-29 16:23:34,213 - game_server - INFO - log_game_event:61 - Игровое событие: обновление_позиции - {"client_id": 0, "position": {"x": 875, "y": 630}, "inputs": {"left": false, "right": false, "up": false, "down": false}}
2025-09-29 16:23:34,237 - game_server - INFO - log_game_event:61 - Игровое событие: обновление_позиции - {"client_id": 0, "position": {"x": 875, "y": 630}, "inputs": {"left": false, "right": false, "up": false, "down": false}}
2025-09-29 16:23:34,261 - game_server - INFO - log_game_event:61 - Игровое событие: обновление_позиции - {"client_id": 0, "position": {"x": 875, "y": 630}, "inputs": {"left": false, "right": false, "up": false, "down": false}}
2025-09-29 16:23:34,284 - game_server - INFO - log_game_event:61 - Игровое событие: обновление_позиции - {"client_id": 0, "position": {"x": 875, "y": 630}, "inputs": {"left": false, "right": false, "up": false, "down": false}}
2025-09-29 16:23:34,311 - game_server - INFO - log_game_event:61 - Игровое событие: обновление_позиции - {"client_id": 0, "position": {"x": 875, "y": 630}, "inputs": {"left": false, "right": false, "up": false, "down": false}}
2025-09-29 16:23:34,338 - game_server - INFO - log_game_event:61 - Игровое событие: обновление_позиции - {"client_id": 0, "position": {"x": 875, "y": 630}, "inputs": {"left": false, "right": false, "up": false, "down": false}}
2025-09-29 16:23:34,367 - game_server - INFO - log_game_event:61 - Игровое событие: обновление_позиции - {"client_id": 0, "position": {"x": 875, "y": 630}, "inputs": {"left": false, "right": false, "up": false, "down": false}}
2025-09-29 16:23:34,391 - game_server - INFO - log_game_event:61 - Игровое событие: обновление_позиции - {"client_id": 0, "position": {"x": 875, "y": 630}, "inputs": {"left": false, "right": false, "up": false, "down": false}}
2025-09-29 16:23:34,417 - game_server - INFO - log_game_event:61 - Игровое событие: обновление_позиции - {"client_id": 0, "position": {"x": 875, "y": 630}, "inputs": {"left": false, "right": false, "up": false, "down": false}}
2025-09-29 16:23:34,443 - game_server - INFO - log_game_event:61 - Игровое событие: обновление_позиции - {"client_id": 0, "position": {"x": 875, "y": 630}, "inputs": {"left": false, "right": false, "up": false, "down": false}}
2025-09-29 16:23:34,470 - game_server - INFO - log_game_event:61 - Игровое событие: обновление_позиции - {"client_id": 0, "position": {"x": 875, "y": 630}, "inputs": {"left": false, "right": false, "up": false, "down": false}}
2025-09-29 16:23:34,502 - game_server - INFO - log_game_event:61 - Игровое событие: обновление_позиции - {"client_id": 0, "position": {"x": 875, "y": 630}, "inputs": {"left": false, "right": false, "up": false, "down": false}}
2025-09-29 16:23:34,529 - game_server - INFO - log_game_event:61 - Игровое событие: обновление_позиции - {"client_id": 0, "position": {"x": 875, "y": 630}, "inputs": {"left": false, "right": false, "up": false, "down": false}}
2025-09-29 16:23:34,566 - game_server - INFO - log_game_event:61 - Игровое событие: обновление_позиции - {"client_id": 0, "position": {"x": 875, "y": 630}, "inputs": {"left": false, "right": false, "up": false, "down": false}}
2025-09-29 16:23:34,603 - game_server - INFO - log_game_event:61 - Игровое событие: обновление_позиции - {"client_id": 0, "position": {"x": 880, "y": 630}, "inputs": {"left": false, "right": true, "up": false, "down": false}}
2025-09-29 16:23:34,641 - game_server - INFO - log_game_event:61 - Игровое событие: обновление_позиции - {"client_id": 0, "position": {"x": 885, "y": 630}, "inputs": {"left": false, "right": true, "up": false, "down": false}}
2025-09-29 16:23:34,679 - game_server - INFO - log_game_event:61 - Игровое событие: обновление_позиции - {"client_id": 0, "position": {"x": 890, "y": 630}, "inputs": {"left": false, "right": true, "up": false, "down": false}}
2025-09-29 16:23:34,716 - game_server - INFO - log_game_event:61 - Игровое событие: обновление_позиции - {"client_id": 0, "position": {"x": 895, "y": 630}, "inputs": {"left": false, "right": true, "up": false, "down": false}}
2025-09-29 16:23:34,751 - game_server - INFO - log_game_event:61 - Игровое событие: обновление_позиции - {"client_id": 0, "position": {"x": 900, "y": 630}, "inputs": {"left": false, "right": true, "up": false, "down": false}}
2025-09-29 16:23:34,790 - game_server - INFO - log_game_event:61 - Игровое событие: обновление_позиции - {"client_id": 0, "position": {"x": 905, "y": 630}, "inputs": {"left": false, "right": true, "up": false, "down": false}}
2025-09-29 16:23:34,828 - game_server - INFO - log_game_event:61 - Игровое событие: обновление_позиции - {"client_id": 0, "position": {"x": 910, "y": 630}, "inputs": {"left": false, "right": true, "up": false, "down": false}}
2025-09-29 16:23:34,863 - game_server - INFO - log_game_event:61 - Игровое событие: обновление_позиции - {"client_id": 0, "position": {"x": 915, "y": 630}, "inputs": {"left": false, "right": true, "up": false, "down": false}}
2025-09-29 16:23:34,901 - game_server - INFO - log_game_event:61 - Игровое событие: обновление_позиции - {"client_id": 0, "position": {"x": 920, "y": 630}, "inputs": {"left": false, "right": true, "up": false, "down": false}}
2025-09-29 16:23:34,938 - game_server - INFO - log_game_event:61 - Игровое событие: обновление_позиции - {"client_id": 0, "position": {"x": 925, "y": 630}, "inputs": {"left": false, "right": true, "up": false, "down": false}}
2025-09-29 16:23:34,975 - game_server - INFO - log_game_event:61 - Игровое событие: обновление_позиции - {"client_id": 0, "position": {"x": 930, "y": 630}, "inputs": {"left": false, "right": true, "up": false, "down": false}}
2025-09-29 16:23:35,013 - game_server - INFO - log_game_event:61 - Игровое событие: обновление_позиции - {"client_id": 0, "position": {"x": 935, "y": 630}, "inputs": {"left": false, "right": true, "up": false, "down": false}}
2025-09-29 16:23:35,048 - game_server - INFO - log_game_event:61 - Игровое событие: обновление_позиции - {"client_id": 0, "position": {"x": 940, "y": 630}, "inputs": {"left": false, "right": true, "up": false, "down": false}}
2025-09-29 16:23:35,087 - game_server - INFO - log_game_event:61 - Игровое событие: обновление_позиции - {"client_id": 0, "position": {"x": 945, "y": 630}, "inputs": {"left": false, "right": true, "up": false, "down": false}}
2025-09-29 16:23:35,124 - game_server - INFO - log_game_event:61 - Игровое событие: обновление_позиции - {"client_id": 0, "position": {"x": 950, "y": 630}, "inputs": {"left": false, "right": true, "up": false, "down": false}}
2025-09-29 16:23:35,167 - game_server - INFO - log_game_event:61 - Игровое событие: обновление_позиции - {"client_id": 0, "position": {"x": 955, "y": 630}, "inputs": {"left": false, "right": true, "up": false, "down": false}}
2025-09-29 16:23:35,203 - game_server - INFO - log_game_event:61 - Игровое событие: обновление_позиции - {"client_id": 0, "position": {"x": 960, "y": 630}, "inputs": {"left": false, "right": true, "up": false, "down": false}}
2025-09-29 16:23:35,240 - game_server - INFO - log_game_event:61 - Игровое событие: обновление_позиции - {"client_id": 0, "position": {"x": 965, "y": 630}, "inputs": {"left": false, "right": true, "up": false, "down": false}}
2025-09-29 16:23:35,278 - game_server - INFO - log_game_event:61 - Игровое событие: обновление_позиции - {"client_id": 0, "position": {"x": 970, "y": 630}, "inputs": {"left": false, "right": true, "up": false, "down": false}}
2025-09-29 16:23:35,314 - game_server - INFO - log_game_event:61 - Игровое событие: обновление_позиции - {"client_id": 0, "position": {"x": 975, "y": 630}, "inputs": {"left": false, "right": true, "up": false, "down": false}}
2025-09-29 16:23:35,350 - game_server - INFO - log_game_event:61 - Игровое событие: обновление_позиции - {"client_id": 0, "position": {"x": 980, "y": 630}, "inputs": {"left": false, "right": true, "up": false, "down": false}}
2025-09-29 16:23:35,387 - game_server - INFO - log_game_event:61 - Игровое событие: обновление_позиции - {"client_id": 0, "position": {"x": 985, "y": 630}, "inputs": {"left": false, "right": true, "up": false, "down": false}}
2025-09-29 16:23:35,424 - game_server - INFO - log_game_event:61 - Игровое событие: обновление_позиции - {"client_id": 0, "position": {"x": 990, "y": 630}, "inputs": {"left": false, "right": true, "up": false, "down": false}}
2025-09-29 16:23:35,463 - game_server - INFO - log_game_event:61 - Игровое событие: обновление_позиции - {"client_id": 0, "position": {"x": 995, "y": 630}, "inputs": {"left": false, "right": true, "up": false, "down": false}}
2025-09-29 16:23:35,499 - game_server - INFO - log_game_event:61 - Игровое событие: обновление_позиции - {"client_id": 0, "position": {"x": 1000, "y": 630}, "inputs": {"left": false, "right": true, "up": false, "down": false}}
2025-09-29 16:23:35,537 - game_server - INFO - log_game_event:61 - Игровое событие: обновление_позиции - {"client_id": 0, "position": {"x": 1000, "y": 630}, "inputs": {"left": false, "right": false, "up": false, "down": false}}
2025-09-29 16:23:35,574 - game_server - INFO - log_game_event:61 - Игровое событие: обновление_позиции - {"client_id": 0, "position": {"x": 1000, "y": 630}, "inputs": {"left": false, "right": false, "up": false, "down": false}}
2025-09-29 16:23:35,611 - game_server - INFO - log_game_event:61 - Игровое событие: обновление_позиции - {"client_id": 0, "position": {"x": 1000, "y": 630}, "inputs": {"left": false, "right": false, "up": false, "down": false}}
2025-09-29 16:23:35,649 - game_server - INFO - log_game_event:61 - Игровое событие: обновление_позиции - {"client_id": 0, "position": {"x": 1000, "y": 630}, "inputs": {"left": false, "right": false, "up": false, "down": false}}
2025-09-29 16:23:35,685 - game_server - INFO - log_game_event:61 - Игровое событие: обновление_позиции - {"client_id": 0, "position": {"x": 1000, "y": 630}, "inputs": {"left": false, "right": false, "up": false, "down": false}}
2025-09-29 16:23:35,722 - game_server - INFO - log_game_event:61 - Игровое событие: обновление_позиции - {"client_id": 0, "position": {"x": 1000, "y": 630}, "inputs": {"left": false, "right": false, "up": false, "down": false}}
2025-09-29 16:23:35,764 - game_server - INFO - log_game_event:61 - Игровое событие: обновление_позиции - {"client_id": 0, "position": {"x": 1000, "y": 630}, "inputs": {"left": false, "right": false, "up": false, "down": false}}
2025-09-29 16:23:35,801 - game_server - INFO - log_game_event:61 - Игровое событие: обновление_позиции - {"client_id": 0, "position": {"x": 1000, "y": 630}, "inputs": {"left": false, "right": false, "up": false, "down": false}}
2025-09-29 16:23:35,837 - game_server - INFO - log_game_event:61 - Игровое событие: обновление_позиции - {"client_id": 0, "position": {"x": 1000, "y": 630}, "inputs": {"left": false, "right": false, "up": false, "down": false}}
2025-09-29 16:23:35,871 - game_server - INFO - log_game_event:61 - Игровое событие: обновление_позиции - {"client_id": 0, "position": {"x": 1000, "y": 630}, "inputs": {"left": false, "right": false, "up": false, "down": false}}
2025-09-29 16:23:35,908 - game_server - INFO - log_game_event:61 - Игровое событие: обновление_позиции - {"client_id": 0, "position": {"x": 1000, "y": 630}, "inputs": {"left": false, "right": false, "up": false, "down": false}}
2025-09-29 16:23:35,943 - game_server - INFO - log_game_event:61 - Игровое событие: обновление_позиции - {"client_id": 0, "position": {"x": 1000, "y": 630}, "inputs": {"left": false, "right": false, "up": false, "down": false}}
2025-09-29 16:23:35,981 - game_server - INFO - log_game_event:61 - Игровое событие: обновление_позиции - {"client_id": 0, "position": {"x": 1000, "y": 630}, "inputs": {"left": false, "right": false, "up": false, "down": false}}
2025-09-29 16:23:36,016 - game_server - INFO - log_game_event:61 - Игровое событие: обновление_позиции - {"client_id": 0, "position": {"x": 1000, "y": 630}, "inputs": {"left": false, "right": false, "up": false, "down": false}}
2025-09-29 16:23:36,052 - game_server - INFO - log_game_event:61 - Игровое событие: обновление_позиции - {"client_id": 0, "position": {"x": 1000, "y": 630}, "inputs": {"left": false, "right": false, "up": false, "down": false}}
2025-09-29 16:23:36,089 - game_server - INFO - log_game_event:61 - Игровое событие: обновление_позиции - {"client_id": 0, "position": {"x": 1000, "y": 630}, "inputs": {"left": false, "right": false, "up": false, "down": false}}
2025-09-29 16:23:36,129 - game_server - INFO - log_game_event:61 - Игровое событие: обновление_позиции - {"client_id": 0, "position": {"x": 1000, "y": 630}, "inputs": {"left": false, "right": false, "up": false, "down": false}}
2025-09-29 16:23:36,168 - game_server - INFO - log_game_event:61 - Игровое событие: обновление_позиции - {"client_id": 0, "position": {"x": 1000, "y": 630}, "inputs": {"left": false, "right": false, "up": false, "down": false}}
2025-09-29 16:23:36,201 - game_server - INFO - log_game_event:61 - Игровое событие: обновление_позиции - {"client_id": 0, "position": {"x": 1000, "y": 630}, "inputs": {"left": false, "right": false, "up": false, "down": false}}
2025-09-29 16:23:36,240 - game_server - INFO - log_game_event:61 - Игровое событие: обновление_позиции - {"client_id": 0, "position": {"x": 1000, "y": 625}, "inputs": {"left": false, "right": false, "up": true, "down": false}}
2025-09-29 16:23:36,278 - game_server - INFO - log_game_event:61 - Игровое событие: обновление_позиции - {"client_id": 0, "position": {"x": 1000, "y": 620}, "inputs": {"left": false, "right": false, "up": true, "down": false}}
2025-09-29 16:23:36,314 - game_server - INFO - log_game_event:61 - Игровое событие: обновление_позиции - {"client_id": 0, "position": {"x": 1000, "y": 615}, "inputs": {"left": false, "right": false, "up": true, "down": false}}
2025-09-29 16:23:36,351 - game_server - INFO - log_game_event:61 - Игровое событие: обновление_позиции - {"client_id": 0, "position": {"x": 1000, "y": 610}, "inputs": {"left": false, "right": false, "up": true, "down": false}}
2025-09-29 16:23:36,388 - game_server - INFO - log_game_event:61 - Игровое событие: обновление_позиции - {"client_id": 0, "position": {"x": 1000, "y": 605}, "inputs": {"left": false, "right": false, "up": true, "down": false}}
2025-09-29 16:23:36,426 - game_server - INFO - log_game_event:61 - Игровое событие: обновление_позиции - {"client_id": 0, "position": {"x": 1000, "y": 600}, "inputs": {"left": false, "right": false, "up": true, "down": false}}
2025-09-29 16:23:36,464 - game_server - INFO - log_game_event:61 - Игровое событие: обновление_позиции - {"client_id": 0, "position": {"x": 1000, "y": 595}, "inputs": {"left": false, "right": false, "up": true, "down": false}}
2025-09-29 16:23:36,499 - game_server - INFO - log_game_event:61 - Игровое событие: обновление_позиции - {"client_id": 0, "position": {"x": 1000, "y": 590}, "inputs": {"left": false, "right": false, "up": true, "down": false}}
2025-09-29 16:23:36,537 - game_server - INFO - log_game_event:61 - Игровое событие: обновление_позиции - {"client_id": 0, "position": {"x": 1000, "y": 585}, "inputs": {"left": false, "right": false, "up": true, "down": false}}
2025-09-29 16:23:36,575 - game_server - INFO - log_game_event:61 - Игровое событие: обновление_позиции - {"client_id": 0, "position": {"x": 1000, "y": 580}, "inputs": {"left": false, "right": false, "up": true, "down": false}}
2025-09-29 16:23:36,613 - game_server - INFO - log_game_event:61 - Игровое событие: обновление_позиции - {"client_id": 0, "position": {"x": 1000, "y": 575}, "inputs": {"left": false, "right": false, "up": true, "down": false}}
2025-09-29 16:23:36,650 - game_server - INFO - log_game_event:61 - Игровое событие: обновление_позиции - {"client_id": 0, "position": {"x": 1000, "y": 570}, "inputs": {"left": false, "right": false, "up": true, "down": false}}
2025-09-29 16:23:36,688 - game_server - INFO - log_game_event:61 - Игровое событие: обновление_позиции - {"client_id": 0, "position": {"x": 1000, "y": 565}, "inputs": {"left": false, "right": false, "up": true, "down": false}}
2025-09-29 16:23:36,727 - game_server - INFO - log_game_event:61 - Игровое событие: обновление_позиции - {"client_id": 0, "position": {"x": 1000, "y": 560}, "inputs": {"left": false, "right": false, "up": true, "down": false}}
2025-09-29 16:23:36,767 - game_server - INFO - log_game_event:61 - Игровое событие: обновление_позиции - {"client_id": 0, "position": {"x": 1000, "y": 555}, "inputs": {"left": false, "right": false, "up": true, "down": false}}
2025-09-29 16:23:36,808 - game_server - INFO - log_game_event:61 - Игровое событие: обновление_позиции - {"client_id": 0, "position": {"x": 1000, "y": 550}, "inputs": {"left": false, "right": false, "up": true, "down": false}}
2025-09-29 16:23:36,844 - game_server - INFO - log_game_event:61 - Игровое событие: обновление_позиции - {"client_id": 0, "position": {"x": 1000, "y": 545}, "inputs": {"left": false, "right": false, "up": true, "down": false}}
2025-09-29 16:23:36,881 - game_server - INFO - log_game_event:61 - Игровое событие: обновление_позиции - {"client_id": 0, "position": {"x": 1000, "y": 540}, "inputs": {"left": false, "right": false, "up": true, "down": false}}
2025-09-29 16:23:36,918 - game_server - INFO - log_game_event:61 - Игровое событие: обновление_позиции - {"client_id": 0, "position": {"x": 1000, "y": 535}, "inputs": {"left": false, "right": false, "up": true, "down": false}}
2025-09-29 16:23:36,955 - game_server - INFO - log_game_event:61 - Игровое событие: обновление_позиции - {"client_id": 0, "position": {"x": 1000, "y": 530}, "inputs": {"left": false, "right": false, "up": true, "down": false}}
2025-09-29 16:23:36,994 - game_server - INFO - log_game_event:61 - Игровое событие: обновление_позиции - {"client_id": 0, "position": {"x": 1000, "y": 525}, "inputs": {"left": false, "right": false, "up": true, "down": false}}
2025-09-29 16:23:37,033 - game_server - INFO - log_game_event:61 - Игровое событие: обновление_позиции - {"client_id": 0, "position": {"x": 1000, "y": 520}, "inputs": {"left": false, "right": false, "up": true, "down": false}}
2025-09-29 16:23:37,069 - game_server - INFO - log_game_event:61 - Игровое событие: обновление_позиции - {"client_id": 0, "position": {"x": 1000, "y": 515}, "inputs": {"left": false, "right": false, "up": true, "down": false}}
2025-09-29 16:23:37,107 - game_server - INFO - log_game_event:61 - Игровое событие: обновление_позиции - {"client_id": 0, "position": {"x": 1000, "y": 510}, "inputs": {"left": false, "right": false, "up": true, "down": false}}
2025-09-29 16:23:37,145 - game_server - INFO - log_game_event:61 - Игровое событие: обновление_позиции - {"client_id": 0, "position": {"x": 1000, "y": 505}, "inputs": {"left": false, "right": false, "up": true, "down": false}}
2025-09-29 16:23:37,182 - game_server - INFO - log_game_event:61 - Игровое событие: обновление_позиции - {"client_id": 0, "position": {"x": 1000, "y": 500}, "inputs": {"left": false, "right": false, "up": true, "down": false}}
2025-09-29 16:23:37,219 - game_server - INFO - log_game_event:61 - Игровое событие: обновление_позиции - {"client_id": 0, "position": {"x": 1000, "y": 495}, "inputs": {"left": false, "right": false, "up": true, "down": false}}
2025-09-29 16:23:37,258 - game_server - INFO - log_game_event:61 - Игровое событие: обновление_позиции - {"client_id": 0, "position": {"x": 1000, "y": 490}, "inputs": {"left": false, "right": false, "up": true, "down": false}}
2025-09-29 16:23:37,295 - game_server - INFO - log_game_event:61 - Игровое событие: обновление_позиции - {"client_id": 0, "position": {"x": 1000, "y": 485}, "inputs": {"left": false, "right": false, "up": true, "down": false}}
2025-09-29 16:23:37,334 - game_server - INFO - log_game_event:61 - Игровое событие: обновление_позиции - {"client_id": 0, "position": {"x": 1000, "y": 480}, "inputs": {"left": false, "right": false, "up": true, "down": false}}
2025-09-29 16:23:37,372 - game_server - INFO - log_game_event:61 - Игровое событие: обновление_позиции - {"client_id": 0, "position": {"x": 1000, "y": 475}, "inputs": {"left": false, "right": false, "up": true, "down": false}}
2025-09-29 16:23:37,410 - game_server - INFO - log_game_event:61 - Игровое событие: обновление_позиции - {"client_id": 0, "position": {"x": 1000, "y": 470}, "inputs": {"left": false, "right": false, "up": true, "down": false}}
2025-09-29 16:23:37,448 - game_server - INFO - log_game_event:61 - Игровое событие: обновление_позиции - {"client_id": 0, "position": {"x": 1000, "y": 465}, "inputs": {"left": false, "right": false, "up": true, "down": false}}
2025-09-29 16:23:37,487 - game_server - INFO - log_game_event:61 - Игровое событие: обновление_позиции - {"client_id": 0, "position": {"x": 1005, "y": 460}, "inputs": {"left": false, "right": true, "up": true, "down": false}}
2025-09-29 16:23:37,523 - game_server - INFO - log_game_event:61 - Игровое событие: обновление_позиции - {"client_id": 0, "position": {"x": 1010, "y": 455}, "inputs": {"left": false, "right": true, "up": true, "down": false}}
2025-09-29 16:23:37,558 - game_server - INFO - log_game_event:61 - Игровое событие: обновление_позиции - {"client_id": 0, "position": {"x": 1015, "y": 450}, "inputs": {"left": false, "right": true, "up": true, "down": false}}
2025-09-29 16:23:37,590 - game_server - INFO - log_game_event:61 - Игровое событие: обновление_позиции - {"client_id": 0, "position": {"x": 1020, "y": 445}, "inputs": {"left": false, "right": true, "up": true, "down": false}}
2025-09-29 16:23:37,623 - game_server - INFO - log_game_event:61 - Игровое событие: обновление_позиции - {"client_id": 0, "position": {"x": 1025, "y": 440}, "inputs": {"left": false, "right": true, "up": true, "down": false}}
2025-09-29 16:23:37,654 - game_server - INFO - log_game_event:61 - Игровое событие: обновление_позиции - {"client_id": 0, "position": {"x": 1030, "y": 435}, "inputs": {"left": false, "right": true, "up": true, "down": false}}
2025-09-29 16:23:37,689 - game_server - INFO - log_game_event:61 - Игровое событие: обновление_позиции - {"client_id": 0, "position": {"x": 1030, "y": 430}, "inputs": {"left": false, "right": false, "up": true, "down": false}}
2025-09-29 16:23:37,726 - game_server - INFO - log_game_event:61 - Игровое событие: обновление_позиции - {"client_id": 0, "position": {"x": 1030, "y": 425}, "inputs": {"left": false, "right": false, "up": true, "down": false}}
2025-09-29 16:23:37,760 - game_server - INFO - log_game_event:61 - Игровое событие: обновление_позиции - {"client_id": 0, "position": {"x": 1030, "y": 420}, "inputs": {"left": false, "right": false, "up": true, "down": false}}
2025-09-29 16:23:37,797 - game_server - INFO - log_game_event:61 - Игровое событие: обновление_позиции - {"client_id": 0, "position": {"x": 1030, "y": 415}, "inputs": {"left": false, "right": false, "up": true, "down": false}}
2025-09-29 16:23:37,832 - game_server - INFO - log_game_event:61 - Игровое событие: обновление_позиции - {"client_id": 0, "position": {"x": 1030, "y": 410}, "inputs": {"left": false, "right": false, "up": true, "down": false}}
2025-09-29 16:23:37,870 - game_server - INFO - log_game_event:61 - Игровое событие: обновление_позиции - {"client_id": 0, "position": {"x": 1030, "y": 405}, "inputs": {"left": false, "right": false, "up": true, "down": false}}
2025-09-29 16:23:37,908 - game_server - INFO - log_game_event:61 - Игровое событие: обновление_позиции - {"client_id": 0, "position": {"x": 1030, "y": 400}, "inputs": {"left": false, "right": false, "up": true, "down": false}}
2025-09-29 16:23:37,944 - game_server - INFO - log_game_event:61 - Игровое событие: обновление_позиции - {"client_id": 0, "position": {"x": 1030, "y": 395}, "inputs": {"left": false, "right": false, "up": true, "down": false}}
2025-09-29 16:23:37,980 - game_server - INFO - log_game_event:61 - Игровое событие: обновление_позиции - {"client_id": 0, "position": {"x": 1030, "y": 390}, "inputs": {"left": false, "right": false, "up": true, "down": false}}
2025-09-29 16:23:38,015 - game_server - INFO - log_game_event:61 - Игровое событие: обновление_позиции - {"client_id": 0, "position": {"x": 1030, "y": 385}, "inputs": {"left": false, "right": false, "up": true, "down": false}}
2025-09-29 16:23:38,052 - game_server - INFO - log_game_event:61 - Игровое событие: обновление_позиции - {"client_id": 0, "position": {"x": 1030, "y": 380}, "inputs": {"left": false, "right": false, "up": true, "down": false}}
2025-09-29 16:23:38,090 - game_server - INFO - log_game_event:61 - Игровое событие: обновление_позиции - {"client_id": 0, "position": {"x": 1030, "y": 375}, "inputs": {"left": false, "right": false, "up": true, "down": false}}
2025-09-29 16:23:38,128 - game_server - INFO - log_game_event:61 - Игровое событие: обновление_позиции - {"client_id": 0, "position": {"x": 1030, "y": 370}, "inputs": {"left": false, "right": false, "up": true, "down": false}}
2025-09-29 16:23:38,166 - game_server - INFO - log_game_event:61 - Игровое событие: обновление_позиции - {"client_id": 0, "position": {"x": 1025, "y": 365}, "inputs": {"left": true, "right": false, "up": true, "down": false}}
2025-09-29 16:23:38,201 - game_server - INFO - log_game_event:61 - Игровое событие: обновление_позиции - {"client_id": 0, "position": {"x": 1020, "y": 360}, "inputs": {"left": true, "right": false, "up": true, "down": false}}
2025-09-29 16:23:38,232 - game_server - INFO - log_game_event:61 - Игровое событие: обновление_позиции - {"client_id": 0, "position": {"x": 1015, "y": 355}, "inputs": {"left": true, "right": false, "up": true, "down": false}}
2025-09-29 16:23:38,270 - game_server - INFO - log_game_event:61 - Игровое событие: обновление_позиции - {"client_id": 0, "position": {"x": 1010, "y": 350}, "inputs": {"left": true, "right": false, "up": true, "down": false}}
2025-09-29 16:23:38,307 - game_server - INFO - log_game_event:61 - Игровое событие: обновление_позиции - {"client_id": 0, "position": {"x": 1005, "y": 345}, "inputs": {"left": true, "right": false, "up": true, "down": false}}
2025-09-29 16:23:38,343 - game_server - INFO - log_game_event:61 - Игровое событие: обновление_позиции - {"client_id": 0, "position": {"x": 1000, "y": 340}, "inputs": {"left": true, "right": false, "up": true, "down": false}}
2025-09-29 16:23:38,379 - game_server - INFO - log_game_event:61 - Игровое событие: обновление_позиции - {"client_id": 0, "position": {"x": 995, "y": 335}, "inputs": {"left": true, "right": false, "up": true, "down": false}}
2025-09-29 16:23:38,405 - game_server - INFO - log_game_event:61 - Игровое событие: обновление_позиции - {"client_id": 0, "position": {"x": 990, "y": 330}, "inputs": {"left": true, "right": false, "up": true, "down": false}}
2025-09-29 16:23:38,437 - game_server - INFO - log_game_event:61 - Игровое событие: обновление_позиции - {"client_id": 0, "position": {"x": 985, "y": 325}, "inputs": {"left": true, "right": false, "up": true, "down": false}}
2025-09-29 16:23:38,473 - game_server - INFO - log_game_event:61 - Игровое событие: обновление_позиции - {"client_id": 0, "position": {"x": 980, "y": 320}, "inputs": {"left": true, "right": false, "up": true, "down": false}}
2025-09-29 16:23:38,511 - game_server - INFO - log_game_event:61 - Игровое событие: обновление_позиции - {"client_id": 0, "position": {"x": 975, "y": 320}, "inputs": {"left": true, "right": false, "up": false, "down": false}}
2025-09-29 16:23:38,547 - game_server - INFO - log_game_event:61 - Игровое событие: обновление_позиции - {"client_id": 0, "position": {"x": 970, "y": 320}, "inputs": {"left": true, "right": false, "up": false, "down": false}}
2025-09-29 16:23:38,585 - game_server - INFO - log_game_event:61 - Игровое событие: обновление_позиции - {"client_id": 0, "position": {"x": 965, "y": 320}, "inputs": {"left": true, "right": false, "up": false, "down": false}}
2025-09-29 16:23:38,623 - game_server - INFO - log_game_event:61 - Игровое событие: обновление_позиции - {"client_id": 0, "position": {"x": 960, "y": 320}, "inputs": {"left": true, "right": false, "up": false, "down": false}}
2025-09-29 16:23:38,659 - game_server - INFO - log_game_event:61 - Игровое событие: обновление_позиции - {"client_id": 0, "position": {"x": 955, "y": 320}, "inputs": {"left": true, "right": false, "up": false, "down": false}}
2025-09-29 16:23:38,696 - game_server - INFO - log_game_event:61 - Игровое событие: обновление_позиции - {"client_id": 0, "position": {"x": 950, "y": 320}, "inputs": {"left": true, "right": false, "up": false, "down": false}}
2025-09-29 16:23:38,731 - game_server - INFO - log_game_event:61 - Игровое событие: обновление_позиции - {"client_id": 0, "position": {"x": 945, "y": 320}, "inputs": {"left": true, "right": false, "up": false, "down": false}}
2025-09-29 16:23:38,766 - game_server - INFO - log_game_event:61 - Игровое событие: обновление_позиции - {"client_id": 0, "position": {"x": 940, "y": 320}, "inputs": {"left": true, "right": false, "up": false, "down": false}}
2025-09-29 16:23:38,803 - game_server - INFO - log_game_event:61 - Игровое событие: обновление_позиции - {"client_id": 0, "position": {"x": 935, "y": 320}, "inputs": {"left": true, "right": false, "up": false, "down": false}}
2025-09-29 16:23:38,840 - game_server - INFO - log_game_event:61 - Игровое событие: обновление_позиции - {"client_id": 0, "position": {"x": 930, "y": 320}, "inputs": {"left": true, "right": false, "up": false, "down": false}}
2025-09-29 16:23:38,876 - game_server - INFO - log_game_event:61 - Игровое событие: обновление_позиции - {"client_id": 0, "position": {"x": 925, "y": 320}, "inputs": {"left": true, "right": false, "up": false, "down": false}}
2025-09-29 16:23:38,912 - game_server - INFO - log_game_event:61 - Игровое событие: обновление_позиции - {"client_id": 0, "position": {"x": 920, "y": 320}, "inputs": {"left": true, "right": false, "up": false, "down": false}}
2025-09-29 16:23:38,950 - game_server - INFO - log_game_event:61 - Игровое событие: обновление_позиции - {"client_id": 0, "position": {"x": 915, "y": 320}, "inputs": {"left": true, "right": false, "up": false, "down": false}}
2025-09-29 16:23:38,987 - game_server - INFO - log_game_event:61 - Игровое событие: обновление_позиции - {"client_id": 0, "position": {"x": 910, "y": 320}, "inputs": {"left": true, "right": false, "up": false, "down": false}}
2025-09-29 16:23:39,024 - game_server - INFO - log_game_event:61 - Игровое событие: обновление_позиции - {"client_id": 0, "position": {"x": 905, "y": 320}, "inputs": {"left": true, "right": false, "up": false, "down": false}}
2025-09-29 16:23:39,062 - game_server - INFO - log_game_event:61 - Игровое событие: обновление_позиции - {"client_id": 0, "position": {"x": 900, "y": 320}, "inputs": {"left": true, "right": false, "up": false, "down": false}}
2025-09-29 16:23:39,101 - game_server - INFO - log_game_event:61 - Игровое событие: обновление_позиции - {"client_id": 0, "position": {"x": 895, "y": 320}, "inputs": {"left": true, "right": false, "up": false, "down": false}}
2025-09-29 16:23:39,138 - game_server - INFO - log_game_event:61 - Игровое событие: обновление_позиции - {"client_id": 0, "position": {"x": 890, "y": 320}, "inputs": {"left": true, "right": false, "up": false, "down": false}}
2025-09-29 16:23:39,176 - game_server - INFO - log_game_event:61 - Игровое событие: обновление_позиции - {"client_id": 0, "position": {"x": 885, "y": 325}, "inputs": {"left": true, "right": false, "up": false, "down": true}}
2025-09-29 16:23:39,212 - game_server - INFO - log_game_event:61 - Игровое событие: обновление_позиции - {"client_id": 0, "position": {"x": 880, "y": 330}, "inputs": {"left": true, "right": false, "up": false, "down": true}}
2025-09-29 16:23:39,248 - game_server - INFO - log_game_event:61 - Игровое событие: обновление_позиции - {"client_id": 0, "position": {"x": 875, "y": 335}, "inputs": {"left": true, "right": false, "up": false, "down": true}}
2025-09-29 16:23:39,282 - game_server - INFO - log_game_event:61 - Игровое событие: обновление_позиции - {"client_id": 0, "position": {"x": 870, "y": 340}, "inputs": {"left": true, "right": false, "up": false, "down": true}}
2025-09-29 16:23:39,320 - game_server - INFO - log_game_event:61 - Игровое событие: обновление_позиции - {"client_id": 0, "position": {"x": 865, "y": 345}, "inputs": {"left": true, "right": false, "up": false, "down": true}}
2025-09-29 16:23:39,356 - game_server - INFO - log_game_event:61 - Игровое событие: обновление_позиции - {"client_id": 0, "position": {"x": 860, "y": 350}, "inputs": {"left": true, "right": false, "up": false, "down": true}}
2025-09-29 16:23:39,398 - game_server - INFO - log_game_event:61 - Игровое событие: обновление_позиции - {"client_id": 0, "position": {"x": 860, "y": 355}, "inputs": {"left": false, "right": false, "up": false, "down": true}}
2025-09-29 16:23:39,437 - game_server - INFO - log_game_event:61 - Игровое событие: обновление_позиции - {"client_id": 0, "position": {"x": 865, "y": 360}, "inputs": {"left": false, "right": true, "up": false, "down": true}}
2025-09-29 16:23:39,476 - game_server - INFO - log_game_event:61 - Игровое событие: обновление_позиции - {"client_id": 0, "position": {"x": 870, "y": 365}, "inputs": {"left": false, "right": true, "up": false, "down": true}}
2025-09-29 16:23:39,513 - game_server - INFO - log_game_event:61 - Игровое событие: обновление_позиции - {"client_id": 0, "position": {"x": 875, "y": 365}, "inputs": {"left": false, "right": true, "up": false, "down": false}}
2025-09-29 16:23:39,547 - game_server - INFO - log_game_event:61 - Игровое событие: обновление_позиции - {"client_id": 0, "position": {"x": 880, "y": 365}, "inputs": {"left": false, "right": true, "up": false, "down": false}}
2025-09-29 16:23:39,583 - game_server - INFO - log_game_event:61 - Игровое событие: обновление_позиции - {"client_id": 0, "position": {"x": 885, "y": 365}, "inputs": {"left": false, "right": true, "up": false, "down": false}}
2025-09-29 16:23:39,620 - game_server - INFO - log_game_event:61 - Игровое событие: обновление_позиции - {"client_id": 0, "position": {"x": 890, "y": 365}, "inputs": {"left": false, "right": true, "up": false, "down": false}}
2025-09-29 16:23:39,657 - game_server - INFO - log_game_event:61 - Игровое событие: обновление_позиции - {"client_id": 0, "position": {"x": 895, "y": 365}, "inputs": {"left": false, "right": true, "up": false, "down": false}}
2025-09-29 16:23:39,693 - game_server - INFO - log_game_event:61 - Игровое событие: обновление_позиции - {"client_id": 0, "position": {"x": 900, "y": 365}, "inputs": {"left": false, "right": true, "up": false, "down": false}}
2025-09-29 16:23:39,731 - game_server - INFO - log_game_event:61 - Игровое событие: обновление_позиции - {"client_id": 0, "position": {"x": 905, "y": 365}, "inputs": {"left": false, "right": true, "up": false, "down": false}}
2025-09-29 16:23:39,768 - game_server - INFO - log_game_event:61 - Игровое событие: обновление_позиции - {"client_id": 0, "position": {"x": 910, "y": 365}, "inputs": {"left": false, "right": true, "up": false, "down": false}}
2025-09-29 16:23:39,804 - game_server - INFO - log_game_event:61 - Игровое событие: обновление_позиции - {"client_id": 0, "position": {"x": 915, "y": 365}, "inputs": {"left": false, "right": true, "up": false, "down": false}}
2025-09-29 16:23:39,839 - game_server - INFO - log_game_event:61 - Игровое событие: обновление_позиции - {"client_id": 0, "position": {"x": 920, "y": 365}, "inputs": {"left": false, "right": true, "up": false, "down": false}}
2025-09-29 16:23:39,879 - game_server - INFO - log_game_event:61 - Игровое событие: обновление_позиции - {"client_id": 0, "position": {"x": 925, "y": 365}, "inputs": {"left": false, "right": true, "up": false, "down": false}}
2025-09-29 16:23:39,918 - game_server - INFO - log_game_event:61 - Игровое событие: обновление_позиции - {"client_id": 0, "position": {"x": 930, "y": 365}, "inputs": {"left": false, "right": true, "up": false, "down": false}}
2025-09-29 16:23:39,956 - game_server - INFO - log_game_event:61 - Игровое событие: обновление_позиции - {"client_id": 0, "position": {"x": 930, "y": 365}, "inputs": {"left": false, "right": false, "up": false, "down": false}}
2025-09-29 16:23:39,991 - game_server - INFO - log_game_event:61 - Игровое событие: обновление_позиции - {"client_id": 0, "position": {"x": 930, "y": 365}, "inputs": {"left": false, "right": false, "up": false, "down": false}}
2025-09-29 16:23:40,026 - game_server - INFO - log_game_event:61 - Игровое событие: обновление_позиции - {"client_id": 0, "position": {"x": 930, "y": 365}, "inputs": {"left": false, "right": false, "up": false, "down": false}}
2025-09-29 16:23:40,064 - game_server - INFO - log_game_event:61 - Игровое событие: обновление_позиции - {"client_id": 0, "position": {"x": 930, "y": 365}, "inputs": {"left": false, "right": false, "up": false, "down": false}}
2025-09-29 16:23:40,100 - game_server - INFO - log_game_event:61 - Игровое событие: обновление_позиции - {"client_id": 0, "position": {"x": 930, "y": 365}, "inputs": {"left": false, "right": false, "up": false, "down": false}}
2025-09-29 16:23:40,139 - game_server - INFO - log_game_event:61 - Игровое событие: обновление_позиции - {"client_id": 0, "position": {"x": 930, "y": 365}, "inputs": {"left": false, "right": false, "up": false, "down": false}}
2025-09-29 16:23:40,177 - game_server - INFO - log_game_event:61 - Игровое событие: обновление_позиции - {"client_id": 0, "position": {"x": 930, "y": 365}, "inputs": {"left": false, "right": false, "up": false, "down": false}}
2025-09-29 16:23:40,213 - game_server - INFO - log_game_event:61 - Игровое событие: обновление_позиции - {"client_id": 0, "position": {"x": 930, "y": 365}, "inputs": {"left": false, "right": false, "up": false, "down": false}}
2025-09-29 16:23:40,249 - game_server - INFO - log_game_event:61 - Игровое событие: обновление_позиции - {"client_id": 0, "position": {"x": 930, "y": 365}, "inputs": {"left": false, "right": false, "up": false, "down": false}}
2025-09-29 16:23:40,284 - game_server - INFO - log_game_event:61 - Игровое событие: обновление_позиции - {"client_id": 0, "position": {"x": 930, "y": 365}, "inputs": {"left": false, "right": false, "up": false, "down": false}}
2025-09-29 16:23:40,322 - game_server - INFO - log_game_event:61 - Игровое событие: обновление_позиции - {"client_id": 0, "position": {"x": 930, "y": 365}, "inputs": {"left": false, "right": false, "up": false, "down": false}}
2025-09-29 16:23:40,359 - game_server - INFO - log_game_event:61 - Игровое событие: обновление_позиции - {"client_id": 0, "position": {"x": 930, "y": 365}, "inputs": {"left": false, "right": false, "up": false, "down": false}}
2025-09-29 16:23:40,396 - game_server - INFO - log_game_event:61 - Игровое событие: обновление_позиции - {"client_id": 0, "position": {"x": 930, "y": 365}, "inputs": {"left": false, "right": false, "up": false, "down": false}}
2025-09-29 16:23:40,433 - game_server - INFO - log_game_event:61 - Игровое событие: обновление_позиции - {"client_id": 0, "position": {"x": 930, "y": 365}, "inputs": {"left": false, "right": false, "up": false, "down": false}}
2025-09-29 16:23:40,470 - game_server - INFO - log_game_event:61 - Игровое событие: обновление_позиции - {"client_id": 0, "position": {"x": 930, "y": 365}, "inputs": {"left": false, "right": false, "up": false, "down": false}}
2025-09-29 16:23:40,504 - game_server - INFO - log_game_event:61 - Игровое событие: обновление_позиции - {"client_id": 0, "position": {"x": 930, "y": 365}, "inputs": {"left": false, "right": false, "up": false, "down": false}}
2025-09-29 16:23:40,541 - game_server - INFO - log_game_event:61 - Игровое событие: обновление_позиции - {"client_id": 0, "position": {"x": 930, "y": 365}, "inputs": {"left": false, "right": false, "up": false, "down": false}}
2025-09-29 16:23:40,579 - game_server - INFO - log_game_event:61 - Игровое событие: обновление_позиции - {"client_id": 0, "position": {"x": 930, "y": 365}, "inputs": {"left": false, "right": false, "up": false, "down": false}}
2025-09-29 16:23:40,616 - game_server - INFO - log_game_event:61 - Игровое событие: обновление_позиции - {"client_id": 0, "position": {"x": 935, "y": 365}, "inputs": {"left": false, "right": true, "up": false, "down": false}}
2025-09-29 16:23:40,652 - game_server - INFO - log_game_event:61 - Игровое событие: обновление_позиции - {"client_id": 0, "position": {"x": 940, "y": 365}, "inputs": {"left": false, "right": true, "up": false, "down": false}}
2025-09-29 16:23:40,689 - game_server - INFO - log_game_event:61 - Игровое событие: обновление_позиции - {"client_id": 0, "position": {"x": 945, "y": 365}, "inputs": {"left": false, "right": true, "up": false, "down": false}}
2025-09-29 16:23:40,727 - game_server - INFO - log_game_event:61 - Игровое событие: обновление_позиции - {"client_id": 0, "position": {"x": 950, "y": 365}, "inputs": {"left": false, "right": true, "up": false, "down": false}}
2025-09-29 16:23:40,763 - game_server - INFO - log_game_event:61 - Игровое событие: обновление_позиции - {"client_id": 0, "position": {"x": 955, "y": 365}, "inputs": {"left": false, "right": true, "up": false, "down": false}}
2025-09-29 16:23:40,800 - game_server - INFO - log_game_event:61 - Игровое событие: обновление_позиции - {"client_id": 0, "position": {"x": 960, "y": 365}, "inputs": {"left": false, "right": true, "up": false, "down": false}}
2025-09-29 16:23:40,837 - game_server - INFO - log_game_event:61 - Игровое событие: обновление_позиции - {"client_id": 0, "position": {"x": 965, "y": 365}, "inputs": {"left": false, "right": true, "up": false, "down": false}}
2025-09-29 16:23:40,874 - game_server - INFO - log_game_event:61 - Игровое событие: обновление_позиции - {"client_id": 0, "position": {"x": 970, "y": 365}, "inputs": {"left": false, "right": true, "up": false, "down": false}}
2025-09-29 16:23:40,906 - game_server - INFO - log_game_event:61 - Игровое событие: обновление_позиции - {"client_id": 0, "position": {"x": 975, "y": 365}, "inputs": {"left": false, "right": true, "up": false, "down": false}}
2025-09-29 16:23:40,942 - game_server - INFO - log_game_event:61 - Игровое событие: обновление_позиции - {"client_id": 0, "position": {"x": 980, "y": 365}, "inputs": {"left": false, "right": true, "up": false, "down": false}}
2025-09-29 16:23:40,980 - game_server - INFO - log_game_event:61 - Игровое событие: обновление_позиции - {"client_id": 0, "position": {"x": 985, "y": 365}, "inputs": {"left": false, "right": true, "up": false, "down": false}}
2025-09-29 16:23:41,017 - game_server - INFO - log_game_event:61 - Игровое событие: обновление_позиции - {"client_id": 0, "position": {"x": 990, "y": 365}, "inputs": {"left": false, "right": true, "up": false, "down": false}}
2025-09-29 16:23:41,048 - game_server - INFO - log_game_event:61 - Игровое событие: обновление_позиции - {"client_id": 0, "position": {"x": 995, "y": 365}, "inputs": {"left": false, "right": true, "up": false, "down": false}}
2025-09-29 16:23:41,081 - game_server - INFO - log_game_event:61 - Игровое событие: обновление_позиции - {"client_id": 0, "position": {"x": 1000, "y": 365}, "inputs": {"left": false, "right": true, "up": false, "down": false}}
2025-09-29 16:23:41,116 - game_server - INFO - log_game_event:61 - Игровое событие: обновление_позиции - {"client_id": 0, "position": {"x": 1005, "y": 365}, "inputs": {"left": false, "right": true, "up": false, "down": false}}
2025-09-29 16:23:41,154 - game_server - INFO - log_game_event:61 - Игровое событие: обновление_позиции - {"client_id": 0, "position": {"x": 1010, "y": 365}, "inputs": {"left": false, "right": true, "up": false, "down": false}}
2025-09-29 16:23:41,190 - game_server - INFO - log_game_event:61 - Игровое событие: обновление_позиции - {"client_id": 0, "position": {"x": 1015, "y": 365}, "inputs": {"left": false, "right": true, "up": false, "down": false}}
2025-09-29 16:23:41,230 - game_server - INFO - log_game_event:61 - Игровое событие: обновление_позиции - {"client_id": 0, "position": {"x": 1020, "y": 360}, "inputs": {"left": false, "right": true, "up": true, "down": false}}
2025-09-29 16:23:41,266 - game_server - INFO - log_game_event:61 - Игровое событие: обновление_позиции - {"client_id": 0, "position": {"x": 1025, "y": 355}, "inputs": {"left": false, "right": true, "up": true, "down": false}}
2025-09-29 16:23:41,305 - game_server - INFO - log_game_event:61 - Игровое событие: обновление_позиции - {"client_id": 0, "position": {"x": 1030, "y": 350}, "inputs": {"left": false, "right": true, "up": true, "down": false}}
2025-09-29 16:23:41,342 - game_server - INFO - log_game_event:61 - Игровое событие: обновление_позиции - {"client_id": 0, "position": {"x": 1035, "y": 345}, "inputs": {"left": false, "right": true, "up": true, "down": false}}
2025-09-29 16:23:41,379 - game_server - INFO - log_game_event:61 - Игровое событие: обновление_позиции - {"client_id": 0, "position": {"x": 1040, "y": 340}, "inputs": {"left": false, "right": true, "up": true, "down": false}}
2025-09-29 16:23:41,416 - game_server - INFO - log_game_event:61 - Игровое событие: обновление_позиции - {"client_id": 0, "position": {"x": 1040, "y": 335}, "inputs": {"left": false, "right": false, "up": true, "down": false}}
2025-09-29 16:23:41,453 - game_server - INFO - log_game_event:61 - Игровое событие: обновление_позиции - {"client_id": 0, "position": {"x": 1040, "y": 330}, "inputs": {"left": false, "right": false, "up": true, "down": false}}
2025-09-29 16:23:41,488 - game_server - INFO - log_game_event:61 - Игровое событие: обновление_позиции - {"client_id": 0, "position": {"x": 1040, "y": 325}, "inputs": {"left": false, "right": false, "up": true, "down": false}}
2025-09-29 16:23:41,527 - game_server - INFO - log_game_event:61 - Игровое событие: обновление_позиции - {"client_id": 0, "position": {"x": 1040, "y": 320}, "inputs": {"left": false, "right": false, "up": true, "down": false}}
2025-09-29 16:23:41,563 - game_server - INFO - log_game_event:61 - Игровое событие: обновление_позиции - {"client_id": 0, "position": {"x": 1040, "y": 315}, "inputs": {"left": false, "right": false, "up": true, "down": false}}
2025-09-29 16:23:41,599 - game_server - INFO - log_game_event:61 - Игровое событие: обновление_позиции - {"client_id": 0, "position": {"x": 1040, "y": 310}, "inputs": {"left": false, "right": false, "up": true, "down": false}}
2025-09-29 16:23:41,634 - game_server - INFO - log_game_event:61 - Игровое событие: обновление_позиции - {"client_id": 0, "position": {"x": 1040, "y": 305}, "inputs": {"left": false, "right": false, "up": true, "down": false}}
2025-09-29 16:23:41,671 - game_server - INFO - log_game_event:61 - Игровое событие: обновление_позиции - {"client_id": 0, "position": {"x": 1040, "y": 300}, "inputs": {"left": false, "right": false, "up": true, "down": false}}
2025-09-29 16:23:41,708 - game_server - INFO - log_game_event:61 - Игровое событие: обновление_позиции - {"client_id": 0, "position": {"x": 1040, "y": 295}, "inputs": {"left": false, "right": false, "up": true, "down": false}}
2025-09-29 16:23:41,745 - game_server - INFO - log_game_event:61 - Игровое событие: обновление_позиции - {"client_id": 0, "position": {"x": 1040, "y": 290}, "inputs": {"left": false, "right": false, "up": true, "down": false}}
2025-09-29 16:23:41,781 - game_server - INFO - log_game_event:61 - Игровое событие: обновление_позиции - {"client_id": 0, "position": {"x": 1040, "y": 285}, "inputs": {"left": false, "right": false, "up": true, "down": false}}
2025-09-29 16:23:41,816 - game_server - INFO - log_game_event:61 - Игровое событие: обновление_позиции - {"client_id": 0, "position": {"x": 1040, "y": 280}, "inputs": {"left": false, "right": false, "up": true, "down": false}}
2025-09-29 16:23:41,853 - game_server - INFO - log_game_event:61 - Игровое событие: обновление_позиции - {"client_id": 0, "position": {"x": 1040, "y": 275}, "inputs": {"left": false, "right": false, "up": true, "down": false}}
2025-09-29 16:23:41,889 - game_server - INFO - log_game_event:61 - Игровое событие: обновление_позиции - {"client_id": 0, "position": {"x": 1040, "y": 270}, "inputs": {"left": false, "right": false, "up": true, "down": false}}
2025-09-29 16:23:41,927 - game_server - INFO - log_game_event:61 - Игровое событие: обновление_позиции - {"client_id": 0, "position": {"x": 1040, "y": 275}, "inputs": {"left": false, "right": false, "up": true, "down": true}}
2025-09-29 16:23:41,963 - game_server - INFO - log_game_event:61 - Игровое событие: обновление_позиции - {"client_id": 0, "position": {"x": 1040, "y": 280}, "inputs": {"left": false, "right": false, "up": true, "down": true}}
2025-09-29 16:23:41,998 - game_server - INFO - log_game_event:61 - Игровое событие: обновление_позиции - {"client_id": 0, "position": {"x": 1040, "y": 285}, "inputs": {"left": false, "right": false, "up": false, "down": true}}
2025-09-29 16:23:42,034 - game_server - INFO - log_game_event:61 - Игровое событие: обновление_позиции - {"client_id": 0, "position": {"x": 1040, "y": 290}, "inputs": {"left": false, "right": false, "up": false, "down": true}}
2025-09-29 16:23:42,071 - game_server - INFO - log_game_event:61 - Игровое событие: обновление_позиции - {"client_id": 0, "position": {"x": 1035, "y": 295}, "inputs": {"left": true, "right": false, "up": false, "down": true}}
2025-09-29 16:23:42,108 - game_server - INFO - log_game_event:61 - Игровое событие: обновление_позиции - {"client_id": 0, "position": {"x": 1030, "y": 295}, "inputs": {"left": true, "right": false, "up": false, "down": false}}
2025-09-29 16:23:42,136 - game_server - INFO - log_game_event:61 - Игровое событие: обновление_позиции - {"client_id": 0, "position": {"x": 1025, "y": 295}, "inputs": {"left": true, "right": false, "up": false, "down": false}}
2025-09-29 16:23:42,174 - game_server - INFO - log_game_event:61 - Игровое событие: обновление_позиции - {"client_id": 0, "position": {"x": 1020, "y": 295}, "inputs": {"left": true, "right": false, "up": false, "down": false}}
2025-09-29 16:23:42,209 - game_server - INFO - log_game_event:61 - Игровое событие: обновление_позиции - {"client_id": 0, "position": {"x": 1015, "y": 295}, "inputs": {"left": true, "right": false, "up": false, "down": false}}
2025-09-29 16:23:42,246 - game_server - INFO - log_game_event:61 - Игровое событие: обновление_позиции - {"client_id": 0, "position": {"x": 1010, "y": 295}, "inputs": {"left": true, "right": false, "up": false, "down": false}}
2025-09-29 16:23:42,284 - game_server - INFO - log_game_event:61 - Игровое событие: обновление_позиции - {"client_id": 0, "position": {"x": 1005, "y": 300}, "inputs": {"left": true, "right": false, "up": false, "down": true}}
2025-09-29 16:23:42,320 - game_server - INFO - log_game_event:61 - Игровое событие: обновление_позиции - {"client_id": 0, "position": {"x": 1000, "y": 305}, "inputs": {"left": true, "right": false, "up": false, "down": true}}
2025-09-29 16:23:42,357 - game_server - INFO - log_game_event:61 - Игровое событие: обновление_позиции - {"client_id": 0, "position": {"x": 1000, "y": 310}, "inputs": {"left": false, "right": false, "up": false, "down": true}}
2025-09-29 16:23:42,392 - game_server - INFO - log_game_event:61 - Игровое событие: обновление_позиции - {"client_id": 0, "position": {"x": 1000, "y": 315}, "inputs": {"left": false, "right": false, "up": false, "down": true}}
2025-09-29 16:23:42,429 - game_server - INFO - log_game_event:61 - Игровое событие: обновление_позиции - {"client_id": 0, "position": {"x": 1000, "y": 320}, "inputs": {"left": false, "right": false, "up": false, "down": true}}
2025-09-29 16:23:42,470 - game_server - INFO - log_game_event:61 - Игровое событие: обновление_позиции - {"client_id": 0, "position": {"x": 1000, "y": 320}, "inputs": {"left": false, "right": false, "up": false, "down": false}}
2025-09-29 16:23:42,508 - game_server - INFO - log_game_event:61 - Игровое событие: обновление_позиции - {"client_id": 0, "position": {"x": 1000, "y": 320}, "inputs": {"left": false, "right": false, "up": false, "down": false}}
2025-09-29 16:23:42,546 - game_server - INFO - log_game_event:61 - Игровое событие: обновление_позиции - {"client_id": 0, "position": {"x": 1000, "y": 320}, "inputs": {"left": false, "right": false, "up": false, "down": false}}
2025-09-29 16:23:42,584 - game_server - INFO - log_game_event:61 - Игровое событие: обновление_позиции - {"client_id": 0, "position": {"x": 1000, "y": 320}, "inputs": {"left": false, "right": false, "up": false, "down": false}}
2025-09-29 16:23:42,622 - game_server - INFO - log_game_event:61 - Игровое событие: обновление_позиции - {"client_id": 0, "position": {"x": 1000, "y": 320}, "inputs": {"left": false, "right": false, "up": false, "down": false}}
2025-09-29 16:23:42,661 - game_server - INFO - log_game_event:61 - Игровое событие: обновление_позиции - {"client_id": 0, "position": {"x": 1000, "y": 320}, "inputs": {"left": false, "right": false, "up": false, "down": false}}
2025-09-29 16:23:42,699 - game_server - INFO - log_game_event:61 - Игровое событие: обновление_позиции - {"client_id": 0, "position": {"x": 1000, "y": 320}, "inputs": {"left": false, "right": false, "up": false, "down": false}}
2025-09-29 16:23:42,734 - game_server - INFO - log_game_event:61 - Игровое событие: обновление_позиции - {"client_id": 0, "position": {"x": 1000, "y": 320}, "inputs": {"left": false, "right": false, "up": false, "down": false}}
2025-09-29 16:23:42,762 - game_server - INFO - log_game_event:61 - Игровое событие: обновление_позиции - {"client_id": 0, "position": {"x": 1000, "y": 320}, "inputs": {"left": false, "right": false, "up": false, "down": false}}
2025-09-29 16:23:42,799 - game_server - INFO - log_game_event:61 - Игровое событие: обновление_позиции - {"client_id": 0, "position": {"x": 1000, "y": 320}, "inputs": {"left": false, "right": false, "up": false, "down": false}}
2025-09-29 16:23:42,836 - game_server - INFO - log_game_event:61 - Игровое событие: обновление_позиции - {"client_id": 0, "position": {"x": 1000, "y": 320}, "inputs": {"left": false, "right": false, "up": false, "down": false}}
2025-09-29 16:23:42,874 - game_server - INFO - log_game_event:61 - Игровое событие: обновление_позиции - {"client_id": 0, "position": {"x": 1000, "y": 320}, "inputs": {"left": false, "right": false, "up": false, "down": false}}
2025-09-29 16:23:42,911 - game_server - INFO - log_game_event:61 - Игровое событие: обновление_позиции - {"client_id": 0, "position": {"x": 1000, "y": 320}, "inputs": {"left": false, "right": false, "up": false, "down": false}}
2025-09-29 16:23:42,950 - game_server - INFO - log_game_event:61 - Игровое событие: обновление_позиции - {"client_id": 0, "position": {"x": 1000, "y": 320}, "inputs": {"left": false, "right": false, "up": false, "down": false}}
2025-09-29 16:23:42,988 - game_server - INFO - log_game_event:61 - Игровое событие: обновление_позиции - {"client_id": 0, "position": {"x": 1000, "y": 320}, "inputs": {"left": false, "right": false, "up": false, "down": false}}
2025-09-29 16:23:43,026 - game_server - INFO - log_game_event:61 - Игровое событие: обновление_позиции - {"client_id": 0, "position": {"x": 1000, "y": 320}, "inputs": {"left": false, "right": false, "up": false, "down": false}}
2025-09-29 16:23:43,064 - game_server - INFO - log_game_event:61 - Игровое событие: обновление_позиции - {"client_id": 0, "position": {"x": 1000, "y": 320}, "inputs": {"left": false, "right": false, "up": false, "down": false}}
2025-09-29 16:23:43,101 - game_server - INFO - log_game_event:61 - Игровое событие: обновление_позиции - {"client_id": 0, "position": {"x": 1000, "y": 320}, "inputs": {"left": false, "right": false, "up": false, "down": false}}
2025-09-29 16:23:43,139 - game_server - INFO - log_game_event:61 - Игровое событие: обновление_позиции - {"client_id": 0, "position": {"x": 1000, "y": 320}, "inputs": {"left": false, "right": false, "up": false, "down": false}}
2025-09-29 16:23:43,177 - game_server - INFO - log_game_event:61 - Игровое событие: обновление_позиции - {"client_id": 0, "position": {"x": 1000, "y": 320}, "inputs": {"left": false, "right": false, "up": false, "down": false}}
2025-09-29 16:23:43,216 - game_server - INFO - log_game_event:61 - Игровое событие: обновление_позиции - {"client_id": 0, "position": {"x": 1000, "y": 320}, "inputs": {"left": false, "right": false, "up": false, "down": false}}
2025-09-29 16:23:43,255 - game_server - INFO - log_game_event:61 - Игровое событие: обновление_позиции - {"client_id": 0, "position": {"x": 1000, "y": 320}, "inputs": {"left": false, "right": false, "up": false, "down": false}}
2025-09-29 16:23:43,290 - game_server - INFO - log_game_event:61 - Игровое событие: обновление_позиции - {"client_id": 0, "position": {"x": 1000, "y": 320}, "inputs": {"left": false, "right": false, "up": false, "down": false}}
2025-09-29 16:23:43,327 - game_server - INFO - log_game_event:61 - Игровое событие: обновление_позиции - {"client_id": 0, "position": {"x": 1000, "y": 320}, "inputs": {"left": false, "right": false, "up": false, "down": false}}
2025-09-29 16:23:43,357 - game_server - INFO - log_game_event:61 - Игровое событие: обновление_позиции - {"client_id": 0, "position": {"x": 1000, "y": 320}, "inputs": {"left": false, "right": false, "up": false, "down": false}}
2025-09-29 16:23:43,392 - game_server - INFO - log_game_event:61 - Игровое событие: обновление_позиции - {"client_id": 0, "position": {"x": 1000, "y": 320}, "inputs": {"left": false, "right": false, "up": false, "down": false}}
2025-09-29 16:23:43,429 - game_server - INFO - log_game_event:61 - Игровое событие: обновление_позиции - {"client_id": 0, "position": {"x": 1000, "y": 320}, "inputs": {"left": false, "right": false, "up": false, "down": false}}
2025-09-29 16:23:43,468 - game_server - INFO - log_game_event:61 - Игровое событие: обновление_позиции - {"client_id": 0, "position": {"x": 1000, "y": 320}, "inputs": {"left": false, "right": false, "up": false, "down": false}}
2025-09-29 16:23:43,503 - game_server - INFO - log_game_event:61 - Игровое событие: обновление_позиции - {"client_id": 0, "position": {"x": 1000, "y": 320}, "inputs": {"left": false, "right": false, "up": false, "down": false}}
2025-09-29 16:23:43,534 - game_server - INFO - log_game_event:61 - Игровое событие: обновление_позиции - {"client_id": 0, "position": {"x": 1000, "y": 320}, "inputs": {"left": false, "right": false, "up": false, "down": false}}
2025-09-29 16:23:43,568 - game_server - INFO - log_game_event:61 - Игровое событие: обновление_позиции - {"client_id": 0, "position": {"x": 1000, "y": 320}, "inputs": {"left": false, "right": false, "up": false, "down": false}}
2025-09-29 16:23:43,598 - game_server - INFO - log_game_event:61 - Игровое событие: обновление_позиции - {"client_id": 0, "position": {"x": 1000, "y": 320}, "inputs": {"left": false, "right": false, "up": false, "down": false}}
2025-09-29 16:23:43,630 - game_server - INFO - log_game_event:61 - Игровое событие: обновление_позиции - {"client_id": 0, "position": {"x": 1000, "y": 320}, "inputs": {"left": false, "right": false, "up": false, "down": false}}
2025-09-29 16:23:43,662 - game_server - INFO - log_game_event:61 - Игровое событие: обновление_позиции - {"client_id": 0, "position": {"x": 1000, "y": 320}, "inputs": {"left": false, "right": false, "up": false, "down": false}}
2025-09-29 16:23:43,695 - game_server - INFO - log_game_event:61 - Игровое событие: обновление_позиции - {"client_id": 0, "position": {"x": 1000, "y": 320}, "inputs": {"left": false, "right": false, "up": false, "down": false}}
2025-09-29 16:23:43,725 - game_server - INFO - log_game_event:61 - Игровое событие: обновление_позиции - {"client_id": 0, "position": {"x": 1000, "y": 320}, "inputs": {"left": false, "right": false, "up": false, "down": false}}
2025-09-29 16:23:43,758 - game_server - INFO - log_game_event:61 - Игровое событие: обновление_позиции - {"client_id": 0, "position": {"x": 1000, "y": 320}, "inputs": {"left": false, "right": false, "up": false, "down": false}}
2025-09-29 16:23:43,785 - game_server - INFO - log_game_event:61 - Игровое событие: обновление_позиции - {"client_id": 0, "position": {"x": 1000, "y": 320}, "inputs": {"left": false, "right": false, "up": false, "down": false}}
2025-09-29 16:23:43,816 - game_server - INFO - log_game_event:61 - Игровое событие: обновление_позиции - {"client_id": 0, "position": {"x": 1000, "y": 320}, "inputs": {"left": false, "right": false, "up": false, "down": false}}
2025-09-29 16:23:43,847 - game_server - INFO - log_game_event:61 - Игровое событие: обновление_позиции - {"client_id": 0, "position": {"x": 1000, "y": 320}, "inputs": {"left": false, "right": false, "up": false, "down": false}}
2025-09-29 16:23:43,871 - game_server - INFO - log_game_event:61 - Игровое событие: обновление_позиции - {"client_id": 0, "position": {"x": 1000, "y": 320}, "inputs": {"left": false, "right": false, "up": false, "down": false}}
2025-09-29 16:23:43,898 - game_server - INFO - log_game_event:61 - Игровое событие: обновление_позиции - {"client_id": 0, "position": {"x": 1000, "y": 320}, "inputs": {"left": false, "right": false, "up": false, "down": false}}
2025-09-29 16:23:43,929 - game_server - INFO - log_game_event:61 - Игровое событие: обновление_позиции - {"client_id": 0, "position": {"x": 1000, "y": 320}, "inputs": {"left": false, "right": false, "up": false, "down": false}}
2025-09-29 16:23:43,954 - game_server - INFO - log_game_event:61 - Игровое событие: обновление_позиции - {"client_id": 0, "position": {"x": 1000, "y": 320}, "inputs": {"left": false, "right": false, "up": false, "down": false}}
2025-09-29 16:23:43,980 - game_server - INFO - log_game_event:61 - Игровое событие: обновление_позиции - {"client_id": 0, "position": {"x": 1000, "y": 320}, "inputs": {"left": false, "right": false, "up": false, "down": false}}
2025-09-29 16:23:44,008 - game_server - INFO - log_game_event:61 - Игровое событие: обновление_позиции - {"client_id": 0, "position": {"x": 1000, "y": 320}, "inputs": {"left": false, "right": false, "up": false, "down": false}}
2025-09-29 16:23:44,046 - game_server - INFO - log_game_event:61 - Игровое событие: обновление_позиции - {"client_id": 0, "position": {"x": 1000, "y": 320}, "inputs": {"left": false, "right": false, "up": false, "down": false}}
2025-09-29 16:23:44,081 - game_server - INFO - log_game_event:61 - Игровое событие: обновление_позиции - {"client_id": 0, "position": {"x": 1000, "y": 320}, "inputs": {"left": false, "right": false, "up": false, "down": false}}
2025-09-29 16:23:44,119 - game_server - INFO - log_game_event:61 - Игровое событие: обновление_позиции - {"client_id": 0, "position": {"x": 1000, "y": 320}, "inputs": {"left": false, "right": false, "up": false, "down": false}}
2025-09-29 16:23:44,156 - game_server - INFO - log_game_event:61 - Игровое событие: обновление_позиции - {"client_id": 0, "position": {"x": 1000, "y": 320}, "inputs": {"left": false, "right": false, "up": false, "down": false}}
2025-09-29 16:23:44,191 - game_server - INFO - log_game_event:61 - Игровое событие: обновление_позиции - {"client_id": 0, "position": {"x": 1000, "y": 320}, "inputs": {"left": false, "right": false, "up": false, "down": false}}
2025-09-29 16:23:44,231 - game_server - INFO - log_game_event:61 - Игровое событие: обновление_позиции - {"client_id": 0, "position": {"x": 1000, "y": 320}, "inputs": {"left": false, "right": false, "up": false, "down": false}}
2025-09-29 16:23:44,270 - game_server - INFO - log_game_event:61 - Игровое событие: обновление_позиции - {"client_id": 0, "position": {"x": 1000, "y": 320}, "inputs": {"left": false, "right": false, "up": false, "down": false}}
2025-09-29 16:23:44,308 - game_server - INFO - log_game_event:61 - Игровое событие: обновление_позиции - {"client_id": 0, "position": {"x": 1000, "y": 320}, "inputs": {"left": false, "right": false, "up": false, "down": false}}
2025-09-29 16:23:44,344 - game_server - INFO - log_game_event:61 - Игровое событие: обновление_позиции - {"client_id": 0, "position": {"x": 1000, "y": 320}, "inputs": {"left": false, "right": false, "up": false, "down": false}}
2025-09-29 16:23:44,381 - game_server - INFO - log_game_event:61 - Игровое событие: обновление_позиции - {"client_id": 0, "position": {"x": 1000, "y": 320}, "inputs": {"left": false, "right": false, "up": false, "down": false}}
2025-09-29 16:23:44,422 - game_server - INFO - log_game_event:61 - Игровое событие: обновление_позиции - {"client_id": 0, "position": {"x": 1000, "y": 320}, "inputs": {"left": false, "right": false, "up": false, "down": false}}
2025-09-29 16:23:44,462 - game_server - INFO - log_game_event:61 - Игровое событие: обновление_позиции - {"client_id": 0, "position": {"x": 1000, "y": 320}, "inputs": {"left": false, "right": false, "up": false, "down": false}}
2025-09-29 16:23:44,501 - game_server - INFO - log_game_event:61 - Игровое событие: обновление_позиции - {"client_id": 0, "position": {"x": 1000, "y": 320}, "inputs": {"left": false, "right": false, "up": false, "down": false}}
2025-09-29 16:23:44,538 - game_server - INFO - log_game_event:61 - Игровое событие: обновление_позиции - {"client_id": 0, "position": {"x": 1000, "y": 320}, "inputs": {"left": false, "right": false, "up": false, "down": false}}
2025-09-29 16:23:44,576 - game_server - INFO - log_game_event:61 - Игровое событие: обновление_позиции - {"client_id": 0, "position": {"x": 1000, "y": 320}, "inputs": {"left": false, "right": false, "up": false, "down": false}}
2025-09-29 16:23:44,612 - game_server - INFO - log_game_event:61 - Игровое событие: обновление_позиции - {"client_id": 0, "position": {"x": 1000, "y": 320}, "inputs": {"left": false, "right": false, "up": false, "down": false}}
2025-09-29 16:23:44,648 - game_server - INFO - log_game_event:61 - Игровое событие: обновление_позиции - {"client_id": 0, "position": {"x": 1000, "y": 320}, "inputs": {"left": false, "right": false, "up": false, "down": false}}
2025-09-29 16:23:44,684 - game_server - INFO - log_game_event:61 - Игровое событие: обновление_позиции - {"client_id": 0, "position": {"x": 1000, "y": 320}, "inputs": {"left": false, "right": false, "up": false, "down": false}}
2025-09-29 16:23:44,721 - game_server - INFO - log_game_event:61 - Игровое событие: обновление_позиции - {"client_id": 0, "position": {"x": 1000, "y": 320}, "inputs": {"left": false, "right": false, "up": false, "down": false}}
2025-09-29 16:23:44,760 - game_server - INFO - log_game_event:61 - Игровое событие: обновление_позиции - {"client_id": 0, "position": {"x": 1000, "y": 320}, "inputs": {"left": false, "right": false, "up": false, "down": false}}
2025-09-29 16:23:44,798 - game_server - INFO - log_game_event:61 - Игровое событие: обновление_позиции - {"client_id": 0, "position": {"x": 1000, "y": 320}, "inputs": {"left": false, "right": false, "up": false, "down": false}}
2025-09-29 16:23:44,837 - game_server - INFO - log_game_event:61 - Игровое событие: обновление_позиции - {"client_id": 0, "position": {"x": 1000, "y": 320}, "inputs": {"left": false, "right": false, "up": false, "down": false}}
2025-09-29 16:23:44,873 - game_server - INFO - log_game_event:61 - Игровое событие: обновление_позиции - {"client_id": 0, "position": {"x": 1000, "y": 320}, "inputs": {"left": false, "right": false, "up": false, "down": false}}
2025-09-29 16:23:44,911 - game_server - INFO - log_game_event:61 - Игровое событие: обновление_позиции - {"client_id": 0, "position": {"x": 1000, "y": 320}, "inputs": {"left": false, "right": false, "up": false, "down": false}}
2025-09-29 16:23:44,949 - game_server - INFO - log_game_event:61 - Игровое событие: обновление_позиции - {"client_id": 0, "position": {"x": 1000, "y": 320}, "inputs": {"left": false, "right": false, "up": false, "down": false}}
2025-09-29 16:23:44,986 - game_server - INFO - log_game_event:61 - Игровое событие: обновление_позиции - {"client_id": 0, "position": {"x": 1000, "y": 320}, "inputs": {"left": false, "right": false, "up": false, "down": false}}
2025-09-29 16:23:45,021 - game_server - INFO - log_game_event:61 - Игровое событие: обновление_позиции - {"client_id": 0, "position": {"x": 1000, "y": 320}, "inputs": {"left": false, "right": false, "up": false, "down": false}}
2025-09-29 16:23:45,060 - game_server - INFO - log_game_event:61 - Игровое событие: обновление_позиции - {"client_id": 0, "position": {"x": 1000, "y": 320}, "inputs": {"left": false, "right": false, "up": false, "down": false}}
2025-09-29 16:23:45,097 - game_server - INFO - log_game_event:61 - Игровое событие: обновление_позиции - {"client_id": 0, "position": {"x": 1000, "y": 320}, "inputs": {"left": false, "right": false, "up": false, "down": false}}
2025-09-29 16:23:45,137 - game_server - INFO - log_game_event:61 - Игровое событие: обновление_позиции - {"client_id": 0, "position": {"x": 1000, "y": 320}, "inputs": {"left": false, "right": false, "up": false, "down": false}}
2025-09-29 16:23:45,176 - game_server - INFO - log_game_event:61 - Игровое событие: обновление_позиции - {"client_id": 0, "position": {"x": 1000, "y": 320}, "inputs": {"left": false, "right": false, "up": false, "down": false}}
2025-09-29 16:23:45,212 - game_server - INFO - log_game_event:61 - Игровое событие: обновление_позиции - {"client_id": 0, "position": {"x": 1000, "y": 320}, "inputs": {"left": false, "right": false, "up": false, "down": false}}
2025-09-29 16:23:45,248 - game_server - INFO - log_game_event:61 - Игровое событие: обновление_позиции - {"client_id": 0, "position": {"x": 1000, "y": 320}, "inputs": {"left": false, "right": false, "up": false, "down": false}}
2025-09-29 16:23:45,287 - game_server - INFO - log_game_event:61 - Игровое событие: обновление_позиции - {"client_id": 0, "position": {"x": 1000, "y": 320}, "inputs": {"left": false, "right": false, "up": false, "down": false}}
2025-09-29 16:23:45,326 - game_server - INFO - log_game_event:61 - Игровое событие: обновление_позиции - {"client_id": 0, "position": {"x": 1000, "y": 320}, "inputs": {"left": false, "right": false, "up": false, "down": false}}
2025-09-29 16:23:45,364 - game_server - INFO - log_game_event:61 - Игровое событие: обновление_позиции - {"client_id": 0, "position": {"x": 1000, "y": 320}, "inputs": {"left": false, "right": false, "up": false, "down": false}}
2025-09-29 16:23:45,400 - game_server - INFO - log_game_event:61 - Игровое событие: обновление_позиции - {"client_id": 0, "position": {"x": 1000, "y": 320}, "inputs": {"left": false, "right": false, "up": false, "down": false}}
2025-09-29 16:23:45,440 - game_server - INFO - log_game_event:61 - Игровое событие: обновление_позиции - {"client_id": 0, "position": {"x": 1000, "y": 320}, "inputs": {"left": false, "right": false, "up": false, "down": false}}
2025-09-29 16:23:45,482 - game_server - INFO - log_game_event:61 - Игровое событие: обновление_позиции - {"client_id": 0, "position": {"x": 1000, "y": 320}, "inputs": {"left": false, "right": false, "up": false, "down": false}}
2025-09-29 16:23:45,518 - game_server - INFO - log_game_event:61 - Игровое событие: обновление_позиции - {"client_id": 0, "position": {"x": 1000, "y": 320}, "inputs": {"left": false, "right": false, "up": false, "down": false}}
2025-09-29 16:23:45,553 - game_server - INFO - log_game_event:61 - Игровое событие: обновление_позиции - {"client_id": 0, "position": {"x": 1000, "y": 320}, "inputs": {"left": false, "right": false, "up": false, "down": false}}
2025-09-29 16:23:45,593 - game_server - INFO - log_game_event:61 - Игровое событие: обновление_позиции - {"client_id": 0, "position": {"x": 1000, "y": 320}, "inputs": {"left": false, "right": false, "up": false, "down": false}}
2025-09-29 16:23:45,632 - game_server - INFO - log_game_event:61 - Игровое событие: обновление_позиции - {"client_id": 0, "position": {"x": 1000, "y": 320}, "inputs": {"left": false, "right": false, "up": false, "down": false}}
2025-09-29 16:23:45,668 - game_server - INFO - log_game_event:61 - Игровое событие: обновление_позиции - {"client_id": 0, "position": {"x": 1000, "y": 320}, "inputs": {"left": false, "right": false, "up": false, "down": false}}
2025-09-29 16:23:45,708 - game_server - INFO - log_game_event:61 - Игровое событие: обновление_позиции - {"client_id": 0, "position": {"x": 1000, "y": 320}, "inputs": {"left": false, "right": false, "up": false, "down": false}}
2025-09-29 16:23:45,747 - game_server - INFO - log_game_event:61 - Игровое событие: обновление_позиции - {"client_id": 0, "position": {"x": 1000, "y": 320}, "inputs": {"left": false, "right": false, "up": false, "down": false}}
2025-09-29 16:23:45,785 - game_server - INFO - log_game_event:61 - Игровое событие: обновление_позиции - {"client_id": 0, "position": {"x": 1000, "y": 320}, "inputs": {"left": false, "right": false, "up": false, "down": false}}
2025-09-29 16:23:45,822 - game_server - INFO - log_game_event:61 - Игровое событие: обновление_позиции - {"client_id": 0, "position": {"x": 1000, "y": 320}, "inputs": {"left": false, "right": false, "up": false, "down": false}}
2025-09-29 16:23:45,861 - game_server - INFO - log_game_event:61 - Игровое событие: обновление_позиции - {"client_id": 0, "position": {"x": 1000, "y": 320}, "inputs": {"left": false, "right": false, "up": false, "down": false}}
2025-09-29 16:23:45,901 - game_server - INFO - log_game_event:61 - Игровое событие: обновление_позиции - {"client_id": 0, "position": {"x": 1000, "y": 320}, "inputs": {"left": false, "right": false, "up": false, "down": false}}
2025-09-29 16:23:45,940 - game_server - INFO - log_game_event:61 - Игровое событие: обновление_позиции - {"client_id": 0, "position": {"x": 1000, "y": 320}, "inputs": {"left": false, "right": false, "up": false, "down": false}}
2025-09-29 16:23:45,980 - game_server - INFO - log_game_event:61 - Игровое событие: обновление_позиции - {"client_id": 0, "position": {"x": 1000, "y": 320}, "inputs": {"left": false, "right": false, "up": false, "down": false}}
2025-09-29 16:23:46,020 - game_server - INFO - log_game_event:61 - Игровое событие: обновление_позиции - {"client_id": 0, "position": {"x": 1000, "y": 320}, "inputs": {"left": false, "right": false, "up": false, "down": false}}
2025-09-29 16:23:46,059 - game_server - INFO - log_game_event:61 - Игровое событие: обновление_позиции - {"client_id": 0, "position": {"x": 1000, "y": 320}, "inputs": {"left": false, "right": false, "up": false, "down": false}}
2025-09-29 16:23:46,100 - game_server - INFO - log_game_event:61 - Игровое событие: обновление_позиции - {"client_id": 0, "position": {"x": 1000, "y": 320}, "inputs": {"left": false, "right": false, "up": false, "down": false}}
2025-09-29 16:23:46,137 - game_server - INFO - log_game_event:61 - Игровое событие: обновление_позиции - {"client_id": 0, "position": {"x": 1000, "y": 320}, "inputs": {"left": false, "right": false, "up": false, "down": false}}
2025-09-29 16:23:46,175 - game_server - INFO - log_game_event:61 - Игровое событие: обновление_позиции - {"client_id": 0, "position": {"x": 1000, "y": 320}, "inputs": {"left": false, "right": false, "up": false, "down": false}}
2025-09-29 16:23:46,213 - game_server - INFO - log_game_event:61 - Игровое событие: обновление_позиции - {"client_id": 0, "position": {"x": 1000, "y": 320}, "inputs": {"left": false, "right": false, "up": false, "down": false}}
2025-09-29 16:23:46,244 - game_server - INFO - log_game_event:61 - Игровое событие: обновление_позиции - {"client_id": 0, "position": {"x": 1000, "y": 320}, "inputs": {"left": false, "right": false, "up": false, "down": false}}
2025-09-29 16:23:46,282 - game_server - INFO - log_game_event:61 - Игровое событие: обновление_позиции - {"client_id": 0, "position": {"x": 1000, "y": 320}, "inputs": {"left": false, "right": false, "up": false, "down": false}}
2025-09-29 16:23:46,321 - game_server - INFO - log_game_event:61 - Игровое событие: обновление_позиции - {"client_id": 0, "position": {"x": 1000, "y": 320}, "inputs": {"left": false, "right": false, "up": false, "down": false}}
2025-09-29 16:23:46,360 - game_server - INFO - log_game_event:61 - Игровое событие: обновление_позиции - {"client_id": 0, "position": {"x": 1000, "y": 320}, "inputs": {"left": false, "right": false, "up": false, "down": false}}
2025-09-29 16:23:46,399 - game_server - INFO - log_game_event:61 - Игровое событие: обновление_позиции - {"client_id": 0, "position": {"x": 1000, "y": 320}, "inputs": {"left": false, "right": false, "up": false, "down": false}}
2025-09-29 16:23:46,437 - game_server - INFO - log_game_event:61 - Игровое событие: обновление_позиции - {"client_id": 0, "position": {"x": 1000, "y": 320}, "inputs": {"left": false, "right": false, "up": false, "down": false}}
2025-09-29 16:23:46,477 - game_server - INFO - log_game_event:61 - Игровое событие: обновление_позиции - {"client_id": 0, "position": {"x": 1000, "y": 320}, "inputs": {"left": false, "right": false, "up": false, "down": false}}
2025-09-29 16:23:46,516 - game_server - INFO - log_game_event:61 - Игровое событие: обновление_позиции - {"client_id": 0, "position": {"x": 1000, "y": 320}, "inputs": {"left": false, "right": false, "up": false, "down": false}}
2025-09-29 16:23:46,553 - game_server - INFO - log_game_event:61 - Игровое событие: обновление_позиции - {"client_id": 0, "position": {"x": 1000, "y": 320}, "inputs": {"left": false, "right": false, "up": false, "down": false}}
2025-09-29 16:23:46,589 - game_server - INFO - log_game_event:61 - Игровое событие: обновление_позиции - {"client_id": 0, "position": {"x": 1000, "y": 320}, "inputs": {"left": false, "right": false, "up": false, "down": false}}
2025-09-29 16:23:46,629 - game_server - INFO - log_game_event:61 - Игровое событие: обновление_позиции - {"client_id": 0, "position": {"x": 1000, "y": 320}, "inputs": {"left": false, "right": false, "up": false, "down": false}}
2025-09-29 16:23:46,669 - game_server - INFO - log_game_event:61 - Игровое событие: обновление_позиции - {"client_id": 0, "position": {"x": 1000, "y": 320}, "inputs": {"left": false, "right": false, "up": false, "down": false}}
2025-09-29 16:23:46,707 - game_server - INFO - log_game_event:61 - Игровое событие: обновление_позиции - {"client_id": 0, "position": {"x": 1000, "y": 320}, "inputs": {"left": false, "right": false, "up": false, "down": false}}
2025-09-29 16:23:46,747 - game_server - INFO - log_game_event:61 - Игровое событие: обновление_позиции - {"client_id": 0, "position": {"x": 1000, "y": 320}, "inputs": {"left": false, "right": false, "up": false, "down": false}}
2025-09-29 16:23:46,784 - game_server - INFO - log_game_event:61 - Игровое событие: обновление_позиции - {"client_id": 0, "position": {"x": 1000, "y": 320}, "inputs": {"left": false, "right": false, "up": false, "down": false}}
2025-09-29 16:23:46,824 - game_server - INFO - log_game_event:61 - Игровое событие: обновление_позиции - {"client_id": 0, "position": {"x": 1000, "y": 320}, "inputs": {"left": false, "right": false, "up": false, "down": false}}
2025-09-29 16:23:46,863 - game_server - INFO - log_game_event:61 - Игровое событие: обновление_позиции - {"client_id": 0, "position": {"x": 1000, "y": 320}, "inputs": {"left": false, "right": false, "up": false, "down": false}}
2025-09-29 16:23:46,903 - game_server - INFO - log_game_event:61 - Игровое событие: обновление_позиции - {"client_id": 0, "position": {"x": 1000, "y": 320}, "inputs": {"left": false, "right": false, "up": false, "down": false}}
2025-09-29 16:23:46,938 - game_server - INFO - log_game_event:61 - Игровое событие: обновление_позиции - {"client_id": 0, "position": {"x": 1000, "y": 320}, "inputs": {"left": false, "right": false, "up": false, "down": false}}
2025-09-29 16:23:46,978 - game_server - INFO - log_game_event:61 - Игровое событие: обновление_позиции - {"client_id": 0, "position": {"x": 1000, "y": 320}, "inputs": {"left": false, "right": false, "up": false, "down": false}}
2025-09-29 16:23:47,014 - game_server - INFO - log_game_event:61 - Игровое событие: обновление_позиции - {"client_id": 0, "position": {"x": 1000, "y": 320}, "inputs": {"left": false, "right": false, "up": false, "down": false}}
2025-09-29 16:23:47,054 - game_server - INFO - log_game_event:61 - Игровое событие: обновление_позиции - {"client_id": 0, "position": {"x": 1000, "y": 320}, "inputs": {"left": false, "right": false, "up": false, "down": false}}
2025-09-29 16:23:47,092 - game_server - INFO - log_game_event:61 - Игровое событие: обновление_позиции - {"client_id": 0, "position": {"x": 1000, "y": 320}, "inputs": {"left": false, "right": false, "up": false, "down": false}}
2025-09-29 16:23:47,130 - game_server - INFO - log_game_event:61 - Игровое событие: обновление_позиции - {"client_id": 0, "position": {"x": 1000, "y": 320}, "inputs": {"left": false, "right": false, "up": false, "down": false}}
2025-09-29 16:23:47,169 - game_server - INFO - log_game_event:61 - Игровое событие: обновление_позиции - {"client_id": 0, "position": {"x": 1000, "y": 320}, "inputs": {"left": false, "right": false, "up": false, "down": false}}
2025-09-29 16:23:47,206 - game_server - INFO - log_game_event:61 - Игровое событие: обновление_позиции - {"client_id": 0, "position": {"x": 1000, "y": 320}, "inputs": {"left": false, "right": false, "up": false, "down": false}}
2025-09-29 16:23:47,243 - game_server - INFO - log_game_event:61 - Игровое событие: обновление_позиции - {"client_id": 0, "position": {"x": 1000, "y": 320}, "inputs": {"left": false, "right": false, "up": false, "down": false}}
2025-09-29 16:23:47,280 - game_server - INFO - log_game_event:61 - Игровое событие: обновление_позиции - {"client_id": 0, "position": {"x": 1000, "y": 320}, "inputs": {"left": false, "right": false, "up": false, "down": false}}
2025-09-29 16:23:47,318 - game_server - INFO - log_game_event:61 - Игровое событие: обновление_позиции - {"client_id": 0, "position": {"x": 1000, "y": 320}, "inputs": {"left": false, "right": false, "up": false, "down": false}}
2025-09-29 16:23:47,357 - game_server - INFO - log_game_event:61 - Игровое событие: обновление_позиции - {"client_id": 0, "position": {"x": 1000, "y": 320}, "inputs": {"left": false, "right": false, "up": false, "down": false}}
2025-09-29 16:23:47,396 - game_server - INFO - log_game_event:61 - Игровое событие: обновление_позиции - {"client_id": 0, "position": {"x": 1000, "y": 320}, "inputs": {"left": false, "right": false, "up": false, "down": false}}
2025-09-29 16:23:47,437 - game_server - INFO - log_game_event:61 - Игровое событие: обновление_позиции - {"client_id": 0, "position": {"x": 1000, "y": 320}, "inputs": {"left": false, "right": false, "up": false, "down": false}}
2025-09-29 16:23:47,474 - game_server - INFO - log_game_event:61 - Игровое событие: обновление_позиции - {"client_id": 0, "position": {"x": 1000, "y": 320}, "inputs": {"left": false, "right": false, "up": false, "down": false}}
2025-09-29 16:23:47,512 - game_server - INFO - log_game_event:61 - Игровое событие: обновление_позиции - {"client_id": 0, "position": {"x": 1000, "y": 320}, "inputs": {"left": false, "right": false, "up": false, "down": false}}
2025-09-29 16:23:47,551 - game_server - INFO - log_game_event:61 - Игровое событие: обновление_позиции - {"client_id": 0, "position": {"x": 1000, "y": 320}, "inputs": {"left": false, "right": false, "up": false, "down": false}}
2025-09-29 16:23:47,590 - game_server - INFO - log_game_event:61 - Игровое событие: обновление_позиции - {"client_id": 0, "position": {"x": 1000, "y": 320}, "inputs": {"left": false, "right": false, "up": false, "down": false}}
2025-09-29 16:23:47,629 - game_server - INFO - log_game_event:61 - Игровое событие: обновление_позиции - {"client_id": 0, "position": {"x": 1000, "y": 320}, "inputs": {"left": false, "right": false, "up": false, "down": false}}
2025-09-29 16:23:47,668 - game_server - INFO - log_game_event:61 - Игровое событие: обновление_позиции - {"client_id": 0, "position": {"x": 1000, "y": 320}, "inputs": {"left": false, "right": false, "up": false, "down": false}}
2025-09-29 16:23:47,707 - game_server - INFO - log_game_event:61 - Игровое событие: обновление_позиции - {"client_id": 0, "position": {"x": 1000, "y": 320}, "inputs": {"left": false, "right": false, "up": false, "down": false}}
2025-09-29 16:23:47,747 - game_server - INFO - log_game_event:61 - Игровое событие: обновление_позиции - {"client_id": 0, "position": {"x": 1000, "y": 320}, "inputs": {"left": false, "right": false, "up": false, "down": false}}
2025-09-29 16:23:47,784 - game_server - INFO - log_game_event:61 - Игровое событие: обновление_позиции - {"client_id": 0, "position": {"x": 1000, "y": 320}, "inputs": {"left": false, "right": false, "up": false, "down": false}}
2025-09-29 16:23:47,824 - game_server - INFO - log_game_event:61 - Игровое событие: обновление_позиции - {"client_id": 0, "position": {"x": 1000, "y": 320}, "inputs": {"left": false, "right": false, "up": false, "down": false}}
2025-09-29 16:23:47,863 - game_server - INFO - log_game_event:61 - Игровое событие: обновление_позиции - {"client_id": 0, "position": {"x": 1000, "y": 320}, "inputs": {"left": false, "right": false, "up": false, "down": false}}
2025-09-29 16:23:47,903 - game_server - INFO - log_game_event:61 - Игровое событие: обновление_позиции - {"client_id": 0, "position": {"x": 1000, "y": 320}, "inputs": {"left": false, "right": false, "up": false, "down": false}}
2025-09-29 16:23:47,942 - game_server - INFO - log_game_event:61 - Игровое событие: обновление_позиции - {"client_id": 0, "position": {"x": 1000, "y": 320}, "inputs": {"left": false, "right": false, "up": false, "down": false}}
2025-09-29 16:23:47,980 - game_server - INFO - log_game_event:61 - Игровое событие: обновление_позиции - {"client_id": 0, "position": {"x": 1000, "y": 320}, "inputs": {"left": false, "right": false, "up": false, "down": false}}
2025-09-29 16:23:48,018 - game_server - INFO - log_game_event:61 - Игровое событие: обновление_позиции - {"client_id": 0, "position": {"x": 1000, "y": 320}, "inputs": {"left": false, "right": false, "up": false, "down": false}}
2025-09-29 16:23:48,061 - game_server - INFO - log_game_event:61 - Игровое событие: обновление_позиции - {"client_id": 0, "position": {"x": 1000, "y": 320}, "inputs": {"left": false, "right": false, "up": false, "down": false}}
2025-09-29 16:23:48,099 - game_server - INFO - log_game_event:61 - Игровое событие: обновление_позиции - {"client_id": 0, "position": {"x": 1000, "y": 320}, "inputs": {"left": false, "right": false, "up": false, "down": false}}
2025-09-29 16:23:48,140 - game_server - INFO - log_game_event:61 - Игровое событие: обновление_позиции - {"client_id": 0, "position": {"x": 1000, "y": 320}, "inputs": {"left": false, "right": false, "up": false, "down": false}}
2025-09-29 16:23:48,179 - game_server - INFO - log_game_event:61 - Игровое событие: обновление_позиции - {"client_id": 0, "position": {"x": 1000, "y": 320}, "inputs": {"left": false, "right": false, "up": false, "down": false}}
2025-09-29 16:23:48,221 - game_server - INFO - log_game_event:61 - Игровое событие: обновление_позиции - {"client_id": 0, "position": {"x": 1000, "y": 320}, "inputs": {"left": false, "right": false, "up": false, "down": false}}
2025-09-29 16:23:48,260 - game_server - INFO - log_game_event:61 - Игровое событие: обновление_позиции - {"client_id": 0, "position": {"x": 1000, "y": 320}, "inputs": {"left": false, "right": false, "up": false, "down": false}}
2025-09-29 16:23:48,298 - game_server - INFO - log_game_event:61 - Игровое событие: обновление_позиции - {"client_id": 0, "position": {"x": 1000, "y": 320}, "inputs": {"left": false, "right": false, "up": false, "down": false}}
2025-09-29 16:23:48,337 - game_server - INFO - log_game_event:61 - Игровое событие: обновление_позиции - {"client_id": 0, "position": {"x": 1000, "y": 320}, "inputs": {"left": false, "right": false, "up": false, "down": false}}
2025-09-29 16:23:48,374 - game_server - INFO - log_game_event:61 - Игровое событие: обновление_позиции - {"client_id": 0, "position": {"x": 1000, "y": 320}, "inputs": {"left": false, "right": false, "up": false, "down": false}}
2025-09-29 16:23:48,415 - game_server - INFO - log_game_event:61 - Игровое событие: обновление_позиции - {"client_id": 0, "position": {"x": 1000, "y": 320}, "inputs": {"left": false, "right": false, "up": false, "down": false}}
2025-09-29 16:23:48,450 - game_server - INFO - log_game_event:61 - Игровое событие: обновление_позиции - {"client_id": 0, "position": {"x": 1000, "y": 320}, "inputs": {"left": false, "right": false, "up": false, "down": false}}
2025-09-29 16:23:48,493 - game_server - INFO - log_game_event:61 - Игровое событие: обновление_позиции - {"client_id": 0, "position": {"x": 1000, "y": 320}, "inputs": {"left": false, "right": false, "up": false, "down": false}}
2025-09-29 16:23:48,530 - game_server - INFO - log_game_event:61 - Игровое событие: обновление_позиции - {"client_id": 0, "position": {"x": 1000, "y": 320}, "inputs": {"left": false, "right": false, "up": false, "down": false}}
2025-09-29 16:23:48,569 - game_server - INFO - log_game_event:61 - Игровое событие: обновление_позиции - {"client_id": 0, "position": {"x": 1000, "y": 320}, "inputs": {"left": false, "right": false, "up": false, "down": false}}
2025-09-29 16:23:48,607 - game_server - INFO - log_game_event:61 - Игровое событие: обновление_позиции - {"client_id": 0, "position": {"x": 1000, "y": 320}, "inputs": {"left": false, "right": false, "up": false, "down": false}}
2025-09-29 16:23:48,647 - game_server - INFO - log_game_event:61 - Игровое событие: обновление_позиции - {"client_id": 0, "position": {"x": 1000, "y": 320}, "inputs": {"left": false, "right": false, "up": false, "down": false}}
2025-09-29 16:23:48,688 - game_server - INFO - log_game_event:61 - Игровое событие: обновление_позиции - {"client_id": 0, "position": {"x": 1000, "y": 320}, "inputs": {"left": false, "right": false, "up": false, "down": false}}
2025-09-29 16:23:48,726 - game_server - INFO - log_game_event:61 - Игровое событие: обновление_позиции - {"client_id": 0, "position": {"x": 1000, "y": 320}, "inputs": {"left": false, "right": false, "up": false, "down": false}}
2025-09-29 16:23:48,764 - game_server - INFO - log_game_event:61 - Игровое событие: обновление_позиции - {"client_id": 0, "position": {"x": 1000, "y": 320}, "inputs": {"left": false, "right": false, "up": false, "down": false}}
2025-09-29 16:23:48,799 - game_server - INFO - log_game_event:61 - Игровое событие: обновление_позиции - {"client_id": 0, "position": {"x": 1000, "y": 320}, "inputs": {"left": false, "right": false, "up": false, "down": false}}
2025-09-29 16:23:48,836 - game_server - INFO - log_game_event:61 - Игровое событие: обновление_позиции - {"client_id": 0, "position": {"x": 1000, "y": 320}, "inputs": {"left": false, "right": false, "up": false, "down": false}}
2025-09-29 16:23:48,874 - game_server - INFO - log_game_event:61 - Игровое событие: обновление_позиции - {"client_id": 0, "position": {"x": 1000, "y": 320}, "inputs": {"left": false, "right": false, "up": false, "down": false}}
2025-09-29 16:23:48,913 - game_server - INFO - log_game_event:61 - Игровое событие: обновление_позиции - {"client_id": 0, "position": {"x": 1000, "y": 320}, "inputs": {"left": false, "right": false, "up": false, "down": false}}
2025-09-29 16:23:48,953 - game_server - INFO - log_game_event:61 - Игровое событие: обновление_позиции - {"client_id": 0, "position": {"x": 1000, "y": 320}, "inputs": {"left": false, "right": false, "up": false, "down": false}}
2025-09-29 16:23:48,991 - game_server - INFO - log_game_event:61 - Игровое событие: обновление_позиции - {"client_id": 0, "position": {"x": 1000, "y": 320}, "inputs": {"left": false, "right": false, "up": false, "down": false}}
2025-09-29 16:23:49,030 - game_server - INFO - log_game_event:61 - Игровое событие: обновление_позиции - {"client_id": 0, "position": {"x": 1000, "y": 320}, "inputs": {"left": false, "right": false, "up": false, "down": false}}
2025-09-29 16:23:49,069 - game_server - INFO - log_game_event:61 - Игровое событие: обновление_позиции - {"client_id": 0, "position": {"x": 1000, "y": 320}, "inputs": {"left": false, "right": false, "up": false, "down": false}}
2025-09-29 16:23:49,105 - game_server - INFO - log_game_event:61 - Игровое событие: обновление_позиции - {"client_id": 0, "position": {"x": 1000, "y": 320}, "inputs": {"left": false, "right": false, "up": false, "down": false}}
2025-09-29 16:23:49,139 - game_server - INFO - log_game_event:61 - Игровое событие: обновление_позиции - {"client_id": 0, "position": {"x": 1000, "y": 320}, "inputs": {"left": false, "right": false, "up": false, "down": false}}
2025-09-29 16:23:49,177 - game_server - INFO - log_game_event:61 - Игровое событие: обновление_позиции - {"client_id": 0, "position": {"x": 1000, "y": 320}, "inputs": {"left": false, "right": false, "up": false, "down": false}}
2025-09-29 16:23:49,213 - game_server - INFO - log_game_event:61 - Игровое событие: обновление_позиции - {"client_id": 0, "position": {"x": 1000, "y": 320}, "inputs": {"left": false, "right": false, "up": false, "down": false}}
2025-09-29 16:23:49,249 - game_server - INFO - log_game_event:61 - Игровое событие: обновление_позиции - {"client_id": 0, "position": {"x": 1000, "y": 320}, "inputs": {"left": false, "right": false, "up": false, "down": false}}
2025-09-29 16:23:49,281 - game_server - INFO - log_game_event:61 - Игровое событие: обновление_позиции - {"client_id": 0, "position": {"x": 1000, "y": 320}, "inputs": {"left": false, "right": false, "up": false, "down": false}}
2025-09-29 16:23:49,317 - game_server - INFO - log_game_event:61 - Игровое событие: обновление_позиции - {"client_id": 0, "position": {"x": 1000, "y": 320}, "inputs": {"left": false, "right": false, "up": false, "down": false}}
2025-09-29 16:23:49,354 - game_server - INFO - log_game_event:61 - Игровое событие: обновление_позиции - {"client_id": 0, "position": {"x": 1000, "y": 320}, "inputs": {"left": false, "right": false, "up": false, "down": false}}
2025-09-29 16:23:49,397 - game_server - INFO - log_game_event:61 - Игровое событие: обновление_позиции - {"client_id": 0, "position": {"x": 1000, "y": 320}, "inputs": {"left": false, "right": false, "up": false, "down": false}}
2025-09-29 16:23:49,436 - game_server - INFO - log_game_event:61 - Игровое событие: обновление_позиции - {"client_id": 0, "position": {"x": 1000, "y": 320}, "inputs": {"left": false, "right": false, "up": false, "down": false}}
2025-09-29 16:23:49,474 - game_server - INFO - log_game_event:61 - Игровое событие: обновление_позиции - {"client_id": 0, "position": {"x": 1000, "y": 320}, "inputs": {"left": false, "right": false, "up": false, "down": false}}
2025-09-29 16:23:49,510 - game_server - INFO - log_game_event:61 - Игровое событие: обновление_позиции - {"client_id": 0, "position": {"x": 1000, "y": 320}, "inputs": {"left": false, "right": false, "up": false, "down": false}}
2025-09-29 16:23:49,548 - game_server - INFO - log_game_event:61 - Игровое событие: обновление_позиции - {"client_id": 0, "position": {"x": 1000, "y": 320}, "inputs": {"left": false, "right": false, "up": false, "down": false}}
2025-09-29 16:23:49,587 - game_server - INFO - log_game_event:61 - Игровое событие: обновление_позиции - {"client_id": 0, "position": {"x": 1000, "y": 320}, "inputs": {"left": false, "right": false, "up": false, "down": false}}
2025-09-29 16:23:49,624 - game_server - INFO - log_game_event:61 - Игровое событие: обновление_позиции - {"client_id": 0, "position": {"x": 1000, "y": 320}, "inputs": {"left": false, "right": false, "up": false, "down": false}}
2025-09-29 16:23:49,661 - game_server - INFO - log_game_event:61 - Игровое событие: обновление_позиции - {"client_id": 0, "position": {"x": 1000, "y": 315}, "inputs": {"left": false, "right": false, "up": true, "down": false}}
2025-09-29 16:23:49,699 - game_server - INFO - log_game_event:61 - Игровое событие: обновление_позиции - {"client_id": 0, "position": {"x": 1000, "y": 310}, "inputs": {"left": false, "right": false, "up": true, "down": false}}
2025-09-29 16:23:49,735 - game_server - INFO - log_game_event:61 - Игровое событие: обновление_позиции - {"client_id": 0, "position": {"x": 1000, "y": 305}, "inputs": {"left": false, "right": false, "up": true, "down": false}}
2025-09-29 16:23:49,776 - game_server - INFO - log_game_event:61 - Игровое событие: обновление_позиции - {"client_id": 0, "position": {"x": 1000, "y": 300}, "inputs": {"left": false, "right": false, "up": true, "down": false}}
2025-09-29 16:23:49,812 - game_server - INFO - log_game_event:61 - Игровое событие: обновление_позиции - {"client_id": 0, "position": {"x": 1000, "y": 295}, "inputs": {"left": false, "right": false, "up": true, "down": false}}
2025-09-29 16:23:49,851 - game_server - INFO - log_game_event:61 - Игровое событие: обновление_позиции - {"client_id": 0, "position": {"x": 1000, "y": 290}, "inputs": {"left": false, "right": false, "up": true, "down": false}}
2025-09-29 16:23:49,887 - game_server - INFO - log_game_event:61 - Игровое событие: обновление_позиции - {"client_id": 0, "position": {"x": 1000, "y": 285}, "inputs": {"left": false, "right": false, "up": true, "down": false}}
2025-09-29 16:23:49,924 - game_server - INFO - log_game_event:61 - Игровое событие: обновление_позиции - {"client_id": 0, "position": {"x": 1000, "y": 280}, "inputs": {"left": false, "right": false, "up": true, "down": false}}
2025-09-29 16:23:49,962 - game_server - INFO - log_game_event:61 - Игровое событие: обновление_позиции - {"client_id": 0, "position": {"x": 1000, "y": 275}, "inputs": {"left": false, "right": false, "up": true, "down": false}}
2025-09-29 16:23:50,001 - game_server - INFO - log_game_event:61 - Игровое событие: обновление_позиции - {"client_id": 0, "position": {"x": 1000, "y": 270}, "inputs": {"left": false, "right": false, "up": true, "down": false}}
2025-09-29 16:23:50,041 - game_server - INFO - log_game_event:61 - Игровое событие: обновление_позиции - {"client_id": 0, "position": {"x": 1000, "y": 265}, "inputs": {"left": false, "right": false, "up": true, "down": false}}
2025-09-29 16:23:50,081 - game_server - INFO - log_game_event:61 - Игровое событие: обновление_позиции - {"client_id": 0, "position": {"x": 1000, "y": 265}, "inputs": {"left": false, "right": false, "up": false, "down": false}}
2025-09-29 16:23:50,120 - game_server - INFO - log_game_event:61 - Игровое событие: обновление_позиции - {"client_id": 0, "position": {"x": 1000, "y": 265}, "inputs": {"left": false, "right": false, "up": false, "down": false}}
2025-09-29 16:23:50,158 - game_server - INFO - log_game_event:61 - Игровое событие: обновление_позиции - {"client_id": 0, "position": {"x": 1000, "y": 265}, "inputs": {"left": false, "right": false, "up": false, "down": false}}
2025-09-29 16:23:50,194 - game_server - INFO - log_game_event:61 - Игровое событие: обновление_позиции - {"client_id": 0, "position": {"x": 1000, "y": 265}, "inputs": {"left": false, "right": false, "up": false, "down": false}}
2025-09-29 16:23:50,233 - game_server - INFO - log_game_event:61 - Игровое событие: обновление_позиции - {"client_id": 0, "position": {"x": 1000, "y": 265}, "inputs": {"left": false, "right": false, "up": false, "down": false}}
2025-09-29 16:23:50,271 - game_server - INFO - log_game_event:61 - Игровое событие: обновление_позиции - {"client_id": 0, "position": {"x": 1000, "y": 265}, "inputs": {"left": false, "right": false, "up": false, "down": false}}
2025-09-29 16:23:50,309 - game_server - INFO - log_game_event:61 - Игровое событие: обновление_позиции - {"client_id": 0, "position": {"x": 1000, "y": 265}, "inputs": {"left": false, "right": false, "up": false, "down": false}}
2025-09-29 16:23:50,347 - game_server - INFO - log_game_event:61 - Игровое событие: обновление_позиции - {"client_id": 0, "position": {"x": 1000, "y": 265}, "inputs": {"left": false, "right": false, "up": false, "down": false}}
2025-09-29 16:23:50,386 - game_server - INFO - log_game_event:61 - Игровое событие: обновление_позиции - {"client_id": 0, "position": {"x": 1000, "y": 265}, "inputs": {"left": false, "right": false, "up": false, "down": false}}
2025-09-29 16:23:50,420 - game_server - INFO - log_game_event:61 - Игровое событие: обновление_позиции - {"client_id": 0, "position": {"x": 1000, "y": 265}, "inputs": {"left": false, "right": false, "up": false, "down": false}}
2025-09-29 16:23:50,459 - game_server - INFO - log_game_event:61 - Игровое событие: обновление_позиции - {"client_id": 0, "position": {"x": 1000, "y": 265}, "inputs": {"left": false, "right": false, "up": false, "down": false}}
2025-09-29 16:23:50,497 - game_server - INFO - log_game_event:61 - Игровое событие: обновление_позиции - {"client_id": 0, "position": {"x": 1000, "y": 265}, "inputs": {"left": false, "right": false, "up": false, "down": false}}
2025-09-29 16:23:50,535 - game_server - INFO - log_game_event:61 - Игровое событие: обновление_позиции - {"client_id": 0, "position": {"x": 1000, "y": 265}, "inputs": {"left": false, "right": false, "up": false, "down": false}}
2025-09-29 16:23:50,574 - game_server - INFO - log_game_event:61 - Игровое событие: обновление_позиции - {"client_id": 0, "position": {"x": 1000, "y": 265}, "inputs": {"left": false, "right": false, "up": false, "down": false}}
2025-09-29 16:23:50,612 - game_server - INFO - log_game_event:61 - Игровое событие: обновление_позиции - {"client_id": 0, "position": {"x": 1000, "y": 265}, "inputs": {"left": false, "right": false, "up": false, "down": false}}
2025-09-29 16:23:50,650 - game_server - INFO - log_game_event:61 - Игровое событие: обновление_позиции - {"client_id": 0, "position": {"x": 1000, "y": 265}, "inputs": {"left": false, "right": false, "up": false, "down": false}}
2025-09-29 16:23:50,689 - game_server - INFO - log_game_event:61 - Игровое событие: обновление_позиции - {"client_id": 0, "position": {"x": 1000, "y": 265}, "inputs": {"left": false, "right": false, "up": false, "down": false}}
2025-09-29 16:23:50,728 - game_server - INFO - log_game_event:61 - Игровое событие: обновление_позиции - {"client_id": 0, "position": {"x": 1000, "y": 265}, "inputs": {"left": false, "right": false, "up": false, "down": false}}
2025-09-29 16:23:50,769 - game_server - INFO - log_game_event:61 - Игровое событие: обновление_позиции - {"client_id": 0, "position": {"x": 1000, "y": 265}, "inputs": {"left": false, "right": false, "up": false, "down": false}}
2025-09-29 16:23:50,806 - game_server - INFO - log_game_event:61 - Игровое событие: обновление_позиции - {"client_id": 0, "position": {"x": 1000, "y": 265}, "inputs": {"left": false, "right": false, "up": false, "down": false}}
2025-09-29 16:23:50,843 - game_server - INFO - log_game_event:61 - Игровое событие: обновление_позиции - {"client_id": 0, "position": {"x": 1000, "y": 265}, "inputs": {"left": false, "right": false, "up": false, "down": false}}
2025-09-29 16:23:50,880 - game_server - INFO - log_game_event:61 - Игровое событие: обновление_позиции - {"client_id": 0, "position": {"x": 1000, "y": 265}, "inputs": {"left": false, "right": false, "up": false, "down": false}}
2025-09-29 16:23:50,916 - game_server - INFO - log_game_event:61 - Игровое событие: обновление_позиции - {"client_id": 0, "position": {"x": 1000, "y": 265}, "inputs": {"left": false, "right": false, "up": false, "down": false}}
2025-09-29 16:23:50,954 - game_server - INFO - log_game_event:61 - Игровое событие: обновление_позиции - {"client_id": 0, "position": {"x": 1000, "y": 265}, "inputs": {"left": false, "right": false, "up": false, "down": false}}
2025-09-29 16:23:50,992 - game_server - INFO - log_game_event:61 - Игровое событие: обновление_позиции - {"client_id": 0, "position": {"x": 1000, "y": 265}, "inputs": {"left": false, "right": false, "up": false, "down": false}}
2025-09-29 16:23:51,031 - game_server - INFO - log_game_event:61 - Игровое событие: обновление_позиции - {"client_id": 0, "position": {"x": 1000, "y": 265}, "inputs": {"left": false, "right": false, "up": false, "down": false}}
2025-09-29 16:23:51,069 - game_server - INFO - log_game_event:61 - Игровое событие: обновление_позиции - {"client_id": 0, "position": {"x": 1000, "y": 265}, "inputs": {"left": false, "right": false, "up": false, "down": false}}
2025-09-29 16:23:51,109 - game_server - INFO - log_game_event:61 - Игровое событие: обновление_позиции - {"client_id": 0, "position": {"x": 1000, "y": 265}, "inputs": {"left": false, "right": false, "up": false, "down": false}}
2025-09-29 16:23:51,147 - game_server - INFO - log_game_event:61 - Игровое событие: обновление_позиции - {"client_id": 0, "position": {"x": 1000, "y": 265}, "inputs": {"left": false, "right": false, "up": false, "down": false}}
2025-09-29 16:23:51,184 - game_server - INFO - log_game_event:61 - Игровое событие: обновление_позиции - {"client_id": 0, "position": {"x": 1000, "y": 265}, "inputs": {"left": false, "right": false, "up": false, "down": false}}
2025-09-29 16:23:51,223 - game_server - INFO - log_game_event:61 - Игровое событие: обновление_позиции - {"client_id": 0, "position": {"x": 1000, "y": 265}, "inputs": {"left": false, "right": false, "up": false, "down": false}}
2025-09-29 16:23:51,263 - game_server - INFO - log_game_event:61 - Игровое событие: обновление_позиции - {"client_id": 0, "position": {"x": 1000, "y": 265}, "inputs": {"left": false, "right": false, "up": false, "down": false}}
2025-09-29 16:23:51,299 - game_server - INFO - log_game_event:61 - Игровое событие: обновление_позиции - {"client_id": 0, "position": {"x": 1000, "y": 265}, "inputs": {"left": false, "right": false, "up": false, "down": false}}
2025-09-29 16:23:51,337 - game_server - INFO - log_game_event:61 - Игровое событие: обновление_позиции - {"client_id": 0, "position": {"x": 1000, "y": 265}, "inputs": {"left": false, "right": false, "up": false, "down": false}}
2025-09-29 16:23:51,378 - game_server - INFO - log_game_event:61 - Игровое событие: обновление_позиции - {"client_id": 0, "position": {"x": 1000, "y": 265}, "inputs": {"left": false, "right": false, "up": false, "down": false}}
2025-09-29 16:23:51,416 - game_server - INFO - log_game_event:61 - Игровое событие: обновление_позиции - {"client_id": 0, "position": {"x": 1000, "y": 265}, "inputs": {"left": false, "right": false, "up": false, "down": false}}
2025-09-29 16:23:51,454 - game_server - INFO - log_game_event:61 - Игровое событие: обновление_позиции - {"client_id": 0, "position": {"x": 1000, "y": 265}, "inputs": {"left": false, "right": false, "up": false, "down": false}}
2025-09-29 16:23:51,494 - game_server - INFO - log_game_event:61 - Игровое событие: обновление_позиции - {"client_id": 0, "position": {"x": 1000, "y": 265}, "inputs": {"left": false, "right": false, "up": false, "down": false}}
2025-09-29 16:23:51,532 - game_server - INFO - log_game_event:61 - Игровое событие: обновление_позиции - {"client_id": 0, "position": {"x": 1000, "y": 265}, "inputs": {"left": false, "right": false, "up": false, "down": false}}
2025-09-29 16:23:51,570 - game_server - INFO - log_game_event:61 - Игровое событие: обновление_позиции - {"client_id": 0, "position": {"x": 1000, "y": 265}, "inputs": {"left": false, "right": false, "up": false, "down": false}}
2025-09-29 16:23:51,607 - game_server - INFO - log_game_event:61 - Игровое событие: обновление_позиции - {"client_id": 0, "position": {"x": 1000, "y": 265}, "inputs": {"left": false, "right": false, "up": false, "down": false}}
2025-09-29 16:23:51,645 - game_server - INFO - log_game_event:61 - Игровое событие: обновление_позиции - {"client_id": 0, "position": {"x": 1000, "y": 265}, "inputs": {"left": false, "right": false, "up": false, "down": false}}
2025-09-29 16:23:51,681 - game_server - INFO - log_game_event:61 - Игровое событие: обновление_позиции - {"client_id": 0, "position": {"x": 1000, "y": 265}, "inputs": {"left": false, "right": false, "up": false, "down": false}}
2025-09-29 16:23:51,720 - game_server - INFO - log_game_event:61 - Игровое событие: обновление_позиции - {"client_id": 0, "position": {"x": 1000, "y": 265}, "inputs": {"left": false, "right": false, "up": false, "down": false}}
2025-09-29 16:23:51,761 - game_server - INFO - log_game_event:61 - Игровое событие: обновление_позиции - {"client_id": 0, "position": {"x": 1000, "y": 265}, "inputs": {"left": false, "right": false, "up": false, "down": false}}
2025-09-29 16:23:51,800 - game_server - INFO - log_game_event:61 - Игровое событие: обновление_позиции - {"client_id": 0, "position": {"x": 1000, "y": 265}, "inputs": {"left": false, "right": false, "up": false, "down": false}}
2025-09-29 16:23:51,837 - game_server - INFO - log_game_event:61 - Игровое событие: обновление_позиции - {"client_id": 0, "position": {"x": 1000, "y": 265}, "inputs": {"left": false, "right": false, "up": false, "down": false}}
2025-09-29 16:23:51,876 - game_server - INFO - log_game_event:61 - Игровое событие: обновление_позиции - {"client_id": 0, "position": {"x": 1000, "y": 265}, "inputs": {"left": false, "right": false, "up": false, "down": false}}
2025-09-29 16:23:51,913 - game_server - INFO - log_game_event:61 - Игровое событие: обновление_позиции - {"client_id": 0, "position": {"x": 1000, "y": 265}, "inputs": {"left": false, "right": false, "up": false, "down": false}}
2025-09-29 16:23:51,951 - game_server - INFO - log_game_event:61 - Игровое событие: обновление_позиции - {"client_id": 0, "position": {"x": 1000, "y": 265}, "inputs": {"left": false, "right": false, "up": false, "down": false}}
2025-09-29 16:23:51,988 - game_server - INFO - log_game_event:61 - Игровое событие: обновление_позиции - {"client_id": 0, "position": {"x": 1000, "y": 265}, "inputs": {"left": false, "right": false, "up": false, "down": false}}
2025-09-29 16:23:52,028 - game_server - INFO - log_game_event:61 - Игровое событие: обновление_позиции - {"client_id": 0, "position": {"x": 1000, "y": 265}, "inputs": {"left": false, "right": false, "up": false, "down": false}}
2025-09-29 16:23:52,067 - game_server - INFO - log_game_event:61 - Игровое событие: обновление_позиции - {"client_id": 0, "position": {"x": 1000, "y": 265}, "inputs": {"left": false, "right": false, "up": false, "down": false}}
2025-09-29 16:23:52,106 - game_server - INFO - log_game_event:61 - Игровое событие: обновление_позиции - {"client_id": 0, "position": {"x": 1000, "y": 265}, "inputs": {"left": false, "right": false, "up": false, "down": false}}
2025-09-29 16:23:52,143 - game_server - INFO - log_game_event:61 - Игровое событие: обновление_позиции - {"client_id": 0, "position": {"x": 1000, "y": 265}, "inputs": {"left": false, "right": false, "up": false, "down": false}}
2025-09-29 16:23:52,179 - game_server - INFO - log_game_event:61 - Игровое событие: обновление_позиции - {"client_id": 0, "position": {"x": 1000, "y": 265}, "inputs": {"left": false, "right": false, "up": false, "down": false}}
2025-09-29 16:23:52,217 - game_server - INFO - log_game_event:61 - Игровое событие: обновление_позиции - {"client_id": 0, "position": {"x": 1000, "y": 265}, "inputs": {"left": false, "right": false, "up": false, "down": false}}
2025-09-29 16:23:52,254 - game_server - INFO - log_game_event:61 - Игровое событие: обновление_позиции - {"client_id": 0, "position": {"x": 1000, "y": 265}, "inputs": {"left": false, "right": false, "up": false, "down": false}}
2025-09-29 16:23:52,293 - game_server - INFO - log_game_event:61 - Игровое событие: обновление_позиции - {"client_id": 0, "position": {"x": 1000, "y": 265}, "inputs": {"left": false, "right": false, "up": false, "down": false}}
2025-09-29 16:23:52,331 - game_server - INFO - log_game_event:61 - Игровое событие: обновление_позиции - {"client_id": 0, "position": {"x": 1000, "y": 265}, "inputs": {"left": false, "right": false, "up": false, "down": false}}
2025-09-29 16:23:52,370 - game_server - INFO - log_game_event:61 - Игровое событие: обновление_позиции - {"client_id": 0, "position": {"x": 1000, "y": 265}, "inputs": {"left": false, "right": false, "up": false, "down": false}}
2025-09-29 16:23:52,409 - game_server - INFO - log_game_event:61 - Игровое событие: обновление_позиции - {"client_id": 0, "position": {"x": 1000, "y": 265}, "inputs": {"left": false, "right": false, "up": false, "down": false}}
2025-09-29 16:23:52,445 - game_server - INFO - log_game_event:61 - Игровое событие: обновление_позиции - {"client_id": 0, "position": {"x": 1000, "y": 265}, "inputs": {"left": false, "right": false, "up": false, "down": false}}
2025-09-29 16:23:52,482 - game_server - INFO - log_game_event:61 - Игровое событие: обновление_позиции - {"client_id": 0, "position": {"x": 1000, "y": 265}, "inputs": {"left": false, "right": false, "up": false, "down": false}}
2025-09-29 16:23:52,519 - game_server - INFO - log_game_event:61 - Игровое событие: обновление_позиции - {"client_id": 0, "position": {"x": 1000, "y": 265}, "inputs": {"left": false, "right": false, "up": false, "down": false}}
2025-09-29 16:23:52,557 - game_server - INFO - log_game_event:61 - Игровое событие: обновление_позиции - {"client_id": 0, "position": {"x": 995, "y": 265}, "inputs": {"left": true, "right": false, "up": false, "down": false}}
2025-09-29 16:23:52,594 - game_server - INFO - log_game_event:61 - Игровое событие: обновление_позиции - {"client_id": 0, "position": {"x": 990, "y": 265}, "inputs": {"left": true, "right": false, "up": false, "down": false}}
2025-09-29 16:23:52,630 - game_server - INFO - log_game_event:61 - Игровое событие: обновление_позиции - {"client_id": 0, "position": {"x": 985, "y": 265}, "inputs": {"left": true, "right": false, "up": false, "down": false}}
2025-09-29 16:23:52,666 - game_server - INFO - log_game_event:61 - Игровое событие: обновление_позиции - {"client_id": 0, "position": {"x": 980, "y": 265}, "inputs": {"left": true, "right": false, "up": false, "down": false}}
2025-09-29 16:23:52,704 - game_server - INFO - log_game_event:61 - Игровое событие: обновление_позиции - {"client_id": 0, "position": {"x": 975, "y": 265}, "inputs": {"left": true, "right": false, "up": false, "down": false}}
2025-09-29 16:23:52,742 - game_server - INFO - log_game_event:61 - Игровое событие: обновление_позиции - {"client_id": 0, "position": {"x": 970, "y": 265}, "inputs": {"left": true, "right": false, "up": false, "down": false}}
2025-09-29 16:23:52,778 - game_server - INFO - log_game_event:61 - Игровое событие: обновление_позиции - {"client_id": 0, "position": {"x": 965, "y": 265}, "inputs": {"left": true, "right": false, "up": false, "down": false}}
2025-09-29 16:23:52,806 - game_server - INFO - log_game_event:61 - Игровое событие: обновление_позиции - {"client_id": 0, "position": {"x": 960, "y": 265}, "inputs": {"left": true, "right": false, "up": false, "down": false}}
2025-09-29 16:23:52,843 - game_server - INFO - log_game_event:61 - Игровое событие: обновление_позиции - {"client_id": 0, "position": {"x": 955, "y": 265}, "inputs": {"left": true, "right": false, "up": false, "down": false}}
2025-09-29 16:23:52,879 - game_server - INFO - log_game_event:61 - Игровое событие: обновление_позиции - {"client_id": 0, "position": {"x": 955, "y": 265}, "inputs": {"left": false, "right": false, "up": false, "down": false}}
2025-09-29 16:23:52,916 - game_server - INFO - log_game_event:61 - Игровое событие: обновление_позиции - {"client_id": 0, "position": {"x": 955, "y": 265}, "inputs": {"left": false, "right": false, "up": false, "down": false}}
2025-09-29 16:23:52,952 - game_server - INFO - log_game_event:61 - Игровое событие: обновление_позиции - {"client_id": 0, "position": {"x": 955, "y": 265}, "inputs": {"left": false, "right": false, "up": false, "down": false}}
2025-09-29 16:23:52,990 - game_server - INFO - log_game_event:61 - Игровое событие: обновление_позиции - {"client_id": 0, "position": {"x": 955, "y": 265}, "inputs": {"left": false, "right": false, "up": false, "down": false}}
2025-09-29 16:23:53,024 - game_server - INFO - log_game_event:61 - Игровое событие: обновление_позиции - {"client_id": 0, "position": {"x": 955, "y": 265}, "inputs": {"left": false, "right": false, "up": false, "down": false}}
2025-09-29 16:23:53,062 - game_server - INFO - log_game_event:61 - Игровое событие: обновление_позиции - {"client_id": 0, "position": {"x": 955, "y": 265}, "inputs": {"left": false, "right": false, "up": false, "down": false}}
2025-09-29 16:23:53,099 - game_server - INFO - log_game_event:61 - Игровое событие: обновление_позиции - {"client_id": 0, "position": {"x": 955, "y": 265}, "inputs": {"left": false, "right": false, "up": false, "down": false}}
2025-09-29 16:23:53,134 - game_server - INFO - log_game_event:61 - Игровое событие: обновление_позиции - {"client_id": 0, "position": {"x": 955, "y": 265}, "inputs": {"left": false, "right": false, "up": false, "down": false}}
2025-09-29 16:23:53,172 - game_server - INFO - log_game_event:61 - Игровое событие: обновление_позиции - {"client_id": 0, "position": {"x": 955, "y": 265}, "inputs": {"left": false, "right": false, "up": false, "down": false}}
2025-09-29 16:23:53,208 - game_server - INFO - log_game_event:61 - Игровое событие: обновление_позиции - {"client_id": 0, "position": {"x": 955, "y": 265}, "inputs": {"left": false, "right": false, "up": false, "down": false}}
2025-09-29 16:23:53,244 - game_server - INFO - log_game_event:61 - Игровое событие: обновление_позиции - {"client_id": 0, "position": {"x": 955, "y": 265}, "inputs": {"left": false, "right": false, "up": false, "down": false}}
2025-09-29 16:23:53,281 - game_server - INFO - log_game_event:61 - Игровое событие: обновление_позиции - {"client_id": 0, "position": {"x": 955, "y": 265}, "inputs": {"left": false, "right": false, "up": false, "down": false}}
2025-09-29 16:23:53,317 - game_server - INFO - log_game_event:61 - Игровое событие: обновление_позиции - {"client_id": 0, "position": {"x": 955, "y": 265}, "inputs": {"left": false, "right": false, "up": false, "down": false}}
2025-09-29 16:23:53,354 - game_server - INFO - log_game_event:61 - Игровое событие: обновление_позиции - {"client_id": 0, "position": {"x": 955, "y": 265}, "inputs": {"left": false, "right": false, "up": false, "down": false}}
2025-09-29 16:23:53,392 - game_server - INFO - log_game_event:61 - Игровое событие: обновление_позиции - {"client_id": 0, "position": {"x": 955, "y": 265}, "inputs": {"left": false, "right": false, "up": false, "down": false}}
2025-09-29 16:23:53,428 - game_server - INFO - log_game_event:61 - Игровое событие: обновление_позиции - {"client_id": 0, "position": {"x": 955, "y": 265}, "inputs": {"left": false, "right": false, "up": false, "down": false}}
2025-09-29 16:23:53,471 - game_server - INFO - log_game_event:61 - Игровое событие: обновление_позиции - {"client_id": 0, "position": {"x": 955, "y": 265}, "inputs": {"left": false, "right": false, "up": false, "down": false}}
2025-09-29 16:23:53,507 - game_server - INFO - log_game_event:61 - Игровое событие: обновление_позиции - {"client_id": 0, "position": {"x": 955, "y": 265}, "inputs": {"left": false, "right": false, "up": false, "down": false}}
2025-09-29 16:23:53,544 - game_server - INFO - log_game_event:61 - Игровое событие: обновление_позиции - {"client_id": 0, "position": {"x": 955, "y": 265}, "inputs": {"left": false, "right": false, "up": false, "down": false}}
2025-09-29 16:23:53,581 - game_server - INFO - log_game_event:61 - Игровое событие: обновление_позиции - {"client_id": 0, "position": {"x": 955, "y": 265}, "inputs": {"left": false, "right": false, "up": false, "down": false}}
2025-09-29 16:23:53,618 - game_server - INFO - log_game_event:61 - Игровое событие: обновление_позиции - {"client_id": 0, "position": {"x": 955, "y": 265}, "inputs": {"left": false, "right": false, "up": false, "down": false}}
2025-09-29 16:23:53,656 - game_server - INFO - log_game_event:61 - Игровое событие: обновление_позиции - {"client_id": 0, "position": {"x": 955, "y": 265}, "inputs": {"left": false, "right": false, "up": false, "down": false}}
2025-09-29 16:23:53,695 - game_server - INFO - log_game_event:61 - Игровое событие: обновление_позиции - {"client_id": 0, "position": {"x": 955, "y": 265}, "inputs": {"left": false, "right": false, "up": false, "down": false}}
2025-09-29 16:23:53,730 - game_server - INFO - log_game_event:61 - Игровое событие: обновление_позиции - {"client_id": 0, "position": {"x": 955, "y": 265}, "inputs": {"left": false, "right": false, "up": false, "down": false}}
2025-09-29 16:23:53,767 - game_server - INFO - log_game_event:61 - Игровое событие: обновление_позиции - {"client_id": 0, "position": {"x": 955, "y": 265}, "inputs": {"left": false, "right": false, "up": false, "down": false}}
2025-09-29 16:23:53,803 - game_server - INFO - log_game_event:61 - Игровое событие: обновление_позиции - {"client_id": 0, "position": {"x": 955, "y": 265}, "inputs": {"left": false, "right": false, "up": false, "down": false}}
2025-09-29 16:23:53,841 - game_server - INFO - log_game_event:61 - Игровое событие: обновление_позиции - {"client_id": 0, "position": {"x": 955, "y": 265}, "inputs": {"left": false, "right": false, "up": false, "down": false}}
2025-09-29 16:23:53,879 - game_server - INFO - log_game_event:61 - Игровое событие: обновление_позиции - {"client_id": 0, "position": {"x": 955, "y": 265}, "inputs": {"left": false, "right": false, "up": false, "down": false}}
2025-09-29 16:23:53,914 - game_server - INFO - log_game_event:61 - Игровое событие: обновление_позиции - {"client_id": 0, "position": {"x": 955, "y": 265}, "inputs": {"left": false, "right": false, "up": false, "down": false}}
2025-09-29 16:23:53,951 - game_server - INFO - log_game_event:61 - Игровое событие: обновление_позиции - {"client_id": 0, "position": {"x": 955, "y": 265}, "inputs": {"left": false, "right": false, "up": false, "down": false}}
2025-09-29 16:23:53,990 - game_server - INFO - log_game_event:61 - Игровое событие: обновление_позиции - {"client_id": 0, "position": {"x": 955, "y": 265}, "inputs": {"left": false, "right": false, "up": false, "down": false}}
2025-09-29 16:23:54,028 - game_server - INFO - log_game_event:61 - Игровое событие: обновление_позиции - {"client_id": 0, "position": {"x": 955, "y": 265}, "inputs": {"left": false, "right": false, "up": false, "down": false}}
2025-09-29 16:23:54,067 - game_server - INFO - log_game_event:61 - Игровое событие: обновление_позиции - {"client_id": 0, "position": {"x": 955, "y": 265}, "inputs": {"left": false, "right": false, "up": false, "down": false}}
2025-09-29 16:23:54,103 - game_server - INFO - log_game_event:61 - Игровое событие: обновление_позиции - {"client_id": 0, "position": {"x": 955, "y": 265}, "inputs": {"left": false, "right": false, "up": false, "down": false}}
2025-09-29 16:23:54,139 - game_server - INFO - log_game_event:61 - Игровое событие: обновление_позиции - {"client_id": 0, "position": {"x": 955, "y": 265}, "inputs": {"left": false, "right": false, "up": false, "down": false}}
2025-09-29 16:23:54,178 - game_server - INFO - log_game_event:61 - Игровое событие: обновление_позиции - {"client_id": 0, "position": {"x": 955, "y": 265}, "inputs": {"left": false, "right": false, "up": false, "down": false}}
2025-09-29 16:23:54,213 - game_server - INFO - log_game_event:61 - Игровое событие: обновление_позиции - {"client_id": 0, "position": {"x": 955, "y": 265}, "inputs": {"left": false, "right": false, "up": false, "down": false}}
2025-09-29 16:23:54,250 - game_server - INFO - log_game_event:61 - Игровое событие: обновление_позиции - {"client_id": 0, "position": {"x": 955, "y": 265}, "inputs": {"left": false, "right": false, "up": false, "down": false}}
2025-09-29 16:23:54,287 - game_server - INFO - log_game_event:61 - Игровое событие: обновление_позиции - {"client_id": 0, "position": {"x": 955, "y": 265}, "inputs": {"left": false, "right": false, "up": false, "down": false}}
2025-09-29 16:23:54,324 - game_server - INFO - log_game_event:61 - Игровое событие: обновление_позиции - {"client_id": 0, "position": {"x": 955, "y": 265}, "inputs": {"left": false, "right": false, "up": false, "down": false}}
2025-09-29 16:23:54,361 - game_server - INFO - log_game_event:61 - Игровое событие: обновление_позиции - {"client_id": 0, "position": {"x": 955, "y": 265}, "inputs": {"left": false, "right": false, "up": false, "down": false}}
2025-09-29 16:23:54,397 - game_server - INFO - log_game_event:61 - Игровое событие: обновление_позиции - {"client_id": 0, "position": {"x": 955, "y": 265}, "inputs": {"left": false, "right": false, "up": false, "down": false}}
2025-09-29 16:23:54,434 - game_server - INFO - log_game_event:61 - Игровое событие: обновление_позиции - {"client_id": 0, "position": {"x": 955, "y": 265}, "inputs": {"left": false, "right": false, "up": false, "down": false}}
2025-09-29 16:23:54,469 - game_server - INFO - log_game_event:61 - Игровое событие: обновление_позиции - {"client_id": 0, "position": {"x": 955, "y": 265}, "inputs": {"left": false, "right": false, "up": false, "down": false}}
2025-09-29 16:23:54,508 - game_server - INFO - log_game_event:61 - Игровое событие: обновление_позиции - {"client_id": 0, "position": {"x": 955, "y": 265}, "inputs": {"left": false, "right": false, "up": false, "down": false}}
2025-09-29 16:23:54,546 - game_server - INFO - log_game_event:61 - Игровое событие: обновление_позиции - {"client_id": 0, "position": {"x": 955, "y": 265}, "inputs": {"left": false, "right": false, "up": false, "down": false}}
2025-09-29 16:23:54,582 - game_server - INFO - log_game_event:61 - Игровое событие: обновление_позиции - {"client_id": 0, "position": {"x": 955, "y": 265}, "inputs": {"left": false, "right": false, "up": false, "down": false}}
2025-09-29 16:23:54,620 - game_server - INFO - log_game_event:61 - Игровое событие: обновление_позиции - {"client_id": 0, "position": {"x": 955, "y": 265}, "inputs": {"left": false, "right": false, "up": false, "down": false}}
2025-09-29 16:23:54,659 - game_server - INFO - log_game_event:61 - Игровое событие: обновление_позиции - {"client_id": 0, "position": {"x": 955, "y": 265}, "inputs": {"left": false, "right": false, "up": false, "down": false}}
2025-09-29 16:23:54,697 - game_server - INFO - log_game_event:61 - Игровое событие: обновление_позиции - {"client_id": 0, "position": {"x": 955, "y": 265}, "inputs": {"left": false, "right": false, "up": false, "down": false}}
2025-09-29 16:23:54,734 - game_server - INFO - log_game_event:61 - Игровое событие: обновление_позиции - {"client_id": 0, "position": {"x": 955, "y": 265}, "inputs": {"left": false, "right": false, "up": false, "down": false}}
2025-09-29 16:23:54,769 - game_server - INFO - log_game_event:61 - Игровое событие: обновление_позиции - {"client_id": 0, "position": {"x": 955, "y": 265}, "inputs": {"left": false, "right": false, "up": false, "down": false}}
2025-09-29 16:23:54,807 - game_server - INFO - log_game_event:61 - Игровое событие: обновление_позиции - {"client_id": 0, "position": {"x": 955, "y": 265}, "inputs": {"left": false, "right": false, "up": false, "down": false}}
2025-09-29 16:23:54,844 - game_server - INFO - log_game_event:61 - Игровое событие: обновление_позиции - {"client_id": 0, "position": {"x": 955, "y": 265}, "inputs": {"left": false, "right": false, "up": false, "down": false}}
2025-09-29 16:23:54,881 - game_server - INFO - log_game_event:61 - Игровое событие: обновление_позиции - {"client_id": 0, "position": {"x": 955, "y": 265}, "inputs": {"left": false, "right": false, "up": false, "down": false}}
2025-09-29 16:23:54,920 - game_server - INFO - log_game_event:61 - Игровое событие: обновление_позиции - {"client_id": 0, "position": {"x": 955, "y": 265}, "inputs": {"left": false, "right": false, "up": false, "down": false}}
2025-09-29 16:23:54,957 - game_server - INFO - log_game_event:61 - Игровое событие: обновление_позиции - {"client_id": 0, "position": {"x": 955, "y": 265}, "inputs": {"left": false, "right": false, "up": false, "down": false}}
2025-09-29 16:23:54,993 - game_server - INFO - log_game_event:61 - Игровое событие: обновление_позиции - {"client_id": 0, "position": {"x": 955, "y": 265}, "inputs": {"left": false, "right": false, "up": false, "down": false}}
2025-09-29 16:23:55,031 - game_server - INFO - log_game_event:61 - Игровое событие: обновление_позиции - {"client_id": 0, "position": {"x": 955, "y": 265}, "inputs": {"left": false, "right": false, "up": false, "down": false}}
2025-09-29 16:23:55,066 - game_server - INFO - log_game_event:61 - Игровое событие: обновление_позиции - {"client_id": 0, "position": {"x": 955, "y": 265}, "inputs": {"left": false, "right": false, "up": false, "down": false}}
2025-09-29 16:23:55,099 - game_server - INFO - log_game_event:61 - Игровое событие: обновление_позиции - {"client_id": 0, "position": {"x": 955, "y": 265}, "inputs": {"left": false, "right": false, "up": false, "down": false}}
2025-09-29 16:23:55,132 - game_server - INFO - log_game_event:61 - Игровое событие: обновление_позиции - {"client_id": 0, "position": {"x": 955, "y": 265}, "inputs": {"left": false, "right": false, "up": false, "down": false}}
2025-09-29 16:23:55,168 - game_server - INFO - log_game_event:61 - Игровое событие: обновление_позиции - {"client_id": 0, "position": {"x": 955, "y": 265}, "inputs": {"left": false, "right": false, "up": false, "down": false}}
2025-09-29 16:23:55,203 - game_server - INFO - log_game_event:61 - Игровое событие: обновление_позиции - {"client_id": 0, "position": {"x": 955, "y": 265}, "inputs": {"left": false, "right": false, "up": false, "down": false}}
2025-09-29 16:23:55,236 - game_server - INFO - log_game_event:61 - Игровое событие: обновление_позиции - {"client_id": 0, "position": {"x": 960, "y": 265}, "inputs": {"left": false, "right": true, "up": false, "down": false}}
2025-09-29 16:23:55,267 - game_server - INFO - log_game_event:61 - Игровое событие: обновление_позиции - {"client_id": 0, "position": {"x": 965, "y": 265}, "inputs": {"left": false, "right": true, "up": false, "down": false}}
2025-09-29 16:23:55,302 - game_server - INFO - log_game_event:61 - Игровое событие: обновление_позиции - {"client_id": 0, "position": {"x": 970, "y": 265}, "inputs": {"left": false, "right": true, "up": false, "down": false}}
2025-09-29 16:23:55,336 - game_server - INFO - log_game_event:61 - Игровое событие: обновление_позиции - {"client_id": 0, "position": {"x": 975, "y": 265}, "inputs": {"left": false, "right": true, "up": false, "down": false}}
2025-09-29 16:23:55,372 - game_server - INFO - log_game_event:61 - Игровое событие: обновление_позиции - {"client_id": 0, "position": {"x": 980, "y": 265}, "inputs": {"left": false, "right": true, "up": false, "down": false}}
2025-09-29 16:23:55,405 - game_server - INFO - log_game_event:61 - Игровое событие: обновление_позиции - {"client_id": 0, "position": {"x": 985, "y": 265}, "inputs": {"left": false, "right": true, "up": false, "down": false}}
2025-09-29 16:23:55,441 - game_server - INFO - log_game_event:61 - Игровое событие: обновление_позиции - {"client_id": 0, "position": {"x": 985, "y": 265}, "inputs": {"left": false, "right": false, "up": false, "down": false}}
2025-09-29 16:23:55,478 - game_server - INFO - log_game_event:61 - Игровое событие: обновление_позиции - {"client_id": 0, "position": {"x": 985, "y": 265}, "inputs": {"left": false, "right": false, "up": false, "down": false}}
2025-09-29 16:23:55,515 - game_server - INFO - log_game_event:61 - Игровое событие: обновление_позиции - {"client_id": 0, "position": {"x": 985, "y": 265}, "inputs": {"left": false, "right": false, "up": false, "down": false}}
2025-09-29 16:23:55,550 - game_server - INFO - log_game_event:61 - Игровое событие: обновление_позиции - {"client_id": 0, "position": {"x": 985, "y": 265}, "inputs": {"left": false, "right": false, "up": false, "down": false}}
2025-09-29 16:23:55,587 - game_server - INFO - log_game_event:61 - Игровое событие: обновление_позиции - {"client_id": 0, "position": {"x": 985, "y": 265}, "inputs": {"left": false, "right": false, "up": false, "down": false}}
2025-09-29 16:23:55,623 - game_server - INFO - log_game_event:61 - Игровое событие: обновление_позиции - {"client_id": 0, "position": {"x": 985, "y": 265}, "inputs": {"left": false, "right": false, "up": false, "down": false}}
2025-09-29 16:23:55,659 - game_server - INFO - log_game_event:61 - Игровое событие: обновление_позиции - {"client_id": 0, "position": {"x": 985, "y": 265}, "inputs": {"left": false, "right": false, "up": false, "down": false}}
2025-09-29 16:23:55,697 - game_server - INFO - log_game_event:61 - Игровое событие: обновление_позиции - {"client_id": 0, "position": {"x": 985, "y": 265}, "inputs": {"left": false, "right": false, "up": false, "down": false}}
2025-09-29 16:23:55,733 - game_server - INFO - log_game_event:61 - Игровое событие: обновление_позиции - {"client_id": 0, "position": {"x": 985, "y": 265}, "inputs": {"left": false, "right": false, "up": false, "down": false}}
2025-09-29 16:23:55,769 - game_server - INFO - log_game_event:61 - Игровое событие: обновление_позиции - {"client_id": 0, "position": {"x": 985, "y": 265}, "inputs": {"left": false, "right": false, "up": false, "down": false}}
2025-09-29 16:23:55,806 - game_server - INFO - log_game_event:61 - Игровое событие: обновление_позиции - {"client_id": 0, "position": {"x": 985, "y": 265}, "inputs": {"left": false, "right": false, "up": false, "down": false}}
2025-09-29 16:23:55,843 - game_server - INFO - log_game_event:61 - Игровое событие: обновление_позиции - {"client_id": 0, "position": {"x": 985, "y": 265}, "inputs": {"left": false, "right": false, "up": false, "down": false}}
2025-09-29 16:23:55,878 - game_server - INFO - log_game_event:61 - Игровое событие: обновление_позиции - {"client_id": 0, "position": {"x": 985, "y": 265}, "inputs": {"left": false, "right": false, "up": false, "down": false}}
2025-09-29 16:23:55,915 - game_server - INFO - log_game_event:61 - Игровое событие: обновление_позиции - {"client_id": 0, "position": {"x": 985, "y": 265}, "inputs": {"left": false, "right": false, "up": false, "down": false}}
2025-09-29 16:23:55,952 - game_server - INFO - log_game_event:61 - Игровое событие: обновление_позиции - {"client_id": 0, "position": {"x": 985, "y": 265}, "inputs": {"left": false, "right": false, "up": false, "down": false}}
2025-09-29 16:23:55,990 - game_server - INFO - log_game_event:61 - Игровое событие: обновление_позиции - {"client_id": 0, "position": {"x": 985, "y": 265}, "inputs": {"left": false, "right": false, "up": false, "down": false}}
2025-09-29 16:23:56,028 - game_server - INFO - log_game_event:61 - Игровое событие: обновление_позиции - {"client_id": 0, "position": {"x": 985, "y": 265}, "inputs": {"left": false, "right": false, "up": false, "down": false}}
2025-09-29 16:23:56,064 - game_server - INFO - log_game_event:61 - Игровое событие: обновление_позиции - {"client_id": 0, "position": {"x": 985, "y": 265}, "inputs": {"left": false, "right": false, "up": false, "down": false}}
2025-09-29 16:23:56,101 - game_server - INFO - log_game_event:61 - Игровое событие: обновление_позиции - {"client_id": 0, "position": {"x": 985, "y": 265}, "inputs": {"left": false, "right": false, "up": false, "down": false}}
2025-09-29 16:23:56,139 - game_server - INFO - log_game_event:61 - Игровое событие: обновление_позиции - {"client_id": 0, "position": {"x": 985, "y": 265}, "inputs": {"left": false, "right": false, "up": false, "down": false}}
2025-09-29 16:23:56,176 - game_server - INFO - log_game_event:61 - Игровое событие: обновление_позиции - {"client_id": 0, "position": {"x": 985, "y": 265}, "inputs": {"left": false, "right": false, "up": false, "down": false}}
2025-09-29 16:23:56,213 - game_server - INFO - log_game_event:61 - Игровое событие: обновление_позиции - {"client_id": 0, "position": {"x": 985, "y": 265}, "inputs": {"left": false, "right": false, "up": false, "down": false}}
2025-09-29 16:23:56,248 - game_server - INFO - log_game_event:61 - Игровое событие: обновление_позиции - {"client_id": 0, "position": {"x": 985, "y": 265}, "inputs": {"left": false, "right": false, "up": false, "down": false}}
2025-09-29 16:23:56,284 - game_server - INFO - log_game_event:61 - Игровое событие: обновление_позиции - {"client_id": 0, "position": {"x": 985, "y": 265}, "inputs": {"left": false, "right": false, "up": false, "down": false}}
2025-09-29 16:23:56,321 - game_server - INFO - log_game_event:61 - Игровое событие: обновление_позиции - {"client_id": 0, "position": {"x": 985, "y": 265}, "inputs": {"left": false, "right": false, "up": false, "down": false}}
2025-09-29 16:23:56,358 - game_server - INFO - log_game_event:61 - Игровое событие: обновление_позиции - {"client_id": 0, "position": {"x": 985, "y": 265}, "inputs": {"left": false, "right": false, "up": false, "down": false}}
2025-09-29 16:23:56,396 - game_server - INFO - log_game_event:61 - Игровое событие: обновление_позиции - {"client_id": 0, "position": {"x": 985, "y": 265}, "inputs": {"left": false, "right": false, "up": false, "down": false}}
2025-09-29 16:23:56,433 - game_server - INFO - log_game_event:61 - Игровое событие: обновление_позиции - {"client_id": 0, "position": {"x": 985, "y": 265}, "inputs": {"left": false, "right": false, "up": false, "down": false}}
2025-09-29 16:23:56,470 - game_server - INFO - log_game_event:61 - Игровое событие: обновление_позиции - {"client_id": 0, "position": {"x": 985, "y": 265}, "inputs": {"left": false, "right": false, "up": false, "down": false}}
2025-09-29 16:23:56,507 - game_server - INFO - log_game_event:61 - Игровое событие: обновление_позиции - {"client_id": 0, "position": {"x": 985, "y": 265}, "inputs": {"left": false, "right": false, "up": false, "down": false}}
2025-09-29 16:23:56,547 - game_server - INFO - log_game_event:61 - Игровое событие: обновление_позиции - {"client_id": 0, "position": {"x": 985, "y": 265}, "inputs": {"left": false, "right": false, "up": false, "down": false}}
2025-09-29 16:23:56,584 - game_server - INFO - log_game_event:61 - Игровое событие: обновление_позиции - {"client_id": 0, "position": {"x": 985, "y": 265}, "inputs": {"left": false, "right": false, "up": false, "down": false}}
2025-09-29 16:23:56,621 - game_server - INFO - log_game_event:61 - Игровое событие: обновление_позиции - {"client_id": 0, "position": {"x": 985, "y": 265}, "inputs": {"left": false, "right": false, "up": false, "down": false}}
2025-09-29 16:23:56,658 - game_server - INFO - log_game_event:61 - Игровое событие: обновление_позиции - {"client_id": 0, "position": {"x": 985, "y": 265}, "inputs": {"left": false, "right": false, "up": false, "down": false}}
2025-09-29 16:23:56,694 - game_server - INFO - log_game_event:61 - Игровое событие: обновление_позиции - {"client_id": 0, "position": {"x": 985, "y": 265}, "inputs": {"left": false, "right": false, "up": false, "down": false}}
2025-09-29 16:23:56,730 - game_server - INFO - log_game_event:61 - Игровое событие: обновление_позиции - {"client_id": 0, "position": {"x": 985, "y": 265}, "inputs": {"left": false, "right": false, "up": false, "down": false}}
2025-09-29 16:23:56,768 - game_server - INFO - log_game_event:61 - Игровое событие: обновление_позиции - {"client_id": 0, "position": {"x": 985, "y": 265}, "inputs": {"left": false, "right": false, "up": false, "down": false}}
2025-09-29 16:23:56,805 - game_server - INFO - log_game_event:61 - Игровое событие: обновление_позиции - {"client_id": 0, "position": {"x": 985, "y": 265}, "inputs": {"left": false, "right": false, "up": false, "down": false}}
2025-09-29 16:23:56,843 - game_server - INFO - log_game_event:61 - Игровое событие: обновление_позиции - {"client_id": 0, "position": {"x": 985, "y": 265}, "inputs": {"left": false, "right": false, "up": false, "down": false}}
2025-09-29 16:23:56,879 - game_server - INFO - log_game_event:61 - Игровое событие: обновление_позиции - {"client_id": 0, "position": {"x": 985, "y": 265}, "inputs": {"left": false, "right": false, "up": false, "down": false}}
2025-09-29 16:23:56,918 - game_server - INFO - log_game_event:61 - Игровое событие: обновление_позиции - {"client_id": 0, "position": {"x": 985, "y": 265}, "inputs": {"left": false, "right": false, "up": false, "down": false}}
2025-09-29 16:23:56,955 - game_server - INFO - log_game_event:61 - Игровое событие: обновление_позиции - {"client_id": 0, "position": {"x": 985, "y": 265}, "inputs": {"left": false, "right": false, "up": false, "down": false}}
2025-09-29 16:23:56,992 - game_server - INFO - log_game_event:61 - Игровое событие: обновление_позиции - {"client_id": 0, "position": {"x": 985, "y": 265}, "inputs": {"left": false, "right": false, "up": false, "down": false}}
2025-09-29 16:23:57,029 - game_server - INFO - log_game_event:61 - Игровое событие: обновление_позиции - {"client_id": 0, "position": {"x": 985, "y": 265}, "inputs": {"left": false, "right": false, "up": false, "down": false}}
2025-09-29 16:23:57,064 - game_server - INFO - log_game_event:61 - Игровое событие: обновление_позиции - {"client_id": 0, "position": {"x": 985, "y": 265}, "inputs": {"left": false, "right": false, "up": false, "down": false}}
2025-09-29 16:23:57,104 - game_server - INFO - log_game_event:61 - Игровое событие: обновление_позиции - {"client_id": 0, "position": {"x": 985, "y": 265}, "inputs": {"left": false, "right": false, "up": false, "down": false}}
2025-09-29 16:23:57,141 - game_server - INFO - log_game_event:61 - Игровое событие: обновление_позиции - {"client_id": 0, "position": {"x": 985, "y": 265}, "inputs": {"left": false, "right": false, "up": false, "down": false}}
2025-09-29 16:23:57,175 - game_server - INFO - log_game_event:61 - Игровое событие: обновление_позиции - {"client_id": 0, "position": {"x": 985, "y": 265}, "inputs": {"left": false, "right": false, "up": false, "down": false}}
2025-09-29 16:23:57,216 - game_server - INFO - log_game_event:61 - Игровое событие: обновление_позиции - {"client_id": 0, "position": {"x": 985, "y": 265}, "inputs": {"left": false, "right": false, "up": false, "down": false}}
2025-09-29 16:23:57,251 - game_server - INFO - log_game_event:61 - Игровое событие: обновление_позиции - {"client_id": 0, "position": {"x": 985, "y": 265}, "inputs": {"left": false, "right": false, "up": false, "down": false}}
2025-09-29 16:23:57,287 - game_server - INFO - log_game_event:61 - Игровое событие: обновление_позиции - {"client_id": 0, "position": {"x": 985, "y": 265}, "inputs": {"left": false, "right": false, "up": false, "down": false}}
2025-09-29 16:23:57,323 - game_server - INFO - log_game_event:61 - Игровое событие: обновление_позиции - {"client_id": 0, "position": {"x": 985, "y": 265}, "inputs": {"left": false, "right": false, "up": false, "down": false}}
2025-09-29 16:23:57,362 - game_server - INFO - log_game_event:61 - Игровое событие: обновление_позиции - {"client_id": 0, "position": {"x": 985, "y": 265}, "inputs": {"left": false, "right": false, "up": false, "down": false}}
2025-09-29 16:23:57,401 - game_server - INFO - log_game_event:61 - Игровое событие: обновление_позиции - {"client_id": 0, "position": {"x": 985, "y": 265}, "inputs": {"left": false, "right": false, "up": false, "down": false}}
2025-09-29 16:23:57,439 - game_server - INFO - log_game_event:61 - Игровое событие: обновление_позиции - {"client_id": 0, "position": {"x": 985, "y": 265}, "inputs": {"left": false, "right": false, "up": false, "down": false}}
2025-09-29 16:23:57,477 - game_server - INFO - log_game_event:61 - Игровое событие: обновление_позиции - {"client_id": 0, "position": {"x": 985, "y": 265}, "inputs": {"left": false, "right": false, "up": false, "down": false}}
2025-09-29 16:23:57,512 - game_server - INFO - log_game_event:61 - Игровое событие: обновление_позиции - {"client_id": 0, "position": {"x": 985, "y": 265}, "inputs": {"left": false, "right": false, "up": false, "down": false}}
2025-09-29 16:23:57,538 - game_server - INFO - log_game_event:61 - Игровое событие: обновление_позиции - {"client_id": 0, "position": {"x": 985, "y": 265}, "inputs": {"left": false, "right": false, "up": false, "down": false}}
2025-09-29 16:23:57,566 - game_server - INFO - log_game_event:61 - Игровое событие: обновление_позиции - {"client_id": 0, "position": {"x": 985, "y": 265}, "inputs": {"left": false, "right": false, "up": false, "down": false}}
2025-09-29 16:23:57,600 - game_server - INFO - log_game_event:61 - Игровое событие: обновление_позиции - {"client_id": 0, "position": {"x": 985, "y": 265}, "inputs": {"left": false, "right": false, "up": false, "down": false}}
2025-09-29 16:23:57,634 - game_server - INFO - log_game_event:61 - Игровое событие: обновление_позиции - {"client_id": 0, "position": {"x": 985, "y": 270}, "inputs": {"left": false, "right": false, "up": false, "down": true}}
2025-09-29 16:23:57,668 - game_server - INFO - log_game_event:61 - Игровое событие: обновление_позиции - {"client_id": 0, "position": {"x": 985, "y": 275}, "inputs": {"left": false, "right": false, "up": false, "down": true}}
2025-09-29 16:23:57,705 - game_server - INFO - log_game_event:61 - Игровое событие: обновление_позиции - {"client_id": 0, "position": {"x": 985, "y": 280}, "inputs": {"left": false, "right": false, "up": false, "down": true}}
2025-09-29 16:23:57,742 - game_server - INFO - log_game_event:61 - Игровое событие: обновление_позиции - {"client_id": 0, "position": {"x": 985, "y": 285}, "inputs": {"left": false, "right": false, "up": false, "down": true}}
2025-09-29 16:23:57,779 - game_server - INFO - log_game_event:61 - Игровое событие: обновление_позиции - {"client_id": 0, "position": {"x": 985, "y": 290}, "inputs": {"left": false, "right": false, "up": false, "down": true}}
2025-09-29 16:23:57,816 - game_server - INFO - log_game_event:61 - Игровое событие: обновление_позиции - {"client_id": 0, "position": {"x": 985, "y": 295}, "inputs": {"left": false, "right": false, "up": false, "down": true}}
2025-09-29 16:23:57,853 - game_server - INFO - log_game_event:61 - Игровое событие: обновление_позиции - {"client_id": 0, "position": {"x": 985, "y": 300}, "inputs": {"left": false, "right": false, "up": false, "down": true}}
2025-09-29 16:23:57,890 - game_server - INFO - log_game_event:61 - Игровое событие: обновление_позиции - {"client_id": 0, "position": {"x": 985, "y": 305}, "inputs": {"left": false, "right": false, "up": false, "down": true}}
2025-09-29 16:23:57,926 - game_server - INFO - log_game_event:61 - Игровое событие: обновление_позиции - {"client_id": 0, "position": {"x": 985, "y": 310}, "inputs": {"left": false, "right": false, "up": false, "down": true}}
2025-09-29 16:23:57,960 - game_server - INFO - log_game_event:61 - Игровое событие: обновление_позиции - {"client_id": 0, "position": {"x": 985, "y": 315}, "inputs": {"left": false, "right": false, "up": false, "down": true}}
2025-09-29 16:23:57,993 - game_server - INFO - log_game_event:61 - Игровое событие: обновление_позиции - {"client_id": 0, "position": {"x": 985, "y": 320}, "inputs": {"left": false, "right": false, "up": false, "down": true}}
2025-09-29 16:23:58,021 - game_server - INFO - log_game_event:61 - Игровое событие: обновление_позиции - {"client_id": 0, "position": {"x": 985, "y": 325}, "inputs": {"left": false, "right": false, "up": false, "down": true}}
2025-09-29 16:23:58,050 - game_server - INFO - log_game_event:61 - Игровое событие: обновление_позиции - {"client_id": 0, "position": {"x": 985, "y": 330}, "inputs": {"left": false, "right": false, "up": false, "down": true}}
2025-09-29 16:23:58,084 - game_server - INFO - log_game_event:61 - Игровое событие: обновление_позиции - {"client_id": 0, "position": {"x": 985, "y": 335}, "inputs": {"left": false, "right": false, "up": false, "down": true}}
2025-09-29 16:23:58,115 - game_server - INFO - log_game_event:61 - Игровое событие: обновление_позиции - {"client_id": 0, "position": {"x": 985, "y": 340}, "inputs": {"left": false, "right": false, "up": false, "down": true}}
2025-09-29 16:23:58,139 - game_server - INFO - log_game_event:61 - Игровое событие: обновление_позиции - {"client_id": 0, "position": {"x": 985, "y": 345}, "inputs": {"left": false, "right": false, "up": false, "down": true}}
2025-09-29 16:23:58,175 - game_server - INFO - log_game_event:61 - Игровое событие: обновление_позиции - {"client_id": 0, "position": {"x": 985, "y": 350}, "inputs": {"left": false, "right": false, "up": false, "down": true}}
2025-09-29 16:23:58,210 - game_server - INFO - log_game_event:61 - Игровое событие: обновление_позиции - {"client_id": 0, "position": {"x": 985, "y": 355}, "inputs": {"left": false, "right": false, "up": false, "down": true}}
2025-09-29 16:23:58,246 - game_server - INFO - log_game_event:61 - Игровое событие: обновление_позиции - {"client_id": 0, "position": {"x": 985, "y": 360}, "inputs": {"left": false, "right": false, "up": false, "down": true}}
2025-09-29 16:23:58,281 - game_server - INFO - log_game_event:61 - Игровое событие: обновление_позиции - {"client_id": 0, "position": {"x": 985, "y": 365}, "inputs": {"left": false, "right": false, "up": false, "down": true}}
2025-09-29 16:23:58,317 - game_server - INFO - log_game_event:61 - Игровое событие: обновление_позиции - {"client_id": 0, "position": {"x": 985, "y": 365}, "inputs": {"left": false, "right": false, "up": false, "down": false}}
2025-09-29 16:23:58,352 - game_server - INFO - log_game_event:61 - Игровое событие: обновление_позиции - {"client_id": 0, "position": {"x": 985, "y": 365}, "inputs": {"left": false, "right": false, "up": false, "down": false}}
2025-09-29 16:23:58,379 - game_server - INFO - log_game_event:61 - Игровое событие: обновление_позиции - {"client_id": 0, "position": {"x": 985, "y": 365}, "inputs": {"left": false, "right": false, "up": false, "down": false}}
2025-09-29 16:23:58,409 - game_server - INFO - log_game_event:61 - Игровое событие: обновление_позиции - {"client_id": 0, "position": {"x": 985, "y": 365}, "inputs": {"left": false, "right": false, "up": false, "down": false}}
2025-09-29 16:23:58,438 - game_server - INFO - log_game_event:61 - Игровое событие: обновление_позиции - {"client_id": 0, "position": {"x": 985, "y": 365}, "inputs": {"left": false, "right": false, "up": false, "down": false}}
2025-09-29 16:23:58,475 - game_server - INFO - log_game_event:61 - Игровое событие: обновление_позиции - {"client_id": 0, "position": {"x": 985, "y": 365}, "inputs": {"left": false, "right": false, "up": false, "down": false}}
2025-09-29 16:23:58,511 - game_server - INFO - log_game_event:61 - Игровое событие: обновление_позиции - {"client_id": 0, "position": {"x": 985, "y": 365}, "inputs": {"left": false, "right": false, "up": false, "down": false}}
2025-09-29 16:23:58,546 - game_server - INFO - log_game_event:61 - Игровое событие: обновление_позиции - {"client_id": 0, "position": {"x": 985, "y": 365}, "inputs": {"left": false, "right": false, "up": false, "down": false}}
2025-09-29 16:23:58,581 - game_server - INFO - log_game_event:61 - Игровое событие: обновление_позиции - {"client_id": 0, "position": {"x": 985, "y": 365}, "inputs": {"left": false, "right": false, "up": false, "down": false}}
2025-09-29 16:23:58,617 - game_server - INFO - log_game_event:61 - Игровое событие: обновление_позиции - {"client_id": 0, "position": {"x": 985, "y": 365}, "inputs": {"left": false, "right": false, "up": false, "down": false}}
2025-09-29 16:23:58,653 - game_server - INFO - log_game_event:61 - Игровое событие: обновление_позиции - {"client_id": 0, "position": {"x": 985, "y": 365}, "inputs": {"left": false, "right": false, "up": false, "down": false}}
2025-09-29 16:23:58,691 - game_server - INFO - log_game_event:61 - Игровое событие: обновление_позиции - {"client_id": 0, "position": {"x": 985, "y": 365}, "inputs": {"left": false, "right": false, "up": false, "down": false}}
2025-09-29 16:23:58,728 - game_server - INFO - log_game_event:61 - Игровое событие: обновление_позиции - {"client_id": 0, "position": {"x": 985, "y": 365}, "inputs": {"left": false, "right": false, "up": false, "down": false}}
2025-09-29 16:23:58,765 - game_server - INFO - log_game_event:61 - Игровое событие: обновление_позиции - {"client_id": 0, "position": {"x": 985, "y": 365}, "inputs": {"left": false, "right": false, "up": false, "down": false}}
2025-09-29 16:23:58,803 - game_server - INFO - log_game_event:61 - Игровое событие: обновление_позиции - {"client_id": 0, "position": {"x": 985, "y": 365}, "inputs": {"left": false, "right": false, "up": false, "down": false}}
2025-09-29 16:23:58,842 - game_server - INFO - log_game_event:61 - Игровое событие: обновление_позиции - {"client_id": 0, "position": {"x": 985, "y": 365}, "inputs": {"left": false, "right": false, "up": false, "down": false}}
2025-09-29 16:23:58,878 - game_server - INFO - log_game_event:61 - Игровое событие: обновление_позиции - {"client_id": 0, "position": {"x": 985, "y": 365}, "inputs": {"left": false, "right": false, "up": false, "down": false}}
2025-09-29 16:23:58,914 - game_server - INFO - log_game_event:61 - Игровое событие: обновление_позиции - {"client_id": 0, "position": {"x": 985, "y": 365}, "inputs": {"left": false, "right": false, "up": false, "down": false}}
2025-09-29 16:23:58,951 - game_server - INFO - log_game_event:61 - Игровое событие: обновление_позиции - {"client_id": 0, "position": {"x": 985, "y": 365}, "inputs": {"left": false, "right": false, "up": false, "down": false}}
2025-09-29 16:23:58,988 - game_server - INFO - log_game_event:61 - Игровое событие: обновление_позиции - {"client_id": 0, "position": {"x": 985, "y": 365}, "inputs": {"left": false, "right": false, "up": false, "down": false}}
2025-09-29 16:23:59,024 - game_server - INFO - log_game_event:61 - Игровое событие: обновление_позиции - {"client_id": 0, "position": {"x": 985, "y": 365}, "inputs": {"left": false, "right": false, "up": false, "down": false}}
2025-09-29 16:23:59,064 - game_server - INFO - log_game_event:61 - Игровое событие: обновление_позиции - {"client_id": 0, "position": {"x": 985, "y": 365}, "inputs": {"left": false, "right": false, "up": false, "down": false}}
2025-09-29 16:23:59,101 - game_server - INFO - log_game_event:61 - Игровое событие: обновление_позиции - {"client_id": 0, "position": {"x": 985, "y": 365}, "inputs": {"left": false, "right": false, "up": false, "down": false}}
2025-09-29 16:23:59,139 - game_server - INFO - log_game_event:61 - Игровое событие: обновление_позиции - {"client_id": 0, "position": {"x": 985, "y": 365}, "inputs": {"left": false, "right": false, "up": false, "down": false}}
2025-09-29 16:23:59,178 - game_server - INFO - log_game_event:61 - Игровое событие: обновление_позиции - {"client_id": 0, "position": {"x": 985, "y": 365}, "inputs": {"left": false, "right": false, "up": false, "down": false}}
2025-09-29 16:23:59,216 - game_server - INFO - log_game_event:61 - Игровое событие: обновление_позиции - {"client_id": 0, "position": {"x": 985, "y": 365}, "inputs": {"left": false, "right": false, "up": false, "down": false}}
2025-09-29 16:23:59,251 - game_server - INFO - log_game_event:61 - Игровое событие: обновление_позиции - {"client_id": 0, "position": {"x": 985, "y": 365}, "inputs": {"left": false, "right": false, "up": false, "down": false}}
2025-09-29 16:23:59,291 - game_server - INFO - log_game_event:61 - Игровое событие: обновление_позиции - {"client_id": 0, "position": {"x": 985, "y": 365}, "inputs": {"left": false, "right": false, "up": false, "down": false}}
2025-09-29 16:23:59,328 - game_server - INFO - log_game_event:61 - Игровое событие: обновление_позиции - {"client_id": 0, "position": {"x": 985, "y": 365}, "inputs": {"left": false, "right": false, "up": false, "down": false}}
2025-09-29 16:23:59,368 - game_server - INFO - log_game_event:61 - Игровое событие: обновление_позиции - {"client_id": 0, "position": {"x": 985, "y": 365}, "inputs": {"left": false, "right": false, "up": false, "down": false}}
2025-09-29 16:23:59,405 - game_server - INFO - log_game_event:61 - Игровое событие: обновление_позиции - {"client_id": 0, "position": {"x": 985, "y": 365}, "inputs": {"left": false, "right": false, "up": false, "down": false}}
2025-09-29 16:23:59,442 - game_server - INFO - log_game_event:61 - Игровое событие: обновление_позиции - {"client_id": 0, "position": {"x": 985, "y": 365}, "inputs": {"left": false, "right": false, "up": false, "down": false}}
2025-09-29 16:23:59,478 - game_server - INFO - log_game_event:61 - Игровое событие: обновление_позиции - {"client_id": 0, "position": {"x": 985, "y": 365}, "inputs": {"left": false, "right": false, "up": false, "down": false}}
2025-09-29 16:23:59,516 - game_server - INFO - log_game_event:61 - Игровое событие: обновление_позиции - {"client_id": 0, "position": {"x": 985, "y": 365}, "inputs": {"left": false, "right": false, "up": false, "down": false}}
2025-09-29 16:23:59,553 - game_server - INFO - log_game_event:61 - Игровое событие: обновление_позиции - {"client_id": 0, "position": {"x": 985, "y": 365}, "inputs": {"left": false, "right": false, "up": false, "down": false}}
2025-09-29 16:23:59,586 - game_server - INFO - log_game_event:61 - Игровое событие: обновление_позиции - {"client_id": 0, "position": {"x": 985, "y": 365}, "inputs": {"left": false, "right": false, "up": false, "down": false}}
2025-09-29 16:23:59,623 - game_server - INFO - log_game_event:61 - Игровое событие: обновление_позиции - {"client_id": 0, "position": {"x": 985, "y": 365}, "inputs": {"left": false, "right": false, "up": false, "down": false}}
2025-09-29 16:23:59,662 - game_server - INFO - log_game_event:61 - Игровое событие: обновление_позиции - {"client_id": 0, "position": {"x": 985, "y": 365}, "inputs": {"left": false, "right": false, "up": false, "down": false}}
2025-09-29 16:23:59,699 - game_server - INFO - log_game_event:61 - Игровое событие: обновление_позиции - {"client_id": 0, "position": {"x": 985, "y": 365}, "inputs": {"left": false, "right": false, "up": false, "down": false}}
2025-09-29 16:23:59,735 - game_server - INFO - log_game_event:61 - Игровое событие: обновление_позиции - {"client_id": 0, "position": {"x": 985, "y": 365}, "inputs": {"left": false, "right": false, "up": false, "down": false}}
2025-09-29 16:23:59,772 - game_server - INFO - log_game_event:61 - Игровое событие: обновление_позиции - {"client_id": 0, "position": {"x": 985, "y": 365}, "inputs": {"left": false, "right": false, "up": false, "down": false}}
2025-09-29 16:23:59,809 - game_server - INFO - log_game_event:61 - Игровое событие: обновление_позиции - {"client_id": 0, "position": {"x": 985, "y": 365}, "inputs": {"left": false, "right": false, "up": false, "down": false}}
2025-09-29 16:23:59,846 - game_server - INFO - log_game_event:61 - Игровое событие: обновление_позиции - {"client_id": 0, "position": {"x": 985, "y": 365}, "inputs": {"left": false, "right": false, "up": false, "down": false}}
2025-09-29 16:23:59,881 - game_server - INFO - log_game_event:61 - Игровое событие: обновление_позиции - {"client_id": 0, "position": {"x": 985, "y": 365}, "inputs": {"left": false, "right": false, "up": false, "down": false}}
2025-09-29 16:23:59,917 - game_server - INFO - log_game_event:61 - Игровое событие: обновление_позиции - {"client_id": 0, "position": {"x": 985, "y": 365}, "inputs": {"left": false, "right": false, "up": false, "down": false}}
2025-09-29 16:23:59,954 - game_server - INFO - log_game_event:61 - Игровое событие: обновление_позиции - {"client_id": 0, "position": {"x": 985, "y": 365}, "inputs": {"left": false, "right": false, "up": false, "down": false}}
2025-09-29 16:23:59,991 - game_server - INFO - log_game_event:61 - Игровое событие: обновление_позиции - {"client_id": 0, "position": {"x": 985, "y": 365}, "inputs": {"left": false, "right": false, "up": false, "down": false}}
2025-09-29 16:24:00,017 - game_server - INFO - log_game_event:61 - Игровое событие: обновление_позиции - {"client_id": 0, "position": {"x": 980, "y": 365}, "inputs": {"left": true, "right": false, "up": false, "down": false}}
2025-09-29 16:24:00,040 - game_server - INFO - log_game_event:61 - Игровое событие: обновление_позиции - {"client_id": 0, "position": {"x": 975, "y": 365}, "inputs": {"left": true, "right": false, "up": false, "down": false}}
2025-09-29 16:24:00,064 - game_server - INFO - log_game_event:61 - Игровое событие: обновление_позиции - {"client_id": 0, "position": {"x": 970, "y": 365}, "inputs": {"left": true, "right": false, "up": false, "down": false}}
2025-09-29 16:24:00,094 - game_server - INFO - log_game_event:61 - Игровое событие: обновление_позиции - {"client_id": 0, "position": {"x": 965, "y": 365}, "inputs": {"left": true, "right": false, "up": false, "down": false}}
2025-09-29 16:24:00,119 - game_server - INFO - log_game_event:61 - Игровое событие: обновление_позиции - {"client_id": 0, "position": {"x": 960, "y": 365}, "inputs": {"left": true, "right": false, "up": false, "down": false}}
2025-09-29 16:24:00,150 - game_server - INFO - log_game_event:61 - Игровое событие: обновление_позиции - {"client_id": 0, "position": {"x": 955, "y": 365}, "inputs": {"left": true, "right": false, "up": false, "down": false}}
2025-09-29 16:24:00,189 - game_server - INFO - log_game_event:61 - Игровое событие: обновление_позиции - {"client_id": 0, "position": {"x": 950, "y": 365}, "inputs": {"left": true, "right": false, "up": false, "down": false}}
2025-09-29 16:24:00,227 - game_server - INFO - log_game_event:61 - Игровое событие: обновление_позиции - {"client_id": 0, "position": {"x": 945, "y": 365}, "inputs": {"left": true, "right": false, "up": false, "down": false}}
2025-09-29 16:24:00,266 - game_server - INFO - log_game_event:61 - Игровое событие: обновление_позиции - {"client_id": 0, "position": {"x": 940, "y": 365}, "inputs": {"left": true, "right": false, "up": false, "down": false}}
2025-09-29 16:24:00,306 - game_server - INFO - log_game_event:61 - Игровое событие: обновление_позиции - {"client_id": 0, "position": {"x": 935, "y": 365}, "inputs": {"left": true, "right": false, "up": false, "down": false}}
2025-09-29 16:24:00,341 - game_server - INFO - log_game_event:61 - Игровое событие: обновление_позиции - {"client_id": 0, "position": {"x": 930, "y": 365}, "inputs": {"left": true, "right": false, "up": false, "down": false}}
2025-09-29 16:24:00,377 - game_server - INFO - log_game_event:61 - Игровое событие: обновление_позиции - {"client_id": 0, "position": {"x": 925, "y": 365}, "inputs": {"left": true, "right": false, "up": false, "down": false}}
2025-09-29 16:24:00,411 - game_server - INFO - log_game_event:61 - Игровое событие: обновление_позиции - {"client_id": 0, "position": {"x": 920, "y": 365}, "inputs": {"left": true, "right": false, "up": false, "down": false}}
2025-09-29 16:24:00,447 - game_server - INFO - log_game_event:61 - Игровое событие: обновление_позиции - {"client_id": 0, "position": {"x": 915, "y": 365}, "inputs": {"left": true, "right": false, "up": false, "down": false}}
2025-09-29 16:24:00,486 - game_server - INFO - log_game_event:61 - Игровое событие: обновление_позиции - {"client_id": 0, "position": {"x": 915, "y": 365}, "inputs": {"left": false, "right": false, "up": false, "down": false}}
2025-09-29 16:24:00,524 - game_server - INFO - log_game_event:61 - Игровое событие: обновление_позиции - {"client_id": 0, "position": {"x": 915, "y": 365}, "inputs": {"left": false, "right": false, "up": false, "down": false}}
2025-09-29 16:24:00,562 - game_server - INFO - log_game_event:61 - Игровое событие: обновление_позиции - {"client_id": 0, "position": {"x": 915, "y": 365}, "inputs": {"left": false, "right": false, "up": false, "down": false}}
2025-09-29 16:24:00,598 - game_server - INFO - log_game_event:61 - Игровое событие: обновление_позиции - {"client_id": 0, "position": {"x": 915, "y": 365}, "inputs": {"left": false, "right": false, "up": false, "down": false}}
2025-09-29 16:24:00,635 - game_server - INFO - log_game_event:61 - Игровое событие: обновление_позиции - {"client_id": 0, "position": {"x": 915, "y": 365}, "inputs": {"left": false, "right": false, "up": false, "down": false}}
2025-09-29 16:24:00,675 - game_server - INFO - log_game_event:61 - Игровое событие: обновление_позиции - {"client_id": 0, "position": {"x": 915, "y": 365}, "inputs": {"left": false, "right": false, "up": false, "down": false}}
2025-09-29 16:24:00,711 - game_server - INFO - log_game_event:61 - Игровое событие: обновление_позиции - {"client_id": 0, "position": {"x": 915, "y": 365}, "inputs": {"left": false, "right": false, "up": false, "down": false}}
2025-09-29 16:24:00,747 - game_server - INFO - log_game_event:61 - Игровое событие: обновление_позиции - {"client_id": 0, "position": {"x": 915, "y": 365}, "inputs": {"left": false, "right": false, "up": false, "down": false}}
2025-09-29 16:24:00,786 - game_server - INFO - log_game_event:61 - Игровое событие: обновление_позиции - {"client_id": 0, "position": {"x": 915, "y": 365}, "inputs": {"left": false, "right": false, "up": false, "down": false}}
2025-09-29 16:24:00,824 - game_server - INFO - log_game_event:61 - Игровое событие: обновление_позиции - {"client_id": 0, "position": {"x": 915, "y": 365}, "inputs": {"left": false, "right": false, "up": false, "down": false}}
2025-09-29 16:24:00,862 - game_server - INFO - log_game_event:61 - Игровое событие: обновление_позиции - {"client_id": 0, "position": {"x": 915, "y": 365}, "inputs": {"left": false, "right": false, "up": false, "down": false}}
2025-09-29 16:24:00,899 - game_server - INFO - log_game_event:61 - Игровое событие: обновление_позиции - {"client_id": 0, "position": {"x": 915, "y": 365}, "inputs": {"left": false, "right": false, "up": false, "down": false}}
2025-09-29 16:24:00,935 - game_server - INFO - log_game_event:61 - Игровое событие: обновление_позиции - {"client_id": 0, "position": {"x": 915, "y": 365}, "inputs": {"left": false, "right": false, "up": false, "down": false}}
2025-09-29 16:24:00,972 - game_server - INFO - log_game_event:61 - Игровое событие: обновление_позиции - {"client_id": 0, "position": {"x": 915, "y": 365}, "inputs": {"left": false, "right": false, "up": false, "down": false}}
2025-09-29 16:24:01,011 - game_server - INFO - log_game_event:61 - Игровое событие: обновление_позиции - {"client_id": 0, "position": {"x": 915, "y": 365}, "inputs": {"left": false, "right": false, "up": false, "down": false}}
2025-09-29 16:24:01,047 - game_server - INFO - log_game_event:61 - Игровое событие: обновление_позиции - {"client_id": 0, "position": {"x": 915, "y": 365}, "inputs": {"left": false, "right": false, "up": false, "down": false}}
2025-09-29 16:24:01,086 - game_server - INFO - log_game_event:61 - Игровое событие: обновление_позиции - {"client_id": 0, "position": {"x": 915, "y": 365}, "inputs": {"left": false, "right": false, "up": false, "down": false}}
2025-09-29 16:24:01,124 - game_server - INFO - log_game_event:61 - Игровое событие: обновление_позиции - {"client_id": 0, "position": {"x": 915, "y": 365}, "inputs": {"left": false, "right": false, "up": false, "down": false}}
2025-09-29 16:24:01,162 - game_server - INFO - log_game_event:61 - Игровое событие: обновление_позиции - {"client_id": 0, "position": {"x": 915, "y": 365}, "inputs": {"left": false, "right": false, "up": false, "down": false}}
2025-09-29 16:24:01,200 - game_server - INFO - log_game_event:61 - Игровое событие: обновление_позиции - {"client_id": 0, "position": {"x": 915, "y": 365}, "inputs": {"left": false, "right": false, "up": false, "down": false}}
2025-09-29 16:24:01,239 - game_server - INFO - log_game_event:61 - Игровое событие: обновление_позиции - {"client_id": 0, "position": {"x": 915, "y": 365}, "inputs": {"left": false, "right": false, "up": false, "down": false}}
2025-09-29 16:24:01,277 - game_server - INFO - log_game_event:61 - Игровое событие: обновление_позиции - {"client_id": 0, "position": {"x": 915, "y": 365}, "inputs": {"left": false, "right": false, "up": false, "down": false}}
2025-09-29 16:24:01,314 - game_server - INFO - log_game_event:61 - Игровое событие: обновление_позиции - {"client_id": 0, "position": {"x": 915, "y": 365}, "inputs": {"left": false, "right": false, "up": false, "down": false}}
2025-09-29 16:24:01,351 - game_server - INFO - log_game_event:61 - Игровое событие: обновление_позиции - {"client_id": 0, "position": {"x": 915, "y": 365}, "inputs": {"left": false, "right": false, "up": false, "down": false}}
2025-09-29 16:24:01,392 - game_server - INFO - log_game_event:61 - Игровое событие: обновление_позиции - {"client_id": 0, "position": {"x": 915, "y": 365}, "inputs": {"left": false, "right": false, "up": false, "down": false}}
2025-09-29 16:24:01,429 - game_server - INFO - log_game_event:61 - Игровое событие: обновление_позиции - {"client_id": 0, "position": {"x": 915, "y": 365}, "inputs": {"left": false, "right": false, "up": false, "down": false}}
2025-09-29 16:24:01,466 - game_server - INFO - log_game_event:61 - Игровое событие: обновление_позиции - {"client_id": 0, "position": {"x": 915, "y": 365}, "inputs": {"left": false, "right": false, "up": false, "down": false}}
2025-09-29 16:24:01,503 - game_server - INFO - log_game_event:61 - Игровое событие: обновление_позиции - {"client_id": 0, "position": {"x": 915, "y": 365}, "inputs": {"left": false, "right": false, "up": false, "down": false}}
2025-09-29 16:24:01,543 - game_server - INFO - log_game_event:61 - Игровое событие: обновление_позиции - {"client_id": 0, "position": {"x": 915, "y": 365}, "inputs": {"left": false, "right": false, "up": false, "down": false}}
2025-09-29 16:24:01,579 - game_server - INFO - log_game_event:61 - Игровое событие: обновление_позиции - {"client_id": 0, "position": {"x": 915, "y": 365}, "inputs": {"left": false, "right": false, "up": false, "down": false}}
2025-09-29 16:24:01,615 - game_server - INFO - log_game_event:61 - Игровое событие: обновление_позиции - {"client_id": 0, "position": {"x": 915, "y": 365}, "inputs": {"left": false, "right": false, "up": false, "down": false}}
2025-09-29 16:24:01,654 - game_server - INFO - log_game_event:61 - Игровое событие: обновление_позиции - {"client_id": 0, "position": {"x": 915, "y": 365}, "inputs": {"left": false, "right": false, "up": false, "down": false}}
2025-09-29 16:24:01,691 - game_server - INFO - log_game_event:61 - Игровое событие: обновление_позиции - {"client_id": 0, "position": {"x": 915, "y": 365}, "inputs": {"left": false, "right": false, "up": false, "down": false}}
2025-09-29 16:24:01,728 - game_server - INFO - log_game_event:61 - Игровое событие: обновление_позиции - {"client_id": 0, "position": {"x": 915, "y": 365}, "inputs": {"left": false, "right": false, "up": false, "down": false}}
2025-09-29 16:24:01,766 - game_server - INFO - log_game_event:61 - Игровое событие: обновление_позиции - {"client_id": 0, "position": {"x": 915, "y": 365}, "inputs": {"left": false, "right": false, "up": false, "down": false}}
2025-09-29 16:24:01,804 - game_server - INFO - log_game_event:61 - Игровое событие: обновление_позиции - {"client_id": 0, "position": {"x": 915, "y": 365}, "inputs": {"left": false, "right": false, "up": false, "down": false}}
2025-09-29 16:24:01,840 - game_server - INFO - log_game_event:61 - Игровое событие: обновление_позиции - {"client_id": 0, "position": {"x": 915, "y": 365}, "inputs": {"left": false, "right": false, "up": false, "down": false}}
2025-09-29 16:24:01,877 - game_server - INFO - log_game_event:61 - Игровое событие: обновление_позиции - {"client_id": 0, "position": {"x": 915, "y": 365}, "inputs": {"left": false, "right": false, "up": false, "down": false}}
2025-09-29 16:24:01,914 - game_server - INFO - log_game_event:61 - Игровое событие: обновление_позиции - {"client_id": 0, "position": {"x": 915, "y": 365}, "inputs": {"left": false, "right": false, "up": false, "down": false}}
2025-09-29 16:24:01,951 - game_server - INFO - log_game_event:61 - Игровое событие: обновление_позиции - {"client_id": 0, "position": {"x": 915, "y": 365}, "inputs": {"left": false, "right": false, "up": false, "down": false}}
2025-09-29 16:24:01,987 - game_server - INFO - log_game_event:61 - Игровое событие: обновление_позиции - {"client_id": 0, "position": {"x": 915, "y": 365}, "inputs": {"left": false, "right": false, "up": false, "down": false}}
2025-09-29 16:24:02,024 - game_server - INFO - log_game_event:61 - Игровое событие: обновление_позиции - {"client_id": 0, "position": {"x": 915, "y": 365}, "inputs": {"left": false, "right": false, "up": false, "down": false}}
2025-09-29 16:24:02,066 - game_server - INFO - log_game_event:61 - Игровое событие: обновление_позиции - {"client_id": 0, "position": {"x": 915, "y": 365}, "inputs": {"left": false, "right": false, "up": false, "down": false}}
2025-09-29 16:24:02,101 - game_server - INFO - log_game_event:61 - Игровое событие: обновление_позиции - {"client_id": 0, "position": {"x": 915, "y": 365}, "inputs": {"left": false, "right": false, "up": false, "down": false}}
2025-09-29 16:24:02,140 - game_server - INFO - log_game_event:61 - Игровое событие: обновление_позиции - {"client_id": 0, "position": {"x": 915, "y": 365}, "inputs": {"left": false, "right": false, "up": false, "down": false}}
2025-09-29 16:24:02,178 - game_server - INFO - log_game_event:61 - Игровое событие: обновление_позиции - {"client_id": 0, "position": {"x": 915, "y": 365}, "inputs": {"left": false, "right": false, "up": false, "down": false}}
2025-09-29 16:24:02,214 - game_server - INFO - log_game_event:61 - Игровое событие: обновление_позиции - {"client_id": 0, "position": {"x": 915, "y": 365}, "inputs": {"left": false, "right": false, "up": false, "down": false}}
2025-09-29 16:24:02,250 - game_server - INFO - log_game_event:61 - Игровое событие: обновление_позиции - {"client_id": 0, "position": {"x": 915, "y": 365}, "inputs": {"left": false, "right": false, "up": false, "down": false}}
2025-09-29 16:24:02,284 - game_server - INFO - log_game_event:61 - Игровое событие: обновление_позиции - {"client_id": 0, "position": {"x": 915, "y": 365}, "inputs": {"left": false, "right": false, "up": false, "down": false}}
2025-09-29 16:24:02,323 - game_server - INFO - log_game_event:61 - Игровое событие: обновление_позиции - {"client_id": 0, "position": {"x": 915, "y": 365}, "inputs": {"left": false, "right": false, "up": false, "down": false}}
2025-09-29 16:24:02,360 - game_server - INFO - log_game_event:61 - Игровое событие: обновление_позиции - {"client_id": 0, "position": {"x": 915, "y": 365}, "inputs": {"left": false, "right": false, "up": false, "down": false}}
2025-09-29 16:24:02,400 - game_server - INFO - log_game_event:61 - Игровое событие: обновление_позиции - {"client_id": 0, "position": {"x": 915, "y": 365}, "inputs": {"left": false, "right": false, "up": false, "down": false}}
2025-09-29 16:24:02,436 - game_server - INFO - log_game_event:61 - Игровое событие: обновление_позиции - {"client_id": 0, "position": {"x": 915, "y": 365}, "inputs": {"left": false, "right": false, "up": false, "down": false}}
2025-09-29 16:24:02,475 - game_server - INFO - log_game_event:61 - Игровое событие: обновление_позиции - {"client_id": 0, "position": {"x": 915, "y": 365}, "inputs": {"left": false, "right": false, "up": false, "down": false}}
2025-09-29 16:24:02,513 - game_server - INFO - log_game_event:61 - Игровое событие: обновление_позиции - {"client_id": 0, "position": {"x": 915, "y": 365}, "inputs": {"left": false, "right": false, "up": false, "down": false}}
2025-09-29 16:24:02,547 - game_server - INFO - log_game_event:61 - Игровое событие: обновление_позиции - {"client_id": 0, "position": {"x": 915, "y": 365}, "inputs": {"left": false, "right": false, "up": false, "down": false}}
2025-09-29 16:24:02,583 - game_server - INFO - log_game_event:61 - Игровое событие: обновление_позиции - {"client_id": 0, "position": {"x": 915, "y": 365}, "inputs": {"left": false, "right": false, "up": false, "down": false}}
2025-09-29 16:24:02,622 - game_server - INFO - log_game_event:61 - Игровое событие: обновление_позиции - {"client_id": 0, "position": {"x": 915, "y": 365}, "inputs": {"left": false, "right": false, "up": false, "down": false}}
2025-09-29 16:24:02,660 - game_server - INFO - log_game_event:61 - Игровое событие: обновление_позиции - {"client_id": 0, "position": {"x": 915, "y": 365}, "inputs": {"left": false, "right": false, "up": false, "down": false}}
2025-09-29 16:24:02,694 - game_server - INFO - log_game_event:61 - Игровое событие: обновление_позиции - {"client_id": 0, "position": {"x": 915, "y": 365}, "inputs": {"left": false, "right": false, "up": false, "down": false}}
2025-09-29 16:24:02,730 - game_server - INFO - log_game_event:61 - Игровое событие: обновление_позиции - {"client_id": 0, "position": {"x": 915, "y": 365}, "inputs": {"left": false, "right": false, "up": false, "down": false}}
2025-09-29 16:24:02,764 - game_server - INFO - log_game_event:61 - Игровое событие: обновление_позиции - {"client_id": 0, "position": {"x": 915, "y": 365}, "inputs": {"left": false, "right": false, "up": false, "down": false}}
2025-09-29 16:24:02,804 - game_server - INFO - log_game_event:61 - Игровое событие: обновление_позиции - {"client_id": 0, "position": {"x": 915, "y": 365}, "inputs": {"left": false, "right": false, "up": false, "down": false}}
2025-09-29 16:24:02,841 - game_server - INFO - log_game_event:61 - Игровое событие: обновление_позиции - {"client_id": 0, "position": {"x": 915, "y": 365}, "inputs": {"left": false, "right": false, "up": false, "down": false}}
2025-09-29 16:24:02,878 - game_server - INFO - log_game_event:61 - Игровое событие: обновление_позиции - {"client_id": 0, "position": {"x": 915, "y": 365}, "inputs": {"left": false, "right": false, "up": false, "down": false}}
2025-09-29 16:24:02,916 - game_server - INFO - log_game_event:61 - Игровое событие: обновление_позиции - {"client_id": 0, "position": {"x": 915, "y": 365}, "inputs": {"left": false, "right": false, "up": false, "down": false}}
2025-09-29 16:24:02,953 - game_server - INFO - log_game_event:61 - Игровое событие: обновление_позиции - {"client_id": 0, "position": {"x": 915, "y": 365}, "inputs": {"left": false, "right": false, "up": false, "down": false}}
2025-09-29 16:24:02,991 - game_server - INFO - log_game_event:61 - Игровое событие: обновление_позиции - {"client_id": 0, "position": {"x": 915, "y": 365}, "inputs": {"left": false, "right": false, "up": false, "down": false}}
2025-09-29 16:24:03,030 - game_server - INFO - log_game_event:61 - Игровое событие: обновление_позиции - {"client_id": 0, "position": {"x": 915, "y": 365}, "inputs": {"left": false, "right": false, "up": false, "down": false}}
2025-09-29 16:24:03,071 - game_server - INFO - log_game_event:61 - Игровое событие: обновление_позиции - {"client_id": 0, "position": {"x": 915, "y": 365}, "inputs": {"left": false, "right": false, "up": false, "down": false}}
2025-09-29 16:24:03,109 - game_server - INFO - log_game_event:61 - Игровое событие: обновление_позиции - {"client_id": 0, "position": {"x": 915, "y": 365}, "inputs": {"left": false, "right": false, "up": false, "down": false}}
2025-09-29 16:24:03,144 - game_server - INFO - log_game_event:61 - Игровое событие: обновление_позиции - {"client_id": 0, "position": {"x": 915, "y": 365}, "inputs": {"left": false, "right": false, "up": false, "down": false}}
2025-09-29 16:24:03,183 - game_server - INFO - log_game_event:61 - Игровое событие: обновление_позиции - {"client_id": 0, "position": {"x": 915, "y": 365}, "inputs": {"left": false, "right": false, "up": false, "down": false}}
2025-09-29 16:24:03,221 - game_server - INFO - log_game_event:61 - Игровое событие: обновление_позиции - {"client_id": 0, "position": {"x": 915, "y": 365}, "inputs": {"left": false, "right": false, "up": false, "down": false}}
2025-09-29 16:24:03,261 - game_server - INFO - log_game_event:61 - Игровое событие: обновление_позиции - {"client_id": 0, "position": {"x": 915, "y": 365}, "inputs": {"left": false, "right": false, "up": false, "down": false}}
2025-09-29 16:24:03,296 - game_server - INFO - log_game_event:61 - Игровое событие: обновление_позиции - {"client_id": 0, "position": {"x": 915, "y": 365}, "inputs": {"left": false, "right": false, "up": false, "down": false}}
2025-09-29 16:24:03,334 - game_server - INFO - log_game_event:61 - Игровое событие: обновление_позиции - {"client_id": 0, "position": {"x": 915, "y": 365}, "inputs": {"left": false, "right": false, "up": false, "down": false}}
2025-09-29 16:24:03,371 - game_server - INFO - log_game_event:61 - Игровое событие: обновление_позиции - {"client_id": 0, "position": {"x": 915, "y": 365}, "inputs": {"left": false, "right": false, "up": false, "down": false}}
2025-09-29 16:24:03,410 - game_server - INFO - log_game_event:61 - Игровое событие: обновление_позиции - {"client_id": 0, "position": {"x": 915, "y": 365}, "inputs": {"left": false, "right": false, "up": false, "down": false}}
2025-09-29 16:24:03,444 - game_server - INFO - log_game_event:61 - Игровое событие: обновление_позиции - {"client_id": 0, "position": {"x": 915, "y": 365}, "inputs": {"left": false, "right": false, "up": false, "down": false}}
2025-09-29 16:24:03,482 - game_server - INFO - log_game_event:61 - Игровое событие: обновление_позиции - {"client_id": 0, "position": {"x": 915, "y": 365}, "inputs": {"left": false, "right": false, "up": false, "down": false}}
2025-09-29 16:24:03,520 - game_server - INFO - log_game_event:61 - Игровое событие: обновление_позиции - {"client_id": 0, "position": {"x": 915, "y": 365}, "inputs": {"left": false, "right": false, "up": false, "down": false}}
2025-09-29 16:24:03,559 - game_server - INFO - log_game_event:61 - Игровое событие: обновление_позиции - {"client_id": 0, "position": {"x": 915, "y": 365}, "inputs": {"left": false, "right": false, "up": false, "down": false}}
2025-09-29 16:24:03,597 - game_server - INFO - log_game_event:61 - Игровое событие: обновление_позиции - {"client_id": 0, "position": {"x": 915, "y": 365}, "inputs": {"left": false, "right": false, "up": false, "down": false}}
2025-09-29 16:24:03,634 - game_server - INFO - log_game_event:61 - Игровое событие: обновление_позиции - {"client_id": 0, "position": {"x": 915, "y": 365}, "inputs": {"left": false, "right": false, "up": false, "down": false}}
2025-09-29 16:24:03,672 - game_server - INFO - log_game_event:61 - Игровое событие: обновление_позиции - {"client_id": 0, "position": {"x": 915, "y": 365}, "inputs": {"left": false, "right": false, "up": false, "down": false}}
2025-09-29 16:24:03,708 - game_server - INFO - log_game_event:61 - Игровое событие: обновление_позиции - {"client_id": 0, "position": {"x": 915, "y": 365}, "inputs": {"left": false, "right": false, "up": false, "down": false}}
2025-09-29 16:24:03,743 - game_server - INFO - log_game_event:61 - Игровое событие: обновление_позиции - {"client_id": 0, "position": {"x": 915, "y": 365}, "inputs": {"left": false, "right": false, "up": false, "down": false}}
2025-09-29 16:24:03,779 - game_server - INFO - log_game_event:61 - Игровое событие: обновление_позиции - {"client_id": 0, "position": {"x": 915, "y": 365}, "inputs": {"left": false, "right": false, "up": false, "down": false}}
2025-09-29 16:24:03,817 - game_server - INFO - log_game_event:61 - Игровое событие: обновление_позиции - {"client_id": 0, "position": {"x": 915, "y": 365}, "inputs": {"left": false, "right": false, "up": false, "down": false}}
2025-09-29 16:24:03,854 - game_server - INFO - log_game_event:61 - Игровое событие: обновление_позиции - {"client_id": 0, "position": {"x": 915, "y": 365}, "inputs": {"left": false, "right": false, "up": false, "down": false}}
2025-09-29 16:24:03,891 - game_server - INFO - log_game_event:61 - Игровое событие: обновление_позиции - {"client_id": 0, "position": {"x": 915, "y": 365}, "inputs": {"left": false, "right": false, "up": false, "down": false}}
2025-09-29 16:24:03,928 - game_server - INFO - log_game_event:61 - Игровое событие: обновление_позиции - {"client_id": 0, "position": {"x": 915, "y": 365}, "inputs": {"left": false, "right": false, "up": false, "down": false}}
2025-09-29 16:24:03,966 - game_server - INFO - log_game_event:61 - Игровое событие: обновление_позиции - {"client_id": 0, "position": {"x": 910, "y": 365}, "inputs": {"left": true, "right": false, "up": false, "down": false}}
2025-09-29 16:24:04,002 - game_server - INFO - log_game_event:61 - Игровое событие: обновление_позиции - {"client_id": 0, "position": {"x": 905, "y": 365}, "inputs": {"left": true, "right": false, "up": false, "down": false}}
2025-09-29 16:24:04,040 - game_server - INFO - log_game_event:61 - Игровое событие: обновление_позиции - {"client_id": 0, "position": {"x": 900, "y": 365}, "inputs": {"left": true, "right": false, "up": false, "down": false}}
2025-09-29 16:24:04,079 - game_server - INFO - log_game_event:61 - Игровое событие: обновление_позиции - {"client_id": 0, "position": {"x": 895, "y": 365}, "inputs": {"left": true, "right": false, "up": false, "down": false}}
2025-09-29 16:24:04,116 - game_server - INFO - log_game_event:61 - Игровое событие: обновление_позиции - {"client_id": 0, "position": {"x": 890, "y": 365}, "inputs": {"left": true, "right": false, "up": false, "down": false}}
2025-09-29 16:24:04,153 - game_server - INFO - log_game_event:61 - Игровое событие: обновление_позиции - {"client_id": 0, "position": {"x": 885, "y": 365}, "inputs": {"left": true, "right": false, "up": false, "down": false}}
2025-09-29 16:24:04,190 - game_server - INFO - log_game_event:61 - Игровое событие: обновление_позиции - {"client_id": 0, "position": {"x": 880, "y": 365}, "inputs": {"left": true, "right": false, "up": false, "down": false}}
2025-09-29 16:24:04,226 - game_server - INFO - log_game_event:61 - Игровое событие: обновление_позиции - {"client_id": 0, "position": {"x": 875, "y": 365}, "inputs": {"left": true, "right": false, "up": false, "down": false}}
2025-09-29 16:24:04,265 - game_server - INFO - log_game_event:61 - Игровое событие: обновление_позиции - {"client_id": 0, "position": {"x": 870, "y": 365}, "inputs": {"left": true, "right": false, "up": false, "down": false}}
2025-09-29 16:24:04,300 - game_server - INFO - log_game_event:61 - Игровое событие: обновление_позиции - {"client_id": 0, "position": {"x": 865, "y": 365}, "inputs": {"left": true, "right": false, "up": false, "down": false}}
2025-09-29 16:24:04,338 - game_server - INFO - log_game_event:61 - Игровое событие: обновление_позиции - {"client_id": 0, "position": {"x": 860, "y": 365}, "inputs": {"left": true, "right": false, "up": false, "down": false}}
2025-09-29 16:24:04,376 - game_server - INFO - log_game_event:61 - Игровое событие: обновление_позиции - {"client_id": 0, "position": {"x": 855, "y": 365}, "inputs": {"left": true, "right": false, "up": false, "down": false}}
2025-09-29 16:24:04,411 - game_server - INFO - log_game_event:61 - Игровое событие: обновление_позиции - {"client_id": 0, "position": {"x": 850, "y": 365}, "inputs": {"left": true, "right": false, "up": false, "down": false}}
2025-09-29 16:24:04,446 - game_server - INFO - log_game_event:61 - Игровое событие: обновление_позиции - {"client_id": 0, "position": {"x": 845, "y": 365}, "inputs": {"left": true, "right": false, "up": false, "down": false}}
2025-09-29 16:24:04,482 - game_server - INFO - log_game_event:61 - Игровое событие: обновление_позиции - {"client_id": 0, "position": {"x": 840, "y": 365}, "inputs": {"left": true, "right": false, "up": false, "down": false}}
2025-09-29 16:24:04,517 - game_server - INFO - log_game_event:61 - Игровое событие: обновление_позиции - {"client_id": 0, "position": {"x": 835, "y": 365}, "inputs": {"left": true, "right": false, "up": false, "down": false}}
2025-09-29 16:24:04,553 - game_server - INFO - log_game_event:61 - Игровое событие: обновление_позиции - {"client_id": 0, "position": {"x": 830, "y": 365}, "inputs": {"left": true, "right": false, "up": false, "down": false}}
2025-09-29 16:24:04,590 - game_server - INFO - log_game_event:61 - Игровое событие: обновление_позиции - {"client_id": 0, "position": {"x": 825, "y": 365}, "inputs": {"left": true, "right": false, "up": false, "down": false}}
2025-09-29 16:24:04,626 - game_server - INFO - log_game_event:61 - Игровое событие: обновление_позиции - {"client_id": 0, "position": {"x": 820, "y": 365}, "inputs": {"left": true, "right": false, "up": false, "down": false}}
2025-09-29 16:24:04,663 - game_server - INFO - log_game_event:61 - Игровое событие: обновление_позиции - {"client_id": 0, "position": {"x": 815, "y": 365}, "inputs": {"left": true, "right": false, "up": false, "down": false}}
2025-09-29 16:24:04,699 - game_server - INFO - log_game_event:61 - Игровое событие: обновление_позиции - {"client_id": 0, "position": {"x": 810, "y": 365}, "inputs": {"left": true, "right": false, "up": false, "down": false}}
2025-09-29 16:24:04,736 - game_server - INFO - log_game_event:61 - Игровое событие: обновление_позиции - {"client_id": 0, "position": {"x": 805, "y": 365}, "inputs": {"left": true, "right": false, "up": false, "down": false}}
2025-09-29 16:24:04,773 - game_server - INFO - log_game_event:61 - Игровое событие: обновление_позиции - {"client_id": 0, "position": {"x": 800, "y": 365}, "inputs": {"left": true, "right": false, "up": false, "down": false}}
2025-09-29 16:24:04,809 - game_server - INFO - log_game_event:61 - Игровое событие: обновление_позиции - {"client_id": 0, "position": {"x": 795, "y": 365}, "inputs": {"left": true, "right": false, "up": false, "down": false}}
2025-09-29 16:24:04,846 - game_server - INFO - log_game_event:61 - Игровое событие: обновление_позиции - {"client_id": 0, "position": {"x": 790, "y": 365}, "inputs": {"left": true, "right": false, "up": false, "down": false}}
2025-09-29 16:24:04,883 - game_server - INFO - log_game_event:61 - Игровое событие: обновление_позиции - {"client_id": 0, "position": {"x": 785, "y": 365}, "inputs": {"left": true, "right": false, "up": false, "down": false}}
2025-09-29 16:24:04,921 - game_server - INFO - log_game_event:61 - Игровое событие: обновление_позиции - {"client_id": 0, "position": {"x": 780, "y": 365}, "inputs": {"left": true, "right": false, "up": false, "down": false}}
2025-09-29 16:24:04,961 - game_server - INFO - log_game_event:61 - Игровое событие: обновление_позиции - {"client_id": 0, "position": {"x": 775, "y": 365}, "inputs": {"left": true, "right": false, "up": false, "down": false}}
2025-09-29 16:24:04,997 - game_server - INFO - log_game_event:61 - Игровое событие: обновление_позиции - {"client_id": 0, "position": {"x": 775, "y": 365}, "inputs": {"left": false, "right": false, "up": false, "down": false}}
2025-09-29 16:24:05,032 - game_server - INFO - log_game_event:61 - Игровое событие: обновление_позиции - {"client_id": 0, "position": {"x": 775, "y": 365}, "inputs": {"left": false, "right": false, "up": false, "down": false}}
2025-09-29 16:24:05,068 - game_server - INFO - log_game_event:61 - Игровое событие: обновление_позиции - {"client_id": 0, "position": {"x": 775, "y": 365}, "inputs": {"left": false, "right": false, "up": false, "down": false}}
2025-09-29 16:24:05,106 - game_server - INFO - log_game_event:61 - Игровое событие: обновление_позиции - {"client_id": 0, "position": {"x": 775, "y": 365}, "inputs": {"left": false, "right": false, "up": false, "down": false}}
2025-09-29 16:24:05,143 - game_server - INFO - log_game_event:61 - Игровое событие: обновление_позиции - {"client_id": 0, "position": {"x": 775, "y": 365}, "inputs": {"left": false, "right": false, "up": false, "down": false}}
2025-09-29 16:24:05,178 - game_server - INFO - log_game_event:61 - Игровое событие: обновление_позиции - {"client_id": 0, "position": {"x": 775, "y": 365}, "inputs": {"left": false, "right": false, "up": false, "down": false}}
2025-09-29 16:24:05,214 - game_server - INFO - log_game_event:61 - Игровое событие: обновление_позиции - {"client_id": 0, "position": {"x": 775, "y": 365}, "inputs": {"left": false, "right": false, "up": false, "down": false}}
2025-09-29 16:24:05,248 - game_server - INFO - log_game_event:61 - Игровое событие: обновление_позиции - {"client_id": 0, "position": {"x": 775, "y": 365}, "inputs": {"left": false, "right": false, "up": false, "down": false}}
2025-09-29 16:24:05,282 - game_server - INFO - log_game_event:61 - Игровое событие: обновление_позиции - {"client_id": 0, "position": {"x": 775, "y": 365}, "inputs": {"left": false, "right": false, "up": false, "down": false}}
2025-09-29 16:24:05,317 - game_server - INFO - log_game_event:61 - Игровое событие: обновление_позиции - {"client_id": 0, "position": {"x": 775, "y": 365}, "inputs": {"left": false, "right": false, "up": false, "down": false}}
2025-09-29 16:24:05,354 - game_server - INFO - log_game_event:61 - Игровое событие: обновление_позиции - {"client_id": 0, "position": {"x": 775, "y": 365}, "inputs": {"left": false, "right": false, "up": false, "down": false}}
2025-09-29 16:24:05,392 - game_server - INFO - log_game_event:61 - Игровое событие: обновление_позиции - {"client_id": 0, "position": {"x": 775, "y": 365}, "inputs": {"left": false, "right": false, "up": false, "down": false}}
2025-09-29 16:24:05,428 - game_server - INFO - log_game_event:61 - Игровое событие: обновление_позиции - {"client_id": 0, "position": {"x": 775, "y": 365}, "inputs": {"left": false, "right": false, "up": false, "down": false}}
2025-09-29 16:24:05,466 - game_server - INFO - log_game_event:61 - Игровое событие: обновление_позиции - {"client_id": 0, "position": {"x": 775, "y": 365}, "inputs": {"left": false, "right": false, "up": false, "down": false}}
2025-09-29 16:24:05,503 - game_server - INFO - log_game_event:61 - Игровое событие: обновление_позиции - {"client_id": 0, "position": {"x": 775, "y": 365}, "inputs": {"left": false, "right": false, "up": false, "down": false}}
2025-09-29 16:24:05,543 - game_server - INFO - log_game_event:61 - Игровое событие: обновление_позиции - {"client_id": 0, "position": {"x": 775, "y": 365}, "inputs": {"left": false, "right": false, "up": false, "down": false}}
2025-09-29 16:24:05,580 - game_server - INFO - log_game_event:61 - Игровое событие: обновление_позиции - {"client_id": 0, "position": {"x": 775, "y": 365}, "inputs": {"left": false, "right": false, "up": false, "down": false}}
2025-09-29 16:24:05,616 - game_server - INFO - log_game_event:61 - Игровое событие: обновление_позиции - {"client_id": 0, "position": {"x": 775, "y": 365}, "inputs": {"left": false, "right": false, "up": false, "down": false}}
2025-09-29 16:24:05,652 - game_server - INFO - log_game_event:61 - Игровое событие: обновление_позиции - {"client_id": 0, "position": {"x": 775, "y": 365}, "inputs": {"left": false, "right": false, "up": false, "down": false}}
2025-09-29 16:24:05,690 - game_server - INFO - log_game_event:61 - Игровое событие: обновление_позиции - {"client_id": 0, "position": {"x": 775, "y": 365}, "inputs": {"left": false, "right": false, "up": false, "down": false}}
2025-09-29 16:24:05,729 - game_server - INFO - log_game_event:61 - Игровое событие: обновление_позиции - {"client_id": 0, "position": {"x": 775, "y": 365}, "inputs": {"left": false, "right": false, "up": false, "down": false}}
2025-09-29 16:24:05,767 - game_server - INFO - log_game_event:61 - Игровое событие: обновление_позиции - {"client_id": 0, "position": {"x": 775, "y": 365}, "inputs": {"left": false, "right": false, "up": false, "down": false}}
2025-09-29 16:24:05,805 - game_server - INFO - log_game_event:61 - Игровое событие: обновление_позиции - {"client_id": 0, "position": {"x": 775, "y": 365}, "inputs": {"left": false, "right": false, "up": false, "down": false}}
2025-09-29 16:24:05,847 - game_server - INFO - log_game_event:61 - Игровое событие: обновление_позиции - {"client_id": 0, "position": {"x": 775, "y": 365}, "inputs": {"left": false, "right": false, "up": false, "down": false}}
2025-09-29 16:24:05,883 - game_server - INFO - log_game_event:61 - Игровое событие: обновление_позиции - {"client_id": 0, "position": {"x": 775, "y": 365}, "inputs": {"left": false, "right": false, "up": false, "down": false}}
2025-09-29 16:24:05,921 - game_server - INFO - log_game_event:61 - Игровое событие: обновление_позиции - {"client_id": 0, "position": {"x": 775, "y": 365}, "inputs": {"left": false, "right": false, "up": false, "down": false}}
2025-09-29 16:24:05,958 - game_server - INFO - log_game_event:61 - Игровое событие: обновление_позиции - {"client_id": 0, "position": {"x": 775, "y": 365}, "inputs": {"left": false, "right": false, "up": false, "down": false}}
2025-09-29 16:24:05,996 - game_server - INFO - log_game_event:61 - Игровое событие: обновление_позиции - {"client_id": 0, "position": {"x": 775, "y": 365}, "inputs": {"left": false, "right": false, "up": false, "down": false}}
2025-09-29 16:24:06,031 - game_server - INFO - log_game_event:61 - Игровое событие: обновление_позиции - {"client_id": 0, "position": {"x": 775, "y": 365}, "inputs": {"left": false, "right": false, "up": false, "down": false}}
2025-09-29 16:24:06,067 - game_server - INFO - log_game_event:61 - Игровое событие: обновление_позиции - {"client_id": 0, "position": {"x": 775, "y": 365}, "inputs": {"left": false, "right": false, "up": false, "down": false}}
2025-09-29 16:24:06,106 - game_server - INFO - log_game_event:61 - Игровое событие: обновление_позиции - {"client_id": 0, "position": {"x": 775, "y": 365}, "inputs": {"left": false, "right": false, "up": false, "down": false}}
2025-09-29 16:24:06,144 - game_server - INFO - log_game_event:61 - Игровое событие: обновление_позиции - {"client_id": 0, "position": {"x": 775, "y": 365}, "inputs": {"left": false, "right": false, "up": false, "down": false}}
2025-09-29 16:24:06,180 - game_server - INFO - log_game_event:61 - Игровое событие: обновление_позиции - {"client_id": 0, "position": {"x": 775, "y": 365}, "inputs": {"left": false, "right": false, "up": false, "down": false}}
2025-09-29 16:24:06,219 - game_server - INFO - log_game_event:61 - Игровое событие: обновление_позиции - {"client_id": 0, "position": {"x": 775, "y": 365}, "inputs": {"left": false, "right": false, "up": false, "down": false}}
2025-09-29 16:24:06,260 - game_server - INFO - log_game_event:61 - Игровое событие: обновление_позиции - {"client_id": 0, "position": {"x": 775, "y": 365}, "inputs": {"left": false, "right": false, "up": false, "down": false}}
2025-09-29 16:24:06,298 - game_server - INFO - log_game_event:61 - Игровое событие: обновление_позиции - {"client_id": 0, "position": {"x": 775, "y": 365}, "inputs": {"left": false, "right": false, "up": false, "down": false}}
2025-09-29 16:24:06,334 - game_server - INFO - log_game_event:61 - Игровое событие: обновление_позиции - {"client_id": 0, "position": {"x": 775, "y": 365}, "inputs": {"left": false, "right": false, "up": false, "down": false}}
2025-09-29 16:24:06,373 - game_server - INFO - log_game_event:61 - Игровое событие: обновление_позиции - {"client_id": 0, "position": {"x": 775, "y": 365}, "inputs": {"left": false, "right": false, "up": false, "down": false}}
2025-09-29 16:24:06,411 - game_server - INFO - log_game_event:61 - Игровое событие: обновление_позиции - {"client_id": 0, "position": {"x": 775, "y": 365}, "inputs": {"left": false, "right": false, "up": false, "down": false}}
2025-09-29 16:24:06,447 - game_server - INFO - log_game_event:61 - Игровое событие: обновление_позиции - {"client_id": 0, "position": {"x": 775, "y": 365}, "inputs": {"left": false, "right": false, "up": false, "down": false}}
2025-09-29 16:24:06,481 - game_server - INFO - log_game_event:61 - Игровое событие: обновление_позиции - {"client_id": 0, "position": {"x": 775, "y": 365}, "inputs": {"left": false, "right": false, "up": false, "down": false}}
2025-09-29 16:24:06,517 - game_server - INFO - log_game_event:61 - Игровое событие: обновление_позиции - {"client_id": 0, "position": {"x": 775, "y": 365}, "inputs": {"left": false, "right": false, "up": false, "down": false}}
2025-09-29 16:24:06,554 - game_server - INFO - log_game_event:61 - Игровое событие: обновление_позиции - {"client_id": 0, "position": {"x": 775, "y": 365}, "inputs": {"left": false, "right": false, "up": false, "down": false}}
2025-09-29 16:24:06,590 - game_server - INFO - log_game_event:61 - Игровое событие: обновление_позиции - {"client_id": 0, "position": {"x": 775, "y": 365}, "inputs": {"left": false, "right": false, "up": false, "down": false}}
2025-09-29 16:24:06,614 - game_server - INFO - log_game_event:61 - Игровое событие: обновление_позиции - {"client_id": 0, "position": {"x": 775, "y": 365}, "inputs": {"left": false, "right": false, "up": false, "down": false}}
2025-09-29 16:24:06,649 - game_server - INFO - log_game_event:61 - Игровое событие: обновление_позиции - {"client_id": 0, "position": {"x": 775, "y": 365}, "inputs": {"left": false, "right": false, "up": false, "down": false}}
2025-09-29 16:24:06,679 - game_server - INFO - log_game_event:61 - Игровое событие: обновление_позиции - {"client_id": 0, "position": {"x": 775, "y": 365}, "inputs": {"left": false, "right": false, "up": false, "down": false}}
2025-09-29 16:24:06,712 - game_server - INFO - log_game_event:61 - Игровое событие: обновление_позиции - {"client_id": 0, "position": {"x": 775, "y": 365}, "inputs": {"left": false, "right": false, "up": false, "down": false}}
2025-09-29 16:24:06,746 - game_server - INFO - log_game_event:61 - Игровое событие: обновление_позиции - {"client_id": 0, "position": {"x": 775, "y": 365}, "inputs": {"left": false, "right": false, "up": false, "down": false}}
2025-09-29 16:24:06,778 - game_server - INFO - log_game_event:61 - Игровое событие: обновление_позиции - {"client_id": 0, "position": {"x": 775, "y": 365}, "inputs": {"left": false, "right": false, "up": false, "down": false}}
2025-09-29 16:24:06,812 - game_server - INFO - log_game_event:61 - Игровое событие: обновление_позиции - {"client_id": 0, "position": {"x": 775, "y": 365}, "inputs": {"left": false, "right": false, "up": false, "down": false}}
2025-09-29 16:24:06,848 - game_server - INFO - log_game_event:61 - Игровое событие: обновление_позиции - {"client_id": 0, "position": {"x": 775, "y": 365}, "inputs": {"left": false, "right": false, "up": false, "down": false}}
2025-09-29 16:24:06,883 - game_server - INFO - log_game_event:61 - Игровое событие: обновление_позиции - {"client_id": 0, "position": {"x": 775, "y": 365}, "inputs": {"left": false, "right": false, "up": false, "down": false}}
2025-09-29 16:24:06,920 - game_server - INFO - log_game_event:61 - Игровое событие: обновление_позиции - {"client_id": 0, "position": {"x": 775, "y": 365}, "inputs": {"left": false, "right": false, "up": false, "down": false}}
2025-09-29 16:24:06,959 - game_server - INFO - log_game_event:61 - Игровое событие: обновление_позиции - {"client_id": 0, "position": {"x": 775, "y": 365}, "inputs": {"left": false, "right": false, "up": false, "down": false}}
2025-09-29 16:24:06,997 - game_server - INFO - log_game_event:61 - Игровое событие: обновление_позиции - {"client_id": 0, "position": {"x": 775, "y": 365}, "inputs": {"left": false, "right": false, "up": false, "down": false}}
2025-09-29 16:24:07,033 - game_server - INFO - log_game_event:61 - Игровое событие: обновление_позиции - {"client_id": 0, "position": {"x": 775, "y": 365}, "inputs": {"left": false, "right": false, "up": false, "down": false}}
2025-09-29 16:24:07,070 - game_server - INFO - log_game_event:61 - Игровое событие: обновление_позиции - {"client_id": 0, "position": {"x": 775, "y": 365}, "inputs": {"left": false, "right": false, "up": false, "down": false}}
2025-09-29 16:24:07,109 - game_server - INFO - log_game_event:61 - Игровое событие: обновление_позиции - {"client_id": 0, "position": {"x": 775, "y": 365}, "inputs": {"left": false, "right": false, "up": false, "down": false}}
2025-09-29 16:24:07,145 - game_server - INFO - log_game_event:61 - Игровое событие: обновление_позиции - {"client_id": 0, "position": {"x": 775, "y": 365}, "inputs": {"left": false, "right": false, "up": false, "down": false}}
2025-09-29 16:24:07,180 - game_server - INFO - log_game_event:61 - Игровое событие: обновление_позиции - {"client_id": 0, "position": {"x": 775, "y": 365}, "inputs": {"left": false, "right": false, "up": false, "down": false}}
2025-09-29 16:24:07,217 - game_server - INFO - log_game_event:61 - Игровое событие: обновление_позиции - {"client_id": 0, "position": {"x": 775, "y": 365}, "inputs": {"left": false, "right": false, "up": false, "down": false}}
2025-09-29 16:24:07,256 - game_server - INFO - log_game_event:61 - Игровое событие: обновление_позиции - {"client_id": 0, "position": {"x": 775, "y": 365}, "inputs": {"left": false, "right": false, "up": false, "down": false}}
2025-09-29 16:24:07,294 - game_server - INFO - log_game_event:61 - Игровое событие: обновление_позиции - {"client_id": 0, "position": {"x": 775, "y": 365}, "inputs": {"left": false, "right": false, "up": false, "down": false}}
2025-09-29 16:24:07,331 - game_server - INFO - log_game_event:61 - Игровое событие: обновление_позиции - {"client_id": 0, "position": {"x": 775, "y": 365}, "inputs": {"left": false, "right": false, "up": false, "down": false}}
2025-09-29 16:24:07,371 - game_server - INFO - log_game_event:61 - Игровое событие: обновление_позиции - {"client_id": 0, "position": {"x": 775, "y": 365}, "inputs": {"left": false, "right": false, "up": false, "down": false}}
2025-09-29 16:24:07,407 - game_server - INFO - log_game_event:61 - Игровое событие: обновление_позиции - {"client_id": 0, "position": {"x": 775, "y": 365}, "inputs": {"left": false, "right": false, "up": false, "down": false}}
2025-09-29 16:24:07,444 - game_server - INFO - log_game_event:61 - Игровое событие: обновление_позиции - {"client_id": 0, "position": {"x": 775, "y": 365}, "inputs": {"left": false, "right": false, "up": false, "down": false}}
2025-09-29 16:24:07,482 - game_server - INFO - log_game_event:61 - Игровое событие: обновление_позиции - {"client_id": 0, "position": {"x": 775, "y": 365}, "inputs": {"left": false, "right": false, "up": false, "down": false}}
2025-09-29 16:24:07,518 - game_server - INFO - log_game_event:61 - Игровое событие: обновление_позиции - {"client_id": 0, "position": {"x": 775, "y": 365}, "inputs": {"left": false, "right": false, "up": false, "down": false}}
2025-09-29 16:24:07,557 - game_server - INFO - log_game_event:61 - Игровое событие: обновление_позиции - {"client_id": 0, "position": {"x": 775, "y": 365}, "inputs": {"left": false, "right": false, "up": false, "down": false}}
2025-09-29 16:24:07,592 - game_server - INFO - log_game_event:61 - Игровое событие: обновление_позиции - {"client_id": 0, "position": {"x": 775, "y": 365}, "inputs": {"left": false, "right": false, "up": false, "down": false}}
2025-09-29 16:24:07,630 - game_server - INFO - log_game_event:61 - Игровое событие: обновление_позиции - {"client_id": 0, "position": {"x": 780, "y": 365}, "inputs": {"left": false, "right": true, "up": false, "down": false}}
2025-09-29 16:24:07,666 - game_server - INFO - log_game_event:61 - Игровое событие: обновление_позиции - {"client_id": 0, "position": {"x": 785, "y": 365}, "inputs": {"left": false, "right": true, "up": false, "down": false}}
2025-09-29 16:24:07,703 - game_server - INFO - log_game_event:61 - Игровое событие: обновление_позиции - {"client_id": 0, "position": {"x": 790, "y": 365}, "inputs": {"left": false, "right": true, "up": false, "down": false}}
2025-09-29 16:24:07,740 - game_server - INFO - log_game_event:61 - Игровое событие: обновление_позиции - {"client_id": 0, "position": {"x": 795, "y": 365}, "inputs": {"left": false, "right": true, "up": false, "down": false}}
2025-09-29 16:24:07,777 - game_server - INFO - log_game_event:61 - Игровое событие: обновление_позиции - {"client_id": 0, "position": {"x": 800, "y": 365}, "inputs": {"left": false, "right": true, "up": false, "down": false}}
2025-09-29 16:24:07,813 - game_server - INFO - log_game_event:61 - Игровое событие: обновление_позиции - {"client_id": 0, "position": {"x": 805, "y": 365}, "inputs": {"left": false, "right": true, "up": false, "down": false}}
2025-09-29 16:24:07,847 - game_server - INFO - log_game_event:61 - Игровое событие: обновление_позиции - {"client_id": 0, "position": {"x": 810, "y": 365}, "inputs": {"left": false, "right": true, "up": false, "down": false}}
2025-09-29 16:24:07,883 - game_server - INFO - log_game_event:61 - Игровое событие: обновление_позиции - {"client_id": 0, "position": {"x": 815, "y": 365}, "inputs": {"left": false, "right": true, "up": false, "down": false}}
2025-09-29 16:24:07,920 - game_server - INFO - log_game_event:61 - Игровое событие: обновление_позиции - {"client_id": 0, "position": {"x": 820, "y": 365}, "inputs": {"left": false, "right": true, "up": false, "down": false}}
2025-09-29 16:24:07,959 - game_server - INFO - log_game_event:61 - Игровое событие: обновление_позиции - {"client_id": 0, "position": {"x": 825, "y": 365}, "inputs": {"left": false, "right": true, "up": false, "down": false}}
2025-09-29 16:24:07,996 - game_server - INFO - log_game_event:61 - Игровое событие: обновление_позиции - {"client_id": 0, "position": {"x": 830, "y": 365}, "inputs": {"left": false, "right": true, "up": false, "down": false}}
2025-09-29 16:24:08,033 - game_server - INFO - log_game_event:61 - Игровое событие: обновление_позиции - {"client_id": 0, "position": {"x": 835, "y": 365}, "inputs": {"left": false, "right": true, "up": false, "down": false}}
2025-09-29 16:24:08,071 - game_server - INFO - log_game_event:61 - Игровое событие: обновление_позиции - {"client_id": 0, "position": {"x": 840, "y": 360}, "inputs": {"left": false, "right": true, "up": true, "down": false}}
2025-09-29 16:24:08,109 - game_server - INFO - log_game_event:61 - Игровое событие: обновление_позиции - {"client_id": 0, "position": {"x": 845, "y": 355}, "inputs": {"left": false, "right": true, "up": true, "down": false}}
2025-09-29 16:24:08,144 - game_server - INFO - log_game_event:61 - Игровое событие: обновление_позиции - {"client_id": 0, "position": {"x": 850, "y": 350}, "inputs": {"left": false, "right": true, "up": true, "down": false}}
2025-09-29 16:24:08,179 - game_server - INFO - log_game_event:61 - Игровое событие: обновление_позиции - {"client_id": 0, "position": {"x": 855, "y": 345}, "inputs": {"left": false, "right": true, "up": true, "down": false}}
2025-09-29 16:24:08,217 - game_server - INFO - log_game_event:61 - Игровое событие: обновление_позиции - {"client_id": 0, "position": {"x": 860, "y": 340}, "inputs": {"left": false, "right": true, "up": true, "down": false}}
2025-09-29 16:24:08,254 - game_server - INFO - log_game_event:61 - Игровое событие: обновление_позиции - {"client_id": 0, "position": {"x": 865, "y": 335}, "inputs": {"left": false, "right": true, "up": true, "down": false}}
2025-09-29 16:24:08,292 - game_server - INFO - log_game_event:61 - Игровое событие: обновление_позиции - {"client_id": 0, "position": {"x": 870, "y": 330}, "inputs": {"left": false, "right": true, "up": true, "down": false}}
2025-09-29 16:24:08,329 - game_server - INFO - log_game_event:61 - Игровое событие: обновление_позиции - {"client_id": 0, "position": {"x": 870, "y": 325}, "inputs": {"left": false, "right": false, "up": true, "down": false}}
2025-09-29 16:24:08,365 - game_server - INFO - log_game_event:61 - Игровое событие: обновление_позиции - {"client_id": 0, "position": {"x": 870, "y": 320}, "inputs": {"left": false, "right": false, "up": true, "down": false}}
2025-09-29 16:24:08,401 - game_server - INFO - log_game_event:61 - Игровое событие: обновление_позиции - {"client_id": 0, "position": {"x": 870, "y": 315}, "inputs": {"left": false, "right": false, "up": true, "down": false}}
2025-09-29 16:24:08,439 - game_server - INFO - log_game_event:61 - Игровое событие: обновление_позиции - {"client_id": 0, "position": {"x": 870, "y": 310}, "inputs": {"left": false, "right": false, "up": true, "down": false}}
2025-09-29 16:24:08,474 - game_server - INFO - log_game_event:61 - Игровое событие: обновление_позиции - {"client_id": 0, "position": {"x": 870, "y": 305}, "inputs": {"left": false, "right": false, "up": true, "down": false}}
2025-09-29 16:24:08,510 - game_server - INFO - log_game_event:61 - Игровое событие: обновление_позиции - {"client_id": 0, "position": {"x": 870, "y": 300}, "inputs": {"left": false, "right": false, "up": true, "down": false}}
2025-09-29 16:24:08,545 - game_server - INFO - log_game_event:61 - Игровое событие: обновление_позиции - {"client_id": 0, "position": {"x": 870, "y": 295}, "inputs": {"left": false, "right": false, "up": true, "down": false}}
2025-09-29 16:24:08,582 - game_server - INFO - log_game_event:61 - Игровое событие: обновление_позиции - {"client_id": 0, "position": {"x": 865, "y": 290}, "inputs": {"left": true, "right": false, "up": true, "down": false}}
2025-09-29 16:24:08,617 - game_server - INFO - log_game_event:61 - Игровое событие: обновление_позиции - {"client_id": 0, "position": {"x": 860, "y": 285}, "inputs": {"left": true, "right": false, "up": true, "down": false}}
2025-09-29 16:24:08,657 - game_server - INFO - log_game_event:61 - Игровое событие: обновление_позиции - {"client_id": 0, "position": {"x": 855, "y": 285}, "inputs": {"left": true, "right": false, "up": false, "down": false}}
2025-09-29 16:24:08,694 - game_server - INFO - log_game_event:61 - Игровое событие: обновление_позиции - {"client_id": 0, "position": {"x": 850, "y": 285}, "inputs": {"left": true, "right": false, "up": false, "down": false}}
2025-09-29 16:24:08,730 - game_server - INFO - log_game_event:61 - Игровое событие: обновление_позиции - {"client_id": 0, "position": {"x": 845, "y": 285}, "inputs": {"left": true, "right": false, "up": false, "down": false}}
2025-09-29 16:24:08,767 - game_server - INFO - log_game_event:61 - Игровое событие: обновление_позиции - {"client_id": 0, "position": {"x": 840, "y": 285}, "inputs": {"left": true, "right": false, "up": false, "down": false}}
2025-09-29 16:24:08,805 - game_server - INFO - log_game_event:61 - Игровое событие: обновление_позиции - {"client_id": 0, "position": {"x": 835, "y": 285}, "inputs": {"left": true, "right": false, "up": false, "down": false}}
2025-09-29 16:24:08,841 - game_server - INFO - log_game_event:61 - Игровое событие: обновление_позиции - {"client_id": 0, "position": {"x": 830, "y": 285}, "inputs": {"left": true, "right": false, "up": false, "down": false}}
2025-09-29 16:24:08,878 - game_server - INFO - log_game_event:61 - Игровое событие: обновление_позиции - {"client_id": 0, "position": {"x": 825, "y": 285}, "inputs": {"left": true, "right": false, "up": false, "down": false}}
2025-09-29 16:24:08,914 - game_server - INFO - log_game_event:61 - Игровое событие: обновление_позиции - {"client_id": 0, "position": {"x": 820, "y": 285}, "inputs": {"left": true, "right": false, "up": false, "down": false}}
2025-09-29 16:24:08,951 - game_server - INFO - log_game_event:61 - Игровое событие: обновление_позиции - {"client_id": 0, "position": {"x": 815, "y": 285}, "inputs": {"left": true, "right": false, "up": false, "down": false}}
2025-09-29 16:24:08,988 - game_server - INFO - log_game_event:61 - Игровое событие: обновление_позиции - {"client_id": 0, "position": {"x": 810, "y": 285}, "inputs": {"left": true, "right": false, "up": false, "down": false}}
2025-09-29 16:24:09,024 - game_server - INFO - log_game_event:61 - Игровое событие: обновление_позиции - {"client_id": 0, "position": {"x": 805, "y": 285}, "inputs": {"left": true, "right": false, "up": false, "down": false}}
2025-09-29 16:24:09,062 - game_server - INFO - log_game_event:61 - Игровое событие: обновление_позиции - {"client_id": 0, "position": {"x": 800, "y": 285}, "inputs": {"left": true, "right": false, "up": false, "down": false}}
2025-09-29 16:24:09,100 - game_server - INFO - log_game_event:61 - Игровое событие: обновление_позиции - {"client_id": 0, "position": {"x": 795, "y": 285}, "inputs": {"left": true, "right": false, "up": false, "down": false}}
2025-09-29 16:24:09,134 - game_server - INFO - log_game_event:61 - Игровое событие: обновление_позиции - {"client_id": 0, "position": {"x": 790, "y": 285}, "inputs": {"left": true, "right": false, "up": false, "down": false}}
2025-09-29 16:24:09,173 - game_server - INFO - log_game_event:61 - Игровое событие: обновление_позиции - {"client_id": 0, "position": {"x": 785, "y": 285}, "inputs": {"left": true, "right": false, "up": false, "down": false}}
2025-09-29 16:24:09,211 - game_server - INFO - log_game_event:61 - Игровое событие: обновление_позиции - {"client_id": 0, "position": {"x": 780, "y": 285}, "inputs": {"left": true, "right": false, "up": false, "down": false}}
2025-09-29 16:24:09,242 - game_server - INFO - log_game_event:61 - Игровое событие: обновление_позиции - {"client_id": 0, "position": {"x": 775, "y": 285}, "inputs": {"left": true, "right": false, "up": false, "down": false}}
2025-09-29 16:24:09,268 - game_server - INFO - log_game_event:61 - Игровое событие: обновление_позиции - {"client_id": 0, "position": {"x": 770, "y": 285}, "inputs": {"left": true, "right": false, "up": false, "down": false}}
2025-09-29 16:24:09,306 - game_server - INFO - log_game_event:61 - Игровое событие: обновление_позиции - {"client_id": 0, "position": {"x": 765, "y": 285}, "inputs": {"left": true, "right": false, "up": false, "down": false}}
2025-09-29 16:24:09,343 - game_server - INFO - log_game_event:61 - Игровое событие: обновление_позиции - {"client_id": 0, "position": {"x": 760, "y": 285}, "inputs": {"left": true, "right": false, "up": false, "down": false}}
2025-09-29 16:24:09,382 - game_server - INFO - log_game_event:61 - Игровое событие: обновление_позиции - {"client_id": 0, "position": {"x": 755, "y": 285}, "inputs": {"left": true, "right": false, "up": false, "down": false}}
2025-09-29 16:24:09,420 - game_server - INFO - log_game_event:61 - Игровое событие: обновление_позиции - {"client_id": 0, "position": {"x": 755, "y": 285}, "inputs": {"left": false, "right": false, "up": false, "down": false}}
2025-09-29 16:24:09,457 - game_server - INFO - log_game_event:61 - Игровое событие: обновление_позиции - {"client_id": 0, "position": {"x": 755, "y": 285}, "inputs": {"left": false, "right": false, "up": false, "down": false}}
2025-09-29 16:24:09,493 - game_server - INFO - log_game_event:61 - Игровое событие: обновление_позиции - {"client_id": 0, "position": {"x": 755, "y": 285}, "inputs": {"left": false, "right": false, "up": false, "down": false}}
2025-09-29 16:24:09,529 - game_server - INFO - log_game_event:61 - Игровое событие: обновление_позиции - {"client_id": 0, "position": {"x": 755, "y": 285}, "inputs": {"left": false, "right": false, "up": false, "down": false}}
2025-09-29 16:24:09,565 - game_server - INFO - log_game_event:61 - Игровое событие: обновление_позиции - {"client_id": 0, "position": {"x": 755, "y": 285}, "inputs": {"left": false, "right": false, "up": false, "down": false}}
2025-09-29 16:24:09,602 - game_server - INFO - log_game_event:61 - Игровое событие: обновление_позиции - {"client_id": 0, "position": {"x": 755, "y": 285}, "inputs": {"left": false, "right": false, "up": false, "down": false}}
2025-09-29 16:24:09,639 - game_server - INFO - log_game_event:61 - Игровое событие: обновление_позиции - {"client_id": 0, "position": {"x": 755, "y": 285}, "inputs": {"left": false, "right": false, "up": false, "down": false}}
2025-09-29 16:24:09,677 - game_server - INFO - log_game_event:61 - Игровое событие: обновление_позиции - {"client_id": 0, "position": {"x": 755, "y": 285}, "inputs": {"left": false, "right": false, "up": false, "down": false}}
2025-09-29 16:24:09,713 - game_server - INFO - log_game_event:61 - Игровое событие: обновление_позиции - {"client_id": 0, "position": {"x": 755, "y": 285}, "inputs": {"left": false, "right": false, "up": false, "down": false}}
2025-09-29 16:24:09,750 - game_server - INFO - log_game_event:61 - Игровое событие: обновление_позиции - {"client_id": 0, "position": {"x": 755, "y": 285}, "inputs": {"left": false, "right": false, "up": false, "down": false}}
2025-09-29 16:24:09,787 - game_server - INFO - log_game_event:61 - Игровое событие: обновление_позиции - {"client_id": 0, "position": {"x": 755, "y": 285}, "inputs": {"left": false, "right": false, "up": false, "down": false}}
2025-09-29 16:24:09,823 - game_server - INFO - log_game_event:61 - Игровое событие: обновление_позиции - {"client_id": 0, "position": {"x": 755, "y": 285}, "inputs": {"left": false, "right": false, "up": false, "down": false}}
2025-09-29 16:24:09,861 - game_server - INFO - log_game_event:61 - Игровое событие: обновление_позиции - {"client_id": 0, "position": {"x": 755, "y": 285}, "inputs": {"left": false, "right": false, "up": false, "down": false}}
2025-09-29 16:24:09,900 - game_server - INFO - log_game_event:61 - Игровое событие: обновление_позиции - {"client_id": 0, "position": {"x": 755, "y": 285}, "inputs": {"left": false, "right": false, "up": false, "down": false}}
2025-09-29 16:24:09,938 - game_server - INFO - log_game_event:61 - Игровое событие: обновление_позиции - {"client_id": 0, "position": {"x": 755, "y": 285}, "inputs": {"left": false, "right": false, "up": false, "down": false}}
2025-09-29 16:24:09,976 - game_server - INFO - log_game_event:61 - Игровое событие: обновление_позиции - {"client_id": 0, "position": {"x": 755, "y": 285}, "inputs": {"left": false, "right": false, "up": false, "down": false}}
2025-09-29 16:24:10,014 - game_server - INFO - log_game_event:61 - Игровое событие: обновление_позиции - {"client_id": 0, "position": {"x": 755, "y": 285}, "inputs": {"left": false, "right": false, "up": false, "down": false}}
2025-09-29 16:24:10,050 - game_server - INFO - log_game_event:61 - Игровое событие: обновление_позиции - {"client_id": 0, "position": {"x": 755, "y": 285}, "inputs": {"left": false, "right": false, "up": false, "down": false}}
2025-09-29 16:24:10,086 - game_server - INFO - log_game_event:61 - Игровое событие: обновление_позиции - {"client_id": 0, "position": {"x": 755, "y": 285}, "inputs": {"left": false, "right": false, "up": false, "down": false}}
2025-09-29 16:24:10,120 - game_server - INFO - log_game_event:61 - Игровое событие: обновление_позиции - {"client_id": 0, "position": {"x": 755, "y": 285}, "inputs": {"left": false, "right": false, "up": false, "down": false}}
2025-09-29 16:24:10,159 - game_server - INFO - log_game_event:61 - Игровое событие: обновление_позиции - {"client_id": 0, "position": {"x": 755, "y": 285}, "inputs": {"left": false, "right": false, "up": false, "down": false}}
2025-09-29 16:24:10,195 - game_server - INFO - log_game_event:61 - Игровое событие: обновление_позиции - {"client_id": 0, "position": {"x": 755, "y": 285}, "inputs": {"left": false, "right": false, "up": false, "down": false}}
2025-09-29 16:24:10,235 - game_server - INFO - log_game_event:61 - Игровое событие: обновление_позиции - {"client_id": 0, "position": {"x": 755, "y": 285}, "inputs": {"left": false, "right": false, "up": false, "down": false}}
2025-09-29 16:24:10,273 - game_server - INFO - log_game_event:61 - Игровое событие: обновление_позиции - {"client_id": 0, "position": {"x": 755, "y": 285}, "inputs": {"left": false, "right": false, "up": false, "down": false}}
2025-09-29 16:24:10,309 - game_server - INFO - log_game_event:61 - Игровое событие: обновление_позиции - {"client_id": 0, "position": {"x": 755, "y": 285}, "inputs": {"left": false, "right": false, "up": false, "down": false}}
2025-09-29 16:24:10,344 - game_server - INFO - log_game_event:61 - Игровое событие: обновление_позиции - {"client_id": 0, "position": {"x": 755, "y": 285}, "inputs": {"left": false, "right": false, "up": false, "down": false}}
2025-09-29 16:24:10,382 - game_server - INFO - log_game_event:61 - Игровое событие: обновление_позиции - {"client_id": 0, "position": {"x": 755, "y": 285}, "inputs": {"left": false, "right": false, "up": false, "down": false}}
2025-09-29 16:24:10,419 - game_server - INFO - log_game_event:61 - Игровое событие: обновление_позиции - {"client_id": 0, "position": {"x": 755, "y": 285}, "inputs": {"left": false, "right": false, "up": false, "down": false}}
2025-09-29 16:24:10,457 - game_server - INFO - log_game_event:61 - Игровое событие: обновление_позиции - {"client_id": 0, "position": {"x": 755, "y": 285}, "inputs": {"left": false, "right": false, "up": false, "down": false}}
2025-09-29 16:24:10,493 - game_server - INFO - log_game_event:61 - Игровое событие: обновление_позиции - {"client_id": 0, "position": {"x": 755, "y": 285}, "inputs": {"left": false, "right": false, "up": false, "down": false}}
2025-09-29 16:24:10,530 - game_server - INFO - log_game_event:61 - Игровое событие: обновление_позиции - {"client_id": 0, "position": {"x": 755, "y": 285}, "inputs": {"left": false, "right": false, "up": false, "down": false}}
2025-09-29 16:24:10,570 - game_server - INFO - log_game_event:61 - Игровое событие: обновление_позиции - {"client_id": 0, "position": {"x": 755, "y": 285}, "inputs": {"left": false, "right": false, "up": false, "down": false}}
2025-09-29 16:24:10,608 - game_server - INFO - log_game_event:61 - Игровое событие: обновление_позиции - {"client_id": 0, "position": {"x": 755, "y": 285}, "inputs": {"left": false, "right": false, "up": false, "down": false}}
2025-09-29 16:24:10,643 - game_server - INFO - log_game_event:61 - Игровое событие: обновление_позиции - {"client_id": 0, "position": {"x": 755, "y": 285}, "inputs": {"left": false, "right": false, "up": false, "down": false}}
2025-09-29 16:24:10,682 - game_server - INFO - log_game_event:61 - Игровое событие: обновление_позиции - {"client_id": 0, "position": {"x": 755, "y": 285}, "inputs": {"left": false, "right": false, "up": false, "down": false}}
2025-09-29 16:24:10,721 - game_server - INFO - log_game_event:61 - Игровое событие: обновление_позиции - {"client_id": 0, "position": {"x": 755, "y": 285}, "inputs": {"left": false, "right": false, "up": false, "down": false}}
2025-09-29 16:24:10,759 - game_server - INFO - log_game_event:61 - Игровое событие: обновление_позиции - {"client_id": 0, "position": {"x": 755, "y": 285}, "inputs": {"left": false, "right": false, "up": false, "down": false}}
2025-09-29 16:24:10,794 - game_server - INFO - log_game_event:61 - Игровое событие: обновление_позиции - {"client_id": 0, "position": {"x": 755, "y": 285}, "inputs": {"left": false, "right": false, "up": false, "down": false}}
2025-09-29 16:24:10,830 - game_server - INFO - log_game_event:61 - Игровое событие: обновление_позиции - {"client_id": 0, "position": {"x": 755, "y": 285}, "inputs": {"left": false, "right": false, "up": false, "down": false}}
2025-09-29 16:24:10,869 - game_server - INFO - log_game_event:61 - Игровое событие: обновление_позиции - {"client_id": 0, "position": {"x": 755, "y": 285}, "inputs": {"left": false, "right": false, "up": false, "down": false}}
2025-09-29 16:24:10,907 - game_server - INFO - log_game_event:61 - Игровое событие: обновление_позиции - {"client_id": 0, "position": {"x": 755, "y": 285}, "inputs": {"left": false, "right": false, "up": false, "down": false}}
2025-09-29 16:24:10,945 - game_server - INFO - log_game_event:61 - Игровое событие: обновление_позиции - {"client_id": 0, "position": {"x": 755, "y": 285}, "inputs": {"left": false, "right": false, "up": false, "down": false}}
2025-09-29 16:24:10,981 - game_server - INFO - log_game_event:61 - Игровое событие: обновление_позиции - {"client_id": 0, "position": {"x": 755, "y": 285}, "inputs": {"left": false, "right": false, "up": false, "down": false}}
2025-09-29 16:24:11,020 - game_server - INFO - log_game_event:61 - Игровое событие: обновление_позиции - {"client_id": 0, "position": {"x": 755, "y": 285}, "inputs": {"left": false, "right": false, "up": false, "down": false}}
2025-09-29 16:24:11,059 - game_server - INFO - log_game_event:61 - Игровое событие: обновление_позиции - {"client_id": 0, "position": {"x": 755, "y": 285}, "inputs": {"left": false, "right": false, "up": false, "down": false}}
2025-09-29 16:24:11,096 - game_server - INFO - log_game_event:61 - Игровое событие: обновление_позиции - {"client_id": 0, "position": {"x": 755, "y": 285}, "inputs": {"left": false, "right": false, "up": false, "down": false}}
2025-09-29 16:24:11,133 - game_server - INFO - log_game_event:61 - Игровое событие: обновление_позиции - {"client_id": 0, "position": {"x": 755, "y": 285}, "inputs": {"left": false, "right": false, "up": false, "down": false}}
2025-09-29 16:24:11,172 - game_server - INFO - log_game_event:61 - Игровое событие: обновление_позиции - {"client_id": 0, "position": {"x": 755, "y": 285}, "inputs": {"left": false, "right": false, "up": false, "down": false}}
2025-09-29 16:24:11,210 - game_server - INFO - log_game_event:61 - Игровое событие: обновление_позиции - {"client_id": 0, "position": {"x": 755, "y": 285}, "inputs": {"left": false, "right": false, "up": false, "down": false}}
2025-09-29 16:24:11,246 - game_server - INFO - log_game_event:61 - Игровое событие: обновление_позиции - {"client_id": 0, "position": {"x": 755, "y": 285}, "inputs": {"left": false, "right": false, "up": false, "down": false}}
2025-09-29 16:24:11,281 - game_server - INFO - log_game_event:61 - Игровое событие: обновление_позиции - {"client_id": 0, "position": {"x": 755, "y": 285}, "inputs": {"left": false, "right": false, "up": false, "down": false}}
2025-09-29 16:24:11,318 - game_server - INFO - log_game_event:61 - Игровое событие: обновление_позиции - {"client_id": 0, "position": {"x": 755, "y": 290}, "inputs": {"left": false, "right": false, "up": false, "down": true}}
2025-09-29 16:24:11,350 - game_server - INFO - log_game_event:61 - Игровое событие: обновление_позиции - {"client_id": 0, "position": {"x": 755, "y": 295}, "inputs": {"left": false, "right": false, "up": false, "down": true}}
2025-09-29 16:24:11,386 - game_server - INFO - log_game_event:61 - Игровое событие: обновление_позиции - {"client_id": 0, "position": {"x": 755, "y": 300}, "inputs": {"left": false, "right": false, "up": false, "down": true}}
2025-09-29 16:24:11,422 - game_server - INFO - log_game_event:61 - Игровое событие: обновление_позиции - {"client_id": 0, "position": {"x": 755, "y": 305}, "inputs": {"left": false, "right": false, "up": false, "down": true}}
2025-09-29 16:24:11,459 - game_server - INFO - log_game_event:61 - Игровое событие: обновление_позиции - {"client_id": 0, "position": {"x": 755, "y": 310}, "inputs": {"left": false, "right": false, "up": false, "down": true}}
2025-09-29 16:24:11,495 - game_server - INFO - log_game_event:61 - Игровое событие: обновление_позиции - {"client_id": 0, "position": {"x": 755, "y": 315}, "inputs": {"left": false, "right": false, "up": false, "down": true}}
2025-09-29 16:24:11,531 - game_server - INFO - log_game_event:61 - Игровое событие: обновление_позиции - {"client_id": 0, "position": {"x": 755, "y": 320}, "inputs": {"left": false, "right": false, "up": false, "down": true}}
2025-09-29 16:24:11,568 - game_server - INFO - log_game_event:61 - Игровое событие: обновление_позиции - {"client_id": 0, "position": {"x": 755, "y": 325}, "inputs": {"left": false, "right": false, "up": false, "down": true}}
2025-09-29 16:24:11,603 - game_server - INFO - log_game_event:61 - Игровое событие: обновление_позиции - {"client_id": 0, "position": {"x": 755, "y": 330}, "inputs": {"left": false, "right": false, "up": false, "down": true}}
2025-09-29 16:24:11,634 - game_server - INFO - log_game_event:61 - Игровое событие: обновление_позиции - {"client_id": 0, "position": {"x": 755, "y": 335}, "inputs": {"left": false, "right": false, "up": false, "down": true}}
2025-09-29 16:24:11,671 - game_server - INFO - log_game_event:61 - Игровое событие: обновление_позиции - {"client_id": 0, "position": {"x": 750, "y": 340}, "inputs": {"left": true, "right": false, "up": false, "down": true}}
2025-09-29 16:24:11,709 - game_server - INFO - log_game_event:61 - Игровое событие: обновление_позиции - {"client_id": 0, "position": {"x": 745, "y": 345}, "inputs": {"left": true, "right": false, "up": false, "down": true}}
2025-09-29 16:24:11,744 - game_server - INFO - log_game_event:61 - Игровое событие: обновление_позиции - {"client_id": 0, "position": {"x": 740, "y": 345}, "inputs": {"left": true, "right": false, "up": false, "down": false}}
2025-09-29 16:24:11,779 - game_server - INFO - log_game_event:61 - Игровое событие: обновление_позиции - {"client_id": 0, "position": {"x": 735, "y": 345}, "inputs": {"left": true, "right": false, "up": false, "down": false}}
2025-09-29 16:24:11,808 - game_server - INFO - log_game_event:61 - Игровое событие: обновление_позиции - {"client_id": 0, "position": {"x": 730, "y": 345}, "inputs": {"left": true, "right": false, "up": false, "down": false}}
2025-09-29 16:24:11,846 - game_server - INFO - log_game_event:61 - Игровое событие: обновление_позиции - {"client_id": 0, "position": {"x": 725, "y": 345}, "inputs": {"left": true, "right": false, "up": false, "down": false}}
2025-09-29 16:24:11,882 - game_server - INFO - log_game_event:61 - Игровое событие: обновление_позиции - {"client_id": 0, "position": {"x": 720, "y": 345}, "inputs": {"left": true, "right": false, "up": false, "down": false}}
2025-09-29 16:24:11,921 - game_server - INFO - log_game_event:61 - Игровое событие: обновление_позиции - {"client_id": 0, "position": {"x": 715, "y": 345}, "inputs": {"left": true, "right": false, "up": false, "down": false}}
2025-09-29 16:24:11,957 - game_server - INFO - log_game_event:61 - Игровое событие: обновление_позиции - {"client_id": 0, "position": {"x": 710, "y": 345}, "inputs": {"left": true, "right": false, "up": false, "down": false}}
2025-09-29 16:24:11,993 - game_server - INFO - log_game_event:61 - Игровое событие: обновление_позиции - {"client_id": 0, "position": {"x": 705, "y": 345}, "inputs": {"left": true, "right": false, "up": false, "down": false}}
2025-09-29 16:24:12,028 - game_server - INFO - log_game_event:61 - Игровое событие: обновление_позиции - {"client_id": 0, "position": {"x": 700, "y": 345}, "inputs": {"left": true, "right": false, "up": false, "down": false}}
2025-09-29 16:24:12,064 - game_server - INFO - log_game_event:61 - Игровое событие: обновление_позиции - {"client_id": 0, "position": {"x": 695, "y": 345}, "inputs": {"left": true, "right": false, "up": false, "down": false}}
2025-09-29 16:24:12,103 - game_server - INFO - log_game_event:61 - Игровое событие: обновление_позиции - {"client_id": 0, "position": {"x": 690, "y": 345}, "inputs": {"left": true, "right": false, "up": false, "down": false}}
2025-09-29 16:24:12,141 - game_server - INFO - log_game_event:61 - Игровое событие: обновление_позиции - {"client_id": 0, "position": {"x": 690, "y": 345}, "inputs": {"left": false, "right": false, "up": false, "down": false}}
2025-09-29 16:24:12,179 - game_server - INFO - log_game_event:61 - Игровое событие: обновление_позиции - {"client_id": 0, "position": {"x": 690, "y": 345}, "inputs": {"left": false, "right": false, "up": false, "down": false}}
2025-09-29 16:24:12,216 - game_server - INFO - log_game_event:61 - Игровое событие: обновление_позиции - {"client_id": 0, "position": {"x": 690, "y": 345}, "inputs": {"left": false, "right": false, "up": false, "down": false}}
2025-09-29 16:24:12,253 - game_server - INFO - log_game_event:61 - Игровое событие: обновление_позиции - {"client_id": 0, "position": {"x": 690, "y": 345}, "inputs": {"left": false, "right": false, "up": false, "down": false}}
2025-09-29 16:24:12,291 - game_server - INFO - log_game_event:61 - Игровое событие: обновление_позиции - {"client_id": 0, "position": {"x": 690, "y": 345}, "inputs": {"left": false, "right": false, "up": false, "down": false}}
2025-09-29 16:24:12,326 - game_server - INFO - log_game_event:61 - Игровое событие: обновление_позиции - {"client_id": 0, "position": {"x": 690, "y": 345}, "inputs": {"left": false, "right": false, "up": false, "down": false}}
2025-09-29 16:24:12,364 - game_server - INFO - log_game_event:61 - Игровое событие: обновление_позиции - {"client_id": 0, "position": {"x": 690, "y": 345}, "inputs": {"left": false, "right": false, "up": false, "down": false}}
2025-09-29 16:24:12,399 - game_server - INFO - log_game_event:61 - Игровое событие: обновление_позиции - {"client_id": 0, "position": {"x": 690, "y": 345}, "inputs": {"left": false, "right": false, "up": false, "down": false}}
2025-09-29 16:24:12,437 - game_server - INFO - log_game_event:61 - Игровое событие: обновление_позиции - {"client_id": 0, "position": {"x": 690, "y": 345}, "inputs": {"left": false, "right": false, "up": false, "down": false}}
2025-09-29 16:24:12,473 - game_server - INFO - log_game_event:61 - Игровое событие: обновление_позиции - {"client_id": 0, "position": {"x": 690, "y": 345}, "inputs": {"left": false, "right": false, "up": false, "down": false}}
2025-09-29 16:24:12,511 - game_server - INFO - log_game_event:61 - Игровое событие: обновление_позиции - {"client_id": 0, "position": {"x": 690, "y": 345}, "inputs": {"left": false, "right": false, "up": false, "down": false}}
2025-09-29 16:24:12,548 - game_server - INFO - log_game_event:61 - Игровое событие: обновление_позиции - {"client_id": 0, "position": {"x": 690, "y": 345}, "inputs": {"left": false, "right": false, "up": false, "down": false}}
2025-09-29 16:24:12,586 - game_server - INFO - log_game_event:61 - Игровое событие: обновление_позиции - {"client_id": 0, "position": {"x": 690, "y": 345}, "inputs": {"left": false, "right": false, "up": false, "down": false}}
2025-09-29 16:24:12,615 - game_server - INFO - log_game_event:61 - Игровое событие: обновление_позиции - {"client_id": 0, "position": {"x": 690, "y": 345}, "inputs": {"left": false, "right": false, "up": false, "down": false}}
2025-09-29 16:24:12,654 - game_server - INFO - log_game_event:61 - Игровое событие: обновление_позиции - {"client_id": 0, "position": {"x": 690, "y": 345}, "inputs": {"left": false, "right": false, "up": false, "down": false}}
2025-09-29 16:24:12,694 - game_server - INFO - log_game_event:61 - Игровое событие: обновление_позиции - {"client_id": 0, "position": {"x": 690, "y": 345}, "inputs": {"left": false, "right": false, "up": false, "down": false}}
2025-09-29 16:24:12,728 - game_server - INFO - log_game_event:61 - Игровое событие: обновление_позиции - {"client_id": 0, "position": {"x": 690, "y": 345}, "inputs": {"left": false, "right": false, "up": false, "down": false}}
2025-09-29 16:24:12,764 - game_server - INFO - log_game_event:61 - Игровое событие: обновление_позиции - {"client_id": 0, "position": {"x": 690, "y": 345}, "inputs": {"left": false, "right": false, "up": false, "down": false}}
2025-09-29 16:24:12,802 - game_server - INFO - log_game_event:61 - Игровое событие: обновление_позиции - {"client_id": 0, "position": {"x": 690, "y": 345}, "inputs": {"left": false, "right": false, "up": false, "down": false}}
2025-09-29 16:24:12,839 - game_server - INFO - log_game_event:61 - Игровое событие: обновление_позиции - {"client_id": 0, "position": {"x": 690, "y": 345}, "inputs": {"left": false, "right": false, "up": false, "down": false}}
2025-09-29 16:24:12,876 - game_server - INFO - log_game_event:61 - Игровое событие: обновление_позиции - {"client_id": 0, "position": {"x": 690, "y": 345}, "inputs": {"left": false, "right": false, "up": false, "down": false}}
2025-09-29 16:24:12,913 - game_server - INFO - log_game_event:61 - Игровое событие: обновление_позиции - {"client_id": 0, "position": {"x": 690, "y": 345}, "inputs": {"left": false, "right": false, "up": false, "down": false}}
2025-09-29 16:24:12,951 - game_server - INFO - log_game_event:61 - Игровое событие: обновление_позиции - {"client_id": 0, "position": {"x": 690, "y": 345}, "inputs": {"left": false, "right": false, "up": false, "down": false}}
2025-09-29 16:24:12,987 - game_server - INFO - log_game_event:61 - Игровое событие: обновление_позиции - {"client_id": 0, "position": {"x": 690, "y": 345}, "inputs": {"left": false, "right": false, "up": false, "down": false}}
2025-09-29 16:24:13,026 - game_server - INFO - log_game_event:61 - Игровое событие: обновление_позиции - {"client_id": 0, "position": {"x": 690, "y": 345}, "inputs": {"left": false, "right": false, "up": false, "down": false}}
2025-09-29 16:24:13,064 - game_server - INFO - log_game_event:61 - Игровое событие: обновление_позиции - {"client_id": 0, "position": {"x": 690, "y": 345}, "inputs": {"left": false, "right": false, "up": false, "down": false}}
2025-09-29 16:24:13,099 - game_server - INFO - log_game_event:61 - Игровое событие: обновление_позиции - {"client_id": 0, "position": {"x": 690, "y": 345}, "inputs": {"left": false, "right": false, "up": false, "down": false}}
2025-09-29 16:24:13,137 - game_server - INFO - log_game_event:61 - Игровое событие: обновление_позиции - {"client_id": 0, "position": {"x": 690, "y": 345}, "inputs": {"left": false, "right": false, "up": false, "down": false}}
2025-09-29 16:24:13,177 - game_server - INFO - log_game_event:61 - Игровое событие: обновление_позиции - {"client_id": 0, "position": {"x": 690, "y": 345}, "inputs": {"left": false, "right": false, "up": false, "down": false}}
2025-09-29 16:24:13,212 - game_server - INFO - log_game_event:61 - Игровое событие: обновление_позиции - {"client_id": 0, "position": {"x": 690, "y": 345}, "inputs": {"left": false, "right": false, "up": false, "down": false}}
2025-09-29 16:24:13,251 - game_server - INFO - log_game_event:61 - Игровое событие: обновление_позиции - {"client_id": 0, "position": {"x": 690, "y": 345}, "inputs": {"left": false, "right": false, "up": false, "down": false}}
2025-09-29 16:24:13,290 - game_server - INFO - log_game_event:61 - Игровое событие: обновление_позиции - {"client_id": 0, "position": {"x": 690, "y": 345}, "inputs": {"left": false, "right": false, "up": false, "down": false}}
2025-09-29 16:24:13,326 - game_server - INFO - log_game_event:61 - Игровое событие: обновление_позиции - {"client_id": 0, "position": {"x": 690, "y": 345}, "inputs": {"left": false, "right": false, "up": false, "down": false}}
2025-09-29 16:24:13,362 - game_server - INFO - log_game_event:61 - Игровое событие: обновление_позиции - {"client_id": 0, "position": {"x": 690, "y": 345}, "inputs": {"left": false, "right": false, "up": false, "down": false}}
2025-09-29 16:24:13,400 - game_server - INFO - log_game_event:61 - Игровое событие: обновление_позиции - {"client_id": 0, "position": {"x": 690, "y": 345}, "inputs": {"left": false, "right": false, "up": false, "down": false}}
2025-09-29 16:24:13,438 - game_server - INFO - log_game_event:61 - Игровое событие: обновление_позиции - {"client_id": 0, "position": {"x": 690, "y": 345}, "inputs": {"left": false, "right": false, "up": false, "down": false}}
2025-09-29 16:24:13,476 - game_server - INFO - log_game_event:61 - Игровое событие: обновление_позиции - {"client_id": 0, "position": {"x": 690, "y": 345}, "inputs": {"left": false, "right": false, "up": false, "down": false}}
2025-09-29 16:24:13,512 - game_server - INFO - log_game_event:61 - Игровое событие: обновление_позиции - {"client_id": 0, "position": {"x": 690, "y": 345}, "inputs": {"left": false, "right": false, "up": false, "down": false}}
2025-09-29 16:24:13,547 - game_server - INFO - log_game_event:61 - Игровое событие: обновление_позиции - {"client_id": 0, "position": {"x": 690, "y": 345}, "inputs": {"left": false, "right": false, "up": false, "down": false}}
2025-09-29 16:24:13,581 - game_server - INFO - log_game_event:61 - Игровое событие: обновление_позиции - {"client_id": 0, "position": {"x": 690, "y": 345}, "inputs": {"left": false, "right": false, "up": false, "down": false}}
2025-09-29 16:24:13,617 - game_server - INFO - log_game_event:61 - Игровое событие: обновление_позиции - {"client_id": 0, "position": {"x": 690, "y": 345}, "inputs": {"left": false, "right": false, "up": false, "down": false}}
2025-09-29 16:24:13,656 - game_server - INFO - log_game_event:61 - Игровое событие: обновление_позиции - {"client_id": 0, "position": {"x": 690, "y": 345}, "inputs": {"left": false, "right": false, "up": false, "down": false}}
2025-09-29 16:24:13,693 - game_server - INFO - log_game_event:61 - Игровое событие: обновление_позиции - {"client_id": 0, "position": {"x": 690, "y": 345}, "inputs": {"left": false, "right": false, "up": false, "down": false}}
2025-09-29 16:24:13,729 - game_server - INFO - log_game_event:61 - Игровое событие: обновление_позиции - {"client_id": 0, "position": {"x": 690, "y": 345}, "inputs": {"left": false, "right": false, "up": false, "down": false}}
2025-09-29 16:24:13,767 - game_server - INFO - log_game_event:61 - Игровое событие: обновление_позиции - {"client_id": 0, "position": {"x": 690, "y": 345}, "inputs": {"left": false, "right": false, "up": false, "down": false}}
2025-09-29 16:24:13,804 - game_server - INFO - log_game_event:61 - Игровое событие: обновление_позиции - {"client_id": 0, "position": {"x": 690, "y": 345}, "inputs": {"left": false, "right": false, "up": false, "down": false}}
2025-09-29 16:24:13,842 - game_server - INFO - log_game_event:61 - Игровое событие: обновление_позиции - {"client_id": 0, "position": {"x": 690, "y": 345}, "inputs": {"left": false, "right": false, "up": false, "down": false}}
2025-09-29 16:24:13,880 - game_server - INFO - log_game_event:61 - Игровое событие: обновление_позиции - {"client_id": 0, "position": {"x": 690, "y": 345}, "inputs": {"left": false, "right": false, "up": false, "down": false}}
2025-09-29 16:24:13,916 - game_server - INFO - log_game_event:61 - Игровое событие: обновление_позиции - {"client_id": 0, "position": {"x": 690, "y": 345}, "inputs": {"left": false, "right": false, "up": false, "down": false}}
2025-09-29 16:24:13,953 - game_server - INFO - log_game_event:61 - Игровое событие: обновление_позиции - {"client_id": 0, "position": {"x": 690, "y": 345}, "inputs": {"left": false, "right": false, "up": false, "down": false}}
2025-09-29 16:24:13,989 - game_server - INFO - log_game_event:61 - Игровое событие: обновление_позиции - {"client_id": 0, "position": {"x": 690, "y": 345}, "inputs": {"left": false, "right": false, "up": false, "down": false}}
2025-09-29 16:24:14,026 - game_server - INFO - log_game_event:61 - Игровое событие: обновление_позиции - {"client_id": 0, "position": {"x": 690, "y": 345}, "inputs": {"left": false, "right": false, "up": false, "down": false}}
2025-09-29 16:24:14,063 - game_server - INFO - log_game_event:61 - Игровое событие: обновление_позиции - {"client_id": 0, "position": {"x": 690, "y": 345}, "inputs": {"left": false, "right": false, "up": false, "down": false}}
2025-09-29 16:24:14,098 - game_server - INFO - log_game_event:61 - Игровое событие: обновление_позиции - {"client_id": 0, "position": {"x": 690, "y": 345}, "inputs": {"left": false, "right": false, "up": false, "down": false}}
2025-09-29 16:24:14,131 - game_server - INFO - log_game_event:61 - Игровое событие: обновление_позиции - {"client_id": 0, "position": {"x": 690, "y": 345}, "inputs": {"left": false, "right": false, "up": false, "down": false}}
2025-09-29 16:24:14,166 - game_server - INFO - log_game_event:61 - Игровое событие: обновление_позиции - {"client_id": 0, "position": {"x": 690, "y": 345}, "inputs": {"left": false, "right": false, "up": false, "down": false}}
2025-09-29 16:24:14,203 - game_server - INFO - log_game_event:61 - Игровое событие: обновление_позиции - {"client_id": 0, "position": {"x": 690, "y": 345}, "inputs": {"left": false, "right": false, "up": false, "down": false}}
2025-09-29 16:24:14,240 - game_server - INFO - log_game_event:61 - Игровое событие: обновление_позиции - {"client_id": 0, "position": {"x": 690, "y": 345}, "inputs": {"left": false, "right": false, "up": false, "down": false}}
2025-09-29 16:24:14,277 - game_server - INFO - log_game_event:61 - Игровое событие: обновление_позиции - {"client_id": 0, "position": {"x": 690, "y": 345}, "inputs": {"left": false, "right": false, "up": false, "down": false}}
2025-09-29 16:24:14,313 - game_server - INFO - log_game_event:61 - Игровое событие: обновление_позиции - {"client_id": 0, "position": {"x": 690, "y": 345}, "inputs": {"left": false, "right": false, "up": false, "down": false}}
2025-09-29 16:24:14,349 - game_server - INFO - log_game_event:61 - Игровое событие: обновление_позиции - {"client_id": 0, "position": {"x": 690, "y": 345}, "inputs": {"left": false, "right": false, "up": false, "down": false}}
2025-09-29 16:24:14,386 - game_server - INFO - log_game_event:61 - Игровое событие: обновление_позиции - {"client_id": 0, "position": {"x": 690, "y": 345}, "inputs": {"left": false, "right": false, "up": false, "down": false}}
2025-09-29 16:24:14,424 - game_server - INFO - log_game_event:61 - Игровое событие: обновление_позиции - {"client_id": 0, "position": {"x": 690, "y": 345}, "inputs": {"left": false, "right": false, "up": false, "down": false}}
2025-09-29 16:24:14,458 - game_server - INFO - log_game_event:61 - Игровое событие: обновление_позиции - {"client_id": 0, "position": {"x": 690, "y": 345}, "inputs": {"left": false, "right": false, "up": false, "down": false}}
2025-09-29 16:24:14,493 - game_server - INFO - log_game_event:61 - Игровое событие: обновление_позиции - {"client_id": 0, "position": {"x": 690, "y": 345}, "inputs": {"left": false, "right": false, "up": false, "down": false}}
2025-09-29 16:24:14,530 - game_server - INFO - log_game_event:61 - Игровое событие: обновление_позиции - {"client_id": 0, "position": {"x": 690, "y": 345}, "inputs": {"left": false, "right": false, "up": false, "down": false}}
2025-09-29 16:24:14,566 - game_server - INFO - log_game_event:61 - Игровое событие: обновление_позиции - {"client_id": 0, "position": {"x": 690, "y": 345}, "inputs": {"left": false, "right": false, "up": false, "down": false}}
2025-09-29 16:24:14,605 - game_server - INFO - log_game_event:61 - Игровое событие: обновление_позиции - {"client_id": 0, "position": {"x": 690, "y": 345}, "inputs": {"left": false, "right": false, "up": false, "down": false}}
2025-09-29 16:24:14,641 - game_server - INFO - log_game_event:61 - Игровое событие: обновление_позиции - {"client_id": 0, "position": {"x": 690, "y": 345}, "inputs": {"left": false, "right": false, "up": false, "down": false}}
2025-09-29 16:24:14,675 - game_server - INFO - log_game_event:61 - Игровое событие: обновление_позиции - {"client_id": 0, "position": {"x": 690, "y": 345}, "inputs": {"left": false, "right": false, "up": false, "down": false}}
2025-09-29 16:24:14,710 - game_server - INFO - log_game_event:61 - Игровое событие: обновление_позиции - {"client_id": 0, "position": {"x": 690, "y": 345}, "inputs": {"left": false, "right": false, "up": false, "down": false}}
2025-09-29 16:24:14,748 - game_server - INFO - log_game_event:61 - Игровое событие: обновление_позиции - {"client_id": 0, "position": {"x": 690, "y": 345}, "inputs": {"left": false, "right": false, "up": false, "down": false}}
2025-09-29 16:24:14,786 - game_server - INFO - log_game_event:61 - Игровое событие: обновление_позиции - {"client_id": 0, "position": {"x": 690, "y": 345}, "inputs": {"left": false, "right": false, "up": false, "down": false}}
2025-09-29 16:24:14,823 - game_server - INFO - log_game_event:61 - Игровое событие: обновление_позиции - {"client_id": 0, "position": {"x": 690, "y": 345}, "inputs": {"left": false, "right": false, "up": false, "down": false}}
2025-09-29 16:24:14,860 - game_server - INFO - log_game_event:61 - Игровое событие: обновление_позиции - {"client_id": 0, "position": {"x": 690, "y": 345}, "inputs": {"left": false, "right": false, "up": false, "down": false}}
2025-09-29 16:24:14,896 - game_server - INFO - log_game_event:61 - Игровое событие: обновление_позиции - {"client_id": 0, "position": {"x": 690, "y": 345}, "inputs": {"left": false, "right": false, "up": false, "down": false}}
2025-09-29 16:24:14,932 - game_server - INFO - log_game_event:61 - Игровое событие: обновление_позиции - {"client_id": 0, "position": {"x": 690, "y": 345}, "inputs": {"left": false, "right": false, "up": false, "down": false}}
2025-09-29 16:24:14,969 - game_server - INFO - log_game_event:61 - Игровое событие: обновление_позиции - {"client_id": 0, "position": {"x": 690, "y": 345}, "inputs": {"left": false, "right": false, "up": false, "down": false}}
2025-09-29 16:24:15,006 - game_server - INFO - log_game_event:61 - Игровое событие: обновление_позиции - {"client_id": 0, "position": {"x": 690, "y": 345}, "inputs": {"left": false, "right": false, "up": false, "down": false}}
2025-09-29 16:24:15,042 - game_server - INFO - log_game_event:61 - Игровое событие: обновление_позиции - {"client_id": 0, "position": {"x": 690, "y": 345}, "inputs": {"left": false, "right": false, "up": false, "down": false}}
2025-09-29 16:24:15,077 - game_server - INFO - log_game_event:61 - Игровое событие: обновление_позиции - {"client_id": 0, "position": {"x": 690, "y": 345}, "inputs": {"left": false, "right": false, "up": false, "down": false}}
2025-09-29 16:24:15,112 - game_server - INFO - log_game_event:61 - Игровое событие: обновление_позиции - {"client_id": 0, "position": {"x": 690, "y": 345}, "inputs": {"left": false, "right": false, "up": false, "down": false}}
2025-09-29 16:24:15,146 - game_server - INFO - log_game_event:61 - Игровое событие: обновление_позиции - {"client_id": 0, "position": {"x": 690, "y": 345}, "inputs": {"left": false, "right": false, "up": false, "down": false}}
2025-09-29 16:24:15,181 - game_server - INFO - log_game_event:61 - Игровое событие: обновление_позиции - {"client_id": 0, "position": {"x": 690, "y": 345}, "inputs": {"left": false, "right": false, "up": false, "down": false}}
2025-09-29 16:24:15,216 - game_server - INFO - log_game_event:61 - Игровое событие: обновление_позиции - {"client_id": 0, "position": {"x": 690, "y": 345}, "inputs": {"left": false, "right": false, "up": false, "down": false}}
2025-09-29 16:24:15,252 - game_server - INFO - log_game_event:61 - Игровое событие: обновление_позиции - {"client_id": 0, "position": {"x": 690, "y": 345}, "inputs": {"left": false, "right": false, "up": false, "down": false}}
2025-09-29 16:24:15,286 - game_server - INFO - log_game_event:61 - Игровое событие: обновление_позиции - {"client_id": 0, "position": {"x": 690, "y": 345}, "inputs": {"left": false, "right": false, "up": false, "down": false}}
2025-09-29 16:24:15,324 - game_server - INFO - log_game_event:61 - Игровое событие: обновление_позиции - {"client_id": 0, "position": {"x": 690, "y": 345}, "inputs": {"left": false, "right": false, "up": false, "down": false}}
2025-09-29 16:24:15,359 - game_server - INFO - log_game_event:61 - Игровое событие: обновление_позиции - {"client_id": 0, "position": {"x": 690, "y": 345}, "inputs": {"left": false, "right": false, "up": false, "down": false}}
2025-09-29 16:24:15,395 - game_server - INFO - log_game_event:61 - Игровое событие: обновление_позиции - {"client_id": 0, "position": {"x": 690, "y": 345}, "inputs": {"left": false, "right": false, "up": false, "down": false}}
2025-09-29 16:24:15,432 - game_server - INFO - log_game_event:61 - Игровое событие: обновление_позиции - {"client_id": 0, "position": {"x": 690, "y": 345}, "inputs": {"left": false, "right": false, "up": false, "down": false}}
2025-09-29 16:24:15,469 - game_server - INFO - log_game_event:61 - Игровое событие: обновление_позиции - {"client_id": 0, "position": {"x": 690, "y": 345}, "inputs": {"left": false, "right": false, "up": false, "down": false}}
2025-09-29 16:24:15,506 - game_server - INFO - log_game_event:61 - Игровое событие: обновление_позиции - {"client_id": 0, "position": {"x": 690, "y": 345}, "inputs": {"left": false, "right": false, "up": false, "down": false}}
2025-09-29 16:24:15,542 - game_server - INFO - log_game_event:61 - Игровое событие: обновление_позиции - {"client_id": 0, "position": {"x": 690, "y": 345}, "inputs": {"left": false, "right": false, "up": false, "down": false}}
2025-09-29 16:24:15,577 - game_server - INFO - log_game_event:61 - Игровое событие: обновление_позиции - {"client_id": 0, "position": {"x": 690, "y": 345}, "inputs": {"left": false, "right": false, "up": false, "down": false}}
2025-09-29 16:24:15,614 - game_server - INFO - log_game_event:61 - Игровое событие: обновление_позиции - {"client_id": 0, "position": {"x": 690, "y": 345}, "inputs": {"left": false, "right": false, "up": false, "down": false}}
2025-09-29 16:24:15,651 - game_server - INFO - log_game_event:61 - Игровое событие: обновление_позиции - {"client_id": 0, "position": {"x": 690, "y": 345}, "inputs": {"left": false, "right": false, "up": false, "down": false}}
2025-09-29 16:24:15,687 - game_server - INFO - log_game_event:61 - Игровое событие: обновление_позиции - {"client_id": 0, "position": {"x": 690, "y": 345}, "inputs": {"left": false, "right": false, "up": false, "down": false}}
2025-09-29 16:24:15,724 - game_server - INFO - log_game_event:61 - Игровое событие: обновление_позиции - {"client_id": 0, "position": {"x": 690, "y": 345}, "inputs": {"left": false, "right": false, "up": false, "down": false}}
2025-09-29 16:24:15,759 - game_server - INFO - log_game_event:61 - Игровое событие: обновление_позиции - {"client_id": 0, "position": {"x": 690, "y": 345}, "inputs": {"left": false, "right": false, "up": false, "down": false}}
2025-09-29 16:24:15,794 - game_server - INFO - log_game_event:61 - Игровое событие: обновление_позиции - {"client_id": 0, "position": {"x": 690, "y": 345}, "inputs": {"left": false, "right": false, "up": false, "down": false}}
2025-09-29 16:24:15,830 - game_server - INFO - log_game_event:61 - Игровое событие: обновление_позиции - {"client_id": 0, "position": {"x": 690, "y": 345}, "inputs": {"left": false, "right": false, "up": false, "down": false}}
2025-09-29 16:24:15,867 - game_server - INFO - log_game_event:61 - Игровое событие: обновление_позиции - {"client_id": 0, "position": {"x": 690, "y": 345}, "inputs": {"left": false, "right": false, "up": false, "down": false}}
2025-09-29 16:24:15,904 - game_server - INFO - log_game_event:61 - Игровое событие: обновление_позиции - {"client_id": 0, "position": {"x": 690, "y": 345}, "inputs": {"left": false, "right": false, "up": false, "down": false}}
2025-09-29 16:24:15,942 - game_server - INFO - log_game_event:61 - Игровое событие: обновление_позиции - {"client_id": 0, "position": {"x": 690, "y": 345}, "inputs": {"left": false, "right": false, "up": false, "down": false}}
2025-09-29 16:24:15,978 - game_server - INFO - log_game_event:61 - Игровое событие: обновление_позиции - {"client_id": 0, "position": {"x": 690, "y": 345}, "inputs": {"left": false, "right": false, "up": false, "down": false}}
2025-09-29 16:24:16,016 - game_server - INFO - log_game_event:61 - Игровое событие: обновление_позиции - {"client_id": 0, "position": {"x": 690, "y": 345}, "inputs": {"left": false, "right": false, "up": false, "down": false}}
2025-09-29 16:24:16,052 - game_server - INFO - log_game_event:61 - Игровое событие: обновление_позиции - {"client_id": 0, "position": {"x": 690, "y": 345}, "inputs": {"left": false, "right": false, "up": false, "down": false}}
2025-09-29 16:24:16,088 - game_server - INFO - log_game_event:61 - Игровое событие: обновление_позиции - {"client_id": 0, "position": {"x": 690, "y": 345}, "inputs": {"left": false, "right": false, "up": false, "down": false}}
2025-09-29 16:24:16,124 - game_server - INFO - log_game_event:61 - Игровое событие: обновление_позиции - {"client_id": 0, "position": {"x": 690, "y": 345}, "inputs": {"left": false, "right": false, "up": false, "down": false}}
2025-09-29 16:24:16,162 - game_server - INFO - log_game_event:61 - Игровое событие: обновление_позиции - {"client_id": 0, "position": {"x": 690, "y": 345}, "inputs": {"left": false, "right": false, "up": false, "down": false}}
2025-09-29 16:24:16,197 - game_server - INFO - log_game_event:61 - Игровое событие: обновление_позиции - {"client_id": 0, "position": {"x": 690, "y": 345}, "inputs": {"left": false, "right": false, "up": false, "down": false}}
2025-09-29 16:24:16,234 - game_server - INFO - log_game_event:61 - Игровое событие: обновление_позиции - {"client_id": 0, "position": {"x": 690, "y": 345}, "inputs": {"left": false, "right": false, "up": false, "down": false}}
2025-09-29 16:24:16,270 - game_server - INFO - log_game_event:61 - Игровое событие: обновление_позиции - {"client_id": 0, "position": {"x": 690, "y": 345}, "inputs": {"left": false, "right": false, "up": false, "down": false}}
2025-09-29 16:24:16,306 - game_server - INFO - log_game_event:61 - Игровое событие: обновление_позиции - {"client_id": 0, "position": {"x": 690, "y": 345}, "inputs": {"left": false, "right": false, "up": false, "down": false}}
2025-09-29 16:24:16,342 - game_server - INFO - log_game_event:61 - Игровое событие: обновление_позиции - {"client_id": 0, "position": {"x": 690, "y": 345}, "inputs": {"left": false, "right": false, "up": false, "down": false}}
2025-09-29 16:24:16,380 - game_server - INFO - log_game_event:61 - Игровое событие: обновление_позиции - {"client_id": 0, "position": {"x": 690, "y": 345}, "inputs": {"left": false, "right": false, "up": false, "down": false}}
2025-09-29 16:24:16,414 - game_server - INFO - log_game_event:61 - Игровое событие: обновление_позиции - {"client_id": 0, "position": {"x": 690, "y": 345}, "inputs": {"left": false, "right": false, "up": false, "down": false}}
2025-09-29 16:24:16,448 - game_server - INFO - log_game_event:61 - Игровое событие: обновление_позиции - {"client_id": 0, "position": {"x": 690, "y": 345}, "inputs": {"left": false, "right": false, "up": false, "down": false}}
2025-09-29 16:24:16,484 - game_server - INFO - log_game_event:61 - Игровое событие: обновление_позиции - {"client_id": 0, "position": {"x": 690, "y": 345}, "inputs": {"left": false, "right": false, "up": false, "down": false}}
2025-09-29 16:24:16,522 - game_server - INFO - log_game_event:61 - Игровое событие: обновление_позиции - {"client_id": 0, "position": {"x": 690, "y": 345}, "inputs": {"left": false, "right": false, "up": false, "down": false}}
2025-09-29 16:24:16,558 - game_server - INFO - log_game_event:61 - Игровое событие: обновление_позиции - {"client_id": 0, "position": {"x": 690, "y": 345}, "inputs": {"left": false, "right": false, "up": false, "down": false}}
2025-09-29 16:24:16,594 - game_server - INFO - log_game_event:61 - Игровое событие: обновление_позиции - {"client_id": 0, "position": {"x": 690, "y": 345}, "inputs": {"left": false, "right": false, "up": false, "down": false}}
2025-09-29 16:24:16,630 - game_server - INFO - log_game_event:61 - Игровое событие: обновление_позиции - {"client_id": 0, "position": {"x": 690, "y": 345}, "inputs": {"left": false, "right": false, "up": false, "down": false}}
2025-09-29 16:24:16,666 - game_server - INFO - log_game_event:61 - Игровое событие: обновление_позиции - {"client_id": 0, "position": {"x": 690, "y": 345}, "inputs": {"left": false, "right": false, "up": false, "down": false}}
2025-09-29 16:24:16,702 - game_server - INFO - log_game_event:61 - Игровое событие: обновление_позиции - {"client_id": 0, "position": {"x": 690, "y": 345}, "inputs": {"left": false, "right": false, "up": false, "down": false}}
2025-09-29 16:24:16,739 - game_server - INFO - log_game_event:61 - Игровое событие: обновление_позиции - {"client_id": 0, "position": {"x": 690, "y": 345}, "inputs": {"left": false, "right": false, "up": false, "down": false}}
2025-09-29 16:24:16,776 - game_server - INFO - log_game_event:61 - Игровое событие: обновление_позиции - {"client_id": 0, "position": {"x": 690, "y": 345}, "inputs": {"left": false, "right": false, "up": false, "down": false}}
2025-09-29 16:24:16,813 - game_server - INFO - log_game_event:61 - Игровое событие: обновление_позиции - {"client_id": 0, "position": {"x": 690, "y": 345}, "inputs": {"left": false, "right": false, "up": false, "down": false}}
2025-09-29 16:24:16,851 - game_server - INFO - log_game_event:61 - Игровое событие: обновление_позиции - {"client_id": 0, "position": {"x": 690, "y": 345}, "inputs": {"left": false, "right": false, "up": false, "down": false}}
2025-09-29 16:24:16,887 - game_server - INFO - log_game_event:61 - Игровое событие: обновление_позиции - {"client_id": 0, "position": {"x": 690, "y": 345}, "inputs": {"left": false, "right": false, "up": false, "down": false}}
2025-09-29 16:24:16,924 - game_server - INFO - log_game_event:61 - Игровое событие: обновление_позиции - {"client_id": 0, "position": {"x": 690, "y": 345}, "inputs": {"left": false, "right": false, "up": false, "down": false}}
2025-09-29 16:24:16,961 - game_server - INFO - log_game_event:61 - Игровое событие: обновление_позиции - {"client_id": 0, "position": {"x": 690, "y": 345}, "inputs": {"left": false, "right": false, "up": false, "down": false}}
2025-09-29 16:24:16,997 - game_server - INFO - log_game_event:61 - Игровое событие: обновление_позиции - {"client_id": 0, "position": {"x": 690, "y": 345}, "inputs": {"left": false, "right": false, "up": false, "down": false}}
2025-09-29 16:24:17,034 - game_server - INFO - log_game_event:61 - Игровое событие: обновление_позиции - {"client_id": 0, "position": {"x": 690, "y": 345}, "inputs": {"left": false, "right": false, "up": false, "down": false}}
2025-09-29 16:24:17,071 - game_server - INFO - log_game_event:61 - Игровое событие: обновление_позиции - {"client_id": 0, "position": {"x": 695, "y": 345}, "inputs": {"left": false, "right": true, "up": false, "down": false}}
2025-09-29 16:24:17,109 - game_server - INFO - log_game_event:61 - Игровое событие: обновление_позиции - {"client_id": 0, "position": {"x": 700, "y": 345}, "inputs": {"left": false, "right": true, "up": false, "down": false}}
2025-09-29 16:24:17,146 - game_server - INFO - log_game_event:61 - Игровое событие: обновление_позиции - {"client_id": 0, "position": {"x": 705, "y": 345}, "inputs": {"left": false, "right": true, "up": false, "down": false}}
2025-09-29 16:24:17,185 - game_server - INFO - log_game_event:61 - Игровое событие: обновление_позиции - {"client_id": 0, "position": {"x": 710, "y": 345}, "inputs": {"left": false, "right": true, "up": false, "down": false}}
2025-09-29 16:24:17,221 - game_server - INFO - log_game_event:61 - Игровое событие: обновление_позиции - {"client_id": 0, "position": {"x": 715, "y": 345}, "inputs": {"left": false, "right": true, "up": false, "down": false}}
2025-09-29 16:24:17,258 - game_server - INFO - log_game_event:61 - Игровое событие: обновление_позиции - {"client_id": 0, "position": {"x": 720, "y": 345}, "inputs": {"left": false, "right": true, "up": false, "down": false}}
2025-09-29 16:24:17,293 - game_server - INFO - log_game_event:61 - Игровое событие: обновление_позиции - {"client_id": 0, "position": {"x": 725, "y": 345}, "inputs": {"left": false, "right": true, "up": false, "down": false}}
2025-09-29 16:24:17,330 - game_server - INFO - log_game_event:61 - Игровое событие: обновление_позиции - {"client_id": 0, "position": {"x": 730, "y": 345}, "inputs": {"left": false, "right": true, "up": false, "down": false}}
2025-09-29 16:24:17,367 - game_server - INFO - log_game_event:61 - Игровое событие: обновление_позиции - {"client_id": 0, "position": {"x": 735, "y": 345}, "inputs": {"left": false, "right": true, "up": false, "down": false}}
2025-09-29 16:24:17,404 - game_server - INFO - log_game_event:61 - Игровое событие: обновление_позиции - {"client_id": 0, "position": {"x": 740, "y": 345}, "inputs": {"left": false, "right": true, "up": false, "down": false}}
2025-09-29 16:24:17,441 - game_server - INFO - log_game_event:61 - Игровое событие: обновление_позиции - {"client_id": 0, "position": {"x": 745, "y": 345}, "inputs": {"left": false, "right": true, "up": false, "down": false}}
2025-09-29 16:24:17,477 - game_server - INFO - log_game_event:61 - Игровое событие: обновление_позиции - {"client_id": 0, "position": {"x": 750, "y": 345}, "inputs": {"left": false, "right": true, "up": false, "down": false}}
2025-09-29 16:24:17,512 - game_server - INFO - log_game_event:61 - Игровое событие: обновление_позиции - {"client_id": 0, "position": {"x": 755, "y": 345}, "inputs": {"left": false, "right": true, "up": false, "down": false}}
2025-09-29 16:24:17,548 - game_server - INFO - log_game_event:61 - Игровое событие: обновление_позиции - {"client_id": 0, "position": {"x": 760, "y": 345}, "inputs": {"left": false, "right": true, "up": false, "down": false}}
2025-09-29 16:24:17,584 - game_server - INFO - log_game_event:61 - Игровое событие: обновление_позиции - {"client_id": 0, "position": {"x": 765, "y": 345}, "inputs": {"left": false, "right": true, "up": false, "down": false}}
2025-09-29 16:24:17,621 - game_server - INFO - log_game_event:61 - Игровое событие: обновление_позиции - {"client_id": 0, "position": {"x": 770, "y": 345}, "inputs": {"left": false, "right": true, "up": false, "down": false}}
2025-09-29 16:24:17,656 - game_server - INFO - log_game_event:61 - Игровое событие: обновление_позиции - {"client_id": 0, "position": {"x": 775, "y": 345}, "inputs": {"left": false, "right": true, "up": false, "down": false}}
2025-09-29 16:24:17,692 - game_server - INFO - log_game_event:61 - Игровое событие: обновление_позиции - {"client_id": 0, "position": {"x": 780, "y": 345}, "inputs": {"left": false, "right": true, "up": false, "down": false}}
2025-09-29 16:24:17,730 - game_server - INFO - log_game_event:61 - Игровое событие: обновление_позиции - {"client_id": 0, "position": {"x": 785, "y": 345}, "inputs": {"left": false, "right": true, "up": false, "down": false}}
2025-09-29 16:24:17,766 - game_server - INFO - log_game_event:61 - Игровое событие: обновление_позиции - {"client_id": 0, "position": {"x": 790, "y": 345}, "inputs": {"left": false, "right": true, "up": false, "down": false}}
2025-09-29 16:24:17,801 - game_server - INFO - log_game_event:61 - Игровое событие: обновление_позиции - {"client_id": 0, "position": {"x": 795, "y": 345}, "inputs": {"left": false, "right": true, "up": false, "down": false}}
2025-09-29 16:24:17,839 - game_server - INFO - log_game_event:61 - Игровое событие: обновление_позиции - {"client_id": 0, "position": {"x": 795, "y": 345}, "inputs": {"left": false, "right": false, "up": false, "down": false}}
2025-09-29 16:24:17,877 - game_server - INFO - log_game_event:61 - Игровое событие: обновление_позиции - {"client_id": 0, "position": {"x": 795, "y": 345}, "inputs": {"left": false, "right": false, "up": false, "down": false}}
2025-09-29 16:24:17,912 - game_server - INFO - log_game_event:61 - Игровое событие: обновление_позиции - {"client_id": 0, "position": {"x": 795, "y": 345}, "inputs": {"left": false, "right": false, "up": false, "down": false}}
2025-09-29 16:24:17,947 - game_server - INFO - log_game_event:61 - Игровое событие: обновление_позиции - {"client_id": 0, "position": {"x": 795, "y": 345}, "inputs": {"left": false, "right": false, "up": false, "down": false}}
2025-09-29 16:24:17,983 - game_server - INFO - log_game_event:61 - Игровое событие: обновление_позиции - {"client_id": 0, "position": {"x": 795, "y": 345}, "inputs": {"left": false, "right": false, "up": false, "down": false}}
2025-09-29 16:24:18,019 - game_server - INFO - log_game_event:61 - Игровое событие: обновление_позиции - {"client_id": 0, "position": {"x": 795, "y": 345}, "inputs": {"left": false, "right": false, "up": false, "down": false}}
2025-09-29 16:24:18,055 - game_server - INFO - log_game_event:61 - Игровое событие: обновление_позиции - {"client_id": 0, "position": {"x": 795, "y": 345}, "inputs": {"left": false, "right": false, "up": false, "down": false}}
2025-09-29 16:24:18,090 - game_server - INFO - log_game_event:61 - Игровое событие: обновление_позиции - {"client_id": 0, "position": {"x": 795, "y": 345}, "inputs": {"left": false, "right": false, "up": false, "down": false}}
2025-09-29 16:24:18,126 - game_server - INFO - log_game_event:61 - Игровое событие: обновление_позиции - {"client_id": 0, "position": {"x": 795, "y": 345}, "inputs": {"left": false, "right": false, "up": false, "down": false}}
2025-09-29 16:24:18,160 - game_server - INFO - log_game_event:61 - Игровое событие: обновление_позиции - {"client_id": 0, "position": {"x": 795, "y": 345}, "inputs": {"left": false, "right": false, "up": false, "down": false}}
2025-09-29 16:24:18,193 - game_server - INFO - log_game_event:61 - Игровое событие: обновление_позиции - {"client_id": 0, "position": {"x": 795, "y": 345}, "inputs": {"left": false, "right": false, "up": false, "down": false}}
2025-09-29 16:24:18,226 - game_server - INFO - log_game_event:61 - Игровое событие: обновление_позиции - {"client_id": 0, "position": {"x": 795, "y": 345}, "inputs": {"left": false, "right": false, "up": false, "down": false}}
2025-09-29 16:24:18,261 - game_server - INFO - log_game_event:61 - Игровое событие: обновление_позиции - {"client_id": 0, "position": {"x": 795, "y": 345}, "inputs": {"left": false, "right": false, "up": false, "down": false}}
2025-09-29 16:24:18,294 - game_server - INFO - log_game_event:61 - Игровое событие: обновление_позиции - {"client_id": 0, "position": {"x": 795, "y": 345}, "inputs": {"left": false, "right": false, "up": false, "down": false}}
2025-09-29 16:24:18,327 - game_server - INFO - log_game_event:61 - Игровое событие: обновление_позиции - {"client_id": 0, "position": {"x": 795, "y": 345}, "inputs": {"left": false, "right": false, "up": false, "down": false}}
2025-09-29 16:24:18,360 - game_server - INFO - log_game_event:61 - Игровое событие: обновление_позиции - {"client_id": 0, "position": {"x": 795, "y": 345}, "inputs": {"left": false, "right": false, "up": false, "down": false}}
2025-09-29 16:24:18,393 - game_server - INFO - log_game_event:61 - Игровое событие: обновление_позиции - {"client_id": 0, "position": {"x": 795, "y": 345}, "inputs": {"left": false, "right": false, "up": false, "down": false}}
2025-09-29 16:24:18,426 - game_server - INFO - log_game_event:61 - Игровое событие: обновление_позиции - {"client_id": 0, "position": {"x": 795, "y": 345}, "inputs": {"left": false, "right": false, "up": false, "down": false}}
2025-09-29 16:24:18,460 - game_server - INFO - log_game_event:61 - Игровое событие: обновление_позиции - {"client_id": 0, "position": {"x": 795, "y": 345}, "inputs": {"left": false, "right": false, "up": false, "down": false}}
2025-09-29 16:24:18,495 - game_server - INFO - log_game_event:61 - Игровое событие: обновление_позиции - {"client_id": 0, "position": {"x": 795, "y": 345}, "inputs": {"left": false, "right": false, "up": false, "down": false}}
2025-09-29 16:24:18,532 - game_server - INFO - log_game_event:61 - Игровое событие: обновление_позиции - {"client_id": 0, "position": {"x": 795, "y": 345}, "inputs": {"left": false, "right": false, "up": false, "down": false}}
2025-09-29 16:24:18,569 - game_server - INFO - log_game_event:61 - Игровое событие: обновление_позиции - {"client_id": 0, "position": {"x": 795, "y": 345}, "inputs": {"left": false, "right": false, "up": false, "down": false}}
2025-09-29 16:24:18,606 - game_server - INFO - log_game_event:61 - Игровое событие: обновление_позиции - {"client_id": 0, "position": {"x": 795, "y": 345}, "inputs": {"left": false, "right": false, "up": false, "down": false}}
2025-09-29 16:24:18,642 - game_server - INFO - log_game_event:61 - Игровое событие: обновление_позиции - {"client_id": 0, "position": {"x": 795, "y": 345}, "inputs": {"left": false, "right": false, "up": false, "down": false}}
2025-09-29 16:24:18,678 - game_server - INFO - log_game_event:61 - Игровое событие: обновление_позиции - {"client_id": 0, "position": {"x": 795, "y": 345}, "inputs": {"left": false, "right": false, "up": false, "down": false}}
2025-09-29 16:24:18,715 - game_server - INFO - log_game_event:61 - Игровое событие: обновление_позиции - {"client_id": 0, "position": {"x": 795, "y": 345}, "inputs": {"left": false, "right": false, "up": false, "down": false}}
2025-09-29 16:24:18,751 - game_server - INFO - log_game_event:61 - Игровое событие: обновление_позиции - {"client_id": 0, "position": {"x": 795, "y": 345}, "inputs": {"left": false, "right": false, "up": false, "down": false}}
2025-09-29 16:24:18,788 - game_server - INFO - log_game_event:61 - Игровое событие: обновление_позиции - {"client_id": 0, "position": {"x": 795, "y": 345}, "inputs": {"left": false, "right": false, "up": false, "down": false}}
2025-09-29 16:24:18,824 - game_server - INFO - log_game_event:61 - Игровое событие: обновление_позиции - {"client_id": 0, "position": {"x": 795, "y": 345}, "inputs": {"left": false, "right": false, "up": false, "down": false}}
2025-09-29 16:24:18,859 - game_server - INFO - log_game_event:61 - Игровое событие: обновление_позиции - {"client_id": 0, "position": {"x": 795, "y": 345}, "inputs": {"left": false, "right": false, "up": false, "down": false}}
2025-09-29 16:24:18,895 - game_server - INFO - log_game_event:61 - Игровое событие: обновление_позиции - {"client_id": 0, "position": {"x": 795, "y": 345}, "inputs": {"left": false, "right": false, "up": false, "down": false}}
2025-09-29 16:24:18,930 - game_server - INFO - log_game_event:61 - Игровое событие: обновление_позиции - {"client_id": 0, "position": {"x": 795, "y": 345}, "inputs": {"left": false, "right": false, "up": false, "down": false}}
2025-09-29 16:24:18,968 - game_server - INFO - log_game_event:61 - Игровое событие: обновление_позиции - {"client_id": 0, "position": {"x": 795, "y": 345}, "inputs": {"left": false, "right": false, "up": false, "down": false}}
2025-09-29 16:24:19,004 - game_server - INFO - log_game_event:61 - Игровое событие: обновление_позиции - {"client_id": 0, "position": {"x": 795, "y": 345}, "inputs": {"left": false, "right": false, "up": false, "down": false}}
2025-09-29 16:24:19,040 - game_server - INFO - log_game_event:61 - Игровое событие: обновление_позиции - {"client_id": 0, "position": {"x": 795, "y": 345}, "inputs": {"left": false, "right": false, "up": false, "down": false}}
2025-09-29 16:24:19,076 - game_server - INFO - log_game_event:61 - Игровое событие: обновление_позиции - {"client_id": 0, "position": {"x": 795, "y": 345}, "inputs": {"left": false, "right": false, "up": false, "down": false}}
2025-09-29 16:24:19,110 - game_server - INFO - log_game_event:61 - Игровое событие: обновление_позиции - {"client_id": 0, "position": {"x": 795, "y": 345}, "inputs": {"left": false, "right": false, "up": false, "down": false}}
2025-09-29 16:24:19,146 - game_server - INFO - log_game_event:61 - Игровое событие: обновление_позиции - {"client_id": 0, "position": {"x": 795, "y": 345}, "inputs": {"left": false, "right": false, "up": false, "down": false}}
2025-09-29 16:24:19,181 - game_server - INFO - log_game_event:61 - Игровое событие: обновление_позиции - {"client_id": 0, "position": {"x": 795, "y": 345}, "inputs": {"left": false, "right": false, "up": false, "down": false}}
2025-09-29 16:24:19,218 - game_server - INFO - log_game_event:61 - Игровое событие: обновление_позиции - {"client_id": 0, "position": {"x": 795, "y": 345}, "inputs": {"left": false, "right": false, "up": false, "down": false}}
2025-09-29 16:24:19,255 - game_server - INFO - log_game_event:61 - Игровое событие: обновление_позиции - {"client_id": 0, "position": {"x": 795, "y": 345}, "inputs": {"left": false, "right": false, "up": false, "down": false}}
2025-09-29 16:24:19,290 - game_server - INFO - log_game_event:61 - Игровое событие: обновление_позиции - {"client_id": 0, "position": {"x": 795, "y": 345}, "inputs": {"left": false, "right": false, "up": false, "down": false}}
2025-09-29 16:24:19,325 - game_server - INFO - log_game_event:61 - Игровое событие: обновление_позиции - {"client_id": 0, "position": {"x": 795, "y": 345}, "inputs": {"left": false, "right": false, "up": false, "down": false}}
2025-09-29 16:24:19,360 - game_server - INFO - log_game_event:61 - Игровое событие: обновление_позиции - {"client_id": 0, "position": {"x": 795, "y": 345}, "inputs": {"left": false, "right": false, "up": false, "down": false}}
2025-09-29 16:24:19,396 - game_server - INFO - log_game_event:61 - Игровое событие: обновление_позиции - {"client_id": 0, "position": {"x": 795, "y": 345}, "inputs": {"left": false, "right": false, "up": false, "down": false}}
2025-09-29 16:24:19,432 - game_server - INFO - log_game_event:61 - Игровое событие: обновление_позиции - {"client_id": 0, "position": {"x": 795, "y": 345}, "inputs": {"left": false, "right": false, "up": false, "down": false}}
2025-09-29 16:24:19,469 - game_server - INFO - log_game_event:61 - Игровое событие: обновление_позиции - {"client_id": 0, "position": {"x": 795, "y": 345}, "inputs": {"left": false, "right": false, "up": false, "down": false}}
2025-09-29 16:24:19,507 - game_server - INFO - log_game_event:61 - Игровое событие: обновление_позиции - {"client_id": 0, "position": {"x": 795, "y": 345}, "inputs": {"left": false, "right": false, "up": false, "down": false}}
2025-09-29 16:24:19,544 - game_server - INFO - log_game_event:61 - Игровое событие: обновление_позиции - {"client_id": 0, "position": {"x": 795, "y": 345}, "inputs": {"left": false, "right": false, "up": false, "down": false}}
2025-09-29 16:24:19,581 - game_server - INFO - log_game_event:61 - Игровое событие: обновление_позиции - {"client_id": 0, "position": {"x": 795, "y": 345}, "inputs": {"left": false, "right": false, "up": false, "down": false}}
2025-09-29 16:24:19,616 - game_server - INFO - log_game_event:61 - Игровое событие: обновление_позиции - {"client_id": 0, "position": {"x": 795, "y": 345}, "inputs": {"left": false, "right": false, "up": false, "down": false}}
2025-09-29 16:24:19,651 - game_server - INFO - log_game_event:61 - Игровое событие: обновление_позиции - {"client_id": 0, "position": {"x": 795, "y": 345}, "inputs": {"left": false, "right": false, "up": false, "down": false}}
2025-09-29 16:24:19,689 - game_server - INFO - log_game_event:61 - Игровое событие: обновление_позиции - {"client_id": 0, "position": {"x": 795, "y": 345}, "inputs": {"left": false, "right": false, "up": false, "down": false}}
2025-09-29 16:24:19,724 - game_server - INFO - log_game_event:61 - Игровое событие: обновление_позиции - {"client_id": 0, "position": {"x": 795, "y": 345}, "inputs": {"left": false, "right": false, "up": false, "down": false}}
2025-09-29 16:24:19,760 - game_server - INFO - log_game_event:61 - Игровое событие: обновление_позиции - {"client_id": 0, "position": {"x": 795, "y": 345}, "inputs": {"left": false, "right": false, "up": false, "down": false}}
2025-09-29 16:24:19,796 - game_server - INFO - log_game_event:61 - Игровое событие: обновление_позиции - {"client_id": 0, "position": {"x": 795, "y": 345}, "inputs": {"left": false, "right": false, "up": false, "down": false}}
2025-09-29 16:24:19,831 - game_server - INFO - log_game_event:61 - Игровое событие: обновление_позиции - {"client_id": 0, "position": {"x": 795, "y": 345}, "inputs": {"left": false, "right": false, "up": false, "down": false}}
2025-09-29 16:24:19,867 - game_server - INFO - log_game_event:61 - Игровое событие: обновление_позиции - {"client_id": 0, "position": {"x": 795, "y": 345}, "inputs": {"left": false, "right": false, "up": false, "down": false}}
2025-09-29 16:24:19,903 - game_server - INFO - log_game_event:61 - Игровое событие: обновление_позиции - {"client_id": 0, "position": {"x": 795, "y": 345}, "inputs": {"left": false, "right": false, "up": false, "down": false}}
2025-09-29 16:24:19,941 - game_server - INFO - log_game_event:61 - Игровое событие: обновление_позиции - {"client_id": 0, "position": {"x": 795, "y": 345}, "inputs": {"left": false, "right": false, "up": false, "down": false}}
2025-09-29 16:24:19,980 - game_server - INFO - log_game_event:61 - Игровое событие: обновление_позиции - {"client_id": 0, "position": {"x": 795, "y": 345}, "inputs": {"left": false, "right": false, "up": false, "down": false}}
2025-09-29 16:24:20,017 - game_server - INFO - log_game_event:61 - Игровое событие: обновление_позиции - {"client_id": 0, "position": {"x": 795, "y": 345}, "inputs": {"left": false, "right": false, "up": false, "down": false}}
2025-09-29 16:24:20,052 - game_server - INFO - log_game_event:61 - Игровое событие: обновление_позиции - {"client_id": 0, "position": {"x": 795, "y": 345}, "inputs": {"left": false, "right": false, "up": false, "down": false}}
2025-09-29 16:24:20,089 - game_server - INFO - log_game_event:61 - Игровое событие: обновление_позиции - {"client_id": 0, "position": {"x": 795, "y": 345}, "inputs": {"left": false, "right": false, "up": false, "down": false}}
2025-09-29 16:24:20,126 - game_server - INFO - log_game_event:61 - Игровое событие: обновление_позиции - {"client_id": 0, "position": {"x": 795, "y": 345}, "inputs": {"left": false, "right": false, "up": false, "down": false}}
2025-09-29 16:24:20,162 - game_server - INFO - log_game_event:61 - Игровое событие: обновление_позиции - {"client_id": 0, "position": {"x": 795, "y": 345}, "inputs": {"left": false, "right": false, "up": false, "down": false}}
2025-09-29 16:24:20,198 - game_server - INFO - log_game_event:61 - Игровое событие: обновление_позиции - {"client_id": 0, "position": {"x": 795, "y": 345}, "inputs": {"left": false, "right": false, "up": false, "down": false}}
2025-09-29 16:24:20,234 - game_server - INFO - log_game_event:61 - Игровое событие: обновление_позиции - {"client_id": 0, "position": {"x": 795, "y": 345}, "inputs": {"left": false, "right": false, "up": false, "down": false}}
2025-09-29 16:24:20,273 - game_server - INFO - log_game_event:61 - Игровое событие: обновление_позиции - {"client_id": 0, "position": {"x": 795, "y": 345}, "inputs": {"left": false, "right": false, "up": false, "down": false}}
2025-09-29 16:24:20,309 - game_server - INFO - log_game_event:61 - Игровое событие: обновление_позиции - {"client_id": 0, "position": {"x": 795, "y": 345}, "inputs": {"left": false, "right": false, "up": false, "down": false}}
2025-09-29 16:24:20,345 - game_server - INFO - log_game_event:61 - Игровое событие: обновление_позиции - {"client_id": 0, "position": {"x": 795, "y": 345}, "inputs": {"left": false, "right": false, "up": false, "down": false}}
2025-09-29 16:24:20,380 - game_server - INFO - log_game_event:61 - Игровое событие: обновление_позиции - {"client_id": 0, "position": {"x": 795, "y": 345}, "inputs": {"left": false, "right": false, "up": false, "down": false}}
2025-09-29 16:24:20,417 - game_server - INFO - log_game_event:61 - Игровое событие: обновление_позиции - {"client_id": 0, "position": {"x": 795, "y": 345}, "inputs": {"left": false, "right": false, "up": false, "down": false}}
2025-09-29 16:24:20,452 - game_server - INFO - log_game_event:61 - Игровое событие: обновление_позиции - {"client_id": 0, "position": {"x": 795, "y": 345}, "inputs": {"left": false, "right": false, "up": false, "down": false}}
2025-09-29 16:24:20,486 - game_server - INFO - log_game_event:61 - Игровое событие: обновление_позиции - {"client_id": 0, "position": {"x": 795, "y": 345}, "inputs": {"left": false, "right": false, "up": false, "down": false}}
2025-09-29 16:24:20,522 - game_server - INFO - log_game_event:61 - Игровое событие: обновление_позиции - {"client_id": 0, "position": {"x": 795, "y": 345}, "inputs": {"left": false, "right": false, "up": false, "down": false}}
2025-09-29 16:24:20,557 - game_server - INFO - log_game_event:61 - Игровое событие: обновление_позиции - {"client_id": 0, "position": {"x": 795, "y": 345}, "inputs": {"left": false, "right": false, "up": false, "down": false}}
2025-09-29 16:24:20,594 - game_server - INFO - log_game_event:61 - Игровое событие: обновление_позиции - {"client_id": 0, "position": {"x": 795, "y": 345}, "inputs": {"left": false, "right": false, "up": false, "down": false}}
2025-09-29 16:24:20,630 - game_server - INFO - log_game_event:61 - Игровое событие: обновление_позиции - {"client_id": 0, "position": {"x": 795, "y": 345}, "inputs": {"left": false, "right": false, "up": false, "down": false}}
2025-09-29 16:24:20,665 - game_server - INFO - log_game_event:61 - Игровое событие: обновление_позиции - {"client_id": 0, "position": {"x": 795, "y": 345}, "inputs": {"left": false, "right": false, "up": false, "down": false}}
2025-09-29 16:24:20,702 - game_server - INFO - log_game_event:61 - Игровое событие: обновление_позиции - {"client_id": 0, "position": {"x": 795, "y": 345}, "inputs": {"left": false, "right": false, "up": false, "down": false}}
2025-09-29 16:24:20,731 - game_server - INFO - log_game_event:61 - Игровое событие: обновление_позиции - {"client_id": 0, "position": {"x": 795, "y": 345}, "inputs": {"left": false, "right": false, "up": false, "down": false}}
2025-09-29 16:24:20,766 - game_server - INFO - log_game_event:61 - Игровое событие: обновление_позиции - {"client_id": 0, "position": {"x": 795, "y": 345}, "inputs": {"left": false, "right": false, "up": false, "down": false}}
2025-09-29 16:24:20,805 - game_server - INFO - log_game_event:61 - Игровое событие: обновление_позиции - {"client_id": 0, "position": {"x": 795, "y": 345}, "inputs": {"left": false, "right": false, "up": false, "down": false}}
2025-09-29 16:24:20,842 - game_server - INFO - log_game_event:61 - Игровое событие: обновление_позиции - {"client_id": 0, "position": {"x": 795, "y": 345}, "inputs": {"left": false, "right": false, "up": false, "down": false}}
2025-09-29 16:24:20,879 - game_server - INFO - log_game_event:61 - Игровое событие: обновление_позиции - {"client_id": 0, "position": {"x": 795, "y": 345}, "inputs": {"left": false, "right": false, "up": false, "down": false}}
2025-09-29 16:24:20,914 - game_server - INFO - log_game_event:61 - Игровое событие: обновление_позиции - {"client_id": 0, "position": {"x": 795, "y": 345}, "inputs": {"left": false, "right": false, "up": false, "down": false}}
2025-09-29 16:24:20,952 - game_server - INFO - log_game_event:61 - Игровое событие: обновление_позиции - {"client_id": 0, "position": {"x": 795, "y": 345}, "inputs": {"left": false, "right": false, "up": false, "down": false}}
2025-09-29 16:24:20,989 - game_server - INFO - log_game_event:61 - Игровое событие: обновление_позиции - {"client_id": 0, "position": {"x": 795, "y": 345}, "inputs": {"left": false, "right": false, "up": false, "down": false}}
2025-09-29 16:24:21,025 - game_server - INFO - log_game_event:61 - Игровое событие: обновление_позиции - {"client_id": 0, "position": {"x": 795, "y": 345}, "inputs": {"left": false, "right": false, "up": false, "down": false}}
2025-09-29 16:24:21,061 - game_server - INFO - log_game_event:61 - Игровое событие: обновление_позиции - {"client_id": 0, "position": {"x": 795, "y": 345}, "inputs": {"left": false, "right": false, "up": false, "down": false}}
2025-09-29 16:24:21,097 - game_server - INFO - log_game_event:61 - Игровое событие: обновление_позиции - {"client_id": 0, "position": {"x": 795, "y": 345}, "inputs": {"left": false, "right": false, "up": false, "down": false}}
2025-09-29 16:24:21,132 - game_server - INFO - log_game_event:61 - Игровое событие: обновление_позиции - {"client_id": 0, "position": {"x": 795, "y": 345}, "inputs": {"left": false, "right": false, "up": false, "down": false}}
2025-09-29 16:24:21,169 - game_server - INFO - log_game_event:61 - Игровое событие: обновление_позиции - {"client_id": 0, "position": {"x": 795, "y": 345}, "inputs": {"left": false, "right": false, "up": false, "down": false}}
2025-09-29 16:24:21,206 - game_server - INFO - log_game_event:61 - Игровое событие: обновление_позиции - {"client_id": 0, "position": {"x": 795, "y": 345}, "inputs": {"left": false, "right": false, "up": false, "down": false}}
2025-09-29 16:24:21,240 - game_server - INFO - log_game_event:61 - Игровое событие: обновление_позиции - {"client_id": 0, "position": {"x": 795, "y": 345}, "inputs": {"left": false, "right": false, "up": false, "down": false}}
2025-09-29 16:24:21,276 - game_server - INFO - log_game_event:61 - Игровое событие: обновление_позиции - {"client_id": 0, "position": {"x": 795, "y": 345}, "inputs": {"left": false, "right": false, "up": false, "down": false}}
2025-09-29 16:24:21,313 - game_server - INFO - log_game_event:61 - Игровое событие: обновление_позиции - {"client_id": 0, "position": {"x": 795, "y": 345}, "inputs": {"left": false, "right": false, "up": false, "down": false}}
2025-09-29 16:24:21,349 - game_server - INFO - log_game_event:61 - Игровое событие: обновление_позиции - {"client_id": 0, "position": {"x": 795, "y": 345}, "inputs": {"left": false, "right": false, "up": false, "down": false}}
2025-09-29 16:24:21,386 - game_server - INFO - log_game_event:61 - Игровое событие: обновление_позиции - {"client_id": 0, "position": {"x": 795, "y": 345}, "inputs": {"left": false, "right": false, "up": false, "down": false}}
2025-09-29 16:24:21,424 - game_server - INFO - log_game_event:61 - Игровое событие: обновление_позиции - {"client_id": 0, "position": {"x": 795, "y": 345}, "inputs": {"left": false, "right": false, "up": false, "down": false}}
2025-09-29 16:24:21,459 - game_server - INFO - log_game_event:61 - Игровое событие: обновление_позиции - {"client_id": 0, "position": {"x": 795, "y": 345}, "inputs": {"left": false, "right": false, "up": false, "down": false}}
2025-09-29 16:24:21,495 - game_server - INFO - log_game_event:61 - Игровое событие: обновление_позиции - {"client_id": 0, "position": {"x": 795, "y": 345}, "inputs": {"left": false, "right": false, "up": false, "down": false}}
2025-09-29 16:24:21,530 - game_server - INFO - log_game_event:61 - Игровое событие: обновление_позиции - {"client_id": 0, "position": {"x": 795, "y": 345}, "inputs": {"left": false, "right": false, "up": false, "down": false}}
2025-09-29 16:24:21,568 - game_server - INFO - log_game_event:61 - Игровое событие: обновление_позиции - {"client_id": 0, "position": {"x": 795, "y": 345}, "inputs": {"left": false, "right": false, "up": false, "down": false}}
2025-09-29 16:24:21,604 - game_server - INFO - log_game_event:61 - Игровое событие: обновление_позиции - {"client_id": 0, "position": {"x": 795, "y": 345}, "inputs": {"left": false, "right": false, "up": false, "down": false}}
2025-09-29 16:24:21,640 - game_server - INFO - log_game_event:61 - Игровое событие: обновление_позиции - {"client_id": 0, "position": {"x": 795, "y": 345}, "inputs": {"left": false, "right": false, "up": false, "down": false}}
2025-09-29 16:24:21,675 - game_server - INFO - log_game_event:61 - Игровое событие: обновление_позиции - {"client_id": 0, "position": {"x": 795, "y": 345}, "inputs": {"left": false, "right": false, "up": false, "down": false}}
2025-09-29 16:24:21,709 - game_server - INFO - log_game_event:61 - Игровое событие: обновление_позиции - {"client_id": 0, "position": {"x": 795, "y": 345}, "inputs": {"left": false, "right": false, "up": false, "down": false}}
2025-09-29 16:24:21,744 - game_server - INFO - log_game_event:61 - Игровое событие: обновление_позиции - {"client_id": 0, "position": {"x": 795, "y": 345}, "inputs": {"left": false, "right": false, "up": false, "down": false}}
2025-09-29 16:24:21,782 - game_server - INFO - log_game_event:61 - Игровое событие: обновление_позиции - {"client_id": 0, "position": {"x": 795, "y": 345}, "inputs": {"left": false, "right": false, "up": false, "down": false}}
2025-09-29 16:24:21,817 - game_server - INFO - log_game_event:61 - Игровое событие: обновление_позиции - {"client_id": 0, "position": {"x": 795, "y": 345}, "inputs": {"left": false, "right": false, "up": false, "down": false}}
2025-09-29 16:24:21,852 - game_server - INFO - log_game_event:61 - Игровое событие: обновление_позиции - {"client_id": 0, "position": {"x": 795, "y": 345}, "inputs": {"left": false, "right": false, "up": false, "down": false}}
2025-09-29 16:24:21,889 - game_server - INFO - log_game_event:61 - Игровое событие: обновление_позиции - {"client_id": 0, "position": {"x": 795, "y": 345}, "inputs": {"left": false, "right": false, "up": false, "down": false}}
2025-09-29 16:24:21,925 - game_server - INFO - log_game_event:61 - Игровое событие: обновление_позиции - {"client_id": 0, "position": {"x": 795, "y": 345}, "inputs": {"left": false, "right": false, "up": false, "down": false}}
2025-09-29 16:24:21,961 - game_server - INFO - log_game_event:61 - Игровое событие: обновление_позиции - {"client_id": 0, "position": {"x": 795, "y": 345}, "inputs": {"left": false, "right": false, "up": false, "down": false}}
2025-09-29 16:24:21,997 - game_server - INFO - log_game_event:61 - Игровое событие: обновление_позиции - {"client_id": 0, "position": {"x": 795, "y": 345}, "inputs": {"left": false, "right": false, "up": false, "down": false}}
2025-09-29 16:24:22,034 - game_server - INFO - log_game_event:61 - Игровое событие: обновление_позиции - {"client_id": 0, "position": {"x": 795, "y": 345}, "inputs": {"left": false, "right": false, "up": false, "down": false}}
2025-09-29 16:24:22,071 - game_server - INFO - log_game_event:61 - Игровое событие: обновление_позиции - {"client_id": 0, "position": {"x": 795, "y": 345}, "inputs": {"left": false, "right": false, "up": false, "down": false}}
2025-09-29 16:24:22,108 - game_server - INFO - log_game_event:61 - Игровое событие: обновление_позиции - {"client_id": 0, "position": {"x": 795, "y": 345}, "inputs": {"left": false, "right": false, "up": false, "down": false}}
2025-09-29 16:24:22,144 - game_server - INFO - log_game_event:61 - Игровое событие: обновление_позиции - {"client_id": 0, "position": {"x": 795, "y": 345}, "inputs": {"left": false, "right": false, "up": false, "down": false}}
2025-09-29 16:24:22,181 - game_server - INFO - log_game_event:61 - Игровое событие: обновление_позиции - {"client_id": 0, "position": {"x": 795, "y": 345}, "inputs": {"left": false, "right": false, "up": false, "down": false}}
2025-09-29 16:24:22,218 - game_server - INFO - log_game_event:61 - Игровое событие: обновление_позиции - {"client_id": 0, "position": {"x": 795, "y": 345}, "inputs": {"left": false, "right": false, "up": false, "down": false}}
2025-09-29 16:24:22,253 - game_server - INFO - log_game_event:61 - Игровое событие: обновление_позиции - {"client_id": 0, "position": {"x": 795, "y": 345}, "inputs": {"left": false, "right": false, "up": false, "down": false}}
2025-09-29 16:24:22,289 - game_server - INFO - log_game_event:61 - Игровое событие: обновление_позиции - {"client_id": 0, "position": {"x": 795, "y": 345}, "inputs": {"left": false, "right": false, "up": false, "down": false}}
2025-09-29 16:24:22,325 - game_server - INFO - log_game_event:61 - Игровое событие: обновление_позиции - {"client_id": 0, "position": {"x": 795, "y": 345}, "inputs": {"left": false, "right": false, "up": false, "down": false}}
2025-09-29 16:24:22,362 - game_server - INFO - log_game_event:61 - Игровое событие: обновление_позиции - {"client_id": 0, "position": {"x": 795, "y": 345}, "inputs": {"left": false, "right": false, "up": false, "down": false}}
2025-09-29 16:24:22,398 - game_server - INFO - log_game_event:61 - Игровое событие: обновление_позиции - {"client_id": 0, "position": {"x": 795, "y": 345}, "inputs": {"left": false, "right": false, "up": false, "down": false}}
2025-09-29 16:24:22,435 - game_server - INFO - log_game_event:61 - Игровое событие: обновление_позиции - {"client_id": 0, "position": {"x": 795, "y": 345}, "inputs": {"left": false, "right": false, "up": false, "down": false}}
2025-09-29 16:24:22,472 - game_server - INFO - log_game_event:61 - Игровое событие: обновление_позиции - {"client_id": 0, "position": {"x": 795, "y": 345}, "inputs": {"left": false, "right": false, "up": false, "down": false}}
2025-09-29 16:24:22,508 - game_server - INFO - log_game_event:61 - Игровое событие: обновление_позиции - {"client_id": 0, "position": {"x": 795, "y": 345}, "inputs": {"left": false, "right": false, "up": false, "down": false}}
2025-09-29 16:24:22,545 - game_server - INFO - log_game_event:61 - Игровое событие: обновление_позиции - {"client_id": 0, "position": {"x": 795, "y": 345}, "inputs": {"left": false, "right": false, "up": false, "down": false}}
2025-09-29 16:24:22,582 - game_server - INFO - log_game_event:61 - Игровое событие: обновление_позиции - {"client_id": 0, "position": {"x": 795, "y": 345}, "inputs": {"left": false, "right": false, "up": false, "down": false}}
2025-09-29 16:24:22,620 - game_server - INFO - log_game_event:61 - Игровое событие: обновление_позиции - {"client_id": 0, "position": {"x": 795, "y": 345}, "inputs": {"left": false, "right": false, "up": false, "down": false}}
2025-09-29 16:24:22,657 - game_server - INFO - log_game_event:61 - Игровое событие: обновление_позиции - {"client_id": 0, "position": {"x": 795, "y": 345}, "inputs": {"left": false, "right": false, "up": false, "down": false}}
2025-09-29 16:24:22,693 - game_server - INFO - log_game_event:61 - Игровое событие: обновление_позиции - {"client_id": 0, "position": {"x": 795, "y": 345}, "inputs": {"left": false, "right": false, "up": false, "down": false}}
2025-09-29 16:24:22,730 - game_server - INFO - log_game_event:61 - Игровое событие: обновление_позиции - {"client_id": 0, "position": {"x": 795, "y": 345}, "inputs": {"left": false, "right": false, "up": false, "down": false}}
2025-09-29 16:24:22,767 - game_server - INFO - log_game_event:61 - Игровое событие: обновление_позиции - {"client_id": 0, "position": {"x": 795, "y": 345}, "inputs": {"left": false, "right": false, "up": false, "down": false}}
2025-09-29 16:24:22,803 - game_server - INFO - log_game_event:61 - Игровое событие: обновление_позиции - {"client_id": 0, "position": {"x": 795, "y": 345}, "inputs": {"left": false, "right": false, "up": false, "down": false}}
2025-09-29 16:24:22,838 - game_server - INFO - log_game_event:61 - Игровое событие: обновление_позиции - {"client_id": 0, "position": {"x": 795, "y": 345}, "inputs": {"left": false, "right": false, "up": false, "down": false}}
2025-09-29 16:24:22,876 - game_server - INFO - log_game_event:61 - Игровое событие: обновление_позиции - {"client_id": 0, "position": {"x": 795, "y": 345}, "inputs": {"left": false, "right": false, "up": false, "down": false}}
2025-09-29 16:24:22,911 - game_server - INFO - log_game_event:61 - Игровое событие: обновление_позиции - {"client_id": 0, "position": {"x": 795, "y": 345}, "inputs": {"left": false, "right": false, "up": false, "down": false}}
2025-09-29 16:24:22,948 - game_server - INFO - log_game_event:61 - Игровое событие: обновление_позиции - {"client_id": 0, "position": {"x": 795, "y": 345}, "inputs": {"left": false, "right": false, "up": false, "down": false}}
2025-09-29 16:24:22,984 - game_server - INFO - log_game_event:61 - Игровое событие: обновление_позиции - {"client_id": 0, "position": {"x": 795, "y": 345}, "inputs": {"left": false, "right": false, "up": false, "down": false}}
2025-09-29 16:24:23,022 - game_server - INFO - log_game_event:61 - Игровое событие: обновление_позиции - {"client_id": 0, "position": {"x": 795, "y": 345}, "inputs": {"left": false, "right": false, "up": false, "down": false}}
2025-09-29 16:24:23,057 - game_server - INFO - log_game_event:61 - Игровое событие: обновление_позиции - {"client_id": 0, "position": {"x": 795, "y": 345}, "inputs": {"left": false, "right": false, "up": false, "down": false}}
2025-09-29 16:24:23,093 - game_server - INFO - log_game_event:61 - Игровое событие: обновление_позиции - {"client_id": 0, "position": {"x": 795, "y": 345}, "inputs": {"left": false, "right": false, "up": false, "down": false}}
2025-09-29 16:24:23,129 - game_server - INFO - log_game_event:61 - Игровое событие: обновление_позиции - {"client_id": 0, "position": {"x": 795, "y": 345}, "inputs": {"left": false, "right": false, "up": false, "down": false}}
2025-09-29 16:24:23,166 - game_server - INFO - log_game_event:61 - Игровое событие: обновление_позиции - {"client_id": 0, "position": {"x": 795, "y": 345}, "inputs": {"left": false, "right": false, "up": false, "down": false}}
2025-09-29 16:24:23,198 - game_server - INFO - log_game_event:61 - Игровое событие: обновление_позиции - {"client_id": 0, "position": {"x": 795, "y": 345}, "inputs": {"left": false, "right": false, "up": false, "down": false}}
2025-09-29 16:24:23,236 - game_server - INFO - log_game_event:61 - Игровое событие: обновление_позиции - {"client_id": 0, "position": {"x": 795, "y": 345}, "inputs": {"left": false, "right": false, "up": false, "down": false}}
2025-09-29 16:24:23,274 - game_server - INFO - log_game_event:61 - Игровое событие: обновление_позиции - {"client_id": 0, "position": {"x": 795, "y": 345}, "inputs": {"left": false, "right": false, "up": false, "down": false}}
2025-09-29 16:24:23,309 - game_server - INFO - log_game_event:61 - Игровое событие: обновление_позиции - {"client_id": 0, "position": {"x": 795, "y": 345}, "inputs": {"left": false, "right": false, "up": false, "down": false}}
2025-09-29 16:24:23,344 - game_server - INFO - log_game_event:61 - Игровое событие: обновление_позиции - {"client_id": 0, "position": {"x": 795, "y": 345}, "inputs": {"left": false, "right": false, "up": false, "down": false}}
2025-09-29 16:24:23,383 - game_server - INFO - log_game_event:61 - Игровое событие: обновление_позиции - {"client_id": 0, "position": {"x": 795, "y": 345}, "inputs": {"left": false, "right": false, "up": false, "down": false}}
2025-09-29 16:24:23,412 - game_server - INFO - log_game_event:61 - Игровое событие: обновление_позиции - {"client_id": 0, "position": {"x": 795, "y": 345}, "inputs": {"left": false, "right": false, "up": false, "down": false}}
2025-09-29 16:24:23,439 - game_server - INFO - log_game_event:61 - Игровое событие: обновление_позиции - {"client_id": 0, "position": {"x": 795, "y": 345}, "inputs": {"left": false, "right": false, "up": false, "down": false}}
2025-09-29 16:24:23,471 - game_server - INFO - log_game_event:61 - Игровое событие: обновление_позиции - {"client_id": 0, "position": {"x": 795, "y": 345}, "inputs": {"left": false, "right": false, "up": false, "down": false}}
2025-09-29 16:24:23,503 - game_server - INFO - log_game_event:61 - Игровое событие: обновление_позиции - {"client_id": 0, "position": {"x": 795, "y": 345}, "inputs": {"left": false, "right": false, "up": false, "down": false}}
2025-09-29 16:24:23,537 - game_server - INFO - log_game_event:61 - Игровое событие: обновление_позиции - {"client_id": 0, "position": {"x": 795, "y": 345}, "inputs": {"left": false, "right": false, "up": false, "down": false}}
2025-09-29 16:24:23,572 - game_server - INFO - log_game_event:61 - Игровое событие: обновление_позиции - {"client_id": 0, "position": {"x": 795, "y": 345}, "inputs": {"left": false, "right": false, "up": false, "down": false}}
2025-09-29 16:24:23,606 - game_server - INFO - log_game_event:61 - Игровое событие: обновление_позиции - {"client_id": 0, "position": {"x": 795, "y": 345}, "inputs": {"left": false, "right": false, "up": false, "down": false}}
2025-09-29 16:24:23,638 - game_server - INFO - log_game_event:61 - Игровое событие: обновление_позиции - {"client_id": 0, "position": {"x": 795, "y": 345}, "inputs": {"left": false, "right": false, "up": false, "down": false}}
2025-09-29 16:24:23,668 - game_server - INFO - log_game_event:61 - Игровое событие: обновление_позиции - {"client_id": 0, "position": {"x": 795, "y": 345}, "inputs": {"left": false, "right": false, "up": false, "down": false}}
2025-09-29 16:24:23,697 - game_server - INFO - log_game_event:61 - Игровое событие: обновление_позиции - {"client_id": 0, "position": {"x": 795, "y": 345}, "inputs": {"left": false, "right": false, "up": false, "down": false}}
2025-09-29 16:24:23,726 - game_server - INFO - log_game_event:61 - Игровое событие: обновление_позиции - {"client_id": 0, "position": {"x": 795, "y": 345}, "inputs": {"left": false, "right": false, "up": false, "down": false}}
2025-09-29 16:24:23,757 - game_server - INFO - log_game_event:61 - Игровое событие: обновление_позиции - {"client_id": 0, "position": {"x": 795, "y": 345}, "inputs": {"left": false, "right": false, "up": false, "down": false}}
2025-09-29 16:24:23,785 - game_server - INFO - log_game_event:61 - Игровое событие: обновление_позиции - {"client_id": 0, "position": {"x": 795, "y": 345}, "inputs": {"left": false, "right": false, "up": false, "down": false}}
2025-09-29 16:24:23,811 - game_server - INFO - log_game_event:61 - Игровое событие: обновление_позиции - {"client_id": 0, "position": {"x": 795, "y": 345}, "inputs": {"left": false, "right": false, "up": false, "down": false}}
2025-09-29 16:24:23,845 - game_server - INFO - log_game_event:61 - Игровое событие: обновление_позиции - {"client_id": 0, "position": {"x": 795, "y": 345}, "inputs": {"left": false, "right": false, "up": false, "down": false}}
2025-09-29 16:24:23,884 - game_server - INFO - log_game_event:61 - Игровое событие: обновление_позиции - {"client_id": 0, "position": {"x": 795, "y": 345}, "inputs": {"left": false, "right": false, "up": false, "down": false}}
2025-09-29 16:24:23,921 - game_server - INFO - log_game_event:61 - Игровое событие: обновление_позиции - {"client_id": 0, "position": {"x": 795, "y": 345}, "inputs": {"left": false, "right": false, "up": false, "down": false}}
2025-09-29 16:24:23,959 - game_server - INFO - log_game_event:61 - Игровое событие: обновление_позиции - {"client_id": 0, "position": {"x": 795, "y": 345}, "inputs": {"left": false, "right": false, "up": false, "down": false}}
2025-09-29 16:24:23,996 - game_server - INFO - log_game_event:61 - Игровое событие: обновление_позиции - {"client_id": 0, "position": {"x": 795, "y": 345}, "inputs": {"left": false, "right": false, "up": false, "down": false}}
2025-09-29 16:24:24,031 - game_server - INFO - log_game_event:61 - Игровое событие: обновление_позиции - {"client_id": 0, "position": {"x": 795, "y": 345}, "inputs": {"left": false, "right": false, "up": false, "down": false}}
2025-09-29 16:24:24,069 - game_server - INFO - log_game_event:61 - Игровое событие: обновление_позиции - {"client_id": 0, "position": {"x": 795, "y": 345}, "inputs": {"left": false, "right": false, "up": false, "down": false}}
2025-09-29 16:24:24,107 - game_server - INFO - log_game_event:61 - Игровое событие: обновление_позиции - {"client_id": 0, "position": {"x": 795, "y": 345}, "inputs": {"left": false, "right": false, "up": false, "down": false}}
2025-09-29 16:24:24,143 - game_server - INFO - log_game_event:61 - Игровое событие: обновление_позиции - {"client_id": 0, "position": {"x": 795, "y": 345}, "inputs": {"left": false, "right": false, "up": false, "down": false}}
2025-09-29 16:24:24,178 - game_server - INFO - log_game_event:61 - Игровое событие: обновление_позиции - {"client_id": 0, "position": {"x": 795, "y": 345}, "inputs": {"left": false, "right": false, "up": false, "down": false}}
2025-09-29 16:24:24,214 - game_server - INFO - log_game_event:61 - Игровое событие: обновление_позиции - {"client_id": 0, "position": {"x": 795, "y": 345}, "inputs": {"left": false, "right": false, "up": false, "down": false}}
2025-09-29 16:24:24,254 - game_server - INFO - log_game_event:61 - Игровое событие: обновление_позиции - {"client_id": 0, "position": {"x": 795, "y": 345}, "inputs": {"left": false, "right": false, "up": false, "down": false}}
2025-09-29 16:24:24,289 - game_server - INFO - log_game_event:61 - Игровое событие: обновление_позиции - {"client_id": 0, "position": {"x": 795, "y": 345}, "inputs": {"left": false, "right": false, "up": false, "down": false}}
2025-09-29 16:24:24,325 - game_server - INFO - log_game_event:61 - Игровое событие: обновление_позиции - {"client_id": 0, "position": {"x": 795, "y": 345}, "inputs": {"left": false, "right": false, "up": false, "down": false}}
2025-09-29 16:24:24,362 - game_server - INFO - log_game_event:61 - Игровое событие: обновление_позиции - {"client_id": 0, "position": {"x": 795, "y": 345}, "inputs": {"left": false, "right": false, "up": false, "down": false}}
2025-09-29 16:24:24,399 - game_server - INFO - log_game_event:61 - Игровое событие: обновление_позиции - {"client_id": 0, "position": {"x": 795, "y": 345}, "inputs": {"left": false, "right": false, "up": false, "down": false}}
2025-09-29 16:24:24,435 - game_server - INFO - log_game_event:61 - Игровое событие: обновление_позиции - {"client_id": 0, "position": {"x": 795, "y": 345}, "inputs": {"left": false, "right": false, "up": false, "down": false}}
2025-09-29 16:24:24,472 - game_server - INFO - log_game_event:61 - Игровое событие: обновление_позиции - {"client_id": 0, "position": {"x": 795, "y": 345}, "inputs": {"left": false, "right": false, "up": false, "down": false}}
2025-09-29 16:24:24,508 - game_server - INFO - log_game_event:61 - Игровое событие: обновление_позиции - {"client_id": 0, "position": {"x": 795, "y": 345}, "inputs": {"left": false, "right": false, "up": false, "down": false}}
2025-09-29 16:24:24,545 - game_server - INFO - log_game_event:61 - Игровое событие: обновление_позиции - {"client_id": 0, "position": {"x": 795, "y": 345}, "inputs": {"left": false, "right": false, "up": false, "down": false}}
2025-09-29 16:24:24,582 - game_server - INFO - log_game_event:61 - Игровое событие: обновление_позиции - {"client_id": 0, "position": {"x": 795, "y": 345}, "inputs": {"left": false, "right": false, "up": false, "down": false}}
2025-09-29 16:24:24,621 - game_server - INFO - log_game_event:61 - Игровое событие: обновление_позиции - {"client_id": 0, "position": {"x": 795, "y": 345}, "inputs": {"left": false, "right": false, "up": false, "down": false}}
2025-09-29 16:24:24,659 - game_server - INFO - log_game_event:61 - Игровое событие: обновление_позиции - {"client_id": 0, "position": {"x": 795, "y": 345}, "inputs": {"left": false, "right": false, "up": false, "down": false}}
2025-09-29 16:24:24,694 - game_server - INFO - log_game_event:61 - Игровое событие: обновление_позиции - {"client_id": 0, "position": {"x": 795, "y": 345}, "inputs": {"left": false, "right": false, "up": false, "down": false}}
2025-09-29 16:24:24,732 - game_server - INFO - log_game_event:61 - Игровое событие: обновление_позиции - {"client_id": 0, "position": {"x": 795, "y": 345}, "inputs": {"left": false, "right": false, "up": false, "down": false}}
2025-09-29 16:24:24,769 - game_server - INFO - log_game_event:61 - Игровое событие: обновление_позиции - {"client_id": 0, "position": {"x": 795, "y": 345}, "inputs": {"left": false, "right": false, "up": false, "down": false}}
2025-09-29 16:24:24,806 - game_server - INFO - log_game_event:61 - Игровое событие: обновление_позиции - {"client_id": 0, "position": {"x": 795, "y": 345}, "inputs": {"left": false, "right": false, "up": false, "down": false}}
2025-09-29 16:24:24,842 - game_server - INFO - log_game_event:61 - Игровое событие: обновление_позиции - {"client_id": 0, "position": {"x": 795, "y": 345}, "inputs": {"left": false, "right": false, "up": false, "down": false}}
2025-09-29 16:24:24,879 - game_server - INFO - log_game_event:61 - Игровое событие: обновление_позиции - {"client_id": 0, "position": {"x": 795, "y": 345}, "inputs": {"left": false, "right": false, "up": false, "down": false}}
2025-09-29 16:24:24,916 - game_server - INFO - log_game_event:61 - Игровое событие: обновление_позиции - {"client_id": 0, "position": {"x": 795, "y": 345}, "inputs": {"left": false, "right": false, "up": false, "down": false}}
2025-09-29 16:24:24,953 - game_server - INFO - log_game_event:61 - Игровое событие: обновление_позиции - {"client_id": 0, "position": {"x": 795, "y": 345}, "inputs": {"left": false, "right": false, "up": false, "down": false}}
2025-09-29 16:24:24,989 - game_server - INFO - log_game_event:61 - Игровое событие: обновление_позиции - {"client_id": 0, "position": {"x": 795, "y": 345}, "inputs": {"left": false, "right": false, "up": false, "down": false}}
2025-09-29 16:24:25,028 - game_server - INFO - log_game_event:61 - Игровое событие: обновление_позиции - {"client_id": 0, "position": {"x": 795, "y": 345}, "inputs": {"left": false, "right": false, "up": false, "down": false}}
2025-09-29 16:24:25,063 - game_server - INFO - log_game_event:61 - Игровое событие: обновление_позиции - {"client_id": 0, "position": {"x": 795, "y": 345}, "inputs": {"left": false, "right": false, "up": false, "down": false}}
2025-09-29 16:24:25,100 - game_server - INFO - log_game_event:61 - Игровое событие: обновление_позиции - {"client_id": 0, "position": {"x": 795, "y": 345}, "inputs": {"left": false, "right": false, "up": false, "down": false}}
2025-09-29 16:24:25,136 - game_server - INFO - log_game_event:61 - Игровое событие: обновление_позиции - {"client_id": 0, "position": {"x": 795, "y": 345}, "inputs": {"left": false, "right": false, "up": false, "down": false}}
2025-09-29 16:24:25,171 - game_server - INFO - log_game_event:61 - Игровое событие: обновление_позиции - {"client_id": 0, "position": {"x": 795, "y": 345}, "inputs": {"left": false, "right": false, "up": false, "down": false}}
2025-09-29 16:24:25,208 - game_server - INFO - log_game_event:61 - Игровое событие: обновление_позиции - {"client_id": 0, "position": {"x": 795, "y": 345}, "inputs": {"left": false, "right": false, "up": false, "down": false}}
2025-09-29 16:24:25,243 - game_server - INFO - log_game_event:61 - Игровое событие: обновление_позиции - {"client_id": 0, "position": {"x": 795, "y": 345}, "inputs": {"left": false, "right": false, "up": false, "down": false}}
2025-09-29 16:24:25,280 - game_server - INFO - log_game_event:61 - Игровое событие: обновление_позиции - {"client_id": 0, "position": {"x": 795, "y": 345}, "inputs": {"left": false, "right": false, "up": false, "down": false}}
2025-09-29 16:24:25,317 - game_server - INFO - log_game_event:61 - Игровое событие: обновление_позиции - {"client_id": 0, "position": {"x": 795, "y": 345}, "inputs": {"left": false, "right": false, "up": false, "down": false}}
2025-09-29 16:24:25,353 - game_server - INFO - log_game_event:61 - Игровое событие: обновление_позиции - {"client_id": 0, "position": {"x": 795, "y": 345}, "inputs": {"left": false, "right": false, "up": false, "down": false}}
2025-09-29 16:24:25,389 - game_server - INFO - log_game_event:61 - Игровое событие: обновление_позиции - {"client_id": 0, "position": {"x": 795, "y": 345}, "inputs": {"left": false, "right": false, "up": false, "down": false}}
2025-09-29 16:24:25,426 - game_server - INFO - log_game_event:61 - Игровое событие: обновление_позиции - {"client_id": 0, "position": {"x": 795, "y": 345}, "inputs": {"left": false, "right": false, "up": false, "down": false}}
2025-09-29 16:24:25,463 - game_server - INFO - log_game_event:61 - Игровое событие: обновление_позиции - {"client_id": 0, "position": {"x": 795, "y": 345}, "inputs": {"left": false, "right": false, "up": false, "down": false}}
2025-09-29 16:24:25,499 - game_server - INFO - log_game_event:61 - Игровое событие: обновление_позиции - {"client_id": 0, "position": {"x": 795, "y": 345}, "inputs": {"left": false, "right": false, "up": false, "down": false}}
2025-09-29 16:24:25,536 - game_server - INFO - log_game_event:61 - Игровое событие: обновление_позиции - {"client_id": 0, "position": {"x": 795, "y": 345}, "inputs": {"left": false, "right": false, "up": false, "down": false}}
2025-09-29 16:24:25,562 - game_server - INFO - log_game_event:61 - Игровое событие: обновление_позиции - {"client_id": 0, "position": {"x": 795, "y": 345}, "inputs": {"left": false, "right": false, "up": false, "down": false}}
2025-09-29 16:24:25,601 - game_server - INFO - log_game_event:61 - Игровое событие: обновление_позиции - {"client_id": 0, "position": {"x": 795, "y": 345}, "inputs": {"left": false, "right": false, "up": false, "down": false}}
2025-09-29 16:24:25,638 - game_server - INFO - log_game_event:61 - Игровое событие: обновление_позиции - {"client_id": 0, "position": {"x": 795, "y": 345}, "inputs": {"left": false, "right": false, "up": false, "down": false}}
2025-09-29 16:24:25,674 - game_server - INFO - log_game_event:61 - Игровое событие: обновление_позиции - {"client_id": 0, "position": {"x": 795, "y": 345}, "inputs": {"left": false, "right": false, "up": false, "down": false}}
2025-09-29 16:24:25,710 - game_server - INFO - log_game_event:61 - Игровое событие: обновление_позиции - {"client_id": 0, "position": {"x": 795, "y": 345}, "inputs": {"left": false, "right": false, "up": false, "down": false}}
2025-09-29 16:24:25,747 - game_server - INFO - log_game_event:61 - Игровое событие: обновление_позиции - {"client_id": 0, "position": {"x": 795, "y": 345}, "inputs": {"left": false, "right": false, "up": false, "down": false}}
2025-09-29 16:24:25,785 - game_server - INFO - log_game_event:61 - Игровое событие: обновление_позиции - {"client_id": 0, "position": {"x": 795, "y": 345}, "inputs": {"left": false, "right": false, "up": false, "down": false}}
2025-09-29 16:24:25,820 - game_server - INFO - log_game_event:61 - Игровое событие: обновление_позиции - {"client_id": 0, "position": {"x": 795, "y": 345}, "inputs": {"left": false, "right": false, "up": false, "down": false}}
2025-09-29 16:24:25,856 - game_server - INFO - log_game_event:61 - Игровое событие: обновление_позиции - {"client_id": 0, "position": {"x": 795, "y": 345}, "inputs": {"left": false, "right": false, "up": false, "down": false}}
2025-09-29 16:24:25,893 - game_server - INFO - log_game_event:61 - Игровое событие: обновление_позиции - {"client_id": 0, "position": {"x": 795, "y": 345}, "inputs": {"left": false, "right": false, "up": false, "down": false}}
2025-09-29 16:24:25,927 - game_server - INFO - log_game_event:61 - Игровое событие: обновление_позиции - {"client_id": 0, "position": {"x": 795, "y": 345}, "inputs": {"left": false, "right": false, "up": false, "down": false}}
2025-09-29 16:24:25,963 - game_server - INFO - log_game_event:61 - Игровое событие: обновление_позиции - {"client_id": 0, "position": {"x": 795, "y": 345}, "inputs": {"left": false, "right": false, "up": false, "down": false}}
2025-09-29 16:24:25,999 - game_server - INFO - log_game_event:61 - Игровое событие: обновление_позиции - {"client_id": 0, "position": {"x": 795, "y": 345}, "inputs": {"left": false, "right": false, "up": false, "down": false}}
2025-09-29 16:24:26,037 - game_server - INFO - log_game_event:61 - Игровое событие: обновление_позиции - {"client_id": 0, "position": {"x": 795, "y": 345}, "inputs": {"left": false, "right": false, "up": false, "down": false}}
2025-09-29 16:24:26,073 - game_server - INFO - log_game_event:61 - Игровое событие: обновление_позиции - {"client_id": 0, "position": {"x": 795, "y": 345}, "inputs": {"left": false, "right": false, "up": false, "down": false}}
2025-09-29 16:24:26,109 - game_server - INFO - log_game_event:61 - Игровое событие: обновление_позиции - {"client_id": 0, "position": {"x": 795, "y": 345}, "inputs": {"left": false, "right": false, "up": false, "down": false}}
2025-09-29 16:24:26,144 - game_server - INFO - log_game_event:61 - Игровое событие: обновление_позиции - {"client_id": 0, "position": {"x": 795, "y": 345}, "inputs": {"left": false, "right": false, "up": false, "down": false}}
2025-09-29 16:24:26,183 - game_server - INFO - log_game_event:61 - Игровое событие: обновление_позиции - {"client_id": 0, "position": {"x": 795, "y": 345}, "inputs": {"left": false, "right": false, "up": false, "down": false}}
2025-09-29 16:24:26,220 - game_server - INFO - log_game_event:61 - Игровое событие: обновление_позиции - {"client_id": 0, "position": {"x": 795, "y": 345}, "inputs": {"left": false, "right": false, "up": false, "down": false}}
2025-09-29 16:24:26,257 - game_server - INFO - log_game_event:61 - Игровое событие: обновление_позиции - {"client_id": 0, "position": {"x": 795, "y": 345}, "inputs": {"left": false, "right": false, "up": false, "down": false}}
2025-09-29 16:24:26,294 - game_server - INFO - log_game_event:61 - Игровое событие: обновление_позиции - {"client_id": 0, "position": {"x": 795, "y": 345}, "inputs": {"left": false, "right": false, "up": false, "down": false}}
2025-09-29 16:24:26,330 - game_server - INFO - log_game_event:61 - Игровое событие: обновление_позиции - {"client_id": 0, "position": {"x": 795, "y": 345}, "inputs": {"left": false, "right": false, "up": false, "down": false}}
2025-09-29 16:24:26,366 - game_server - INFO - log_game_event:61 - Игровое событие: обновление_позиции - {"client_id": 0, "position": {"x": 795, "y": 345}, "inputs": {"left": false, "right": false, "up": false, "down": false}}
2025-09-29 16:24:26,403 - game_server - INFO - log_game_event:61 - Игровое событие: обновление_позиции - {"client_id": 0, "position": {"x": 795, "y": 345}, "inputs": {"left": false, "right": false, "up": false, "down": false}}
2025-09-29 16:24:26,440 - game_server - INFO - log_game_event:61 - Игровое событие: обновление_позиции - {"client_id": 0, "position": {"x": 795, "y": 345}, "inputs": {"left": false, "right": false, "up": false, "down": false}}
2025-09-29 16:24:26,476 - game_server - INFO - log_game_event:61 - Игровое событие: обновление_позиции - {"client_id": 0, "position": {"x": 795, "y": 345}, "inputs": {"left": false, "right": false, "up": false, "down": false}}
2025-09-29 16:24:26,511 - game_server - INFO - log_game_event:61 - Игровое событие: обновление_позиции - {"client_id": 0, "position": {"x": 795, "y": 345}, "inputs": {"left": false, "right": false, "up": false, "down": false}}
2025-09-29 16:24:26,547 - game_server - INFO - log_game_event:61 - Игровое событие: обновление_позиции - {"client_id": 0, "position": {"x": 795, "y": 345}, "inputs": {"left": false, "right": false, "up": false, "down": false}}
2025-09-29 16:24:26,587 - game_server - INFO - log_game_event:61 - Игровое событие: обновление_позиции - {"client_id": 0, "position": {"x": 795, "y": 345}, "inputs": {"left": false, "right": false, "up": false, "down": false}}
2025-09-29 16:24:26,624 - game_server - INFO - log_game_event:61 - Игровое событие: обновление_позиции - {"client_id": 0, "position": {"x": 795, "y": 345}, "inputs": {"left": false, "right": false, "up": false, "down": false}}
2025-09-29 16:24:26,659 - game_server - INFO - log_game_event:61 - Игровое событие: обновление_позиции - {"client_id": 0, "position": {"x": 795, "y": 345}, "inputs": {"left": false, "right": false, "up": false, "down": false}}
2025-09-29 16:24:26,696 - game_server - INFO - log_game_event:61 - Игровое событие: обновление_позиции - {"client_id": 0, "position": {"x": 795, "y": 345}, "inputs": {"left": false, "right": false, "up": false, "down": false}}
2025-09-29 16:24:26,731 - game_server - INFO - log_game_event:61 - Игровое событие: обновление_позиции - {"client_id": 0, "position": {"x": 795, "y": 345}, "inputs": {"left": false, "right": false, "up": false, "down": false}}
2025-09-29 16:24:26,766 - game_server - INFO - log_game_event:61 - Игровое событие: обновление_позиции - {"client_id": 0, "position": {"x": 795, "y": 345}, "inputs": {"left": false, "right": false, "up": false, "down": false}}
2025-09-29 16:24:26,804 - game_server - INFO - log_game_event:61 - Игровое событие: обновление_позиции - {"client_id": 0, "position": {"x": 795, "y": 345}, "inputs": {"left": false, "right": false, "up": false, "down": false}}
2025-09-29 16:24:26,842 - game_server - INFO - log_game_event:61 - Игровое событие: обновление_позиции - {"client_id": 0, "position": {"x": 795, "y": 345}, "inputs": {"left": false, "right": false, "up": false, "down": false}}
2025-09-29 16:24:26,879 - game_server - INFO - log_game_event:61 - Игровое событие: обновление_позиции - {"client_id": 0, "position": {"x": 795, "y": 345}, "inputs": {"left": false, "right": false, "up": false, "down": false}}
2025-09-29 16:24:26,914 - game_server - INFO - log_game_event:61 - Игровое событие: обновление_позиции - {"client_id": 0, "position": {"x": 795, "y": 345}, "inputs": {"left": false, "right": false, "up": false, "down": false}}
2025-09-29 16:24:26,951 - game_server - INFO - log_game_event:61 - Игровое событие: обновление_позиции - {"client_id": 0, "position": {"x": 795, "y": 345}, "inputs": {"left": false, "right": false, "up": false, "down": false}}
2025-09-29 16:24:26,991 - game_server - INFO - log_game_event:61 - Игровое событие: обновление_позиции - {"client_id": 0, "position": {"x": 795, "y": 345}, "inputs": {"left": false, "right": false, "up": false, "down": false}}
2025-09-29 16:24:27,026 - game_server - INFO - log_game_event:61 - Игровое событие: обновление_позиции - {"client_id": 0, "position": {"x": 795, "y": 345}, "inputs": {"left": false, "right": false, "up": false, "down": false}}
2025-09-29 16:24:27,062 - game_server - INFO - log_game_event:61 - Игровое событие: обновление_позиции - {"client_id": 0, "position": {"x": 795, "y": 345}, "inputs": {"left": false, "right": false, "up": false, "down": false}}
2025-09-29 16:24:27,096 - game_server - INFO - log_game_event:61 - Игровое событие: обновление_позиции - {"client_id": 0, "position": {"x": 795, "y": 345}, "inputs": {"left": false, "right": false, "up": false, "down": false}}
2025-09-29 16:24:27,124 - game_server - INFO - log_game_event:61 - Игровое событие: обновление_позиции - {"client_id": 0, "position": {"x": 795, "y": 345}, "inputs": {"left": false, "right": false, "up": false, "down": false}}
2025-09-29 16:24:27,159 - game_server - INFO - log_game_event:61 - Игровое событие: обновление_позиции - {"client_id": 0, "position": {"x": 795, "y": 345}, "inputs": {"left": false, "right": false, "up": false, "down": false}}
2025-09-29 16:24:27,198 - game_server - INFO - log_game_event:61 - Игровое событие: обновление_позиции - {"client_id": 0, "position": {"x": 795, "y": 345}, "inputs": {"left": false, "right": false, "up": false, "down": false}}
2025-09-29 16:24:27,232 - game_server - INFO - log_game_event:61 - Игровое событие: обновление_позиции - {"client_id": 0, "position": {"x": 795, "y": 345}, "inputs": {"left": false, "right": false, "up": false, "down": false}}
2025-09-29 16:24:27,268 - game_server - INFO - log_game_event:61 - Игровое событие: обновление_позиции - {"client_id": 0, "position": {"x": 795, "y": 345}, "inputs": {"left": false, "right": false, "up": false, "down": false}}
2025-09-29 16:24:27,303 - game_server - INFO - log_game_event:61 - Игровое событие: обновление_позиции - {"client_id": 0, "position": {"x": 795, "y": 345}, "inputs": {"left": false, "right": false, "up": false, "down": false}}
2025-09-29 16:24:27,339 - game_server - INFO - log_game_event:61 - Игровое событие: обновление_позиции - {"client_id": 0, "position": {"x": 795, "y": 345}, "inputs": {"left": false, "right": false, "up": false, "down": false}}
2025-09-29 16:24:27,373 - game_server - INFO - log_game_event:61 - Игровое событие: обновление_позиции - {"client_id": 0, "position": {"x": 795, "y": 345}, "inputs": {"left": false, "right": false, "up": false, "down": false}}
2025-09-29 16:24:27,408 - game_server - INFO - log_game_event:61 - Игровое событие: обновление_позиции - {"client_id": 0, "position": {"x": 795, "y": 345}, "inputs": {"left": false, "right": false, "up": false, "down": false}}
2025-09-29 16:24:27,444 - game_server - INFO - log_game_event:61 - Игровое событие: обновление_позиции - {"client_id": 0, "position": {"x": 795, "y": 345}, "inputs": {"left": false, "right": false, "up": false, "down": false}}
2025-09-29 16:24:27,480 - game_server - INFO - log_game_event:61 - Игровое событие: обновление_позиции - {"client_id": 0, "position": {"x": 795, "y": 345}, "inputs": {"left": false, "right": false, "up": false, "down": false}}
2025-09-29 16:24:27,517 - game_server - INFO - log_game_event:61 - Игровое событие: обновление_позиции - {"client_id": 0, "position": {"x": 795, "y": 345}, "inputs": {"left": false, "right": false, "up": false, "down": false}}
2025-09-29 16:24:27,554 - game_server - INFO - log_game_event:61 - Игровое событие: обновление_позиции - {"client_id": 0, "position": {"x": 795, "y": 345}, "inputs": {"left": false, "right": false, "up": false, "down": false}}
2025-09-29 16:24:27,590 - game_server - INFO - log_game_event:61 - Игровое событие: обновление_позиции - {"client_id": 0, "position": {"x": 795, "y": 345}, "inputs": {"left": false, "right": false, "up": false, "down": false}}
2025-09-29 16:24:27,626 - game_server - INFO - log_game_event:61 - Игровое событие: обновление_позиции - {"client_id": 0, "position": {"x": 795, "y": 345}, "inputs": {"left": false, "right": false, "up": false, "down": false}}
2025-09-29 16:24:27,663 - game_server - INFO - log_game_event:61 - Игровое событие: обновление_позиции - {"client_id": 0, "position": {"x": 795, "y": 345}, "inputs": {"left": false, "right": false, "up": false, "down": false}}
2025-09-29 16:24:27,699 - game_server - INFO - log_game_event:61 - Игровое событие: обновление_позиции - {"client_id": 0, "position": {"x": 795, "y": 345}, "inputs": {"left": false, "right": false, "up": false, "down": false}}
2025-09-29 16:24:27,735 - game_server - INFO - log_game_event:61 - Игровое событие: обновление_позиции - {"client_id": 0, "position": {"x": 795, "y": 345}, "inputs": {"left": false, "right": false, "up": false, "down": false}}
2025-09-29 16:24:27,774 - game_server - INFO - log_game_event:61 - Игровое событие: обновление_позиции - {"client_id": 0, "position": {"x": 795, "y": 345}, "inputs": {"left": false, "right": false, "up": false, "down": false}}
2025-09-29 16:24:27,812 - game_server - INFO - log_game_event:61 - Игровое событие: обновление_позиции - {"client_id": 0, "position": {"x": 795, "y": 345}, "inputs": {"left": false, "right": false, "up": false, "down": false}}
2025-09-29 16:24:27,848 - game_server - INFO - log_game_event:61 - Игровое событие: обновление_позиции - {"client_id": 0, "position": {"x": 795, "y": 345}, "inputs": {"left": false, "right": false, "up": false, "down": false}}
2025-09-29 16:24:27,886 - game_server - INFO - log_game_event:61 - Игровое событие: обновление_позиции - {"client_id": 0, "position": {"x": 795, "y": 345}, "inputs": {"left": false, "right": false, "up": false, "down": false}}
2025-09-29 16:24:27,921 - game_server - INFO - log_game_event:61 - Игровое событие: обновление_позиции - {"client_id": 0, "position": {"x": 795, "y": 345}, "inputs": {"left": false, "right": false, "up": false, "down": false}}
2025-09-29 16:24:27,957 - game_server - INFO - log_game_event:61 - Игровое событие: обновление_позиции - {"client_id": 0, "position": {"x": 795, "y": 345}, "inputs": {"left": false, "right": false, "up": false, "down": false}}
2025-09-29 16:24:27,994 - game_server - INFO - log_game_event:61 - Игровое событие: обновление_позиции - {"client_id": 0, "position": {"x": 795, "y": 345}, "inputs": {"left": false, "right": false, "up": false, "down": false}}
2025-09-29 16:24:28,032 - game_server - INFO - log_game_event:61 - Игровое событие: обновление_позиции - {"client_id": 0, "position": {"x": 795, "y": 345}, "inputs": {"left": false, "right": false, "up": false, "down": false}}
2025-09-29 16:24:28,070 - game_server - INFO - log_game_event:61 - Игровое событие: обновление_позиции - {"client_id": 0, "position": {"x": 795, "y": 345}, "inputs": {"left": false, "right": false, "up": false, "down": false}}
2025-09-29 16:24:28,106 - game_server - INFO - log_game_event:61 - Игровое событие: обновление_позиции - {"client_id": 0, "position": {"x": 795, "y": 345}, "inputs": {"left": false, "right": false, "up": false, "down": false}}
2025-09-29 16:24:28,143 - game_server - INFO - log_game_event:61 - Игровое событие: обновление_позиции - {"client_id": 0, "position": {"x": 795, "y": 345}, "inputs": {"left": false, "right": false, "up": false, "down": false}}
2025-09-29 16:24:28,177 - game_server - INFO - log_game_event:61 - Игровое событие: обновление_позиции - {"client_id": 0, "position": {"x": 795, "y": 345}, "inputs": {"left": false, "right": false, "up": false, "down": false}}
2025-09-29 16:24:28,210 - game_server - INFO - log_game_event:61 - Игровое событие: обновление_позиции - {"client_id": 0, "position": {"x": 795, "y": 345}, "inputs": {"left": false, "right": false, "up": false, "down": false}}
2025-09-29 16:24:28,244 - game_server - INFO - log_game_event:61 - Игровое событие: обновление_позиции - {"client_id": 0, "position": {"x": 795, "y": 345}, "inputs": {"left": false, "right": false, "up": false, "down": false}}
2025-09-29 16:24:28,278 - game_server - INFO - log_game_event:61 - Игровое событие: обновление_позиции - {"client_id": 0, "position": {"x": 795, "y": 345}, "inputs": {"left": false, "right": false, "up": false, "down": false}}
2025-09-29 16:24:28,312 - game_server - INFO - log_game_event:61 - Игровое событие: обновление_позиции - {"client_id": 0, "position": {"x": 795, "y": 345}, "inputs": {"left": false, "right": false, "up": false, "down": false}}
2025-09-29 16:24:28,343 - game_server - INFO - log_game_event:61 - Игровое событие: обновление_позиции - {"client_id": 0, "position": {"x": 795, "y": 345}, "inputs": {"left": false, "right": false, "up": false, "down": false}}
2025-09-29 16:24:28,371 - game_server - INFO - log_game_event:61 - Игровое событие: обновление_позиции - {"client_id": 0, "position": {"x": 795, "y": 345}, "inputs": {"left": false, "right": false, "up": false, "down": false}}
2025-09-29 16:24:28,403 - game_server - INFO - log_game_event:61 - Игровое событие: обновление_позиции - {"client_id": 0, "position": {"x": 795, "y": 345}, "inputs": {"left": false, "right": false, "up": false, "down": false}}
2025-09-29 16:24:28,438 - game_server - INFO - log_game_event:61 - Игровое событие: обновление_позиции - {"client_id": 0, "position": {"x": 795, "y": 345}, "inputs": {"left": false, "right": false, "up": false, "down": false}}
2025-09-29 16:24:28,468 - game_server - INFO - log_game_event:61 - Игровое событие: обновление_позиции - {"client_id": 0, "position": {"x": 795, "y": 345}, "inputs": {"left": false, "right": false, "up": false, "down": false}}
2025-09-29 16:24:28,500 - game_server - INFO - log_game_event:61 - Игровое событие: обновление_позиции - {"client_id": 0, "position": {"x": 795, "y": 345}, "inputs": {"left": false, "right": false, "up": false, "down": false}}
2025-09-29 16:24:28,536 - game_server - INFO - log_game_event:61 - Игровое событие: обновление_позиции - {"client_id": 0, "position": {"x": 795, "y": 345}, "inputs": {"left": false, "right": false, "up": false, "down": false}}
2025-09-29 16:24:28,572 - game_server - INFO - log_game_event:61 - Игровое событие: обновление_позиции - {"client_id": 0, "position": {"x": 795, "y": 345}, "inputs": {"left": false, "right": false, "up": false, "down": false}}
2025-09-29 16:24:28,606 - game_server - INFO - log_game_event:61 - Игровое событие: обновление_позиции - {"client_id": 0, "position": {"x": 795, "y": 345}, "inputs": {"left": false, "right": false, "up": false, "down": false}}
2025-09-29 16:24:28,642 - game_server - INFO - log_game_event:61 - Игровое событие: обновление_позиции - {"client_id": 0, "position": {"x": 795, "y": 345}, "inputs": {"left": false, "right": false, "up": false, "down": false}}
2025-09-29 16:24:28,679 - game_server - INFO - log_game_event:61 - Игровое событие: обновление_позиции - {"client_id": 0, "position": {"x": 795, "y": 345}, "inputs": {"left": false, "right": false, "up": false, "down": false}}
2025-09-29 16:24:28,716 - game_server - INFO - log_game_event:61 - Игровое событие: обновление_позиции - {"client_id": 0, "position": {"x": 795, "y": 345}, "inputs": {"left": false, "right": false, "up": false, "down": false}}
2025-09-29 16:24:28,752 - game_server - INFO - log_game_event:61 - Игровое событие: обновление_позиции - {"client_id": 0, "position": {"x": 795, "y": 345}, "inputs": {"left": false, "right": false, "up": false, "down": false}}
2025-09-29 16:24:28,788 - game_server - INFO - log_game_event:61 - Игровое событие: обновление_позиции - {"client_id": 0, "position": {"x": 795, "y": 345}, "inputs": {"left": false, "right": false, "up": false, "down": false}}
2025-09-29 16:24:28,825 - game_server - INFO - log_game_event:61 - Игровое событие: обновление_позиции - {"client_id": 0, "position": {"x": 795, "y": 345}, "inputs": {"left": false, "right": false, "up": false, "down": false}}
2025-09-29 16:24:28,861 - game_server - INFO - log_game_event:61 - Игровое событие: обновление_позиции - {"client_id": 0, "position": {"x": 795, "y": 345}, "inputs": {"left": false, "right": false, "up": false, "down": false}}
2025-09-29 16:24:28,899 - game_server - INFO - log_game_event:61 - Игровое событие: обновление_позиции - {"client_id": 0, "position": {"x": 795, "y": 345}, "inputs": {"left": false, "right": false, "up": false, "down": false}}
2025-09-29 16:24:28,937 - game_server - INFO - log_game_event:61 - Игровое событие: обновление_позиции - {"client_id": 0, "position": {"x": 795, "y": 345}, "inputs": {"left": false, "right": false, "up": false, "down": false}}
2025-09-29 16:24:28,973 - game_server - INFO - log_game_event:61 - Игровое событие: обновление_позиции - {"client_id": 0, "position": {"x": 795, "y": 345}, "inputs": {"left": false, "right": false, "up": false, "down": false}}
2025-09-29 16:24:29,009 - game_server - INFO - log_game_event:61 - Игровое событие: обновление_позиции - {"client_id": 0, "position": {"x": 795, "y": 345}, "inputs": {"left": false, "right": false, "up": false, "down": false}}
2025-09-29 16:24:29,042 - game_server - INFO - log_game_event:61 - Игровое событие: обновление_позиции - {"client_id": 0, "position": {"x": 795, "y": 345}, "inputs": {"left": false, "right": false, "up": false, "down": false}}
2025-09-29 16:24:29,076 - game_server - INFO - log_game_event:61 - Игровое событие: обновление_позиции - {"client_id": 0, "position": {"x": 795, "y": 345}, "inputs": {"left": false, "right": false, "up": false, "down": false}}
2025-09-29 16:24:29,109 - game_server - INFO - log_game_event:61 - Игровое событие: обновление_позиции - {"client_id": 0, "position": {"x": 795, "y": 345}, "inputs": {"left": false, "right": false, "up": false, "down": false}}
2025-09-29 16:24:29,144 - game_server - INFO - log_game_event:61 - Игровое событие: обновление_позиции - {"client_id": 0, "position": {"x": 795, "y": 345}, "inputs": {"left": false, "right": false, "up": false, "down": false}}
2025-09-29 16:24:29,182 - game_server - INFO - log_game_event:61 - Игровое событие: обновление_позиции - {"client_id": 0, "position": {"x": 795, "y": 345}, "inputs": {"left": false, "right": false, "up": false, "down": false}}
2025-09-29 16:24:29,219 - game_server - INFO - log_game_event:61 - Игровое событие: обновление_позиции - {"client_id": 0, "position": {"x": 795, "y": 345}, "inputs": {"left": false, "right": false, "up": false, "down": false}}
2025-09-29 16:24:29,249 - game_server - INFO - log_game_event:61 - Игровое событие: обновление_позиции - {"client_id": 0, "position": {"x": 795, "y": 345}, "inputs": {"left": false, "right": false, "up": false, "down": false}}
2025-09-29 16:24:29,283 - game_server - INFO - log_game_event:61 - Игровое событие: обновление_позиции - {"client_id": 0, "position": {"x": 795, "y": 345}, "inputs": {"left": false, "right": false, "up": false, "down": false}}
2025-09-29 16:24:29,319 - game_server - INFO - log_game_event:61 - Игровое событие: обновление_позиции - {"client_id": 0, "position": {"x": 795, "y": 345}, "inputs": {"left": false, "right": false, "up": false, "down": false}}
2025-09-29 16:24:29,356 - game_server - INFO - log_game_event:61 - Игровое событие: обновление_позиции - {"client_id": 0, "position": {"x": 795, "y": 345}, "inputs": {"left": false, "right": false, "up": false, "down": false}}
2025-09-29 16:24:29,388 - game_server - INFO - log_game_event:61 - Игровое событие: обновление_позиции - {"client_id": 0, "position": {"x": 795, "y": 345}, "inputs": {"left": false, "right": false, "up": false, "down": false}}
2025-09-29 16:24:29,420 - game_server - INFO - log_game_event:61 - Игровое событие: обновление_позиции - {"client_id": 0, "position": {"x": 795, "y": 345}, "inputs": {"left": false, "right": false, "up": false, "down": false}}
2025-09-29 16:24:29,454 - game_server - INFO - log_game_event:61 - Игровое событие: обновление_позиции - {"client_id": 0, "position": {"x": 795, "y": 345}, "inputs": {"left": false, "right": false, "up": false, "down": false}}
2025-09-29 16:24:29,479 - game_server - INFO - log_game_event:61 - Игровое событие: обновление_позиции - {"client_id": 0, "position": {"x": 795, "y": 345}, "inputs": {"left": false, "right": false, "up": false, "down": false}}
2025-09-29 16:24:29,513 - game_server - INFO - log_game_event:61 - Игровое событие: обновление_позиции - {"client_id": 0, "position": {"x": 795, "y": 345}, "inputs": {"left": false, "right": false, "up": false, "down": false}}
2025-09-29 16:24:29,548 - game_server - INFO - log_game_event:61 - Игровое событие: обновление_позиции - {"client_id": 0, "position": {"x": 795, "y": 345}, "inputs": {"left": false, "right": false, "up": false, "down": false}}
2025-09-29 16:24:29,582 - game_server - INFO - log_game_event:61 - Игровое событие: обновление_позиции - {"client_id": 0, "position": {"x": 795, "y": 345}, "inputs": {"left": false, "right": false, "up": false, "down": false}}
2025-09-29 16:24:29,616 - game_server - INFO - log_game_event:61 - Игровое событие: обновление_позиции - {"client_id": 0, "position": {"x": 795, "y": 345}, "inputs": {"left": false, "right": false, "up": false, "down": false}}
2025-09-29 16:24:29,639 - game_server - INFO - log_game_event:61 - Игровое событие: обновление_позиции - {"client_id": 0, "position": {"x": 795, "y": 345}, "inputs": {"left": false, "right": false, "up": false, "down": false}}
2025-09-29 16:24:29,674 - game_server - INFO - log_game_event:61 - Игровое событие: обновление_позиции - {"client_id": 0, "position": {"x": 795, "y": 345}, "inputs": {"left": false, "right": false, "up": false, "down": false}}
2025-09-29 16:24:29,708 - game_server - INFO - log_game_event:61 - Игровое событие: обновление_позиции - {"client_id": 0, "position": {"x": 795, "y": 345}, "inputs": {"left": false, "right": false, "up": false, "down": false}}
2025-09-29 16:24:29,740 - game_server - INFO - log_game_event:61 - Игровое событие: обновление_позиции - {"client_id": 0, "position": {"x": 795, "y": 345}, "inputs": {"left": false, "right": false, "up": false, "down": false}}
2025-09-29 16:24:29,775 - game_server - INFO - log_game_event:61 - Игровое событие: обновление_позиции - {"client_id": 0, "position": {"x": 795, "y": 345}, "inputs": {"left": false, "right": false, "up": false, "down": false}}
2025-09-29 16:24:29,809 - game_server - INFO - log_game_event:61 - Игровое событие: обновление_позиции - {"client_id": 0, "position": {"x": 795, "y": 345}, "inputs": {"left": false, "right": false, "up": false, "down": false}}
2025-09-29 16:24:29,842 - game_server - INFO - log_game_event:61 - Игровое событие: обновление_позиции - {"client_id": 0, "position": {"x": 795, "y": 345}, "inputs": {"left": false, "right": false, "up": false, "down": false}}
2025-09-29 16:24:29,876 - game_server - INFO - log_game_event:61 - Игровое событие: обновление_позиции - {"client_id": 0, "position": {"x": 795, "y": 345}, "inputs": {"left": false, "right": false, "up": false, "down": false}}
2025-09-29 16:24:29,906 - game_server - INFO - log_game_event:61 - Игровое событие: обновление_позиции - {"client_id": 0, "position": {"x": 795, "y": 345}, "inputs": {"left": false, "right": false, "up": false, "down": false}}
2025-09-29 16:24:29,940 - game_server - INFO - log_game_event:61 - Игровое событие: обновление_позиции - {"client_id": 0, "position": {"x": 795, "y": 345}, "inputs": {"left": false, "right": false, "up": false, "down": false}}
2025-09-29 16:24:29,974 - game_server - INFO - log_game_event:61 - Игровое событие: обновление_позиции - {"client_id": 0, "position": {"x": 795, "y": 345}, "inputs": {"left": false, "right": false, "up": false, "down": false}}
2025-09-29 16:24:30,010 - game_server - INFO - log_game_event:61 - Игровое событие: обновление_позиции - {"client_id": 0, "position": {"x": 795, "y": 345}, "inputs": {"left": false, "right": false, "up": false, "down": false}}
2025-09-29 16:24:30,049 - game_server - INFO - log_game_event:61 - Игровое событие: обновление_позиции - {"client_id": 0, "position": {"x": 795, "y": 345}, "inputs": {"left": false, "right": false, "up": false, "down": false}}
2025-09-29 16:24:30,080 - game_server - INFO - log_game_event:61 - Игровое событие: обновление_позиции - {"client_id": 0, "position": {"x": 795, "y": 345}, "inputs": {"left": false, "right": false, "up": false, "down": false}}
2025-09-29 16:24:30,117 - game_server - INFO - log_game_event:61 - Игровое событие: обновление_позиции - {"client_id": 0, "position": {"x": 795, "y": 345}, "inputs": {"left": false, "right": false, "up": false, "down": false}}
2025-09-29 16:24:30,153 - game_server - INFO - log_game_event:61 - Игровое событие: обновление_позиции - {"client_id": 0, "position": {"x": 795, "y": 345}, "inputs": {"left": false, "right": false, "up": false, "down": false}}
2025-09-29 16:24:30,184 - game_server - INFO - log_game_event:61 - Игровое событие: обновление_позиции - {"client_id": 0, "position": {"x": 795, "y": 345}, "inputs": {"left": false, "right": false, "up": false, "down": false}}
2025-09-29 16:24:30,218 - game_server - INFO - log_game_event:61 - Игровое событие: обновление_позиции - {"client_id": 0, "position": {"x": 795, "y": 345}, "inputs": {"left": false, "right": false, "up": false, "down": false}}
2025-09-29 16:24:30,255 - game_server - INFO - log_game_event:61 - Игровое событие: обновление_позиции - {"client_id": 0, "position": {"x": 795, "y": 345}, "inputs": {"left": false, "right": false, "up": false, "down": false}}
2025-09-29 16:24:30,294 - game_server - INFO - log_game_event:61 - Игровое событие: обновление_позиции - {"client_id": 0, "position": {"x": 795, "y": 345}, "inputs": {"left": false, "right": false, "up": false, "down": false}}
2025-09-29 16:24:30,329 - game_server - INFO - log_game_event:61 - Игровое событие: обновление_позиции - {"client_id": 0, "position": {"x": 795, "y": 345}, "inputs": {"left": false, "right": false, "up": false, "down": false}}
2025-09-29 16:24:30,364 - game_server - INFO - log_game_event:61 - Игровое событие: обновление_позиции - {"client_id": 0, "position": {"x": 795, "y": 345}, "inputs": {"left": false, "right": false, "up": false, "down": false}}
2025-09-29 16:24:30,399 - game_server - INFO - log_game_event:61 - Игровое событие: обновление_позиции - {"client_id": 0, "position": {"x": 795, "y": 345}, "inputs": {"left": false, "right": false, "up": false, "down": false}}
2025-09-29 16:24:30,434 - game_server - INFO - log_game_event:61 - Игровое событие: обновление_позиции - {"client_id": 0, "position": {"x": 795, "y": 345}, "inputs": {"left": false, "right": false, "up": false, "down": false}}
2025-09-29 16:24:30,472 - game_server - INFO - log_game_event:61 - Игровое событие: обновление_позиции - {"client_id": 0, "position": {"x": 795, "y": 345}, "inputs": {"left": false, "right": false, "up": false, "down": false}}
2025-09-29 16:24:30,499 - game_server - INFO - log_game_event:61 - Игровое событие: обновление_позиции - {"client_id": 0, "position": {"x": 795, "y": 345}, "inputs": {"left": false, "right": false, "up": false, "down": false}}
2025-09-29 16:24:30,531 - game_server - INFO - log_game_event:61 - Игровое событие: обновление_позиции - {"client_id": 0, "position": {"x": 795, "y": 345}, "inputs": {"left": false, "right": false, "up": false, "down": false}}
2025-09-29 16:24:30,568 - game_server - INFO - log_game_event:61 - Игровое событие: обновление_позиции - {"client_id": 0, "position": {"x": 795, "y": 345}, "inputs": {"left": false, "right": false, "up": false, "down": false}}
2025-09-29 16:24:30,606 - game_server - INFO - log_game_event:61 - Игровое событие: обновление_позиции - {"client_id": 0, "position": {"x": 795, "y": 345}, "inputs": {"left": false, "right": false, "up": false, "down": false}}
2025-09-29 16:24:30,642 - game_server - INFO - log_game_event:61 - Игровое событие: обновление_позиции - {"client_id": 0, "position": {"x": 795, "y": 345}, "inputs": {"left": false, "right": false, "up": false, "down": false}}
2025-09-29 16:24:30,679 - game_server - INFO - log_game_event:61 - Игровое событие: обновление_позиции - {"client_id": 0, "position": {"x": 795, "y": 345}, "inputs": {"left": false, "right": false, "up": false, "down": false}}
2025-09-29 16:24:30,713 - game_server - INFO - log_game_event:61 - Игровое событие: обновление_позиции - {"client_id": 0, "position": {"x": 795, "y": 345}, "inputs": {"left": false, "right": false, "up": false, "down": false}}
2025-09-29 16:24:30,749 - game_server - INFO - log_game_event:61 - Игровое событие: обновление_позиции - {"client_id": 0, "position": {"x": 795, "y": 345}, "inputs": {"left": false, "right": false, "up": false, "down": false}}
2025-09-29 16:24:30,787 - game_server - INFO - log_game_event:61 - Игровое событие: обновление_позиции - {"client_id": 0, "position": {"x": 795, "y": 345}, "inputs": {"left": false, "right": false, "up": false, "down": false}}
2025-09-29 16:24:30,823 - game_server - INFO - log_game_event:61 - Игровое событие: обновление_позиции - {"client_id": 0, "position": {"x": 795, "y": 345}, "inputs": {"left": false, "right": false, "up": false, "down": false}}
2025-09-29 16:24:30,855 - game_server - INFO - log_game_event:61 - Игровое событие: обновление_позиции - {"client_id": 0, "position": {"x": 795, "y": 345}, "inputs": {"left": false, "right": false, "up": false, "down": false}}
2025-09-29 16:24:30,892 - game_server - INFO - log_game_event:61 - Игровое событие: обновление_позиции - {"client_id": 0, "position": {"x": 795, "y": 345}, "inputs": {"left": false, "right": false, "up": false, "down": false}}
2025-09-29 16:24:30,930 - game_server - INFO - log_game_event:61 - Игровое событие: обновление_позиции - {"client_id": 0, "position": {"x": 795, "y": 345}, "inputs": {"left": false, "right": false, "up": false, "down": false}}
2025-09-29 16:24:30,969 - game_server - INFO - log_game_event:61 - Игровое событие: обновление_позиции - {"client_id": 0, "position": {"x": 795, "y": 345}, "inputs": {"left": false, "right": false, "up": false, "down": false}}
2025-09-29 16:24:31,006 - game_server - INFO - log_game_event:61 - Игровое событие: обновление_позиции - {"client_id": 0, "position": {"x": 795, "y": 345}, "inputs": {"left": false, "right": false, "up": false, "down": false}}
2025-09-29 16:24:31,040 - game_server - INFO - log_game_event:61 - Игровое событие: обновление_позиции - {"client_id": 0, "position": {"x": 795, "y": 345}, "inputs": {"left": false, "right": false, "up": false, "down": false}}
2025-09-29 16:24:31,075 - game_server - INFO - log_game_event:61 - Игровое событие: обновление_позиции - {"client_id": 0, "position": {"x": 795, "y": 345}, "inputs": {"left": false, "right": false, "up": false, "down": false}}
2025-09-29 16:24:31,112 - game_server - INFO - log_game_event:61 - Игровое событие: обновление_позиции - {"client_id": 0, "position": {"x": 795, "y": 345}, "inputs": {"left": false, "right": false, "up": false, "down": false}}
2025-09-29 16:24:31,149 - game_server - INFO - log_game_event:61 - Игровое событие: обновление_позиции - {"client_id": 0, "position": {"x": 795, "y": 345}, "inputs": {"left": false, "right": false, "up": false, "down": false}}
2025-09-29 16:24:31,186 - game_server - INFO - log_game_event:61 - Игровое событие: обновление_позиции - {"client_id": 0, "position": {"x": 795, "y": 345}, "inputs": {"left": false, "right": false, "up": false, "down": false}}
2025-09-29 16:24:31,219 - game_server - INFO - log_game_event:61 - Игровое событие: обновление_позиции - {"client_id": 0, "position": {"x": 795, "y": 345}, "inputs": {"left": false, "right": false, "up": false, "down": false}}
2025-09-29 16:24:31,257 - game_server - INFO - log_game_event:61 - Игровое событие: обновление_позиции - {"client_id": 0, "position": {"x": 795, "y": 345}, "inputs": {"left": false, "right": false, "up": false, "down": false}}
2025-09-29 16:24:31,295 - game_server - INFO - log_game_event:61 - Игровое событие: обновление_позиции - {"client_id": 0, "position": {"x": 795, "y": 345}, "inputs": {"left": false, "right": false, "up": false, "down": false}}
2025-09-29 16:24:31,332 - game_server - INFO - log_game_event:61 - Игровое событие: обновление_позиции - {"client_id": 0, "position": {"x": 795, "y": 345}, "inputs": {"left": false, "right": false, "up": false, "down": false}}
2025-09-29 16:24:31,371 - game_server - INFO - log_game_event:61 - Игровое событие: обновление_позиции - {"client_id": 0, "position": {"x": 795, "y": 345}, "inputs": {"left": false, "right": false, "up": false, "down": false}}
2025-09-29 16:24:31,407 - game_server - INFO - log_game_event:61 - Игровое событие: обновление_позиции - {"client_id": 0, "position": {"x": 795, "y": 345}, "inputs": {"left": false, "right": false, "up": false, "down": false}}
2025-09-29 16:24:31,443 - game_server - INFO - log_game_event:61 - Игровое событие: обновление_позиции - {"client_id": 0, "position": {"x": 795, "y": 345}, "inputs": {"left": false, "right": false, "up": false, "down": false}}
2025-09-29 16:24:31,479 - game_server - INFO - log_game_event:61 - Игровое событие: обновление_позиции - {"client_id": 0, "position": {"x": 795, "y": 345}, "inputs": {"left": false, "right": false, "up": false, "down": false}}
2025-09-29 16:24:31,516 - game_server - INFO - log_game_event:61 - Игровое событие: обновление_позиции - {"client_id": 0, "position": {"x": 795, "y": 345}, "inputs": {"left": false, "right": false, "up": false, "down": false}}
2025-09-29 16:24:31,544 - game_server - INFO - log_game_event:61 - Игровое событие: обновление_позиции - {"client_id": 0, "position": {"x": 795, "y": 345}, "inputs": {"left": false, "right": false, "up": false, "down": false}}
2025-09-29 16:24:31,580 - game_server - INFO - log_game_event:61 - Игровое событие: обновление_позиции - {"client_id": 0, "position": {"x": 795, "y": 345}, "inputs": {"left": false, "right": false, "up": false, "down": false}}
2025-09-29 16:24:31,619 - game_server - INFO - log_game_event:61 - Игровое событие: обновление_позиции - {"client_id": 0, "position": {"x": 795, "y": 345}, "inputs": {"left": false, "right": false, "up": false, "down": false}}
2025-09-29 16:24:31,657 - game_server - INFO - log_game_event:61 - Игровое событие: обновление_позиции - {"client_id": 0, "position": {"x": 795, "y": 345}, "inputs": {"left": false, "right": false, "up": false, "down": false}}
2025-09-29 16:24:31,694 - game_server - INFO - log_game_event:61 - Игровое событие: обновление_позиции - {"client_id": 0, "position": {"x": 795, "y": 345}, "inputs": {"left": false, "right": false, "up": false, "down": false}}
2025-09-29 16:24:31,730 - game_server - INFO - log_game_event:61 - Игровое событие: обновление_позиции - {"client_id": 0, "position": {"x": 795, "y": 345}, "inputs": {"left": false, "right": false, "up": false, "down": false}}
2025-09-29 16:24:31,767 - game_server - INFO - log_game_event:61 - Игровое событие: обновление_позиции - {"client_id": 0, "position": {"x": 795, "y": 345}, "inputs": {"left": false, "right": false, "up": false, "down": false}}
2025-09-29 16:24:31,794 - game_server - INFO - log_game_event:61 - Игровое событие: обновление_позиции - {"client_id": 0, "position": {"x": 795, "y": 345}, "inputs": {"left": false, "right": false, "up": false, "down": false}}
2025-09-29 16:24:31,834 - game_server - INFO - log_game_event:61 - Игровое событие: обновление_позиции - {"client_id": 0, "position": {"x": 795, "y": 345}, "inputs": {"left": false, "right": false, "up": false, "down": false}}
2025-09-29 16:24:31,870 - game_server - INFO - log_game_event:61 - Игровое событие: обновление_позиции - {"client_id": 0, "position": {"x": 795, "y": 345}, "inputs": {"left": false, "right": false, "up": false, "down": false}}
2025-09-29 16:24:31,907 - game_server - INFO - log_game_event:61 - Игровое событие: обновление_позиции - {"client_id": 0, "position": {"x": 795, "y": 345}, "inputs": {"left": false, "right": false, "up": false, "down": false}}
2025-09-29 16:24:31,945 - game_server - INFO - log_game_event:61 - Игровое событие: обновление_позиции - {"client_id": 0, "position": {"x": 795, "y": 345}, "inputs": {"left": false, "right": false, "up": false, "down": false}}
2025-09-29 16:24:31,984 - game_server - INFO - log_game_event:61 - Игровое событие: обновление_позиции - {"client_id": 0, "position": {"x": 795, "y": 345}, "inputs": {"left": false, "right": false, "up": false, "down": false}}
2025-09-29 16:24:32,021 - game_server - INFO - log_game_event:61 - Игровое событие: обновление_позиции - {"client_id": 0, "position": {"x": 795, "y": 345}, "inputs": {"left": false, "right": false, "up": false, "down": false}}
2025-09-29 16:24:32,058 - game_server - INFO - log_game_event:61 - Игровое событие: обновление_позиции - {"client_id": 0, "position": {"x": 795, "y": 345}, "inputs": {"left": false, "right": false, "up": false, "down": false}}
2025-09-29 16:24:32,094 - game_server - INFO - log_game_event:61 - Игровое событие: обновление_позиции - {"client_id": 0, "position": {"x": 795, "y": 345}, "inputs": {"left": false, "right": false, "up": false, "down": false}}
2025-09-29 16:24:32,132 - game_server - INFO - log_game_event:61 - Игровое событие: обновление_позиции - {"client_id": 0, "position": {"x": 795, "y": 345}, "inputs": {"left": false, "right": false, "up": false, "down": false}}
2025-09-29 16:24:32,169 - game_server - INFO - log_game_event:61 - Игровое событие: обновление_позиции - {"client_id": 0, "position": {"x": 795, "y": 345}, "inputs": {"left": false, "right": false, "up": false, "down": false}}
2025-09-29 16:24:32,201 - game_server - INFO - log_game_event:61 - Игровое событие: обновление_позиции - {"client_id": 0, "position": {"x": 795, "y": 345}, "inputs": {"left": false, "right": false, "up": false, "down": false}}
2025-09-29 16:24:32,236 - game_server - INFO - log_game_event:61 - Игровое событие: обновление_позиции - {"client_id": 0, "position": {"x": 795, "y": 345}, "inputs": {"left": false, "right": false, "up": false, "down": false}}
2025-09-29 16:24:32,276 - game_server - INFO - log_game_event:61 - Игровое событие: обновление_позиции - {"client_id": 0, "position": {"x": 795, "y": 345}, "inputs": {"left": false, "right": false, "up": false, "down": false}}
2025-09-29 16:24:32,313 - game_server - INFO - log_game_event:61 - Игровое событие: обновление_позиции - {"client_id": 0, "position": {"x": 795, "y": 345}, "inputs": {"left": false, "right": false, "up": false, "down": false}}
2025-09-29 16:24:32,349 - game_server - INFO - log_game_event:61 - Игровое событие: обновление_позиции - {"client_id": 0, "position": {"x": 795, "y": 345}, "inputs": {"left": false, "right": false, "up": false, "down": false}}
2025-09-29 16:24:32,384 - game_server - INFO - log_game_event:61 - Игровое событие: обновление_позиции - {"client_id": 0, "position": {"x": 795, "y": 345}, "inputs": {"left": false, "right": false, "up": false, "down": false}}
2025-09-29 16:24:32,420 - game_server - INFO - log_game_event:61 - Игровое событие: обновление_позиции - {"client_id": 0, "position": {"x": 795, "y": 345}, "inputs": {"left": false, "right": false, "up": false, "down": false}}
2025-09-29 16:24:32,453 - game_server - INFO - log_game_event:61 - Игровое событие: обновление_позиции - {"client_id": 0, "position": {"x": 795, "y": 345}, "inputs": {"left": false, "right": false, "up": false, "down": false}}
2025-09-29 16:24:32,486 - game_server - INFO - log_game_event:61 - Игровое событие: обновление_позиции - {"client_id": 0, "position": {"x": 795, "y": 345}, "inputs": {"left": false, "right": false, "up": false, "down": false}}
2025-09-29 16:24:32,520 - game_server - INFO - log_game_event:61 - Игровое событие: обновление_позиции - {"client_id": 0, "position": {"x": 795, "y": 345}, "inputs": {"left": false, "right": false, "up": false, "down": false}}
2025-09-29 16:24:32,559 - game_server - INFO - log_game_event:61 - Игровое событие: обновление_позиции - {"client_id": 0, "position": {"x": 795, "y": 345}, "inputs": {"left": false, "right": false, "up": false, "down": false}}
2025-09-29 16:24:32,596 - game_server - INFO - log_game_event:61 - Игровое событие: обновление_позиции - {"client_id": 0, "position": {"x": 795, "y": 345}, "inputs": {"left": false, "right": false, "up": false, "down": false}}
2025-09-29 16:24:32,633 - game_server - INFO - log_game_event:61 - Игровое событие: обновление_позиции - {"client_id": 0, "position": {"x": 795, "y": 345}, "inputs": {"left": false, "right": false, "up": false, "down": false}}
2025-09-29 16:24:32,670 - game_server - INFO - log_game_event:61 - Игровое событие: обновление_позиции - {"client_id": 0, "position": {"x": 795, "y": 345}, "inputs": {"left": false, "right": false, "up": false, "down": false}}
2025-09-29 16:24:32,707 - game_server - INFO - log_game_event:61 - Игровое событие: обновление_позиции - {"client_id": 0, "position": {"x": 795, "y": 345}, "inputs": {"left": false, "right": false, "up": false, "down": false}}
2025-09-29 16:24:32,744 - game_server - INFO - log_game_event:61 - Игровое событие: обновление_позиции - {"client_id": 0, "position": {"x": 795, "y": 345}, "inputs": {"left": false, "right": false, "up": false, "down": false}}
2025-09-29 16:24:32,782 - game_server - INFO - log_game_event:61 - Игровое событие: обновление_позиции - {"client_id": 0, "position": {"x": 795, "y": 345}, "inputs": {"left": false, "right": false, "up": false, "down": false}}
2025-09-29 16:24:32,819 - game_server - INFO - log_game_event:61 - Игровое событие: обновление_позиции - {"client_id": 0, "position": {"x": 795, "y": 345}, "inputs": {"left": false, "right": false, "up": false, "down": false}}
2025-09-29 16:24:32,856 - game_server - INFO - log_game_event:61 - Игровое событие: обновление_позиции - {"client_id": 0, "position": {"x": 795, "y": 345}, "inputs": {"left": false, "right": false, "up": false, "down": false}}
2025-09-29 16:24:32,892 - game_server - INFO - log_game_event:61 - Игровое событие: обновление_позиции - {"client_id": 0, "position": {"x": 795, "y": 345}, "inputs": {"left": false, "right": false, "up": false, "down": false}}
2025-09-29 16:24:32,930 - game_server - INFO - log_game_event:61 - Игровое событие: обновление_позиции - {"client_id": 0, "position": {"x": 795, "y": 345}, "inputs": {"left": false, "right": false, "up": false, "down": false}}
2025-09-29 16:24:32,968 - game_server - INFO - log_game_event:61 - Игровое событие: обновление_позиции - {"client_id": 0, "position": {"x": 795, "y": 345}, "inputs": {"left": false, "right": false, "up": false, "down": false}}
2025-09-29 16:24:33,006 - game_server - INFO - log_game_event:61 - Игровое событие: обновление_позиции - {"client_id": 0, "position": {"x": 795, "y": 345}, "inputs": {"left": false, "right": false, "up": false, "down": false}}
2025-09-29 16:24:33,039 - game_server - INFO - log_game_event:61 - Игровое событие: обновление_позиции - {"client_id": 0, "position": {"x": 795, "y": 345}, "inputs": {"left": false, "right": false, "up": false, "down": false}}
2025-09-29 16:24:33,075 - game_server - INFO - log_game_event:61 - Игровое событие: обновление_позиции - {"client_id": 0, "position": {"x": 795, "y": 345}, "inputs": {"left": false, "right": false, "up": false, "down": false}}
2025-09-29 16:24:33,110 - game_server - INFO - log_game_event:61 - Игровое событие: обновление_позиции - {"client_id": 0, "position": {"x": 795, "y": 345}, "inputs": {"left": false, "right": false, "up": false, "down": false}}
2025-09-29 16:24:33,146 - game_server - INFO - log_game_event:61 - Игровое событие: обновление_позиции - {"client_id": 0, "position": {"x": 795, "y": 345}, "inputs": {"left": false, "right": false, "up": false, "down": false}}
2025-09-29 16:24:33,183 - game_server - INFO - log_game_event:61 - Игровое событие: обновление_позиции - {"client_id": 0, "position": {"x": 795, "y": 345}, "inputs": {"left": false, "right": false, "up": false, "down": false}}
2025-09-29 16:24:33,221 - game_server - INFO - log_game_event:61 - Игровое событие: обновление_позиции - {"client_id": 0, "position": {"x": 795, "y": 345}, "inputs": {"left": false, "right": false, "up": false, "down": false}}
2025-09-29 16:24:33,256 - game_server - INFO - log_game_event:61 - Игровое событие: обновление_позиции - {"client_id": 0, "position": {"x": 795, "y": 345}, "inputs": {"left": false, "right": false, "up": false, "down": false}}
2025-09-29 16:24:33,292 - game_server - INFO - log_game_event:61 - Игровое событие: обновление_позиции - {"client_id": 0, "position": {"x": 795, "y": 345}, "inputs": {"left": false, "right": false, "up": false, "down": false}}
2025-09-29 16:24:33,328 - game_server - INFO - log_game_event:61 - Игровое событие: обновление_позиции - {"client_id": 0, "position": {"x": 795, "y": 345}, "inputs": {"left": false, "right": false, "up": false, "down": false}}
2025-09-29 16:24:33,364 - game_server - INFO - log_game_event:61 - Игровое событие: обновление_позиции - {"client_id": 0, "position": {"x": 795, "y": 345}, "inputs": {"left": false, "right": false, "up": false, "down": false}}
2025-09-29 16:24:33,402 - game_server - INFO - log_game_event:61 - Игровое событие: обновление_позиции - {"client_id": 0, "position": {"x": 795, "y": 345}, "inputs": {"left": false, "right": false, "up": false, "down": false}}
2025-09-29 16:24:33,441 - game_server - INFO - log_game_event:61 - Игровое событие: обновление_позиции - {"client_id": 0, "position": {"x": 795, "y": 345}, "inputs": {"left": false, "right": false, "up": false, "down": false}}
2025-09-29 16:24:33,479 - game_server - INFO - log_game_event:61 - Игровое событие: обновление_позиции - {"client_id": 0, "position": {"x": 795, "y": 345}, "inputs": {"left": false, "right": false, "up": false, "down": false}}
2025-09-29 16:24:33,517 - game_server - INFO - log_game_event:61 - Игровое событие: обновление_позиции - {"client_id": 0, "position": {"x": 795, "y": 345}, "inputs": {"left": false, "right": false, "up": false, "down": false}}
2025-09-29 16:24:33,553 - game_server - INFO - log_game_event:61 - Игровое событие: обновление_позиции - {"client_id": 0, "position": {"x": 795, "y": 345}, "inputs": {"left": false, "right": false, "up": false, "down": false}}
2025-09-29 16:24:33,589 - game_server - INFO - log_game_event:61 - Игровое событие: обновление_позиции - {"client_id": 0, "position": {"x": 795, "y": 345}, "inputs": {"left": false, "right": false, "up": false, "down": false}}
2025-09-29 16:24:33,624 - game_server - INFO - log_game_event:61 - Игровое событие: обновление_позиции - {"client_id": 0, "position": {"x": 795, "y": 345}, "inputs": {"left": false, "right": false, "up": false, "down": false}}
2025-09-29 16:24:33,653 - game_server - INFO - log_game_event:61 - Игровое событие: обновление_позиции - {"client_id": 0, "position": {"x": 795, "y": 345}, "inputs": {"left": false, "right": false, "up": false, "down": false}}
2025-09-29 16:24:33,689 - game_server - INFO - log_game_event:61 - Игровое событие: обновление_позиции - {"client_id": 0, "position": {"x": 795, "y": 345}, "inputs": {"left": false, "right": false, "up": false, "down": false}}
2025-09-29 16:24:33,724 - game_server - INFO - log_game_event:61 - Игровое событие: обновление_позиции - {"client_id": 0, "position": {"x": 795, "y": 345}, "inputs": {"left": false, "right": false, "up": false, "down": false}}
2025-09-29 16:24:33,759 - game_server - INFO - log_game_event:61 - Игровое событие: обновление_позиции - {"client_id": 0, "position": {"x": 795, "y": 345}, "inputs": {"left": false, "right": false, "up": false, "down": false}}
2025-09-29 16:24:33,797 - game_server - INFO - log_game_event:61 - Игровое событие: обновление_позиции - {"client_id": 0, "position": {"x": 795, "y": 345}, "inputs": {"left": false, "right": false, "up": false, "down": false}}
2025-09-29 16:24:33,835 - game_server - INFO - log_game_event:61 - Игровое событие: обновление_позиции - {"client_id": 0, "position": {"x": 795, "y": 345}, "inputs": {"left": false, "right": false, "up": false, "down": false}}
2025-09-29 16:24:33,872 - game_server - INFO - log_game_event:61 - Игровое событие: обновление_позиции - {"client_id": 0, "position": {"x": 795, "y": 345}, "inputs": {"left": false, "right": false, "up": false, "down": false}}
2025-09-29 16:24:33,909 - game_server - INFO - log_game_event:61 - Игровое событие: обновление_позиции - {"client_id": 0, "position": {"x": 795, "y": 345}, "inputs": {"left": false, "right": false, "up": false, "down": false}}
2025-09-29 16:24:33,946 - game_server - INFO - log_game_event:61 - Игровое событие: обновление_позиции - {"client_id": 0, "position": {"x": 795, "y": 345}, "inputs": {"left": false, "right": false, "up": false, "down": false}}
2025-09-29 16:24:33,984 - game_server - INFO - log_game_event:61 - Игровое событие: обновление_позиции - {"client_id": 0, "position": {"x": 795, "y": 345}, "inputs": {"left": false, "right": false, "up": false, "down": false}}
2025-09-29 16:24:34,021 - game_server - INFO - log_game_event:61 - Игровое событие: обновление_позиции - {"client_id": 0, "position": {"x": 795, "y": 345}, "inputs": {"left": false, "right": false, "up": false, "down": false}}
2025-09-29 16:24:34,056 - game_server - INFO - log_game_event:61 - Игровое событие: обновление_позиции - {"client_id": 0, "position": {"x": 795, "y": 345}, "inputs": {"left": false, "right": false, "up": false, "down": false}}
2025-09-29 16:24:34,089 - game_server - INFO - log_game_event:61 - Игровое событие: обновление_позиции - {"client_id": 0, "position": {"x": 795, "y": 345}, "inputs": {"left": false, "right": false, "up": false, "down": false}}
2025-09-29 16:24:34,125 - game_server - INFO - log_game_event:61 - Игровое событие: обновление_позиции - {"client_id": 0, "position": {"x": 795, "y": 345}, "inputs": {"left": false, "right": false, "up": false, "down": false}}
2025-09-29 16:24:34,162 - game_server - INFO - log_game_event:61 - Игровое событие: обновление_позиции - {"client_id": 0, "position": {"x": 795, "y": 345}, "inputs": {"left": false, "right": false, "up": false, "down": false}}
2025-09-29 16:24:34,199 - game_server - INFO - log_game_event:61 - Игровое событие: обновление_позиции - {"client_id": 0, "position": {"x": 795, "y": 345}, "inputs": {"left": false, "right": false, "up": false, "down": false}}
2025-09-29 16:24:34,234 - game_server - INFO - log_game_event:61 - Игровое событие: обновление_позиции - {"client_id": 0, "position": {"x": 795, "y": 345}, "inputs": {"left": false, "right": false, "up": false, "down": false}}
2025-09-29 16:24:34,272 - game_server - INFO - log_game_event:61 - Игровое событие: обновление_позиции - {"client_id": 0, "position": {"x": 795, "y": 345}, "inputs": {"left": false, "right": false, "up": false, "down": false}}
2025-09-29 16:24:34,309 - game_server - INFO - log_game_event:61 - Игровое событие: обновление_позиции - {"client_id": 0, "position": {"x": 795, "y": 345}, "inputs": {"left": false, "right": false, "up": false, "down": false}}
2025-09-29 16:24:34,344 - game_server - INFO - log_game_event:61 - Игровое событие: обновление_позиции - {"client_id": 0, "position": {"x": 795, "y": 345}, "inputs": {"left": false, "right": false, "up": false, "down": false}}
2025-09-29 16:24:34,383 - game_server - INFO - log_game_event:61 - Игровое событие: обновление_позиции - {"client_id": 0, "position": {"x": 795, "y": 345}, "inputs": {"left": false, "right": false, "up": false, "down": false}}
2025-09-29 16:24:34,421 - game_server - INFO - log_game_event:61 - Игровое событие: обновление_позиции - {"client_id": 0, "position": {"x": 795, "y": 345}, "inputs": {"left": false, "right": false, "up": false, "down": false}}
2025-09-29 16:24:34,456 - game_server - INFO - log_game_event:61 - Игровое событие: обновление_позиции - {"client_id": 0, "position": {"x": 795, "y": 345}, "inputs": {"left": false, "right": false, "up": false, "down": false}}
2025-09-29 16:24:34,493 - game_server - INFO - log_game_event:61 - Игровое событие: обновление_позиции - {"client_id": 0, "position": {"x": 795, "y": 345}, "inputs": {"left": false, "right": false, "up": false, "down": false}}
2025-09-29 16:24:34,531 - game_server - INFO - log_game_event:61 - Игровое событие: обновление_позиции - {"client_id": 0, "position": {"x": 795, "y": 345}, "inputs": {"left": false, "right": false, "up": false, "down": false}}
2025-09-29 16:24:34,568 - game_server - INFO - log_game_event:61 - Игровое событие: обновление_позиции - {"client_id": 0, "position": {"x": 795, "y": 345}, "inputs": {"left": false, "right": false, "up": false, "down": false}}
2025-09-29 16:24:34,604 - game_server - INFO - log_game_event:61 - Игровое событие: обновление_позиции - {"client_id": 0, "position": {"x": 795, "y": 345}, "inputs": {"left": false, "right": false, "up": false, "down": false}}
2025-09-29 16:24:34,640 - game_server - INFO - log_game_event:61 - Игровое событие: обновление_позиции - {"client_id": 0, "position": {"x": 795, "y": 345}, "inputs": {"left": false, "right": false, "up": false, "down": false}}
2025-09-29 16:24:34,678 - game_server - INFO - log_game_event:61 - Игровое событие: обновление_позиции - {"client_id": 0, "position": {"x": 795, "y": 345}, "inputs": {"left": false, "right": false, "up": false, "down": false}}
2025-09-29 16:24:34,714 - game_server - INFO - log_game_event:61 - Игровое событие: обновление_позиции - {"client_id": 0, "position": {"x": 795, "y": 345}, "inputs": {"left": false, "right": false, "up": false, "down": false}}
2025-09-29 16:24:34,752 - game_server - INFO - log_game_event:61 - Игровое событие: обновление_позиции - {"client_id": 0, "position": {"x": 795, "y": 345}, "inputs": {"left": false, "right": false, "up": false, "down": false}}
2025-09-29 16:24:34,789 - game_server - INFO - log_game_event:61 - Игровое событие: обновление_позиции - {"client_id": 0, "position": {"x": 795, "y": 345}, "inputs": {"left": false, "right": false, "up": false, "down": false}}
2025-09-29 16:24:34,826 - game_server - INFO - log_game_event:61 - Игровое событие: обновление_позиции - {"client_id": 0, "position": {"x": 795, "y": 345}, "inputs": {"left": false, "right": false, "up": false, "down": false}}
2025-09-29 16:24:34,861 - game_server - INFO - log_game_event:61 - Игровое событие: обновление_позиции - {"client_id": 0, "position": {"x": 795, "y": 345}, "inputs": {"left": false, "right": false, "up": false, "down": false}}
2025-09-29 16:24:34,899 - game_server - INFO - log_game_event:61 - Игровое событие: обновление_позиции - {"client_id": 0, "position": {"x": 795, "y": 345}, "inputs": {"left": false, "right": false, "up": false, "down": false}}
2025-09-29 16:24:34,936 - game_server - INFO - log_game_event:61 - Игровое событие: обновление_позиции - {"client_id": 0, "position": {"x": 795, "y": 345}, "inputs": {"left": false, "right": false, "up": false, "down": false}}
2025-09-29 16:24:34,973 - game_server - INFO - log_game_event:61 - Игровое событие: обновление_позиции - {"client_id": 0, "position": {"x": 795, "y": 345}, "inputs": {"left": false, "right": false, "up": false, "down": false}}
2025-09-29 16:24:35,009 - game_server - INFO - log_game_event:61 - Игровое событие: обновление_позиции - {"client_id": 0, "position": {"x": 795, "y": 345}, "inputs": {"left": false, "right": false, "up": false, "down": false}}
2025-09-29 16:24:35,043 - game_server - INFO - log_game_event:61 - Игровое событие: обновление_позиции - {"client_id": 0, "position": {"x": 795, "y": 345}, "inputs": {"left": false, "right": false, "up": false, "down": false}}
2025-09-29 16:24:35,078 - game_server - INFO - log_game_event:61 - Игровое событие: обновление_позиции - {"client_id": 0, "position": {"x": 795, "y": 345}, "inputs": {"left": false, "right": false, "up": false, "down": false}}
2025-09-29 16:24:35,112 - game_server - INFO - log_game_event:61 - Игровое событие: обновление_позиции - {"client_id": 0, "position": {"x": 795, "y": 345}, "inputs": {"left": false, "right": false, "up": false, "down": false}}
2025-09-29 16:24:35,148 - game_server - INFO - log_game_event:61 - Игровое событие: обновление_позиции - {"client_id": 0, "position": {"x": 795, "y": 345}, "inputs": {"left": false, "right": false, "up": false, "down": false}}
2025-09-29 16:24:35,174 - game_server - INFO - log_game_event:61 - Игровое событие: обновление_позиции - {"client_id": 0, "position": {"x": 795, "y": 345}, "inputs": {"left": false, "right": false, "up": false, "down": false}}
2025-09-29 16:24:35,204 - game_server - INFO - log_game_event:61 - Игровое событие: обновление_позиции - {"client_id": 0, "position": {"x": 795, "y": 345}, "inputs": {"left": false, "right": false, "up": false, "down": false}}
2025-09-29 16:24:35,234 - game_server - INFO - log_game_event:61 - Игровое событие: обновление_позиции - {"client_id": 0, "position": {"x": 795, "y": 345}, "inputs": {"left": false, "right": false, "up": false, "down": false}}
2025-09-29 16:24:35,266 - game_server - INFO - log_game_event:61 - Игровое событие: обновление_позиции - {"client_id": 0, "position": {"x": 795, "y": 345}, "inputs": {"left": false, "right": false, "up": false, "down": false}}
2025-09-29 16:24:35,303 - game_server - INFO - log_game_event:61 - Игровое событие: обновление_позиции - {"client_id": 0, "position": {"x": 795, "y": 345}, "inputs": {"left": false, "right": false, "up": false, "down": false}}
2025-09-29 16:24:35,339 - game_server - INFO - log_game_event:61 - Игровое событие: обновление_позиции - {"client_id": 0, "position": {"x": 795, "y": 345}, "inputs": {"left": false, "right": false, "up": false, "down": false}}
2025-09-29 16:24:35,376 - game_server - INFO - log_game_event:61 - Игровое событие: обновление_позиции - {"client_id": 0, "position": {"x": 795, "y": 345}, "inputs": {"left": false, "right": false, "up": false, "down": false}}
2025-09-29 16:24:35,413 - game_server - INFO - log_game_event:61 - Игровое событие: обновление_позиции - {"client_id": 0, "position": {"x": 795, "y": 345}, "inputs": {"left": false, "right": false, "up": false, "down": false}}
2025-09-29 16:24:35,448 - game_server - INFO - log_game_event:61 - Игровое событие: обновление_позиции - {"client_id": 0, "position": {"x": 795, "y": 345}, "inputs": {"left": false, "right": false, "up": false, "down": false}}
2025-09-29 16:24:35,483 - game_server - INFO - log_game_event:61 - Игровое событие: обновление_позиции - {"client_id": 0, "position": {"x": 795, "y": 345}, "inputs": {"left": false, "right": false, "up": false, "down": false}}
2025-09-29 16:24:35,522 - game_server - INFO - log_game_event:61 - Игровое событие: обновление_позиции - {"client_id": 0, "position": {"x": 795, "y": 345}, "inputs": {"left": false, "right": false, "up": false, "down": false}}
2025-09-29 16:24:35,561 - game_server - INFO - log_game_event:61 - Игровое событие: обновление_позиции - {"client_id": 0, "position": {"x": 795, "y": 345}, "inputs": {"left": false, "right": false, "up": false, "down": false}}
2025-09-29 16:24:35,594 - game_server - INFO - log_game_event:61 - Игровое событие: обновление_позиции - {"client_id": 0, "position": {"x": 795, "y": 345}, "inputs": {"left": false, "right": false, "up": false, "down": false}}
2025-09-29 16:24:35,633 - game_server - INFO - log_game_event:61 - Игровое событие: обновление_позиции - {"client_id": 0, "position": {"x": 795, "y": 345}, "inputs": {"left": false, "right": false, "up": false, "down": false}}
2025-09-29 16:24:35,672 - game_server - INFO - log_game_event:61 - Игровое событие: обновление_позиции - {"client_id": 0, "position": {"x": 795, "y": 345}, "inputs": {"left": false, "right": false, "up": false, "down": false}}
2025-09-29 16:24:35,708 - game_server - INFO - log_game_event:61 - Игровое событие: обновление_позиции - {"client_id": 0, "position": {"x": 795, "y": 345}, "inputs": {"left": false, "right": false, "up": false, "down": false}}
2025-09-29 16:24:35,744 - game_server - INFO - log_game_event:61 - Игровое событие: обновление_позиции - {"client_id": 0, "position": {"x": 795, "y": 345}, "inputs": {"left": false, "right": false, "up": false, "down": false}}
2025-09-29 16:24:35,782 - game_server - INFO - log_game_event:61 - Игровое событие: обновление_позиции - {"client_id": 0, "position": {"x": 795, "y": 345}, "inputs": {"left": false, "right": false, "up": false, "down": false}}
2025-09-29 16:24:35,819 - game_server - INFO - log_game_event:61 - Игровое событие: обновление_позиции - {"client_id": 0, "position": {"x": 795, "y": 345}, "inputs": {"left": false, "right": false, "up": false, "down": false}}
2025-09-29 16:24:35,853 - game_server - INFO - log_game_event:61 - Игровое событие: обновление_позиции - {"client_id": 0, "position": {"x": 795, "y": 345}, "inputs": {"left": false, "right": false, "up": false, "down": false}}
2025-09-29 16:24:35,888 - game_server - INFO - log_game_event:61 - Игровое событие: обновление_позиции - {"client_id": 0, "position": {"x": 795, "y": 345}, "inputs": {"left": false, "right": false, "up": false, "down": false}}
2025-09-29 16:24:35,923 - game_server - INFO - log_game_event:61 - Игровое событие: обновление_позиции - {"client_id": 0, "position": {"x": 795, "y": 345}, "inputs": {"left": false, "right": false, "up": false, "down": false}}
2025-09-29 16:24:35,960 - game_server - INFO - log_game_event:61 - Игровое событие: обновление_позиции - {"client_id": 0, "position": {"x": 795, "y": 345}, "inputs": {"left": false, "right": false, "up": false, "down": false}}
2025-09-29 16:24:35,996 - game_server - INFO - log_game_event:61 - Игровое событие: обновление_позиции - {"client_id": 0, "position": {"x": 795, "y": 345}, "inputs": {"left": false, "right": false, "up": false, "down": false}}
2025-09-29 16:24:36,032 - game_server - INFO - log_game_event:61 - Игровое событие: обновление_позиции - {"client_id": 0, "position": {"x": 795, "y": 345}, "inputs": {"left": false, "right": false, "up": false, "down": false}}
2025-09-29 16:24:36,069 - game_server - INFO - log_game_event:61 - Игровое событие: обновление_позиции - {"client_id": 0, "position": {"x": 795, "y": 345}, "inputs": {"left": false, "right": false, "up": false, "down": false}}
2025-09-29 16:24:36,108 - game_server - INFO - log_game_event:61 - Игровое событие: обновление_позиции - {"client_id": 0, "position": {"x": 795, "y": 345}, "inputs": {"left": false, "right": false, "up": false, "down": false}}
2025-09-29 16:24:36,146 - game_server - INFO - log_game_event:61 - Игровое событие: обновление_позиции - {"client_id": 0, "position": {"x": 795, "y": 345}, "inputs": {"left": false, "right": false, "up": false, "down": false}}
2025-09-29 16:24:36,185 - game_server - INFO - log_game_event:61 - Игровое событие: обновление_позиции - {"client_id": 0, "position": {"x": 795, "y": 345}, "inputs": {"left": false, "right": false, "up": false, "down": false}}
2025-09-29 16:24:36,223 - game_server - INFO - log_game_event:61 - Игровое событие: обновление_позиции - {"client_id": 0, "position": {"x": 795, "y": 345}, "inputs": {"left": false, "right": false, "up": false, "down": false}}
2025-09-29 16:24:36,259 - game_server - INFO - log_game_event:61 - Игровое событие: обновление_позиции - {"client_id": 0, "position": {"x": 795, "y": 345}, "inputs": {"left": false, "right": false, "up": false, "down": false}}
2025-09-29 16:24:36,296 - game_server - INFO - log_game_event:61 - Игровое событие: обновление_позиции - {"client_id": 0, "position": {"x": 795, "y": 345}, "inputs": {"left": false, "right": false, "up": false, "down": false}}
2025-09-29 16:24:36,332 - game_server - INFO - log_game_event:61 - Игровое событие: обновление_позиции - {"client_id": 0, "position": {"x": 795, "y": 345}, "inputs": {"left": false, "right": false, "up": false, "down": false}}
2025-09-29 16:24:36,369 - game_server - INFO - log_game_event:61 - Игровое событие: обновление_позиции - {"client_id": 0, "position": {"x": 795, "y": 345}, "inputs": {"left": false, "right": false, "up": false, "down": false}}
2025-09-29 16:24:36,408 - game_server - INFO - log_game_event:61 - Игровое событие: обновление_позиции - {"client_id": 0, "position": {"x": 795, "y": 345}, "inputs": {"left": false, "right": false, "up": false, "down": false}}
2025-09-29 16:24:36,443 - game_server - INFO - log_game_event:61 - Игровое событие: обновление_позиции - {"client_id": 0, "position": {"x": 795, "y": 345}, "inputs": {"left": false, "right": false, "up": false, "down": false}}
2025-09-29 16:24:36,478 - game_server - INFO - log_game_event:61 - Игровое событие: обновление_позиции - {"client_id": 0, "position": {"x": 795, "y": 345}, "inputs": {"left": false, "right": false, "up": false, "down": false}}
2025-09-29 16:24:36,513 - game_server - INFO - log_game_event:61 - Игровое событие: обновление_позиции - {"client_id": 0, "position": {"x": 795, "y": 345}, "inputs": {"left": false, "right": false, "up": false, "down": false}}
2025-09-29 16:24:36,550 - game_server - INFO - log_game_event:61 - Игровое событие: обновление_позиции - {"client_id": 0, "position": {"x": 795, "y": 345}, "inputs": {"left": false, "right": false, "up": false, "down": false}}
2025-09-29 16:24:36,588 - game_server - INFO - log_game_event:61 - Игровое событие: обновление_позиции - {"client_id": 0, "position": {"x": 795, "y": 345}, "inputs": {"left": false, "right": false, "up": false, "down": false}}
2025-09-29 16:24:36,624 - game_server - INFO - log_game_event:61 - Игровое событие: обновление_позиции - {"client_id": 0, "position": {"x": 795, "y": 345}, "inputs": {"left": false, "right": false, "up": false, "down": false}}
2025-09-29 16:24:36,662 - game_server - INFO - log_game_event:61 - Игровое событие: обновление_позиции - {"client_id": 0, "position": {"x": 795, "y": 345}, "inputs": {"left": false, "right": false, "up": false, "down": false}}
2025-09-29 16:24:36,700 - game_server - INFO - log_game_event:61 - Игровое событие: обновление_позиции - {"client_id": 0, "position": {"x": 795, "y": 345}, "inputs": {"left": false, "right": false, "up": false, "down": false}}
2025-09-29 16:24:36,737 - game_server - INFO - log_game_event:61 - Игровое событие: обновление_позиции - {"client_id": 0, "position": {"x": 795, "y": 345}, "inputs": {"left": false, "right": false, "up": false, "down": false}}
2025-09-29 16:24:36,774 - game_server - INFO - log_game_event:61 - Игровое событие: обновление_позиции - {"client_id": 0, "position": {"x": 795, "y": 345}, "inputs": {"left": false, "right": false, "up": false, "down": false}}
2025-09-29 16:24:36,809 - game_server - INFO - log_game_event:61 - Игровое событие: обновление_позиции - {"client_id": 0, "position": {"x": 795, "y": 345}, "inputs": {"left": false, "right": false, "up": false, "down": false}}
2025-09-29 16:24:36,845 - game_server - INFO - log_game_event:61 - Игровое событие: обновление_позиции - {"client_id": 0, "position": {"x": 795, "y": 345}, "inputs": {"left": false, "right": false, "up": false, "down": false}}
2025-09-29 16:24:36,882 - game_server - INFO - log_game_event:61 - Игровое событие: обновление_позиции - {"client_id": 0, "position": {"x": 795, "y": 345}, "inputs": {"left": false, "right": false, "up": false, "down": false}}
2025-09-29 16:24:36,920 - game_server - INFO - log_game_event:61 - Игровое событие: обновление_позиции - {"client_id": 0, "position": {"x": 795, "y": 345}, "inputs": {"left": false, "right": false, "up": false, "down": false}}
2025-09-29 16:24:36,958 - game_server - INFO - log_game_event:61 - Игровое событие: обновление_позиции - {"client_id": 0, "position": {"x": 795, "y": 345}, "inputs": {"left": false, "right": false, "up": false, "down": false}}
2025-09-29 16:24:36,994 - game_server - INFO - log_game_event:61 - Игровое событие: обновление_позиции - {"client_id": 0, "position": {"x": 795, "y": 345}, "inputs": {"left": false, "right": false, "up": false, "down": false}}
2025-09-29 16:24:37,032 - game_server - INFO - log_game_event:61 - Игровое событие: обновление_позиции - {"client_id": 0, "position": {"x": 795, "y": 345}, "inputs": {"left": false, "right": false, "up": false, "down": false}}
2025-09-29 16:24:37,069 - game_server - INFO - log_game_event:61 - Игровое событие: обновление_позиции - {"client_id": 0, "position": {"x": 795, "y": 345}, "inputs": {"left": false, "right": false, "up": false, "down": false}}
2025-09-29 16:24:37,108 - game_server - INFO - log_game_event:61 - Игровое событие: обновление_позиции - {"client_id": 0, "position": {"x": 795, "y": 345}, "inputs": {"left": false, "right": false, "up": false, "down": false}}
2025-09-29 16:24:37,144 - game_server - INFO - log_game_event:61 - Игровое событие: обновление_позиции - {"client_id": 0, "position": {"x": 795, "y": 345}, "inputs": {"left": false, "right": false, "up": false, "down": false}}
2025-09-29 16:24:37,181 - game_server - INFO - log_game_event:61 - Игровое событие: обновление_позиции - {"client_id": 0, "position": {"x": 795, "y": 345}, "inputs": {"left": false, "right": false, "up": false, "down": false}}
2025-09-29 16:24:37,218 - game_server - INFO - log_game_event:61 - Игровое событие: обновление_позиции - {"client_id": 0, "position": {"x": 795, "y": 345}, "inputs": {"left": false, "right": false, "up": false, "down": false}}
2025-09-29 16:24:37,253 - game_server - INFO - log_game_event:61 - Игровое событие: обновление_позиции - {"client_id": 0, "position": {"x": 795, "y": 345}, "inputs": {"left": false, "right": false, "up": false, "down": false}}
2025-09-29 16:24:37,290 - game_server - INFO - log_game_event:61 - Игровое событие: обновление_позиции - {"client_id": 0, "position": {"x": 795, "y": 345}, "inputs": {"left": false, "right": false, "up": false, "down": false}}
2025-09-29 16:24:37,327 - game_server - INFO - log_game_event:61 - Игровое событие: обновление_позиции - {"client_id": 0, "position": {"x": 795, "y": 345}, "inputs": {"left": false, "right": false, "up": false, "down": false}}
2025-09-29 16:24:37,364 - game_server - INFO - log_game_event:61 - Игровое событие: обновление_позиции - {"client_id": 0, "position": {"x": 795, "y": 345}, "inputs": {"left": false, "right": false, "up": false, "down": false}}
2025-09-29 16:24:37,400 - game_server - INFO - log_game_event:61 - Игровое событие: обновление_позиции - {"client_id": 0, "position": {"x": 795, "y": 345}, "inputs": {"left": false, "right": false, "up": false, "down": false}}
2025-09-29 16:24:37,436 - game_server - INFO - log_game_event:61 - Игровое событие: обновление_позиции - {"client_id": 0, "position": {"x": 795, "y": 345}, "inputs": {"left": false, "right": false, "up": false, "down": false}}
2025-09-29 16:24:37,472 - game_server - INFO - log_game_event:61 - Игровое событие: обновление_позиции - {"client_id": 0, "position": {"x": 795, "y": 345}, "inputs": {"left": false, "right": false, "up": false, "down": false}}
2025-09-29 16:24:37,507 - game_server - INFO - log_game_event:61 - Игровое событие: обновление_позиции - {"client_id": 0, "position": {"x": 795, "y": 345}, "inputs": {"left": false, "right": false, "up": false, "down": false}}
2025-09-29 16:24:37,544 - game_server - INFO - log_game_event:61 - Игровое событие: обновление_позиции - {"client_id": 0, "position": {"x": 795, "y": 345}, "inputs": {"left": false, "right": false, "up": false, "down": false}}
2025-09-29 16:24:37,581 - game_server - INFO - log_game_event:61 - Игровое событие: обновление_позиции - {"client_id": 0, "position": {"x": 795, "y": 345}, "inputs": {"left": false, "right": false, "up": false, "down": false}}
2025-09-29 16:24:37,616 - game_server - INFO - log_game_event:61 - Игровое событие: обновление_позиции - {"client_id": 0, "position": {"x": 795, "y": 345}, "inputs": {"left": false, "right": false, "up": false, "down": false}}
2025-09-29 16:24:37,652 - game_server - INFO - log_game_event:61 - Игровое событие: обновление_позиции - {"client_id": 0, "position": {"x": 795, "y": 345}, "inputs": {"left": false, "right": false, "up": false, "down": false}}
2025-09-29 16:24:37,688 - game_server - INFO - log_game_event:61 - Игровое событие: обновление_позиции - {"client_id": 0, "position": {"x": 795, "y": 345}, "inputs": {"left": false, "right": false, "up": false, "down": false}}
2025-09-29 16:24:37,723 - game_server - INFO - log_game_event:61 - Игровое событие: обновление_позиции - {"client_id": 0, "position": {"x": 795, "y": 345}, "inputs": {"left": false, "right": false, "up": false, "down": false}}
2025-09-29 16:24:37,762 - game_server - INFO - log_game_event:61 - Игровое событие: обновление_позиции - {"client_id": 0, "position": {"x": 795, "y": 345}, "inputs": {"left": false, "right": false, "up": false, "down": false}}
2025-09-29 16:24:37,799 - game_server - INFO - log_game_event:61 - Игровое событие: обновление_позиции - {"client_id": 0, "position": {"x": 795, "y": 345}, "inputs": {"left": false, "right": false, "up": false, "down": false}}
2025-09-29 16:24:37,836 - game_server - INFO - log_game_event:61 - Игровое событие: обновление_позиции - {"client_id": 0, "position": {"x": 795, "y": 345}, "inputs": {"left": false, "right": false, "up": false, "down": false}}
2025-09-29 16:24:37,871 - game_server - INFO - log_game_event:61 - Игровое событие: обновление_позиции - {"client_id": 0, "position": {"x": 795, "y": 345}, "inputs": {"left": false, "right": false, "up": false, "down": false}}
2025-09-29 16:24:37,906 - game_server - INFO - log_game_event:61 - Игровое событие: обновление_позиции - {"client_id": 0, "position": {"x": 795, "y": 345}, "inputs": {"left": false, "right": false, "up": false, "down": false}}
2025-09-29 16:24:37,940 - game_server - INFO - log_game_event:61 - Игровое событие: обновление_позиции - {"client_id": 0, "position": {"x": 795, "y": 345}, "inputs": {"left": false, "right": false, "up": false, "down": false}}
2025-09-29 16:24:37,975 - game_server - INFO - log_game_event:61 - Игровое событие: обновление_позиции - {"client_id": 0, "position": {"x": 795, "y": 345}, "inputs": {"left": false, "right": false, "up": false, "down": false}}
2025-09-29 16:24:38,008 - game_server - INFO - log_game_event:61 - Игровое событие: обновление_позиции - {"client_id": 0, "position": {"x": 795, "y": 345}, "inputs": {"left": false, "right": false, "up": false, "down": false}}
2025-09-29 16:24:38,042 - game_server - INFO - log_game_event:61 - Игровое событие: обновление_позиции - {"client_id": 0, "position": {"x": 795, "y": 345}, "inputs": {"left": false, "right": false, "up": false, "down": false}}
2025-09-29 16:24:38,079 - game_server - INFO - log_game_event:61 - Игровое событие: обновление_позиции - {"client_id": 0, "position": {"x": 795, "y": 345}, "inputs": {"left": false, "right": false, "up": false, "down": false}}
2025-09-29 16:24:38,116 - game_server - INFO - log_game_event:61 - Игровое событие: обновление_позиции - {"client_id": 0, "position": {"x": 795, "y": 345}, "inputs": {"left": false, "right": false, "up": false, "down": false}}
2025-09-29 16:24:38,153 - game_server - INFO - log_game_event:61 - Игровое событие: обновление_позиции - {"client_id": 0, "position": {"x": 795, "y": 345}, "inputs": {"left": false, "right": false, "up": false, "down": false}}
2025-09-29 16:24:38,180 - game_server - INFO - log_game_event:61 - Игровое событие: обновление_позиции - {"client_id": 0, "position": {"x": 795, "y": 345}, "inputs": {"left": false, "right": false, "up": false, "down": false}}
2025-09-29 16:24:38,217 - game_server - INFO - log_game_event:61 - Игровое событие: обновление_позиции - {"client_id": 0, "position": {"x": 795, "y": 345}, "inputs": {"left": false, "right": false, "up": false, "down": false}}
2025-09-29 16:24:38,251 - game_server - INFO - log_game_event:61 - Игровое событие: обновление_позиции - {"client_id": 0, "position": {"x": 795, "y": 345}, "inputs": {"left": false, "right": false, "up": false, "down": false}}
2025-09-29 16:24:38,287 - game_server - INFO - log_game_event:61 - Игровое событие: обновление_позиции - {"client_id": 0, "position": {"x": 795, "y": 345}, "inputs": {"left": false, "right": false, "up": false, "down": false}}
2025-09-29 16:24:38,322 - game_server - INFO - log_game_event:61 - Игровое событие: обновление_позиции - {"client_id": 0, "position": {"x": 795, "y": 345}, "inputs": {"left": false, "right": false, "up": false, "down": false}}
2025-09-29 16:24:38,357 - game_server - INFO - log_game_event:61 - Игровое событие: обновление_позиции - {"client_id": 0, "position": {"x": 795, "y": 345}, "inputs": {"left": false, "right": false, "up": false, "down": false}}
2025-09-29 16:24:38,392 - game_server - INFO - log_game_event:61 - Игровое событие: обновление_позиции - {"client_id": 0, "position": {"x": 795, "y": 345}, "inputs": {"left": false, "right": false, "up": false, "down": false}}
2025-09-29 16:24:38,428 - game_server - INFO - log_game_event:61 - Игровое событие: обновление_позиции - {"client_id": 0, "position": {"x": 795, "y": 345}, "inputs": {"left": false, "right": false, "up": false, "down": false}}
2025-09-29 16:24:38,464 - game_server - INFO - log_game_event:61 - Игровое событие: обновление_позиции - {"client_id": 0, "position": {"x": 795, "y": 345}, "inputs": {"left": false, "right": false, "up": false, "down": false}}
2025-09-29 16:24:38,501 - game_server - INFO - log_game_event:61 - Игровое событие: обновление_позиции - {"client_id": 0, "position": {"x": 795, "y": 345}, "inputs": {"left": false, "right": false, "up": false, "down": false}}
2025-09-29 16:24:38,538 - game_server - INFO - log_game_event:61 - Игровое событие: обновление_позиции - {"client_id": 0, "position": {"x": 795, "y": 345}, "inputs": {"left": false, "right": false, "up": false, "down": false}}
2025-09-29 16:24:38,573 - game_server - INFO - log_game_event:61 - Игровое событие: обновление_позиции - {"client_id": 0, "position": {"x": 795, "y": 345}, "inputs": {"left": false, "right": false, "up": false, "down": false}}
2025-09-29 16:24:38,609 - game_server - INFO - log_game_event:61 - Игровое событие: обновление_позиции - {"client_id": 0, "position": {"x": 795, "y": 345}, "inputs": {"left": false, "right": false, "up": false, "down": false}}
2025-09-29 16:24:38,644 - game_server - INFO - log_game_event:61 - Игровое событие: обновление_позиции - {"client_id": 0, "position": {"x": 795, "y": 345}, "inputs": {"left": false, "right": false, "up": false, "down": false}}
2025-09-29 16:24:38,676 - game_server - INFO - log_game_event:61 - Игровое событие: обновление_позиции - {"client_id": 0, "position": {"x": 795, "y": 345}, "inputs": {"left": false, "right": false, "up": false, "down": false}}
2025-09-29 16:24:38,710 - game_server - INFO - log_game_event:61 - Игровое событие: обновление_позиции - {"client_id": 0, "position": {"x": 795, "y": 345}, "inputs": {"left": false, "right": false, "up": false, "down": false}}
2025-09-29 16:24:38,744 - game_server - INFO - log_game_event:61 - Игровое событие: обновление_позиции - {"client_id": 0, "position": {"x": 795, "y": 345}, "inputs": {"left": false, "right": false, "up": false, "down": false}}
2025-09-29 16:24:38,778 - game_server - INFO - log_game_event:61 - Игровое событие: обновление_позиции - {"client_id": 0, "position": {"x": 795, "y": 345}, "inputs": {"left": false, "right": false, "up": false, "down": false}}
2025-09-29 16:24:38,813 - game_server - INFO - log_game_event:61 - Игровое событие: обновление_позиции - {"client_id": 0, "position": {"x": 795, "y": 345}, "inputs": {"left": false, "right": false, "up": false, "down": false}}
2025-09-29 16:24:38,849 - game_server - INFO - log_game_event:61 - Игровое событие: обновление_позиции - {"client_id": 0, "position": {"x": 795, "y": 345}, "inputs": {"left": false, "right": false, "up": false, "down": false}}
2025-09-29 16:24:38,886 - game_server - INFO - log_game_event:61 - Игровое событие: обновление_позиции - {"client_id": 0, "position": {"x": 795, "y": 345}, "inputs": {"left": false, "right": false, "up": false, "down": false}}
2025-09-29 16:24:38,921 - game_server - INFO - log_game_event:61 - Игровое событие: обновление_позиции - {"client_id": 0, "position": {"x": 795, "y": 345}, "inputs": {"left": false, "right": false, "up": false, "down": false}}
2025-09-29 16:24:38,956 - game_server - INFO - log_game_event:61 - Игровое событие: обновление_позиции - {"client_id": 0, "position": {"x": 795, "y": 345}, "inputs": {"left": false, "right": false, "up": false, "down": false}}
2025-09-29 16:24:38,993 - game_server - INFO - log_game_event:61 - Игровое событие: обновление_позиции - {"client_id": 0, "position": {"x": 795, "y": 345}, "inputs": {"left": false, "right": false, "up": false, "down": false}}
2025-09-29 16:24:39,030 - game_server - INFO - log_game_event:61 - Игровое событие: обновление_позиции - {"client_id": 0, "position": {"x": 795, "y": 345}, "inputs": {"left": false, "right": false, "up": false, "down": false}}
2025-09-29 16:24:39,068 - game_server - INFO - log_game_event:61 - Игровое событие: обновление_позиции - {"client_id": 0, "position": {"x": 795, "y": 345}, "inputs": {"left": false, "right": false, "up": false, "down": false}}
2025-09-29 16:24:39,103 - game_server - INFO - log_game_event:61 - Игровое событие: обновление_позиции - {"client_id": 0, "position": {"x": 795, "y": 345}, "inputs": {"left": false, "right": false, "up": false, "down": false}}
2025-09-29 16:24:39,141 - game_server - INFO - log_game_event:61 - Игровое событие: обновление_позиции - {"client_id": 0, "position": {"x": 795, "y": 345}, "inputs": {"left": false, "right": false, "up": false, "down": false}}
2025-09-29 16:24:39,179 - game_server - INFO - log_game_event:61 - Игровое событие: обновление_позиции - {"client_id": 0, "position": {"x": 795, "y": 345}, "inputs": {"left": false, "right": false, "up": false, "down": false}}
2025-09-29 16:24:39,217 - game_server - INFO - log_game_event:61 - Игровое событие: обновление_позиции - {"client_id": 0, "position": {"x": 795, "y": 345}, "inputs": {"left": false, "right": false, "up": false, "down": false}}
2025-09-29 16:24:39,254 - game_server - INFO - log_game_event:61 - Игровое событие: обновление_позиции - {"client_id": 0, "position": {"x": 795, "y": 345}, "inputs": {"left": false, "right": false, "up": false, "down": false}}
2025-09-29 16:24:39,289 - game_server - INFO - log_game_event:61 - Игровое событие: обновление_позиции - {"client_id": 0, "position": {"x": 795, "y": 345}, "inputs": {"left": false, "right": false, "up": false, "down": false}}
2025-09-29 16:24:39,325 - game_server - INFO - log_game_event:61 - Игровое событие: обновление_позиции - {"client_id": 0, "position": {"x": 795, "y": 345}, "inputs": {"left": false, "right": false, "up": false, "down": false}}
2025-09-29 16:24:39,365 - game_server - INFO - log_game_event:61 - Игровое событие: обновление_позиции - {"client_id": 0, "position": {"x": 795, "y": 345}, "inputs": {"left": false, "right": false, "up": false, "down": false}}
2025-09-29 16:24:39,402 - game_server - INFO - log_game_event:61 - Игровое событие: обновление_позиции - {"client_id": 0, "position": {"x": 795, "y": 345}, "inputs": {"left": false, "right": false, "up": false, "down": false}}
2025-09-29 16:24:39,440 - game_server - INFO - log_game_event:61 - Игровое событие: обновление_позиции - {"client_id": 0, "position": {"x": 795, "y": 345}, "inputs": {"left": false, "right": false, "up": false, "down": false}}
2025-09-29 16:24:39,476 - game_server - INFO - log_game_event:61 - Игровое событие: обновление_позиции - {"client_id": 0, "position": {"x": 795, "y": 345}, "inputs": {"left": false, "right": false, "up": false, "down": false}}
2025-09-29 16:24:39,511 - game_server - INFO - log_game_event:61 - Игровое событие: обновление_позиции - {"client_id": 0, "position": {"x": 795, "y": 345}, "inputs": {"left": false, "right": false, "up": false, "down": false}}
2025-09-29 16:24:39,550 - game_server - INFO - log_game_event:61 - Игровое событие: обновление_позиции - {"client_id": 0, "position": {"x": 795, "y": 345}, "inputs": {"left": false, "right": false, "up": false, "down": false}}
2025-09-29 16:24:39,588 - game_server - INFO - log_game_event:61 - Игровое событие: обновление_позиции - {"client_id": 0, "position": {"x": 795, "y": 345}, "inputs": {"left": false, "right": false, "up": false, "down": false}}
2025-09-29 16:24:39,624 - game_server - INFO - log_game_event:61 - Игровое событие: обновление_позиции - {"client_id": 0, "position": {"x": 795, "y": 345}, "inputs": {"left": false, "right": false, "up": false, "down": false}}
2025-09-29 16:24:39,659 - game_server - INFO - log_game_event:61 - Игровое событие: обновление_позиции - {"client_id": 0, "position": {"x": 795, "y": 345}, "inputs": {"left": false, "right": false, "up": false, "down": false}}
2025-09-29 16:24:39,697 - game_server - INFO - log_game_event:61 - Игровое событие: обновление_позиции - {"client_id": 0, "position": {"x": 795, "y": 345}, "inputs": {"left": false, "right": false, "up": false, "down": false}}
2025-09-29 16:24:39,736 - game_server - INFO - log_game_event:61 - Игровое событие: обновление_позиции - {"client_id": 0, "position": {"x": 795, "y": 345}, "inputs": {"left": false, "right": false, "up": false, "down": false}}
2025-09-29 16:24:39,772 - game_server - INFO - log_game_event:61 - Игровое событие: обновление_позиции - {"client_id": 0, "position": {"x": 795, "y": 345}, "inputs": {"left": false, "right": false, "up": false, "down": false}}
2025-09-29 16:24:39,809 - game_server - INFO - log_game_event:61 - Игровое событие: обновление_позиции - {"client_id": 0, "position": {"x": 795, "y": 345}, "inputs": {"left": false, "right": false, "up": false, "down": false}}
2025-09-29 16:24:39,846 - game_server - INFO - log_game_event:61 - Игровое событие: обновление_позиции - {"client_id": 0, "position": {"x": 795, "y": 345}, "inputs": {"left": false, "right": false, "up": false, "down": false}}
2025-09-29 16:24:39,882 - game_server - INFO - log_game_event:61 - Игровое событие: обновление_позиции - {"client_id": 0, "position": {"x": 795, "y": 345}, "inputs": {"left": false, "right": false, "up": false, "down": false}}
2025-09-29 16:24:39,921 - game_server - INFO - log_game_event:61 - Игровое событие: обновление_позиции - {"client_id": 0, "position": {"x": 795, "y": 345}, "inputs": {"left": false, "right": false, "up": false, "down": false}}
2025-09-29 16:24:39,958 - game_server - INFO - log_game_event:61 - Игровое событие: обновление_позиции - {"client_id": 0, "position": {"x": 795, "y": 345}, "inputs": {"left": false, "right": false, "up": false, "down": false}}
2025-09-29 16:24:39,996 - game_server - INFO - log_game_event:61 - Игровое событие: обновление_позиции - {"client_id": 0, "position": {"x": 795, "y": 345}, "inputs": {"left": false, "right": false, "up": false, "down": false}}
2025-09-29 16:24:40,033 - game_server - INFO - log_game_event:61 - Игровое событие: обновление_позиции - {"client_id": 0, "position": {"x": 795, "y": 345}, "inputs": {"left": false, "right": false, "up": false, "down": false}}
2025-09-29 16:24:40,071 - game_server - INFO - log_game_event:61 - Игровое событие: обновление_позиции - {"client_id": 0, "position": {"x": 795, "y": 345}, "inputs": {"left": false, "right": false, "up": false, "down": false}}
2025-09-29 16:24:40,106 - game_server - INFO - log_game_event:61 - Игровое событие: обновление_позиции - {"client_id": 0, "position": {"x": 795, "y": 345}, "inputs": {"left": false, "right": false, "up": false, "down": false}}
2025-09-29 16:24:40,142 - game_server - INFO - log_game_event:61 - Игровое событие: обновление_позиции - {"client_id": 0, "position": {"x": 795, "y": 345}, "inputs": {"left": false, "right": false, "up": false, "down": false}}
2025-09-29 16:24:40,180 - game_server - INFO - log_game_event:61 - Игровое событие: обновление_позиции - {"client_id": 0, "position": {"x": 795, "y": 345}, "inputs": {"left": false, "right": false, "up": false, "down": false}}
2025-09-29 16:24:40,216 - game_server - INFO - log_game_event:61 - Игровое событие: обновление_позиции - {"client_id": 0, "position": {"x": 795, "y": 345}, "inputs": {"left": false, "right": false, "up": false, "down": false}}
2025-09-29 16:24:40,251 - game_server - INFO - log_game_event:61 - Игровое событие: обновление_позиции - {"client_id": 0, "position": {"x": 795, "y": 345}, "inputs": {"left": false, "right": false, "up": false, "down": false}}
2025-09-29 16:24:40,288 - game_server - INFO - log_game_event:61 - Игровое событие: обновление_позиции - {"client_id": 0, "position": {"x": 795, "y": 345}, "inputs": {"left": false, "right": false, "up": false, "down": false}}
2025-09-29 16:24:40,325 - game_server - INFO - log_game_event:61 - Игровое событие: обновление_позиции - {"client_id": 0, "position": {"x": 795, "y": 345}, "inputs": {"left": false, "right": false, "up": false, "down": false}}
2025-09-29 16:24:40,356 - game_server - INFO - log_game_event:61 - Игровое событие: обновление_позиции - {"client_id": 0, "position": {"x": 795, "y": 345}, "inputs": {"left": false, "right": false, "up": false, "down": false}}
2025-09-29 16:24:40,395 - game_server - INFO - log_game_event:61 - Игровое событие: обновление_позиции - {"client_id": 0, "position": {"x": 795, "y": 345}, "inputs": {"left": false, "right": false, "up": false, "down": false}}
2025-09-29 16:24:40,433 - game_server - INFO - log_game_event:61 - Игровое событие: обновление_позиции - {"client_id": 0, "position": {"x": 795, "y": 345}, "inputs": {"left": false, "right": false, "up": false, "down": false}}
2025-09-29 16:24:40,469 - game_server - INFO - log_game_event:61 - Игровое событие: обновление_позиции - {"client_id": 0, "position": {"x": 795, "y": 345}, "inputs": {"left": false, "right": false, "up": false, "down": false}}
2025-09-29 16:24:40,505 - game_server - INFO - log_game_event:61 - Игровое событие: обновление_позиции - {"client_id": 0, "position": {"x": 795, "y": 345}, "inputs": {"left": false, "right": false, "up": false, "down": false}}
2025-09-29 16:24:40,542 - game_server - INFO - log_game_event:61 - Игровое событие: обновление_позиции - {"client_id": 0, "position": {"x": 795, "y": 345}, "inputs": {"left": false, "right": false, "up": false, "down": false}}
2025-09-29 16:24:40,578 - game_server - INFO - log_game_event:61 - Игровое событие: обновление_позиции - {"client_id": 0, "position": {"x": 795, "y": 345}, "inputs": {"left": false, "right": false, "up": false, "down": false}}
2025-09-29 16:24:40,615 - game_server - INFO - log_game_event:61 - Игровое событие: обновление_позиции - {"client_id": 0, "position": {"x": 795, "y": 345}, "inputs": {"left": false, "right": false, "up": false, "down": false}}
2025-09-29 16:24:40,653 - game_server - INFO - log_game_event:61 - Игровое событие: обновление_позиции - {"client_id": 0, "position": {"x": 795, "y": 345}, "inputs": {"left": false, "right": false, "up": false, "down": false}}
2025-09-29 16:24:40,688 - game_server - INFO - log_game_event:61 - Игровое событие: обновление_позиции - {"client_id": 0, "position": {"x": 795, "y": 345}, "inputs": {"left": false, "right": false, "up": false, "down": false}}
2025-09-29 16:24:40,724 - game_server - INFO - log_game_event:61 - Игровое событие: обновление_позиции - {"client_id": 0, "position": {"x": 795, "y": 345}, "inputs": {"left": false, "right": false, "up": false, "down": false}}
2025-09-29 16:24:40,761 - game_server - INFO - log_game_event:61 - Игровое событие: обновление_позиции - {"client_id": 0, "position": {"x": 795, "y": 345}, "inputs": {"left": false, "right": false, "up": false, "down": false}}
2025-09-29 16:24:40,799 - game_server - INFO - log_game_event:61 - Игровое событие: обновление_позиции - {"client_id": 0, "position": {"x": 795, "y": 345}, "inputs": {"left": false, "right": false, "up": false, "down": false}}
2025-09-29 16:24:40,836 - game_server - INFO - log_game_event:61 - Игровое событие: обновление_позиции - {"client_id": 0, "position": {"x": 795, "y": 345}, "inputs": {"left": false, "right": false, "up": false, "down": false}}
2025-09-29 16:24:40,872 - game_server - INFO - log_game_event:61 - Игровое событие: обновление_позиции - {"client_id": 0, "position": {"x": 795, "y": 345}, "inputs": {"left": false, "right": false, "up": false, "down": false}}
2025-09-29 16:24:40,906 - game_server - INFO - log_game_event:61 - Игровое событие: обновление_позиции - {"client_id": 0, "position": {"x": 795, "y": 345}, "inputs": {"left": false, "right": false, "up": false, "down": false}}
2025-09-29 16:24:40,942 - game_server - INFO - log_game_event:61 - Игровое событие: обновление_позиции - {"client_id": 0, "position": {"x": 795, "y": 345}, "inputs": {"left": false, "right": false, "up": false, "down": false}}
2025-09-29 16:24:40,977 - game_server - INFO - log_game_event:61 - Игровое событие: обновление_позиции - {"client_id": 0, "position": {"x": 795, "y": 345}, "inputs": {"left": false, "right": false, "up": false, "down": false}}
2025-09-29 16:24:41,011 - game_server - INFO - log_game_event:61 - Игровое событие: обновление_позиции - {"client_id": 0, "position": {"x": 795, "y": 345}, "inputs": {"left": false, "right": false, "up": false, "down": false}}
2025-09-29 16:24:41,047 - game_server - INFO - log_game_event:61 - Игровое событие: обновление_позиции - {"client_id": 0, "position": {"x": 795, "y": 345}, "inputs": {"left": false, "right": false, "up": false, "down": false}}
2025-09-29 16:24:41,078 - game_server - INFO - log_game_event:61 - Игровое событие: обновление_позиции - {"client_id": 0, "position": {"x": 795, "y": 345}, "inputs": {"left": false, "right": false, "up": false, "down": false}}
2025-09-29 16:24:41,110 - game_server - INFO - log_game_event:61 - Игровое событие: обновление_позиции - {"client_id": 0, "position": {"x": 795, "y": 345}, "inputs": {"left": false, "right": false, "up": false, "down": false}}
2025-09-29 16:24:41,142 - game_server - INFO - log_game_event:61 - Игровое событие: обновление_позиции - {"client_id": 0, "position": {"x": 795, "y": 345}, "inputs": {"left": false, "right": false, "up": false, "down": false}}
2025-09-29 16:24:41,176 - game_server - INFO - log_game_event:61 - Игровое событие: обновление_позиции - {"client_id": 0, "position": {"x": 795, "y": 345}, "inputs": {"left": false, "right": false, "up": false, "down": false}}
2025-09-29 16:24:41,210 - game_server - INFO - log_game_event:61 - Игровое событие: обновление_позиции - {"client_id": 0, "position": {"x": 795, "y": 345}, "inputs": {"left": false, "right": false, "up": false, "down": false}}
2025-09-29 16:24:41,247 - game_server - INFO - log_game_event:61 - Игровое событие: обновление_позиции - {"client_id": 0, "position": {"x": 795, "y": 345}, "inputs": {"left": false, "right": false, "up": false, "down": false}}
2025-09-29 16:24:41,282 - game_server - INFO - log_game_event:61 - Игровое событие: обновление_позиции - {"client_id": 0, "position": {"x": 795, "y": 345}, "inputs": {"left": false, "right": false, "up": false, "down": false}}
2025-09-29 16:24:41,312 - game_server - INFO - log_game_event:61 - Игровое событие: обновление_позиции - {"client_id": 0, "position": {"x": 795, "y": 345}, "inputs": {"left": false, "right": false, "up": false, "down": false}}
2025-09-29 16:24:41,339 - game_server - INFO - log_game_event:61 - Игровое событие: обновление_позиции - {"client_id": 0, "position": {"x": 795, "y": 345}, "inputs": {"left": false, "right": false, "up": false, "down": false}}
2025-09-29 16:24:41,372 - game_server - INFO - log_game_event:61 - Игровое событие: обновление_позиции - {"client_id": 0, "position": {"x": 795, "y": 345}, "inputs": {"left": false, "right": false, "up": false, "down": false}}
2025-09-29 16:24:41,409 - game_server - INFO - log_game_event:61 - Игровое событие: обновление_позиции - {"client_id": 0, "position": {"x": 795, "y": 345}, "inputs": {"left": false, "right": false, "up": false, "down": false}}
2025-09-29 16:24:41,448 - game_server - INFO - log_game_event:61 - Игровое событие: обновление_позиции - {"client_id": 0, "position": {"x": 795, "y": 345}, "inputs": {"left": false, "right": false, "up": false, "down": false}}
2025-09-29 16:24:41,484 - game_server - INFO - log_game_event:61 - Игровое событие: обновление_позиции - {"client_id": 0, "position": {"x": 795, "y": 345}, "inputs": {"left": false, "right": false, "up": false, "down": false}}
2025-09-29 16:24:41,522 - game_server - INFO - log_game_event:61 - Игровое событие: обновление_позиции - {"client_id": 0, "position": {"x": 795, "y": 345}, "inputs": {"left": false, "right": false, "up": false, "down": false}}
2025-09-29 16:24:41,560 - game_server - INFO - log_game_event:61 - Игровое событие: обновление_позиции - {"client_id": 0, "position": {"x": 795, "y": 345}, "inputs": {"left": false, "right": false, "up": false, "down": false}}
2025-09-29 16:24:41,597 - game_server - INFO - log_game_event:61 - Игровое событие: обновление_позиции - {"client_id": 0, "position": {"x": 795, "y": 345}, "inputs": {"left": false, "right": false, "up": false, "down": false}}
2025-09-29 16:24:41,634 - game_server - INFO - log_game_event:61 - Игровое событие: обновление_позиции - {"client_id": 0, "position": {"x": 795, "y": 345}, "inputs": {"left": false, "right": false, "up": false, "down": false}}
2025-09-29 16:24:41,672 - game_server - INFO - log_game_event:61 - Игровое событие: обновление_позиции - {"client_id": 0, "position": {"x": 795, "y": 345}, "inputs": {"left": false, "right": false, "up": false, "down": false}}
2025-09-29 16:24:41,710 - game_server - INFO - log_game_event:61 - Игровое событие: обновление_позиции - {"client_id": 0, "position": {"x": 795, "y": 345}, "inputs": {"left": false, "right": false, "up": false, "down": false}}
2025-09-29 16:24:41,746 - game_server - INFO - log_game_event:61 - Игровое событие: обновление_позиции - {"client_id": 0, "position": {"x": 795, "y": 345}, "inputs": {"left": false, "right": false, "up": false, "down": false}}
2025-09-29 16:24:41,783 - game_server - INFO - log_game_event:61 - Игровое событие: обновление_позиции - {"client_id": 0, "position": {"x": 795, "y": 345}, "inputs": {"left": false, "right": false, "up": false, "down": false}}
2025-09-29 16:24:41,820 - game_server - INFO - log_game_event:61 - Игровое событие: обновление_позиции - {"client_id": 0, "position": {"x": 795, "y": 345}, "inputs": {"left": false, "right": false, "up": false, "down": false}}
2025-09-29 16:24:41,855 - game_server - INFO - log_game_event:61 - Игровое событие: обновление_позиции - {"client_id": 0, "position": {"x": 795, "y": 345}, "inputs": {"left": false, "right": false, "up": false, "down": false}}
2025-09-29 16:24:41,888 - game_server - INFO - log_game_event:61 - Игровое событие: обновление_позиции - {"client_id": 0, "position": {"x": 795, "y": 345}, "inputs": {"left": false, "right": false, "up": false, "down": false}}
2025-09-29 16:24:41,922 - game_server - INFO - log_game_event:61 - Игровое событие: обновление_позиции - {"client_id": 0, "position": {"x": 795, "y": 345}, "inputs": {"left": false, "right": false, "up": false, "down": false}}
2025-09-29 16:24:41,960 - game_server - INFO - log_game_event:61 - Игровое событие: обновление_позиции - {"client_id": 0, "position": {"x": 795, "y": 345}, "inputs": {"left": false, "right": false, "up": false, "down": false}}
2025-09-29 16:24:41,995 - game_server - INFO - log_game_event:61 - Игровое событие: обновление_позиции - {"client_id": 0, "position": {"x": 795, "y": 345}, "inputs": {"left": false, "right": false, "up": false, "down": false}}
2025-09-29 16:24:42,033 - game_server - INFO - log_game_event:61 - Игровое событие: обновление_позиции - {"client_id": 0, "position": {"x": 795, "y": 345}, "inputs": {"left": false, "right": false, "up": false, "down": false}}
2025-09-29 16:24:42,071 - game_server - INFO - log_game_event:61 - Игровое событие: обновление_позиции - {"client_id": 0, "position": {"x": 795, "y": 345}, "inputs": {"left": false, "right": false, "up": false, "down": false}}
2025-09-29 16:24:42,107 - game_server - INFO - log_game_event:61 - Игровое событие: обновление_позиции - {"client_id": 0, "position": {"x": 795, "y": 345}, "inputs": {"left": false, "right": false, "up": false, "down": false}}
2025-09-29 16:24:42,144 - game_server - INFO - log_game_event:61 - Игровое событие: обновление_позиции - {"client_id": 0, "position": {"x": 795, "y": 345}, "inputs": {"left": false, "right": false, "up": false, "down": false}}
2025-09-29 16:24:42,181 - game_server - INFO - log_game_event:61 - Игровое событие: обновление_позиции - {"client_id": 0, "position": {"x": 795, "y": 345}, "inputs": {"left": false, "right": false, "up": false, "down": false}}
2025-09-29 16:24:42,219 - game_server - INFO - log_game_event:61 - Игровое событие: обновление_позиции - {"client_id": 0, "position": {"x": 795, "y": 345}, "inputs": {"left": false, "right": false, "up": false, "down": false}}
2025-09-29 16:24:42,254 - game_server - INFO - log_game_event:61 - Игровое событие: обновление_позиции - {"client_id": 0, "position": {"x": 795, "y": 345}, "inputs": {"left": false, "right": false, "up": false, "down": false}}
2025-09-29 16:24:42,290 - game_server - INFO - log_game_event:61 - Игровое событие: обновление_позиции - {"client_id": 0, "position": {"x": 795, "y": 345}, "inputs": {"left": false, "right": false, "up": false, "down": false}}
2025-09-29 16:24:42,327 - game_server - INFO - log_game_event:61 - Игровое событие: обновление_позиции - {"client_id": 0, "position": {"x": 795, "y": 345}, "inputs": {"left": false, "right": false, "up": false, "down": false}}
2025-09-29 16:24:42,364 - game_server - INFO - log_game_event:61 - Игровое событие: обновление_позиции - {"client_id": 0, "position": {"x": 795, "y": 345}, "inputs": {"left": false, "right": false, "up": false, "down": false}}
2025-09-29 16:24:42,401 - game_server - INFO - log_game_event:61 - Игровое событие: обновление_позиции - {"client_id": 0, "position": {"x": 795, "y": 345}, "inputs": {"left": false, "right": false, "up": false, "down": false}}
2025-09-29 16:24:42,439 - game_server - INFO - log_game_event:61 - Игровое событие: обновление_позиции - {"client_id": 0, "position": {"x": 795, "y": 345}, "inputs": {"left": false, "right": false, "up": false, "down": false}}
2025-09-29 16:24:42,475 - game_server - INFO - log_game_event:61 - Игровое событие: обновление_позиции - {"client_id": 0, "position": {"x": 795, "y": 345}, "inputs": {"left": false, "right": false, "up": false, "down": false}}
2025-09-29 16:24:42,509 - game_server - INFO - log_game_event:61 - Игровое событие: обновление_позиции - {"client_id": 0, "position": {"x": 795, "y": 345}, "inputs": {"left": false, "right": false, "up": false, "down": false}}
2025-09-29 16:24:42,546 - game_server - INFO - log_game_event:61 - Игровое событие: обновление_позиции - {"client_id": 0, "position": {"x": 795, "y": 345}, "inputs": {"left": false, "right": false, "up": false, "down": false}}
2025-09-29 16:24:42,581 - game_server - INFO - log_game_event:61 - Игровое событие: обновление_позиции - {"client_id": 0, "position": {"x": 795, "y": 345}, "inputs": {"left": false, "right": false, "up": false, "down": false}}
2025-09-29 16:24:42,617 - game_server - INFO - log_game_event:61 - Игровое событие: обновление_позиции - {"client_id": 0, "position": {"x": 795, "y": 345}, "inputs": {"left": false, "right": false, "up": false, "down": false}}
2025-09-29 16:24:42,653 - game_server - INFO - log_game_event:61 - Игровое событие: обновление_позиции - {"client_id": 0, "position": {"x": 795, "y": 345}, "inputs": {"left": false, "right": false, "up": false, "down": false}}
2025-09-29 16:24:42,689 - game_server - INFO - log_game_event:61 - Игровое событие: обновление_позиции - {"client_id": 0, "position": {"x": 795, "y": 345}, "inputs": {"left": false, "right": false, "up": false, "down": false}}
2025-09-29 16:24:42,724 - game_server - INFO - log_game_event:61 - Игровое событие: обновление_позиции - {"client_id": 0, "position": {"x": 795, "y": 345}, "inputs": {"left": false, "right": false, "up": false, "down": false}}
2025-09-29 16:24:42,761 - game_server - INFO - log_game_event:61 - Игровое событие: обновление_позиции - {"client_id": 0, "position": {"x": 795, "y": 345}, "inputs": {"left": false, "right": false, "up": false, "down": false}}
2025-09-29 16:24:42,800 - game_server - INFO - log_game_event:61 - Игровое событие: обновление_позиции - {"client_id": 0, "position": {"x": 795, "y": 345}, "inputs": {"left": false, "right": false, "up": false, "down": false}}
2025-09-29 16:24:42,837 - game_server - INFO - log_game_event:61 - Игровое событие: обновление_позиции - {"client_id": 0, "position": {"x": 795, "y": 345}, "inputs": {"left": false, "right": false, "up": false, "down": false}}
2025-09-29 16:24:42,874 - game_server - INFO - log_game_event:61 - Игровое событие: обновление_позиции - {"client_id": 0, "position": {"x": 795, "y": 345}, "inputs": {"left": false, "right": false, "up": false, "down": false}}
2025-09-29 16:24:42,911 - game_server - INFO - log_game_event:61 - Игровое событие: обновление_позиции - {"client_id": 0, "position": {"x": 795, "y": 345}, "inputs": {"left": false, "right": false, "up": false, "down": false}}
2025-09-29 16:24:42,947 - game_server - INFO - log_game_event:61 - Игровое событие: обновление_позиции - {"client_id": 0, "position": {"x": 795, "y": 345}, "inputs": {"left": false, "right": false, "up": false, "down": false}}
2025-09-29 16:24:42,985 - game_server - INFO - log_game_event:61 - Игровое событие: обновление_позиции - {"client_id": 0, "position": {"x": 795, "y": 345}, "inputs": {"left": false, "right": false, "up": false, "down": false}}
2025-09-29 16:24:43,022 - game_server - INFO - log_game_event:61 - Игровое событие: обновление_позиции - {"client_id": 0, "position": {"x": 795, "y": 345}, "inputs": {"left": false, "right": false, "up": false, "down": false}}
2025-09-29 16:24:43,057 - game_server - INFO - log_game_event:61 - Игровое событие: обновление_позиции - {"client_id": 0, "position": {"x": 795, "y": 345}, "inputs": {"left": false, "right": false, "up": false, "down": false}}
2025-09-29 16:24:43,093 - game_server - INFO - log_game_event:61 - Игровое событие: обновление_позиции - {"client_id": 0, "position": {"x": 795, "y": 345}, "inputs": {"left": false, "right": false, "up": false, "down": false}}
2025-09-29 16:24:43,131 - game_server - INFO - log_game_event:61 - Игровое событие: обновление_позиции - {"client_id": 0, "position": {"x": 795, "y": 345}, "inputs": {"left": false, "right": false, "up": false, "down": false}}
2025-09-29 16:24:43,169 - game_server - INFO - log_game_event:61 - Игровое событие: обновление_позиции - {"client_id": 0, "position": {"x": 795, "y": 345}, "inputs": {"left": false, "right": false, "up": false, "down": false}}
2025-09-29 16:24:43,205 - game_server - INFO - log_game_event:61 - Игровое событие: обновление_позиции - {"client_id": 0, "position": {"x": 795, "y": 345}, "inputs": {"left": false, "right": false, "up": false, "down": false}}
2025-09-29 16:24:43,238 - game_server - INFO - log_game_event:61 - Игровое событие: обновление_позиции - {"client_id": 0, "position": {"x": 795, "y": 345}, "inputs": {"left": false, "right": false, "up": false, "down": false}}
2025-09-29 16:24:43,270 - game_server - INFO - log_game_event:61 - Игровое событие: обновление_позиции - {"client_id": 0, "position": {"x": 795, "y": 345}, "inputs": {"left": false, "right": false, "up": false, "down": false}}
2025-09-29 16:24:43,304 - game_server - INFO - log_game_event:61 - Игровое событие: обновление_позиции - {"client_id": 0, "position": {"x": 795, "y": 345}, "inputs": {"left": false, "right": false, "up": false, "down": false}}
2025-09-29 16:24:43,341 - game_server - INFO - log_game_event:61 - Игровое событие: обновление_позиции - {"client_id": 0, "position": {"x": 795, "y": 345}, "inputs": {"left": false, "right": false, "up": false, "down": false}}
2025-09-29 16:24:43,376 - game_server - INFO - log_game_event:61 - Игровое событие: обновление_позиции - {"client_id": 0, "position": {"x": 795, "y": 345}, "inputs": {"left": false, "right": false, "up": false, "down": false}}
2025-09-29 16:24:43,410 - game_server - INFO - log_game_event:61 - Игровое событие: обновление_позиции - {"client_id": 0, "position": {"x": 795, "y": 345}, "inputs": {"left": false, "right": false, "up": false, "down": false}}
2025-09-29 16:24:43,447 - game_server - INFO - log_game_event:61 - Игровое событие: обновление_позиции - {"client_id": 0, "position": {"x": 795, "y": 345}, "inputs": {"left": false, "right": false, "up": false, "down": false}}
2025-09-29 16:24:43,483 - game_server - INFO - log_game_event:61 - Игровое событие: обновление_позиции - {"client_id": 0, "position": {"x": 795, "y": 345}, "inputs": {"left": false, "right": false, "up": false, "down": false}}
2025-09-29 16:24:43,521 - game_server - INFO - log_game_event:61 - Игровое событие: обновление_позиции - {"client_id": 0, "position": {"x": 795, "y": 345}, "inputs": {"left": false, "right": false, "up": false, "down": false}}
2025-09-29 16:24:43,549 - game_server - INFO - log_game_event:61 - Игровое событие: обновление_позиции - {"client_id": 0, "position": {"x": 795, "y": 345}, "inputs": {"left": false, "right": false, "up": false, "down": false}}
2025-09-29 16:24:43,586 - game_server - INFO - log_game_event:61 - Игровое событие: обновление_позиции - {"client_id": 0, "position": {"x": 795, "y": 345}, "inputs": {"left": false, "right": false, "up": false, "down": false}}
2025-09-29 16:24:43,621 - game_server - INFO - log_game_event:61 - Игровое событие: обновление_позиции - {"client_id": 0, "position": {"x": 795, "y": 345}, "inputs": {"left": false, "right": false, "up": false, "down": false}}
2025-09-29 16:24:43,657 - game_server - INFO - log_game_event:61 - Игровое событие: обновление_позиции - {"client_id": 0, "position": {"x": 795, "y": 345}, "inputs": {"left": false, "right": false, "up": false, "down": false}}
2025-09-29 16:24:43,696 - game_server - INFO - log_game_event:61 - Игровое событие: обновление_позиции - {"client_id": 0, "position": {"x": 795, "y": 345}, "inputs": {"left": false, "right": false, "up": false, "down": false}}
2025-09-29 16:24:43,733 - game_server - INFO - log_game_event:61 - Игровое событие: обновление_позиции - {"client_id": 0, "position": {"x": 795, "y": 345}, "inputs": {"left": false, "right": false, "up": false, "down": false}}
2025-09-29 16:24:43,771 - game_server - INFO - log_game_event:61 - Игровое событие: обновление_позиции - {"client_id": 0, "position": {"x": 795, "y": 345}, "inputs": {"left": false, "right": false, "up": false, "down": false}}
2025-09-29 16:24:43,809 - game_server - INFO - log_game_event:61 - Игровое событие: обновление_позиции - {"client_id": 0, "position": {"x": 795, "y": 345}, "inputs": {"left": false, "right": false, "up": false, "down": false}}
2025-09-29 16:24:43,846 - game_server - INFO - log_game_event:61 - Игровое событие: обновление_позиции - {"client_id": 0, "position": {"x": 795, "y": 345}, "inputs": {"left": false, "right": false, "up": false, "down": false}}
2025-09-29 16:24:43,882 - game_server - INFO - log_game_event:61 - Игровое событие: обновление_позиции - {"client_id": 0, "position": {"x": 795, "y": 345}, "inputs": {"left": false, "right": false, "up": false, "down": false}}
2025-09-29 16:24:43,914 - game_server - INFO - log_game_event:61 - Игровое событие: обновление_позиции - {"client_id": 0, "position": {"x": 795, "y": 345}, "inputs": {"left": false, "right": false, "up": false, "down": false}}
2025-09-29 16:24:43,949 - game_server - INFO - log_game_event:61 - Игровое событие: обновление_позиции - {"client_id": 0, "position": {"x": 795, "y": 345}, "inputs": {"left": false, "right": false, "up": false, "down": false}}
2025-09-29 16:24:43,981 - game_server - INFO - log_game_event:61 - Игровое событие: обновление_позиции - {"client_id": 0, "position": {"x": 795, "y": 345}, "inputs": {"left": false, "right": false, "up": false, "down": false}}
2025-09-29 16:24:44,011 - game_server - INFO - log_game_event:61 - Игровое событие: обновление_позиции - {"client_id": 0, "position": {"x": 795, "y": 345}, "inputs": {"left": false, "right": false, "up": false, "down": false}}
2025-09-29 16:24:44,048 - game_server - INFO - log_game_event:61 - Игровое событие: обновление_позиции - {"client_id": 0, "position": {"x": 795, "y": 345}, "inputs": {"left": false, "right": false, "up": false, "down": false}}
2025-09-29 16:24:44,090 - game_server - INFO - log_game_event:61 - Игровое событие: обновление_позиции - {"client_id": 0, "position": {"x": 795, "y": 345}, "inputs": {"left": false, "right": false, "up": false, "down": false}}
2025-09-29 16:24:44,122 - game_server - INFO - log_game_event:61 - Игровое событие: обновление_позиции - {"client_id": 0, "position": {"x": 795, "y": 345}, "inputs": {"left": false, "right": false, "up": false, "down": false}}
2025-09-29 16:24:44,157 - game_server - INFO - log_game_event:61 - Игровое событие: обновление_позиции - {"client_id": 0, "position": {"x": 795, "y": 345}, "inputs": {"left": false, "right": false, "up": false, "down": false}}
2025-09-29 16:24:44,195 - game_server - INFO - log_game_event:61 - Игровое событие: обновление_позиции - {"client_id": 0, "position": {"x": 795, "y": 345}, "inputs": {"left": false, "right": false, "up": false, "down": false}}
2025-09-29 16:24:44,227 - game_server - INFO - log_game_event:61 - Игровое событие: обновление_позиции - {"client_id": 0, "position": {"x": 795, "y": 345}, "inputs": {"left": false, "right": false, "up": false, "down": false}}
2025-09-29 16:24:44,254 - game_server - INFO - log_game_event:61 - Игровое событие: обновление_позиции - {"client_id": 0, "position": {"x": 795, "y": 345}, "inputs": {"left": false, "right": false, "up": false, "down": false}}
2025-09-29 16:24:44,283 - game_server - INFO - log_game_event:61 - Игровое событие: обновление_позиции - {"client_id": 0, "position": {"x": 795, "y": 345}, "inputs": {"left": false, "right": false, "up": false, "down": false}}
2025-09-29 16:24:44,317 - game_server - INFO - log_game_event:61 - Игровое событие: обновление_позиции - {"client_id": 0, "position": {"x": 795, "y": 345}, "inputs": {"left": false, "right": false, "up": false, "down": false}}
2025-09-29 16:24:44,343 - game_server - INFO - log_game_event:61 - Игровое событие: обновление_позиции - {"client_id": 0, "position": {"x": 795, "y": 345}, "inputs": {"left": false, "right": false, "up": false, "down": false}}
2025-09-29 16:24:44,376 - game_server - INFO - log_game_event:61 - Игровое событие: обновление_позиции - {"client_id": 0, "position": {"x": 795, "y": 345}, "inputs": {"left": false, "right": false, "up": false, "down": false}}
2025-09-29 16:24:44,408 - game_server - INFO - log_game_event:61 - Игровое событие: обновление_позиции - {"client_id": 0, "position": {"x": 795, "y": 345}, "inputs": {"left": false, "right": false, "up": false, "down": false}}
2025-09-29 16:24:44,438 - game_server - INFO - log_game_event:61 - Игровое событие: обновление_позиции - {"client_id": 0, "position": {"x": 795, "y": 345}, "inputs": {"left": false, "right": false, "up": false, "down": false}}
2025-09-29 16:24:44,470 - game_server - INFO - log_game_event:61 - Игровое событие: обновление_позиции - {"client_id": 0, "position": {"x": 795, "y": 345}, "inputs": {"left": false, "right": false, "up": false, "down": false}}
2025-09-29 16:24:44,497 - game_server - INFO - log_game_event:61 - Игровое событие: обновление_позиции - {"client_id": 0, "position": {"x": 795, "y": 345}, "inputs": {"left": false, "right": false, "up": false, "down": false}}
2025-09-29 16:24:44,526 - game_server - INFO - log_game_event:61 - Игровое событие: обновление_позиции - {"client_id": 0, "position": {"x": 795, "y": 345}, "inputs": {"left": false, "right": false, "up": false, "down": false}}
2025-09-29 16:24:44,554 - game_server - INFO - log_game_event:61 - Игровое событие: обновление_позиции - {"client_id": 0, "position": {"x": 795, "y": 345}, "inputs": {"left": false, "right": false, "up": false, "down": false}}
2025-09-29 16:24:44,584 - game_server - INFO - log_game_event:61 - Игровое событие: обновление_позиции - {"client_id": 0, "position": {"x": 795, "y": 345}, "inputs": {"left": false, "right": false, "up": false, "down": false}}
2025-09-29 16:24:44,613 - game_server - INFO - log_game_event:61 - Игровое событие: обновление_позиции - {"client_id": 0, "position": {"x": 795, "y": 345}, "inputs": {"left": false, "right": false, "up": false, "down": false}}
2025-09-29 16:24:44,643 - game_server - INFO - log_game_event:61 - Игровое событие: обновление_позиции - {"client_id": 0, "position": {"x": 795, "y": 345}, "inputs": {"left": false, "right": false, "up": false, "down": false}}
2025-09-29 16:24:44,673 - game_server - INFO - log_game_event:61 - Игровое событие: обновление_позиции - {"client_id": 0, "position": {"x": 795, "y": 345}, "inputs": {"left": false, "right": false, "up": false, "down": false}}
2025-09-29 16:24:44,704 - game_server - INFO - log_game_event:61 - Игровое событие: обновление_позиции - {"client_id": 0, "position": {"x": 800, "y": 345}, "inputs": {"left": false, "right": true, "up": false, "down": false}}
2025-09-29 16:24:44,734 - game_server - INFO - log_game_event:61 - Игровое событие: обновление_позиции - {"client_id": 0, "position": {"x": 805, "y": 345}, "inputs": {"left": false, "right": true, "up": false, "down": false}}
2025-09-29 16:24:44,768 - game_server - INFO - log_game_event:61 - Игровое событие: обновление_позиции - {"client_id": 0, "position": {"x": 810, "y": 345}, "inputs": {"left": false, "right": true, "up": false, "down": false}}
2025-09-29 16:24:44,800 - game_server - INFO - log_game_event:61 - Игровое событие: обновление_позиции - {"client_id": 0, "position": {"x": 815, "y": 345}, "inputs": {"left": false, "right": true, "up": false, "down": false}}
2025-09-29 16:24:44,831 - game_server - INFO - log_game_event:61 - Игровое событие: обновление_позиции - {"client_id": 0, "position": {"x": 820, "y": 345}, "inputs": {"left": false, "right": true, "up": false, "down": false}}
2025-09-29 16:24:44,860 - game_server - INFO - log_game_event:61 - Игровое событие: обновление_позиции - {"client_id": 0, "position": {"x": 825, "y": 345}, "inputs": {"left": false, "right": true, "up": false, "down": false}}
2025-09-29 16:24:44,894 - game_server - INFO - log_game_event:61 - Игровое событие: обновление_позиции - {"client_id": 0, "position": {"x": 830, "y": 345}, "inputs": {"left": false, "right": true, "up": false, "down": false}}
2025-09-29 16:24:44,920 - game_server - INFO - log_game_event:61 - Игровое событие: обновление_позиции - {"client_id": 0, "position": {"x": 835, "y": 345}, "inputs": {"left": false, "right": true, "up": false, "down": false}}
2025-09-29 16:24:44,950 - game_server - INFO - log_game_event:61 - Игровое событие: обновление_позиции - {"client_id": 0, "position": {"x": 840, "y": 345}, "inputs": {"left": false, "right": true, "up": false, "down": false}}
2025-09-29 16:24:44,979 - game_server - INFO - log_game_event:61 - Игровое событие: обновление_позиции - {"client_id": 0, "position": {"x": 845, "y": 345}, "inputs": {"left": false, "right": true, "up": false, "down": false}}
2025-09-29 16:24:45,004 - game_server - INFO - log_game_event:61 - Игровое событие: обновление_позиции - {"client_id": 0, "position": {"x": 850, "y": 345}, "inputs": {"left": false, "right": true, "up": false, "down": false}}
2025-09-29 16:24:45,034 - game_server - INFO - log_game_event:61 - Игровое событие: обновление_позиции - {"client_id": 0, "position": {"x": 855, "y": 345}, "inputs": {"left": false, "right": true, "up": false, "down": false}}
2025-09-29 16:24:45,061 - game_server - INFO - log_game_event:61 - Игровое событие: обновление_позиции - {"client_id": 0, "position": {"x": 860, "y": 345}, "inputs": {"left": false, "right": true, "up": false, "down": false}}
2025-09-29 16:24:45,094 - game_server - INFO - log_game_event:61 - Игровое событие: обновление_позиции - {"client_id": 0, "position": {"x": 865, "y": 345}, "inputs": {"left": false, "right": true, "up": false, "down": false}}
2025-09-29 16:24:45,129 - game_server - INFO - log_game_event:61 - Игровое событие: обновление_позиции - {"client_id": 0, "position": {"x": 870, "y": 345}, "inputs": {"left": false, "right": true, "up": false, "down": false}}
2025-09-29 16:24:45,163 - game_server - INFO - log_game_event:61 - Игровое событие: обновление_позиции - {"client_id": 0, "position": {"x": 875, "y": 345}, "inputs": {"left": false, "right": true, "up": false, "down": false}}
2025-09-29 16:24:45,198 - game_server - INFO - log_game_event:61 - Игровое событие: обновление_позиции - {"client_id": 0, "position": {"x": 880, "y": 345}, "inputs": {"left": false, "right": true, "up": false, "down": false}}
2025-09-29 16:24:45,232 - game_server - INFO - log_game_event:61 - Игровое событие: обновление_позиции - {"client_id": 0, "position": {"x": 880, "y": 345}, "inputs": {"left": false, "right": false, "up": false, "down": false}}
2025-09-29 16:24:45,266 - game_server - INFO - log_game_event:61 - Игровое событие: обновление_позиции - {"client_id": 0, "position": {"x": 880, "y": 345}, "inputs": {"left": false, "right": false, "up": false, "down": false}}
2025-09-29 16:24:45,296 - game_server - INFO - log_game_event:61 - Игровое событие: обновление_позиции - {"client_id": 0, "position": {"x": 880, "y": 345}, "inputs": {"left": false, "right": false, "up": false, "down": false}}
2025-09-29 16:24:45,319 - game_server - INFO - log_game_event:61 - Игровое событие: обновление_позиции - {"client_id": 0, "position": {"x": 880, "y": 345}, "inputs": {"left": false, "right": false, "up": false, "down": false}}
2025-09-29 16:24:45,352 - game_server - INFO - log_game_event:61 - Игровое событие: обновление_позиции - {"client_id": 0, "position": {"x": 880, "y": 345}, "inputs": {"left": false, "right": false, "up": false, "down": false}}
2025-09-29 16:24:45,382 - game_server - INFO - log_game_event:61 - Игровое событие: обновление_позиции - {"client_id": 0, "position": {"x": 880, "y": 345}, "inputs": {"left": false, "right": false, "up": false, "down": false}}
2025-09-29 16:24:45,416 - game_server - INFO - log_game_event:61 - Игровое событие: обновление_позиции - {"client_id": 0, "position": {"x": 880, "y": 345}, "inputs": {"left": false, "right": false, "up": false, "down": false}}
2025-09-29 16:24:45,444 - game_server - INFO - log_game_event:61 - Игровое событие: обновление_позиции - {"client_id": 0, "position": {"x": 880, "y": 345}, "inputs": {"left": false, "right": false, "up": false, "down": false}}
2025-09-29 16:24:45,472 - game_server - INFO - log_game_event:61 - Игровое событие: обновление_позиции - {"client_id": 0, "position": {"x": 880, "y": 345}, "inputs": {"left": false, "right": false, "up": false, "down": false}}
2025-09-29 16:24:45,503 - game_server - INFO - log_game_event:61 - Игровое событие: обновление_позиции - {"client_id": 0, "position": {"x": 880, "y": 345}, "inputs": {"left": false, "right": false, "up": false, "down": false}}
2025-09-29 16:24:45,534 - game_server - INFO - log_game_event:61 - Игровое событие: обновление_позиции - {"client_id": 0, "position": {"x": 880, "y": 345}, "inputs": {"left": false, "right": false, "up": false, "down": false}}
2025-09-29 16:24:45,565 - game_server - INFO - log_game_event:61 - Игровое событие: обновление_позиции - {"client_id": 0, "position": {"x": 880, "y": 345}, "inputs": {"left": false, "right": false, "up": false, "down": false}}
2025-09-29 16:24:45,602 - game_server - INFO - log_game_event:61 - Игровое событие: обновление_позиции - {"client_id": 0, "position": {"x": 885, "y": 345}, "inputs": {"left": false, "right": true, "up": false, "down": false}}
2025-09-29 16:24:45,636 - game_server - INFO - log_game_event:61 - Игровое событие: обновление_позиции - {"client_id": 0, "position": {"x": 890, "y": 345}, "inputs": {"left": false, "right": true, "up": false, "down": false}}
2025-09-29 16:24:45,672 - game_server - INFO - log_game_event:61 - Игровое событие: обновление_позиции - {"client_id": 0, "position": {"x": 895, "y": 345}, "inputs": {"left": false, "right": true, "up": false, "down": false}}
2025-09-29 16:24:45,707 - game_server - INFO - log_game_event:61 - Игровое событие: обновление_позиции - {"client_id": 0, "position": {"x": 900, "y": 345}, "inputs": {"left": false, "right": true, "up": false, "down": false}}
2025-09-29 16:24:45,745 - game_server - INFO - log_game_event:61 - Игровое событие: обновление_позиции - {"client_id": 0, "position": {"x": 905, "y": 345}, "inputs": {"left": false, "right": true, "up": false, "down": false}}
2025-09-29 16:24:45,782 - game_server - INFO - log_game_event:61 - Игровое событие: обновление_позиции - {"client_id": 0, "position": {"x": 910, "y": 345}, "inputs": {"left": false, "right": true, "up": false, "down": false}}
2025-09-29 16:24:45,819 - game_server - INFO - log_game_event:61 - Игровое событие: обновление_позиции - {"client_id": 0, "position": {"x": 915, "y": 345}, "inputs": {"left": false, "right": true, "up": false, "down": false}}
2025-09-29 16:24:45,854 - game_server - INFO - log_game_event:61 - Игровое событие: обновление_позиции - {"client_id": 0, "position": {"x": 920, "y": 345}, "inputs": {"left": false, "right": true, "up": false, "down": false}}
2025-09-29 16:24:45,893 - game_server - INFO - log_game_event:61 - Игровое событие: обновление_позиции - {"client_id": 0, "position": {"x": 925, "y": 345}, "inputs": {"left": false, "right": true, "up": false, "down": false}}
2025-09-29 16:24:45,928 - game_server - INFO - log_game_event:61 - Игровое событие: обновление_позиции - {"client_id": 0, "position": {"x": 930, "y": 345}, "inputs": {"left": false, "right": true, "up": false, "down": false}}
2025-09-29 16:24:45,966 - game_server - INFO - log_game_event:61 - Игровое событие: обновление_позиции - {"client_id": 0, "position": {"x": 935, "y": 345}, "inputs": {"left": false, "right": true, "up": false, "down": false}}
2025-09-29 16:24:46,004 - game_server - INFO - log_game_event:61 - Игровое событие: обновление_позиции - {"client_id": 0, "position": {"x": 940, "y": 345}, "inputs": {"left": false, "right": true, "up": false, "down": false}}
2025-09-29 16:24:46,043 - game_server - INFO - log_game_event:61 - Игровое событие: обновление_позиции - {"client_id": 0, "position": {"x": 945, "y": 345}, "inputs": {"left": false, "right": true, "up": false, "down": false}}
2025-09-29 16:24:46,081 - game_server - INFO - log_game_event:61 - Игровое событие: обновление_позиции - {"client_id": 0, "position": {"x": 950, "y": 345}, "inputs": {"left": false, "right": true, "up": false, "down": false}}
2025-09-29 16:24:46,117 - game_server - INFO - log_game_event:61 - Игровое событие: обновление_позиции - {"client_id": 0, "position": {"x": 955, "y": 345}, "inputs": {"left": false, "right": true, "up": false, "down": false}}
2025-09-29 16:24:46,153 - game_server - INFO - log_game_event:61 - Игровое событие: обновление_позиции - {"client_id": 0, "position": {"x": 960, "y": 345}, "inputs": {"left": false, "right": true, "up": false, "down": false}}
2025-09-29 16:24:46,187 - game_server - INFO - log_game_event:61 - Игровое событие: обновление_позиции - {"client_id": 0, "position": {"x": 965, "y": 345}, "inputs": {"left": false, "right": true, "up": false, "down": false}}
2025-09-29 16:24:46,227 - game_server - INFO - log_game_event:61 - Игровое событие: обновление_позиции - {"client_id": 0, "position": {"x": 970, "y": 345}, "inputs": {"left": false, "right": true, "up": false, "down": false}}
2025-09-29 16:24:46,264 - game_server - INFO - log_game_event:61 - Игровое событие: обновление_позиции - {"client_id": 0, "position": {"x": 975, "y": 345}, "inputs": {"left": false, "right": true, "up": false, "down": false}}
2025-09-29 16:24:46,300 - game_server - INFO - log_game_event:61 - Игровое событие: обновление_позиции - {"client_id": 0, "position": {"x": 980, "y": 345}, "inputs": {"left": false, "right": true, "up": false, "down": false}}
2025-09-29 16:24:46,337 - game_server - INFO - log_game_event:61 - Игровое событие: обновление_позиции - {"client_id": 0, "position": {"x": 985, "y": 345}, "inputs": {"left": false, "right": true, "up": false, "down": false}}
2025-09-29 16:24:46,373 - game_server - INFO - log_game_event:61 - Игровое событие: обновление_позиции - {"client_id": 0, "position": {"x": 990, "y": 345}, "inputs": {"left": false, "right": true, "up": false, "down": false}}
2025-09-29 16:24:46,411 - game_server - INFO - log_game_event:61 - Игровое событие: обновление_позиции - {"client_id": 0, "position": {"x": 995, "y": 345}, "inputs": {"left": false, "right": true, "up": false, "down": false}}
2025-09-29 16:24:46,450 - game_server - INFO - log_game_event:61 - Игровое событие: обновление_позиции - {"client_id": 0, "position": {"x": 1000, "y": 345}, "inputs": {"left": false, "right": true, "up": false, "down": false}}
2025-09-29 16:24:46,487 - game_server - INFO - log_game_event:61 - Игровое событие: обновление_позиции - {"client_id": 0, "position": {"x": 1005, "y": 345}, "inputs": {"left": false, "right": true, "up": false, "down": false}}
2025-09-29 16:24:46,524 - game_server - INFO - log_game_event:61 - Игровое событие: обновление_позиции - {"client_id": 0, "position": {"x": 1010, "y": 345}, "inputs": {"left": false, "right": true, "up": false, "down": false}}
2025-09-29 16:24:46,564 - game_server - INFO - log_game_event:61 - Игровое событие: обновление_позиции - {"client_id": 0, "position": {"x": 1015, "y": 345}, "inputs": {"left": false, "right": true, "up": false, "down": false}}
2025-09-29 16:24:46,600 - game_server - INFO - log_game_event:61 - Игровое событие: обновление_позиции - {"client_id": 0, "position": {"x": 1020, "y": 345}, "inputs": {"left": false, "right": true, "up": false, "down": false}}
2025-09-29 16:24:46,636 - game_server - INFO - log_game_event:61 - Игровое событие: обновление_позиции - {"client_id": 0, "position": {"x": 1025, "y": 345}, "inputs": {"left": false, "right": true, "up": false, "down": false}}
2025-09-29 16:24:46,675 - game_server - INFO - log_game_event:61 - Игровое событие: обновление_позиции - {"client_id": 0, "position": {"x": 1030, "y": 345}, "inputs": {"left": false, "right": true, "up": false, "down": false}}
2025-09-29 16:24:46,711 - game_server - INFO - log_game_event:61 - Игровое событие: обновление_позиции - {"client_id": 0, "position": {"x": 1035, "y": 345}, "inputs": {"left": false, "right": true, "up": false, "down": false}}
2025-09-29 16:24:46,749 - game_server - INFO - log_game_event:61 - Игровое событие: обновление_позиции - {"client_id": 0, "position": {"x": 1040, "y": 345}, "inputs": {"left": false, "right": true, "up": false, "down": false}}
2025-09-29 16:24:46,785 - game_server - INFO - log_game_event:61 - Игровое событие: обновление_позиции - {"client_id": 0, "position": {"x": 1045, "y": 345}, "inputs": {"left": false, "right": true, "up": false, "down": false}}
2025-09-29 16:24:46,822 - game_server - INFO - log_game_event:61 - Игровое событие: обновление_позиции - {"client_id": 0, "position": {"x": 1050, "y": 345}, "inputs": {"left": false, "right": true, "up": false, "down": false}}
2025-09-29 16:24:46,857 - game_server - INFO - log_game_event:61 - Игровое событие: обновление_позиции - {"client_id": 0, "position": {"x": 1055, "y": 345}, "inputs": {"left": false, "right": true, "up": false, "down": false}}
2025-09-29 16:24:46,894 - game_server - INFO - log_game_event:61 - Игровое событие: обновление_позиции - {"client_id": 0, "position": {"x": 1055, "y": 345}, "inputs": {"left": false, "right": false, "up": false, "down": false}}
2025-09-29 16:24:46,930 - game_server - INFO - log_game_event:61 - Игровое событие: обновление_позиции - {"client_id": 0, "position": {"x": 1055, "y": 345}, "inputs": {"left": false, "right": false, "up": false, "down": false}}
2025-09-29 16:24:46,969 - game_server - INFO - log_game_event:61 - Игровое событие: обновление_позиции - {"client_id": 0, "position": {"x": 1055, "y": 345}, "inputs": {"left": false, "right": false, "up": false, "down": false}}
2025-09-29 16:24:47,006 - game_server - INFO - log_game_event:61 - Игровое событие: обновление_позиции - {"client_id": 0, "position": {"x": 1055, "y": 345}, "inputs": {"left": false, "right": false, "up": false, "down": false}}
2025-09-29 16:24:47,041 - game_server - INFO - log_game_event:61 - Игровое событие: обновление_позиции - {"client_id": 0, "position": {"x": 1055, "y": 345}, "inputs": {"left": false, "right": false, "up": false, "down": false}}
2025-09-29 16:24:47,077 - game_server - INFO - log_game_event:61 - Игровое событие: обновление_позиции - {"client_id": 0, "position": {"x": 1055, "y": 345}, "inputs": {"left": false, "right": false, "up": false, "down": false}}
2025-09-29 16:24:47,114 - game_server - INFO - log_game_event:61 - Игровое событие: обновление_позиции - {"client_id": 0, "position": {"x": 1055, "y": 345}, "inputs": {"left": false, "right": false, "up": false, "down": false}}
2025-09-29 16:24:47,149 - game_server - INFO - log_game_event:61 - Игровое событие: обновление_позиции - {"client_id": 0, "position": {"x": 1055, "y": 345}, "inputs": {"left": false, "right": false, "up": false, "down": false}}
2025-09-29 16:24:47,184 - game_server - INFO - log_game_event:61 - Игровое событие: обновление_позиции - {"client_id": 0, "position": {"x": 1055, "y": 345}, "inputs": {"left": false, "right": false, "up": false, "down": false}}
2025-09-29 16:24:47,223 - game_server - INFO - log_game_event:61 - Игровое событие: обновление_позиции - {"client_id": 0, "position": {"x": 1055, "y": 345}, "inputs": {"left": false, "right": false, "up": false, "down": false}}
2025-09-29 16:24:47,259 - game_server - INFO - log_game_event:61 - Игровое событие: обновление_позиции - {"client_id": 0, "position": {"x": 1055, "y": 345}, "inputs": {"left": false, "right": false, "up": false, "down": false}}
2025-09-29 16:24:47,295 - game_server - INFO - log_game_event:61 - Игровое событие: обновление_позиции - {"client_id": 0, "position": {"x": 1055, "y": 345}, "inputs": {"left": false, "right": false, "up": false, "down": false}}
2025-09-29 16:24:47,329 - game_server - INFO - log_game_event:61 - Игровое событие: обновление_позиции - {"client_id": 0, "position": {"x": 1055, "y": 345}, "inputs": {"left": false, "right": false, "up": false, "down": false}}
2025-09-29 16:24:47,367 - game_server - INFO - log_game_event:61 - Игровое событие: обновление_позиции - {"client_id": 0, "position": {"x": 1055, "y": 345}, "inputs": {"left": false, "right": false, "up": false, "down": false}}
2025-09-29 16:24:47,403 - game_server - INFO - log_game_event:61 - Игровое событие: обновление_позиции - {"client_id": 0, "position": {"x": 1055, "y": 345}, "inputs": {"left": false, "right": false, "up": false, "down": false}}
2025-09-29 16:24:47,441 - game_server - INFO - log_game_event:61 - Игровое событие: обновление_позиции - {"client_id": 0, "position": {"x": 1055, "y": 345}, "inputs": {"left": false, "right": false, "up": false, "down": false}}
2025-09-29 16:24:47,478 - game_server - INFO - log_game_event:61 - Игровое событие: обновление_позиции - {"client_id": 0, "position": {"x": 1055, "y": 345}, "inputs": {"left": false, "right": false, "up": false, "down": false}}
2025-09-29 16:24:47,516 - game_server - INFO - log_game_event:61 - Игровое событие: обновление_позиции - {"client_id": 0, "position": {"x": 1055, "y": 345}, "inputs": {"left": false, "right": false, "up": false, "down": false}}
2025-09-29 16:24:47,553 - game_server - INFO - log_game_event:61 - Игровое событие: обновление_позиции - {"client_id": 0, "position": {"x": 1055, "y": 345}, "inputs": {"left": false, "right": false, "up": false, "down": false}}
2025-09-29 16:24:47,590 - game_server - INFO - log_game_event:61 - Игровое событие: обновление_позиции - {"client_id": 0, "position": {"x": 1055, "y": 345}, "inputs": {"left": false, "right": false, "up": false, "down": false}}
2025-09-29 16:24:47,627 - game_server - INFO - log_game_event:61 - Игровое событие: обновление_позиции - {"client_id": 0, "position": {"x": 1055, "y": 345}, "inputs": {"left": false, "right": false, "up": false, "down": false}}
2025-09-29 16:24:47,664 - game_server - INFO - log_game_event:61 - Игровое событие: обновление_позиции - {"client_id": 0, "position": {"x": 1055, "y": 345}, "inputs": {"left": false, "right": false, "up": false, "down": false}}
2025-09-29 16:24:47,705 - game_server - INFO - log_game_event:61 - Игровое событие: обновление_позиции - {"client_id": 0, "position": {"x": 1055, "y": 345}, "inputs": {"left": false, "right": false, "up": false, "down": false}}
2025-09-29 16:24:47,741 - game_server - INFO - log_game_event:61 - Игровое событие: обновление_позиции - {"client_id": 0, "position": {"x": 1055, "y": 345}, "inputs": {"left": false, "right": false, "up": false, "down": false}}
2025-09-29 16:24:47,777 - game_server - INFO - log_game_event:61 - Игровое событие: обновление_позиции - {"client_id": 0, "position": {"x": 1055, "y": 345}, "inputs": {"left": false, "right": false, "up": false, "down": false}}
2025-09-29 16:24:47,815 - game_server - INFO - log_game_event:61 - Игровое событие: обновление_позиции - {"client_id": 0, "position": {"x": 1055, "y": 345}, "inputs": {"left": false, "right": false, "up": false, "down": false}}
2025-09-29 16:24:47,853 - game_server - INFO - log_game_event:61 - Игровое событие: обновление_позиции - {"client_id": 0, "position": {"x": 1055, "y": 345}, "inputs": {"left": false, "right": false, "up": false, "down": false}}
2025-09-29 16:24:47,893 - game_server - INFO - log_game_event:61 - Игровое событие: обновление_позиции - {"client_id": 0, "position": {"x": 1055, "y": 345}, "inputs": {"left": false, "right": false, "up": false, "down": false}}
2025-09-29 16:24:47,930 - game_server - INFO - log_game_event:61 - Игровое событие: обновление_позиции - {"client_id": 0, "position": {"x": 1055, "y": 345}, "inputs": {"left": false, "right": false, "up": false, "down": false}}
2025-09-29 16:24:47,968 - game_server - INFO - log_game_event:61 - Игровое событие: обновление_позиции - {"client_id": 0, "position": {"x": 1055, "y": 345}, "inputs": {"left": false, "right": false, "up": false, "down": false}}
2025-09-29 16:24:48,004 - game_server - INFO - log_game_event:61 - Игровое событие: обновление_позиции - {"client_id": 0, "position": {"x": 1055, "y": 345}, "inputs": {"left": false, "right": false, "up": false, "down": false}}
2025-09-29 16:24:48,040 - game_server - INFO - log_game_event:61 - Игровое событие: обновление_позиции - {"client_id": 0, "position": {"x": 1055, "y": 345}, "inputs": {"left": false, "right": false, "up": false, "down": false}}
2025-09-29 16:24:48,077 - game_server - INFO - log_game_event:61 - Игровое событие: обновление_позиции - {"client_id": 0, "position": {"x": 1055, "y": 345}, "inputs": {"left": false, "right": false, "up": false, "down": false}}
2025-09-29 16:24:48,116 - game_server - INFO - log_game_event:61 - Игровое событие: обновление_позиции - {"client_id": 0, "position": {"x": 1055, "y": 345}, "inputs": {"left": false, "right": false, "up": false, "down": false}}
2025-09-29 16:24:48,151 - game_server - INFO - log_game_event:61 - Игровое событие: обновление_позиции - {"client_id": 0, "position": {"x": 1055, "y": 345}, "inputs": {"left": false, "right": false, "up": false, "down": false}}
2025-09-29 16:24:48,188 - game_server - INFO - log_game_event:61 - Игровое событие: обновление_позиции - {"client_id": 0, "position": {"x": 1055, "y": 345}, "inputs": {"left": false, "right": false, "up": false, "down": false}}
2025-09-29 16:24:48,226 - game_server - INFO - log_game_event:61 - Игровое событие: обновление_позиции - {"client_id": 0, "position": {"x": 1055, "y": 345}, "inputs": {"left": false, "right": false, "up": false, "down": false}}
2025-09-29 16:24:48,265 - game_server - INFO - log_game_event:61 - Игровое событие: обновление_позиции - {"client_id": 0, "position": {"x": 1055, "y": 345}, "inputs": {"left": false, "right": false, "up": false, "down": false}}
2025-09-29 16:24:48,303 - game_server - INFO - log_game_event:61 - Игровое событие: обновление_позиции - {"client_id": 0, "position": {"x": 1055, "y": 345}, "inputs": {"left": false, "right": false, "up": false, "down": false}}
2025-09-29 16:24:48,342 - game_server - INFO - log_game_event:61 - Игровое событие: обновление_позиции - {"client_id": 0, "position": {"x": 1055, "y": 345}, "inputs": {"left": false, "right": false, "up": false, "down": false}}
2025-09-29 16:24:48,368 - game_server - INFO - log_game_event:61 - Игровое событие: обновление_позиции - {"client_id": 0, "position": {"x": 1055, "y": 345}, "inputs": {"left": false, "right": false, "up": false, "down": false}}
2025-09-29 16:24:48,404 - game_server - INFO - log_game_event:61 - Игровое событие: обновление_позиции - {"client_id": 0, "position": {"x": 1055, "y": 345}, "inputs": {"left": false, "right": false, "up": false, "down": false}}
2025-09-29 16:24:48,439 - game_server - INFO - log_game_event:61 - Игровое событие: обновление_позиции - {"client_id": 0, "position": {"x": 1055, "y": 345}, "inputs": {"left": false, "right": false, "up": false, "down": false}}
2025-09-29 16:24:48,475 - game_server - INFO - log_game_event:61 - Игровое событие: обновление_позиции - {"client_id": 0, "position": {"x": 1055, "y": 345}, "inputs": {"left": false, "right": false, "up": false, "down": false}}
2025-09-29 16:24:48,507 - game_server - INFO - log_game_event:61 - Игровое событие: обновление_позиции - {"client_id": 0, "position": {"x": 1055, "y": 345}, "inputs": {"left": false, "right": false, "up": false, "down": false}}
2025-09-29 16:24:48,543 - game_server - INFO - log_game_event:61 - Игровое событие: обновление_позиции - {"client_id": 0, "position": {"x": 1055, "y": 345}, "inputs": {"left": false, "right": false, "up": false, "down": false}}
2025-09-29 16:24:48,580 - game_server - INFO - log_game_event:61 - Игровое событие: обновление_позиции - {"client_id": 0, "position": {"x": 1055, "y": 345}, "inputs": {"left": false, "right": false, "up": false, "down": false}}
2025-09-29 16:24:48,618 - game_server - INFO - log_game_event:61 - Игровое событие: обновление_позиции - {"client_id": 0, "position": {"x": 1055, "y": 345}, "inputs": {"left": false, "right": false, "up": false, "down": false}}
2025-09-29 16:24:48,657 - game_server - INFO - log_game_event:61 - Игровое событие: обновление_позиции - {"client_id": 0, "position": {"x": 1055, "y": 345}, "inputs": {"left": false, "right": false, "up": false, "down": false}}
2025-09-29 16:24:48,697 - game_server - INFO - log_game_event:61 - Игровое событие: обновление_позиции - {"client_id": 0, "position": {"x": 1055, "y": 345}, "inputs": {"left": false, "right": false, "up": false, "down": false}}
2025-09-29 16:24:48,730 - game_server - INFO - log_game_event:61 - Игровое событие: обновление_позиции - {"client_id": 0, "position": {"x": 1055, "y": 345}, "inputs": {"left": false, "right": false, "up": false, "down": false}}
2025-09-29 16:24:48,763 - game_server - INFO - log_game_event:61 - Игровое событие: обновление_позиции - {"client_id": 0, "position": {"x": 1055, "y": 345}, "inputs": {"left": false, "right": false, "up": false, "down": false}}
2025-09-29 16:24:48,796 - game_server - INFO - log_game_event:61 - Игровое событие: обновление_позиции - {"client_id": 0, "position": {"x": 1055, "y": 345}, "inputs": {"left": false, "right": false, "up": false, "down": false}}
2025-09-29 16:24:48,831 - game_server - INFO - log_game_event:61 - Игровое событие: обновление_позиции - {"client_id": 0, "position": {"x": 1055, "y": 345}, "inputs": {"left": false, "right": false, "up": false, "down": false}}
2025-09-29 16:24:48,865 - game_server - INFO - log_game_event:61 - Игровое событие: обновление_позиции - {"client_id": 0, "position": {"x": 1055, "y": 345}, "inputs": {"left": false, "right": false, "up": false, "down": false}}
2025-09-29 16:24:48,909 - game_server - INFO - log_game_event:61 - Игровое событие: обновление_позиции - {"client_id": 0, "position": {"x": 1055, "y": 345}, "inputs": {"left": false, "right": false, "up": false, "down": false}}
2025-09-29 16:24:48,940 - game_server - INFO - log_game_event:61 - Игровое событие: обновление_позиции - {"client_id": 0, "position": {"x": 1055, "y": 345}, "inputs": {"left": false, "right": false, "up": false, "down": false}}
2025-09-29 16:24:48,982 - game_server - INFO - log_game_event:61 - Игровое событие: обновление_позиции - {"client_id": 0, "position": {"x": 1055, "y": 345}, "inputs": {"left": false, "right": false, "up": false, "down": false}}
2025-09-29 16:24:49,017 - game_server - INFO - log_game_event:61 - Игровое событие: обновление_позиции - {"client_id": 0, "position": {"x": 1055, "y": 345}, "inputs": {"left": false, "right": false, "up": false, "down": false}}
2025-09-29 16:24:49,057 - game_server - INFO - log_game_event:61 - Игровое событие: обновление_позиции - {"client_id": 0, "position": {"x": 1055, "y": 345}, "inputs": {"left": false, "right": false, "up": false, "down": false}}
2025-09-29 16:24:49,097 - game_server - INFO - log_game_event:61 - Игровое событие: обновление_позиции - {"client_id": 0, "position": {"x": 1055, "y": 345}, "inputs": {"left": false, "right": false, "up": false, "down": false}}
2025-09-29 16:24:49,134 - game_server - INFO - log_game_event:61 - Игровое событие: обновление_позиции - {"client_id": 0, "position": {"x": 1055, "y": 345}, "inputs": {"left": false, "right": false, "up": false, "down": false}}
2025-09-29 16:24:49,169 - game_server - INFO - log_game_event:61 - Игровое событие: обновление_позиции - {"client_id": 0, "position": {"x": 1055, "y": 345}, "inputs": {"left": false, "right": false, "up": false, "down": false}}
2025-09-29 16:24:49,204 - game_server - INFO - log_game_event:61 - Игровое событие: обновление_позиции - {"client_id": 0, "position": {"x": 1055, "y": 345}, "inputs": {"left": false, "right": false, "up": false, "down": false}}
2025-09-29 16:24:49,242 - game_server - INFO - log_game_event:61 - Игровое событие: обновление_позиции - {"client_id": 0, "position": {"x": 1055, "y": 345}, "inputs": {"left": false, "right": false, "up": false, "down": false}}
2025-09-29 16:24:49,278 - game_server - INFO - log_game_event:61 - Игровое событие: обновление_позиции - {"client_id": 0, "position": {"x": 1055, "y": 345}, "inputs": {"left": false, "right": false, "up": false, "down": false}}
2025-09-29 16:24:49,314 - game_server - INFO - log_game_event:61 - Игровое событие: обновление_позиции - {"client_id": 0, "position": {"x": 1055, "y": 345}, "inputs": {"left": false, "right": false, "up": false, "down": false}}
2025-09-29 16:24:49,346 - game_server - INFO - log_game_event:61 - Игровое событие: обновление_позиции - {"client_id": 0, "position": {"x": 1055, "y": 345}, "inputs": {"left": false, "right": false, "up": false, "down": false}}
2025-09-29 16:24:49,381 - game_server - INFO - log_game_event:61 - Игровое событие: обновление_позиции - {"client_id": 0, "position": {"x": 1055, "y": 345}, "inputs": {"left": false, "right": false, "up": false, "down": false}}
2025-09-29 16:24:49,419 - game_server - INFO - log_game_event:61 - Игровое событие: обновление_позиции - {"client_id": 0, "position": {"x": 1055, "y": 345}, "inputs": {"left": false, "right": false, "up": false, "down": false}}
2025-09-29 16:24:49,455 - game_server - INFO - log_game_event:61 - Игровое событие: обновление_позиции - {"client_id": 0, "position": {"x": 1055, "y": 345}, "inputs": {"left": false, "right": false, "up": false, "down": false}}
2025-09-29 16:24:49,490 - game_server - INFO - log_game_event:61 - Игровое событие: обновление_позиции - {"client_id": 0, "position": {"x": 1055, "y": 345}, "inputs": {"left": false, "right": false, "up": false, "down": false}}
2025-09-29 16:24:49,527 - game_server - INFO - log_game_event:61 - Игровое событие: обновление_позиции - {"client_id": 0, "position": {"x": 1055, "y": 345}, "inputs": {"left": false, "right": false, "up": false, "down": false}}
2025-09-29 16:24:49,567 - game_server - INFO - log_game_event:61 - Игровое событие: обновление_позиции - {"client_id": 0, "position": {"x": 1055, "y": 345}, "inputs": {"left": false, "right": false, "up": false, "down": false}}
2025-09-29 16:24:49,604 - game_server - INFO - log_game_event:61 - Игровое событие: обновление_позиции - {"client_id": 0, "position": {"x": 1055, "y": 345}, "inputs": {"left": false, "right": false, "up": false, "down": false}}
2025-09-29 16:24:49,641 - game_server - INFO - log_game_event:61 - Игровое событие: обновление_позиции - {"client_id": 0, "position": {"x": 1055, "y": 345}, "inputs": {"left": false, "right": false, "up": false, "down": false}}
2025-09-29 16:24:49,679 - game_server - INFO - log_game_event:61 - Игровое событие: обновление_позиции - {"client_id": 0, "position": {"x": 1055, "y": 350}, "inputs": {"left": false, "right": false, "up": false, "down": true}}
2025-09-29 16:24:49,717 - game_server - INFO - log_game_event:61 - Игровое событие: обновление_позиции - {"client_id": 0, "position": {"x": 1055, "y": 355}, "inputs": {"left": false, "right": false, "up": false, "down": true}}
2025-09-29 16:24:49,754 - game_server - INFO - log_game_event:61 - Игровое событие: обновление_позиции - {"client_id": 0, "position": {"x": 1055, "y": 360}, "inputs": {"left": false, "right": false, "up": false, "down": true}}
2025-09-29 16:24:49,790 - game_server - INFO - log_game_event:61 - Игровое событие: обновление_позиции - {"client_id": 0, "position": {"x": 1055, "y": 365}, "inputs": {"left": false, "right": false, "up": false, "down": true}}
2025-09-29 16:24:49,828 - game_server - INFO - log_game_event:61 - Игровое событие: обновление_позиции - {"client_id": 0, "position": {"x": 1055, "y": 370}, "inputs": {"left": false, "right": false, "up": false, "down": true}}
2025-09-29 16:24:49,865 - game_server - INFO - log_game_event:61 - Игровое событие: обновление_позиции - {"client_id": 0, "position": {"x": 1055, "y": 375}, "inputs": {"left": false, "right": false, "up": false, "down": true}}
2025-09-29 16:24:49,902 - game_server - INFO - log_game_event:61 - Игровое событие: обновление_позиции - {"client_id": 0, "position": {"x": 1055, "y": 380}, "inputs": {"left": false, "right": false, "up": false, "down": true}}
2025-09-29 16:24:49,939 - game_server - INFO - log_game_event:61 - Игровое событие: обновление_позиции - {"client_id": 0, "position": {"x": 1055, "y": 385}, "inputs": {"left": false, "right": false, "up": false, "down": true}}
2025-09-29 16:24:49,976 - game_server - INFO - log_game_event:61 - Игровое событие: обновление_позиции - {"client_id": 0, "position": {"x": 1055, "y": 390}, "inputs": {"left": false, "right": false, "up": false, "down": true}}
2025-09-29 16:24:50,014 - game_server - INFO - log_game_event:61 - Игровое событие: обновление_позиции - {"client_id": 0, "position": {"x": 1055, "y": 395}, "inputs": {"left": false, "right": false, "up": false, "down": true}}
2025-09-29 16:24:50,051 - game_server - INFO - log_game_event:61 - Игровое событие: обновление_позиции - {"client_id": 0, "position": {"x": 1055, "y": 400}, "inputs": {"left": false, "right": false, "up": false, "down": true}}
2025-09-29 16:24:50,086 - game_server - INFO - log_game_event:61 - Игровое событие: обновление_позиции - {"client_id": 0, "position": {"x": 1055, "y": 405}, "inputs": {"left": false, "right": false, "up": false, "down": true}}
2025-09-29 16:24:50,121 - game_server - INFO - log_game_event:61 - Игровое событие: обновление_позиции - {"client_id": 0, "position": {"x": 1055, "y": 410}, "inputs": {"left": false, "right": false, "up": false, "down": true}}
2025-09-29 16:24:50,155 - game_server - INFO - log_game_event:61 - Игровое событие: обновление_позиции - {"client_id": 0, "position": {"x": 1050, "y": 415}, "inputs": {"left": true, "right": false, "up": false, "down": true}}
2025-09-29 16:24:50,192 - game_server - INFO - log_game_event:61 - Игровое событие: обновление_позиции - {"client_id": 0, "position": {"x": 1045, "y": 420}, "inputs": {"left": true, "right": false, "up": false, "down": true}}
2025-09-29 16:24:50,224 - game_server - INFO - log_game_event:61 - Игровое событие: обновление_позиции - {"client_id": 0, "position": {"x": 1040, "y": 425}, "inputs": {"left": true, "right": false, "up": false, "down": true}}
2025-09-29 16:24:50,261 - game_server - INFO - log_game_event:61 - Игровое событие: обновление_позиции - {"client_id": 0, "position": {"x": 1035, "y": 430}, "inputs": {"left": true, "right": false, "up": false, "down": true}}
2025-09-29 16:24:50,299 - game_server - INFO - log_game_event:61 - Игровое событие: обновление_позиции - {"client_id": 0, "position": {"x": 1030, "y": 435}, "inputs": {"left": true, "right": false, "up": false, "down": true}}
2025-09-29 16:24:50,336 - game_server - INFO - log_game_event:61 - Игровое событие: обновление_позиции - {"client_id": 0, "position": {"x": 1025, "y": 440}, "inputs": {"left": true, "right": false, "up": false, "down": true}}
2025-09-29 16:24:50,372 - game_server - INFO - log_game_event:61 - Игровое событие: обновление_позиции - {"client_id": 0, "position": {"x": 1020, "y": 445}, "inputs": {"left": true, "right": false, "up": false, "down": true}}
2025-09-29 16:24:50,409 - game_server - INFO - log_game_event:61 - Игровое событие: обновление_позиции - {"client_id": 0, "position": {"x": 1015, "y": 450}, "inputs": {"left": true, "right": false, "up": false, "down": true}}
2025-09-29 16:24:50,444 - game_server - INFO - log_game_event:61 - Игровое событие: обновление_позиции - {"client_id": 0, "position": {"x": 1010, "y": 455}, "inputs": {"left": true, "right": false, "up": false, "down": true}}
2025-09-29 16:24:50,480 - game_server - INFO - log_game_event:61 - Игровое событие: обновление_позиции - {"client_id": 0, "position": {"x": 1005, "y": 460}, "inputs": {"left": true, "right": false, "up": false, "down": true}}
2025-09-29 16:24:50,505 - game_server - INFO - log_game_event:61 - Игровое событие: обновление_позиции - {"client_id": 0, "position": {"x": 1000, "y": 465}, "inputs": {"left": true, "right": false, "up": false, "down": true}}
2025-09-29 16:24:50,538 - game_server - INFO - log_game_event:61 - Игровое событие: обновление_позиции - {"client_id": 0, "position": {"x": 995, "y": 470}, "inputs": {"left": true, "right": false, "up": false, "down": true}}
2025-09-29 16:24:50,577 - game_server - INFO - log_game_event:61 - Игровое событие: обновление_позиции - {"client_id": 0, "position": {"x": 990, "y": 475}, "inputs": {"left": true, "right": false, "up": false, "down": true}}
2025-09-29 16:24:50,615 - game_server - INFO - log_game_event:61 - Игровое событие: обновление_позиции - {"client_id": 0, "position": {"x": 985, "y": 480}, "inputs": {"left": true, "right": false, "up": false, "down": true}}
2025-09-29 16:24:50,652 - game_server - INFO - log_game_event:61 - Игровое событие: обновление_позиции - {"client_id": 0, "position": {"x": 980, "y": 485}, "inputs": {"left": true, "right": false, "up": false, "down": true}}
2025-09-29 16:24:50,688 - game_server - INFO - log_game_event:61 - Игровое событие: обновление_позиции - {"client_id": 0, "position": {"x": 975, "y": 490}, "inputs": {"left": true, "right": false, "up": false, "down": true}}
2025-09-29 16:24:50,728 - game_server - INFO - log_game_event:61 - Игровое событие: обновление_позиции - {"client_id": 0, "position": {"x": 970, "y": 495}, "inputs": {"left": true, "right": false, "up": false, "down": true}}
2025-09-29 16:24:50,765 - game_server - INFO - log_game_event:61 - Игровое событие: обновление_позиции - {"client_id": 0, "position": {"x": 965, "y": 500}, "inputs": {"left": true, "right": false, "up": false, "down": true}}
2025-09-29 16:24:50,802 - game_server - INFO - log_game_event:61 - Игровое событие: обновление_позиции - {"client_id": 0, "position": {"x": 960, "y": 505}, "inputs": {"left": true, "right": false, "up": false, "down": true}}
2025-09-29 16:24:50,840 - game_server - INFO - log_game_event:61 - Игровое событие: обновление_позиции - {"client_id": 0, "position": {"x": 955, "y": 510}, "inputs": {"left": true, "right": false, "up": false, "down": true}}
2025-09-29 16:24:50,876 - game_server - INFO - log_game_event:61 - Игровое событие: обновление_позиции - {"client_id": 0, "position": {"x": 950, "y": 515}, "inputs": {"left": true, "right": false, "up": false, "down": true}}
2025-09-29 16:24:50,917 - game_server - INFO - log_game_event:61 - Игровое событие: обновление_позиции - {"client_id": 0, "position": {"x": 945, "y": 520}, "inputs": {"left": true, "right": false, "up": false, "down": true}}
2025-09-29 16:24:50,954 - game_server - INFO - log_game_event:61 - Игровое событие: обновление_позиции - {"client_id": 0, "position": {"x": 940, "y": 525}, "inputs": {"left": true, "right": false, "up": false, "down": true}}
2025-09-29 16:24:50,991 - game_server - INFO - log_game_event:61 - Игровое событие: обновление_позиции - {"client_id": 0, "position": {"x": 935, "y": 530}, "inputs": {"left": true, "right": false, "up": false, "down": true}}
2025-09-29 16:24:51,030 - game_server - INFO - log_game_event:61 - Игровое событие: обновление_позиции - {"client_id": 0, "position": {"x": 930, "y": 535}, "inputs": {"left": true, "right": false, "up": false, "down": true}}
2025-09-29 16:24:51,068 - game_server - INFO - log_game_event:61 - Игровое событие: обновление_позиции - {"client_id": 0, "position": {"x": 925, "y": 540}, "inputs": {"left": true, "right": false, "up": false, "down": true}}
2025-09-29 16:24:51,105 - game_server - INFO - log_game_event:61 - Игровое событие: обновление_позиции - {"client_id": 0, "position": {"x": 920, "y": 545}, "inputs": {"left": true, "right": false, "up": false, "down": true}}
2025-09-29 16:24:51,142 - game_server - INFO - log_game_event:61 - Игровое событие: обновление_позиции - {"client_id": 0, "position": {"x": 915, "y": 550}, "inputs": {"left": true, "right": false, "up": false, "down": true}}
2025-09-29 16:24:51,181 - game_server - INFO - log_game_event:61 - Игровое событие: обновление_позиции - {"client_id": 0, "position": {"x": 910, "y": 555}, "inputs": {"left": true, "right": false, "up": false, "down": true}}
2025-09-29 16:24:51,217 - game_server - INFO - log_game_event:61 - Игровое событие: обновление_позиции - {"client_id": 0, "position": {"x": 905, "y": 560}, "inputs": {"left": true, "right": false, "up": false, "down": true}}
2025-09-29 16:24:51,254 - game_server - INFO - log_game_event:61 - Игровое событие: обновление_позиции - {"client_id": 0, "position": {"x": 900, "y": 565}, "inputs": {"left": true, "right": false, "up": false, "down": true}}
2025-09-29 16:24:51,292 - game_server - INFO - log_game_event:61 - Игровое событие: обновление_позиции - {"client_id": 0, "position": {"x": 895, "y": 570}, "inputs": {"left": true, "right": false, "up": false, "down": true}}
2025-09-29 16:24:51,331 - game_server - INFO - log_game_event:61 - Игровое событие: обновление_позиции - {"client_id": 0, "position": {"x": 890, "y": 575}, "inputs": {"left": true, "right": false, "up": false, "down": true}}
2025-09-29 16:24:51,368 - game_server - INFO - log_game_event:61 - Игровое событие: обновление_позиции - {"client_id": 0, "position": {"x": 885, "y": 580}, "inputs": {"left": true, "right": false, "up": false, "down": true}}
2025-09-29 16:24:51,407 - game_server - INFO - log_game_event:61 - Игровое событие: обновление_позиции - {"client_id": 0, "position": {"x": 880, "y": 585}, "inputs": {"left": true, "right": false, "up": false, "down": true}}
2025-09-29 16:24:51,447 - game_server - INFO - log_game_event:61 - Игровое событие: обновление_позиции - {"client_id": 0, "position": {"x": 875, "y": 590}, "inputs": {"left": true, "right": false, "up": false, "down": true}}
2025-09-29 16:24:51,486 - game_server - INFO - log_game_event:61 - Игровое событие: обновление_позиции - {"client_id": 0, "position": {"x": 870, "y": 595}, "inputs": {"left": true, "right": false, "up": false, "down": true}}
2025-09-29 16:24:51,522 - game_server - INFO - log_game_event:61 - Игровое событие: обновление_позиции - {"client_id": 0, "position": {"x": 865, "y": 600}, "inputs": {"left": true, "right": false, "up": false, "down": true}}
2025-09-29 16:24:51,560 - game_server - INFO - log_game_event:61 - Игровое событие: обновление_позиции - {"client_id": 0, "position": {"x": 860, "y": 605}, "inputs": {"left": true, "right": false, "up": false, "down": true}}
2025-09-29 16:24:51,599 - game_server - INFO - log_game_event:61 - Игровое событие: обновление_позиции - {"client_id": 0, "position": {"x": 855, "y": 610}, "inputs": {"left": true, "right": false, "up": false, "down": true}}
2025-09-29 16:24:51,637 - game_server - INFO - log_game_event:61 - Игровое событие: обновление_позиции - {"client_id": 0, "position": {"x": 850, "y": 615}, "inputs": {"left": true, "right": false, "up": false, "down": true}}
2025-09-29 16:24:51,672 - game_server - INFO - log_game_event:61 - Игровое событие: обновление_позиции - {"client_id": 0, "position": {"x": 845, "y": 620}, "inputs": {"left": true, "right": false, "up": false, "down": true}}
2025-09-29 16:24:51,710 - game_server - INFO - log_game_event:61 - Игровое событие: обновление_позиции - {"client_id": 0, "position": {"x": 840, "y": 625}, "inputs": {"left": true, "right": false, "up": false, "down": true}}
2025-09-29 16:24:51,750 - game_server - INFO - log_game_event:61 - Игровое событие: обновление_позиции - {"client_id": 0, "position": {"x": 835, "y": 630}, "inputs": {"left": true, "right": false, "up": false, "down": true}}
2025-09-29 16:24:51,787 - game_server - INFO - log_game_event:61 - Игровое событие: обновление_позиции - {"client_id": 0, "position": {"x": 830, "y": 635}, "inputs": {"left": true, "right": false, "up": false, "down": true}}
2025-09-29 16:24:51,824 - game_server - INFO - log_game_event:61 - Игровое событие: обновление_позиции - {"client_id": 0, "position": {"x": 825, "y": 640}, "inputs": {"left": true, "right": false, "up": false, "down": true}}
2025-09-29 16:24:51,861 - game_server - INFO - log_game_event:61 - Игровое событие: обновление_позиции - {"client_id": 0, "position": {"x": 820, "y": 645}, "inputs": {"left": true, "right": false, "up": false, "down": true}}
2025-09-29 16:24:51,900 - game_server - INFO - log_game_event:61 - Игровое событие: обновление_позиции - {"client_id": 0, "position": {"x": 815, "y": 650}, "inputs": {"left": true, "right": false, "up": false, "down": true}}
2025-09-29 16:24:51,937 - game_server - INFO - log_game_event:61 - Игровое событие: обновление_позиции - {"client_id": 0, "position": {"x": 810, "y": 655}, "inputs": {"left": true, "right": false, "up": false, "down": true}}
2025-09-29 16:24:51,976 - game_server - INFO - log_game_event:61 - Игровое событие: обновление_позиции - {"client_id": 0, "position": {"x": 805, "y": 660}, "inputs": {"left": true, "right": false, "up": false, "down": true}}
2025-09-29 16:24:52,015 - game_server - INFO - log_game_event:61 - Игровое событие: обновление_позиции - {"client_id": 0, "position": {"x": 800, "y": 665}, "inputs": {"left": true, "right": false, "up": false, "down": true}}
2025-09-29 16:24:52,052 - game_server - INFO - log_game_event:61 - Игровое событие: обновление_позиции - {"client_id": 0, "position": {"x": 795, "y": 670}, "inputs": {"left": true, "right": false, "up": false, "down": true}}
2025-09-29 16:24:52,091 - game_server - INFO - log_game_event:61 - Игровое событие: обновление_позиции - {"client_id": 0, "position": {"x": 790, "y": 675}, "inputs": {"left": true, "right": false, "up": false, "down": true}}
2025-09-29 16:24:52,129 - game_server - INFO - log_game_event:61 - Игровое событие: обновление_позиции - {"client_id": 0, "position": {"x": 785, "y": 680}, "inputs": {"left": true, "right": false, "up": false, "down": true}}
2025-09-29 16:24:52,168 - game_server - INFO - log_game_event:61 - Игровое событие: обновление_позиции - {"client_id": 0, "position": {"x": 780, "y": 685}, "inputs": {"left": true, "right": false, "up": false, "down": true}}
2025-09-29 16:24:52,206 - game_server - INFO - log_game_event:61 - Игровое событие: обновление_позиции - {"client_id": 0, "position": {"x": 775, "y": 690}, "inputs": {"left": true, "right": false, "up": false, "down": true}}
2025-09-29 16:24:52,241 - game_server - INFO - log_game_event:61 - Игровое событие: обновление_позиции - {"client_id": 0, "position": {"x": 770, "y": 695}, "inputs": {"left": true, "right": false, "up": false, "down": true}}
2025-09-29 16:24:52,277 - game_server - INFO - log_game_event:61 - Игровое событие: обновление_позиции - {"client_id": 0, "position": {"x": 765, "y": 700}, "inputs": {"left": true, "right": false, "up": false, "down": true}}
2025-09-29 16:24:52,313 - game_server - INFO - log_game_event:61 - Игровое событие: обновление_позиции - {"client_id": 0, "position": {"x": 760, "y": 705}, "inputs": {"left": true, "right": false, "up": false, "down": true}}
2025-09-29 16:24:52,349 - game_server - INFO - log_game_event:61 - Игровое событие: обновление_позиции - {"client_id": 0, "position": {"x": 755, "y": 710}, "inputs": {"left": true, "right": false, "up": false, "down": true}}
2025-09-29 16:24:52,386 - game_server - INFO - log_game_event:61 - Игровое событие: обновление_позиции - {"client_id": 0, "position": {"x": 750, "y": 715}, "inputs": {"left": true, "right": false, "up": false, "down": true}}
2025-09-29 16:24:52,424 - game_server - INFO - log_game_event:61 - Игровое событие: обновление_позиции - {"client_id": 0, "position": {"x": 745, "y": 720}, "inputs": {"left": true, "right": false, "up": false, "down": true}}
2025-09-29 16:24:52,456 - game_server - INFO - log_game_event:61 - Игровое событие: обновление_позиции - {"client_id": 0, "position": {"x": 740, "y": 725}, "inputs": {"left": true, "right": false, "up": false, "down": true}}
2025-09-29 16:24:52,495 - game_server - INFO - log_game_event:61 - Игровое событие: обновление_позиции - {"client_id": 0, "position": {"x": 735, "y": 730}, "inputs": {"left": true, "right": false, "up": false, "down": true}}
2025-09-29 16:24:52,526 - game_server - INFO - log_game_event:61 - Игровое событие: обновление_позиции - {"client_id": 0, "position": {"x": 730, "y": 735}, "inputs": {"left": true, "right": false, "up": false, "down": true}}
2025-09-29 16:24:52,563 - game_server - INFO - log_game_event:61 - Игровое событие: обновление_позиции - {"client_id": 0, "position": {"x": 725, "y": 740}, "inputs": {"left": true, "right": false, "up": false, "down": true}}
2025-09-29 16:24:52,594 - game_server - INFO - log_game_event:61 - Игровое событие: обновление_позиции - {"client_id": 0, "position": {"x": 720, "y": 745}, "inputs": {"left": true, "right": false, "up": false, "down": true}}
2025-09-29 16:24:52,626 - game_server - INFO - log_game_event:61 - Игровое событие: обновление_позиции - {"client_id": 0, "position": {"x": 715, "y": 745}, "inputs": {"left": true, "right": false, "up": false, "down": false}}
2025-09-29 16:24:52,661 - game_server - INFO - log_game_event:61 - Игровое событие: обновление_позиции - {"client_id": 0, "position": {"x": 710, "y": 745}, "inputs": {"left": true, "right": false, "up": false, "down": false}}
2025-09-29 16:24:52,690 - game_server - INFO - log_game_event:61 - Игровое событие: обновление_позиции - {"client_id": 0, "position": {"x": 705, "y": 745}, "inputs": {"left": true, "right": false, "up": false, "down": false}}
2025-09-29 16:24:52,726 - game_server - INFO - log_game_event:61 - Игровое событие: обновление_позиции - {"client_id": 0, "position": {"x": 700, "y": 745}, "inputs": {"left": true, "right": false, "up": false, "down": false}}
2025-09-29 16:24:52,759 - game_server - INFO - log_game_event:61 - Игровое событие: обновление_позиции - {"client_id": 0, "position": {"x": 695, "y": 745}, "inputs": {"left": true, "right": false, "up": false, "down": false}}
2025-09-29 16:24:52,789 - game_server - INFO - log_game_event:61 - Игровое событие: обновление_позиции - {"client_id": 0, "position": {"x": 690, "y": 745}, "inputs": {"left": true, "right": false, "up": false, "down": false}}
2025-09-29 16:24:52,822 - game_server - INFO - log_game_event:61 - Игровое событие: обновление_позиции - {"client_id": 0, "position": {"x": 685, "y": 740}, "inputs": {"left": true, "right": false, "up": true, "down": false}}
2025-09-29 16:24:52,858 - game_server - INFO - log_game_event:61 - Игровое событие: обновление_позиции - {"client_id": 0, "position": {"x": 680, "y": 735}, "inputs": {"left": true, "right": false, "up": true, "down": false}}
2025-09-29 16:24:52,895 - game_server - INFO - log_game_event:61 - Игровое событие: обновление_позиции - {"client_id": 0, "position": {"x": 675, "y": 730}, "inputs": {"left": true, "right": false, "up": true, "down": false}}
2025-09-29 16:24:52,931 - game_server - INFO - log_game_event:61 - Игровое событие: обновление_позиции - {"client_id": 0, "position": {"x": 670, "y": 725}, "inputs": {"left": true, "right": false, "up": true, "down": false}}
2025-09-29 16:24:52,967 - game_server - INFO - log_game_event:61 - Игровое событие: обновление_позиции - {"client_id": 0, "position": {"x": 665, "y": 720}, "inputs": {"left": true, "right": false, "up": true, "down": false}}
2025-09-29 16:24:53,003 - game_server - INFO - log_game_event:61 - Игровое событие: обновление_позиции - {"client_id": 0, "position": {"x": 660, "y": 715}, "inputs": {"left": true, "right": false, "up": true, "down": false}}
2025-09-29 16:24:53,043 - game_server - INFO - log_game_event:61 - Игровое событие: обновление_позиции - {"client_id": 0, "position": {"x": 655, "y": 715}, "inputs": {"left": true, "right": false, "up": false, "down": false}}
2025-09-29 16:24:53,080 - game_server - INFO - log_game_event:61 - Игровое событие: обновление_позиции - {"client_id": 0, "position": {"x": 650, "y": 715}, "inputs": {"left": true, "right": false, "up": false, "down": false}}
2025-09-29 16:24:53,117 - game_server - INFO - log_game_event:61 - Игровое событие: обновление_позиции - {"client_id": 0, "position": {"x": 645, "y": 715}, "inputs": {"left": true, "right": false, "up": false, "down": false}}
2025-09-29 16:24:53,153 - game_server - INFO - log_game_event:61 - Игровое событие: обновление_позиции - {"client_id": 0, "position": {"x": 640, "y": 715}, "inputs": {"left": true, "right": false, "up": false, "down": false}}
2025-09-29 16:24:53,189 - game_server - INFO - log_game_event:61 - Игровое событие: обновление_позиции - {"client_id": 0, "position": {"x": 635, "y": 715}, "inputs": {"left": true, "right": false, "up": false, "down": false}}
2025-09-29 16:24:53,225 - game_server - INFO - log_game_event:61 - Игровое событие: обновление_позиции - {"client_id": 0, "position": {"x": 630, "y": 715}, "inputs": {"left": true, "right": false, "up": false, "down": false}}
2025-09-29 16:24:53,263 - game_server - INFO - log_game_event:61 - Игровое событие: обновление_позиции - {"client_id": 0, "position": {"x": 625, "y": 715}, "inputs": {"left": true, "right": false, "up": false, "down": false}}
2025-09-29 16:24:53,300 - game_server - INFO - log_game_event:61 - Игровое событие: обновление_позиции - {"client_id": 0, "position": {"x": 620, "y": 715}, "inputs": {"left": true, "right": false, "up": false, "down": false}}
2025-09-29 16:24:53,337 - game_server - INFO - log_game_event:61 - Игровое событие: обновление_позиции - {"client_id": 0, "position": {"x": 615, "y": 715}, "inputs": {"left": true, "right": false, "up": false, "down": false}}
2025-09-29 16:24:53,373 - game_server - INFO - log_game_event:61 - Игровое событие: обновление_позиции - {"client_id": 0, "position": {"x": 610, "y": 715}, "inputs": {"left": true, "right": false, "up": false, "down": false}}
2025-09-29 16:24:53,409 - game_server - INFO - log_game_event:61 - Игровое событие: обновление_позиции - {"client_id": 0, "position": {"x": 605, "y": 715}, "inputs": {"left": true, "right": false, "up": false, "down": false}}
2025-09-29 16:24:53,444 - game_server - INFO - log_game_event:61 - Игровое событие: обновление_позиции - {"client_id": 0, "position": {"x": 600, "y": 715}, "inputs": {"left": true, "right": false, "up": false, "down": false}}
2025-09-29 16:24:53,476 - game_server - INFO - log_game_event:61 - Игровое событие: обновление_позиции - {"client_id": 0, "position": {"x": 595, "y": 715}, "inputs": {"left": true, "right": false, "up": false, "down": false}}
2025-09-29 16:24:53,511 - game_server - INFO - log_game_event:61 - Игровое событие: обновление_позиции - {"client_id": 0, "position": {"x": 590, "y": 715}, "inputs": {"left": true, "right": false, "up": false, "down": false}}
2025-09-29 16:24:53,547 - game_server - INFO - log_game_event:61 - Игровое событие: обновление_позиции - {"client_id": 0, "position": {"x": 585, "y": 715}, "inputs": {"left": true, "right": false, "up": false, "down": false}}
2025-09-29 16:24:53,584 - game_server - INFO - log_game_event:61 - Игровое событие: обновление_позиции - {"client_id": 0, "position": {"x": 580, "y": 715}, "inputs": {"left": true, "right": false, "up": false, "down": false}}
2025-09-29 16:24:53,623 - game_server - INFO - log_game_event:61 - Игровое событие: обновление_позиции - {"client_id": 0, "position": {"x": 575, "y": 715}, "inputs": {"left": true, "right": false, "up": false, "down": false}}
2025-09-29 16:24:53,659 - game_server - INFO - log_game_event:61 - Игровое событие: обновление_позиции - {"client_id": 0, "position": {"x": 570, "y": 715}, "inputs": {"left": true, "right": false, "up": false, "down": false}}
2025-09-29 16:24:53,697 - game_server - INFO - log_game_event:61 - Игровое событие: обновление_позиции - {"client_id": 0, "position": {"x": 565, "y": 715}, "inputs": {"left": true, "right": false, "up": false, "down": false}}
2025-09-29 16:24:53,731 - game_server - INFO - log_game_event:61 - Игровое событие: обновление_позиции - {"client_id": 0, "position": {"x": 560, "y": 715}, "inputs": {"left": true, "right": false, "up": false, "down": false}}
2025-09-29 16:24:53,766 - game_server - INFO - log_game_event:61 - Игровое событие: обновление_позиции - {"client_id": 0, "position": {"x": 555, "y": 715}, "inputs": {"left": true, "right": false, "up": false, "down": false}}
2025-09-29 16:24:53,803 - game_server - INFO - log_game_event:61 - Игровое событие: обновление_позиции - {"client_id": 0, "position": {"x": 550, "y": 715}, "inputs": {"left": true, "right": false, "up": false, "down": false}}
2025-09-29 16:24:53,839 - game_server - INFO - log_game_event:61 - Игровое событие: обновление_позиции - {"client_id": 0, "position": {"x": 545, "y": 715}, "inputs": {"left": true, "right": false, "up": false, "down": false}}
2025-09-29 16:24:53,874 - game_server - INFO - log_game_event:61 - Игровое событие: обновление_позиции - {"client_id": 0, "position": {"x": 540, "y": 720}, "inputs": {"left": true, "right": false, "up": false, "down": true}}
2025-09-29 16:24:53,910 - game_server - INFO - log_game_event:61 - Игровое событие: обновление_позиции - {"client_id": 0, "position": {"x": 535, "y": 725}, "inputs": {"left": true, "right": false, "up": false, "down": true}}
2025-09-29 16:24:53,946 - game_server - INFO - log_game_event:61 - Игровое событие: обновление_позиции - {"client_id": 0, "position": {"x": 530, "y": 730}, "inputs": {"left": true, "right": false, "up": false, "down": true}}
2025-09-29 16:24:53,982 - game_server - INFO - log_game_event:61 - Игровое событие: обновление_позиции - {"client_id": 0, "position": {"x": 525, "y": 735}, "inputs": {"left": true, "right": false, "up": false, "down": true}}
2025-09-29 16:24:54,017 - game_server - INFO - log_game_event:61 - Игровое событие: обновление_позиции - {"client_id": 0, "position": {"x": 520, "y": 740}, "inputs": {"left": true, "right": false, "up": false, "down": true}}
2025-09-29 16:24:54,053 - game_server - INFO - log_game_event:61 - Игровое событие: обновление_позиции - {"client_id": 0, "position": {"x": 515, "y": 745}, "inputs": {"left": true, "right": false, "up": false, "down": true}}
2025-09-29 16:24:54,089 - game_server - INFO - log_game_event:61 - Игровое событие: обновление_позиции - {"client_id": 0, "position": {"x": 510, "y": 750}, "inputs": {"left": true, "right": false, "up": false, "down": true}}
2025-09-29 16:24:54,126 - game_server - INFO - log_game_event:61 - Игровое событие: обновление_позиции - {"client_id": 0, "position": {"x": 505, "y": 755}, "inputs": {"left": true, "right": false, "up": false, "down": true}}
2025-09-29 16:24:54,163 - game_server - INFO - log_game_event:61 - Игровое событие: обновление_позиции - {"client_id": 0, "position": {"x": 500, "y": 760}, "inputs": {"left": true, "right": false, "up": false, "down": true}}
2025-09-29 16:24:54,199 - game_server - INFO - log_game_event:61 - Игровое событие: обновление_позиции - {"client_id": 0, "position": {"x": 495, "y": 765}, "inputs": {"left": true, "right": false, "up": false, "down": true}}
2025-09-29 16:24:54,236 - game_server - INFO - log_game_event:61 - Игровое событие: обновление_позиции - {"client_id": 0, "position": {"x": 490, "y": 770}, "inputs": {"left": true, "right": false, "up": false, "down": true}}
2025-09-29 16:24:54,273 - game_server - INFO - log_game_event:61 - Игровое событие: обновление_позиции - {"client_id": 0, "position": {"x": 485, "y": 775}, "inputs": {"left": true, "right": false, "up": false, "down": true}}
2025-09-29 16:24:54,309 - game_server - INFO - log_game_event:61 - Игровое событие: обновление_позиции - {"client_id": 0, "position": {"x": 480, "y": 780}, "inputs": {"left": true, "right": false, "up": false, "down": true}}
2025-09-29 16:24:54,346 - game_server - INFO - log_game_event:61 - Игровое событие: обновление_позиции - {"client_id": 0, "position": {"x": 475, "y": 785}, "inputs": {"left": true, "right": false, "up": false, "down": true}}
2025-09-29 16:24:54,378 - game_server - INFO - log_game_event:61 - Игровое событие: обновление_позиции - {"client_id": 0, "position": {"x": 475, "y": 790}, "inputs": {"left": false, "right": false, "up": false, "down": true}}
2025-09-29 16:24:54,411 - game_server - INFO - log_game_event:61 - Игровое событие: обновление_позиции - {"client_id": 0, "position": {"x": 475, "y": 795}, "inputs": {"left": false, "right": false, "up": false, "down": true}}
2025-09-29 16:24:54,446 - game_server - INFO - log_game_event:61 - Игровое событие: обновление_позиции - {"client_id": 0, "position": {"x": 475, "y": 800}, "inputs": {"left": false, "right": false, "up": false, "down": true}}
2025-09-29 16:24:54,480 - game_server - INFO - log_game_event:61 - Игровое событие: обновление_позиции - {"client_id": 0, "position": {"x": 480, "y": 805}, "inputs": {"left": false, "right": true, "up": false, "down": true}}
2025-09-29 16:24:54,505 - game_server - INFO - log_game_event:61 - Игровое событие: обновление_позиции - {"client_id": 0, "position": {"x": 485, "y": 810}, "inputs": {"left": false, "right": true, "up": false, "down": true}}
2025-09-29 16:24:54,538 - game_server - INFO - log_game_event:61 - Игровое событие: обновление_позиции - {"client_id": 0, "position": {"x": 490, "y": 815}, "inputs": {"left": false, "right": true, "up": false, "down": true}}
2025-09-29 16:24:54,569 - game_server - INFO - log_game_event:61 - Игровое событие: обновление_позиции - {"client_id": 0, "position": {"x": 495, "y": 820}, "inputs": {"left": false, "right": true, "up": false, "down": true}}
2025-09-29 16:24:54,592 - game_server - INFO - log_game_event:61 - Игровое событие: обновление_позиции - {"client_id": 0, "position": {"x": 500, "y": 825}, "inputs": {"left": false, "right": true, "up": false, "down": true}}
2025-09-29 16:24:54,623 - game_server - INFO - log_game_event:61 - Игровое событие: обновление_позиции - {"client_id": 0, "position": {"x": 505, "y": 830}, "inputs": {"left": false, "right": true, "up": false, "down": true}}
2025-09-29 16:24:54,651 - game_server - INFO - log_game_event:61 - Игровое событие: обновление_позиции - {"client_id": 0, "position": {"x": 510, "y": 835}, "inputs": {"left": false, "right": true, "up": false, "down": true}}
2025-09-29 16:24:54,686 - game_server - INFO - log_game_event:61 - Игровое событие: обновление_позиции - {"client_id": 0, "position": {"x": 515, "y": 840}, "inputs": {"left": false, "right": true, "up": false, "down": true}}
2025-09-29 16:24:54,716 - game_server - INFO - log_game_event:61 - Игровое событие: обновление_позиции - {"client_id": 0, "position": {"x": 520, "y": 845}, "inputs": {"left": false, "right": true, "up": false, "down": true}}
2025-09-29 16:24:54,747 - game_server - INFO - log_game_event:61 - Игровое событие: обновление_позиции - {"client_id": 0, "position": {"x": 525, "y": 850}, "inputs": {"left": false, "right": true, "up": false, "down": true}}
2025-09-29 16:24:54,782 - game_server - INFO - log_game_event:61 - Игровое событие: обновление_позиции - {"client_id": 0, "position": {"x": 530, "y": 855}, "inputs": {"left": false, "right": true, "up": false, "down": true}}
2025-09-29 16:24:54,818 - game_server - INFO - log_game_event:61 - Игровое событие: обновление_позиции - {"client_id": 0, "position": {"x": 535, "y": 860}, "inputs": {"left": false, "right": true, "up": false, "down": true}}
2025-09-29 16:24:54,851 - game_server - INFO - log_game_event:61 - Игровое событие: обновление_позиции - {"client_id": 0, "position": {"x": 540, "y": 865}, "inputs": {"left": false, "right": true, "up": false, "down": true}}
2025-09-29 16:24:54,885 - game_server - INFO - log_game_event:61 - Игровое событие: обновление_позиции - {"client_id": 0, "position": {"x": 545, "y": 870}, "inputs": {"left": false, "right": true, "up": false, "down": true}}
2025-09-29 16:24:54,916 - game_server - INFO - log_game_event:61 - Игровое событие: обновление_позиции - {"client_id": 0, "position": {"x": 550, "y": 875}, "inputs": {"left": false, "right": true, "up": false, "down": true}}
2025-09-29 16:24:54,950 - game_server - INFO - log_game_event:61 - Игровое событие: обновление_позиции - {"client_id": 0, "position": {"x": 555, "y": 880}, "inputs": {"left": false, "right": true, "up": false, "down": true}}
2025-09-29 16:24:54,978 - game_server - INFO - log_game_event:61 - Игровое событие: обновление_позиции - {"client_id": 0, "position": {"x": 560, "y": 885}, "inputs": {"left": false, "right": true, "up": false, "down": true}}
2025-09-29 16:24:55,015 - game_server - INFO - log_game_event:61 - Игровое событие: обновление_позиции - {"client_id": 0, "position": {"x": 565, "y": 890}, "inputs": {"left": false, "right": true, "up": false, "down": true}}
2025-09-29 16:24:55,054 - game_server - INFO - log_game_event:61 - Игровое событие: обновление_позиции - {"client_id": 0, "position": {"x": 570, "y": 895}, "inputs": {"left": false, "right": true, "up": false, "down": true}}
2025-09-29 16:24:55,091 - game_server - INFO - log_game_event:61 - Игровое событие: обновление_позиции - {"client_id": 0, "position": {"x": 575, "y": 900}, "inputs": {"left": false, "right": true, "up": false, "down": true}}
2025-09-29 16:24:55,128 - game_server - INFO - log_game_event:61 - Игровое событие: обновление_позиции - {"client_id": 0, "position": {"x": 580, "y": 905}, "inputs": {"left": false, "right": true, "up": false, "down": true}}
2025-09-29 16:24:55,168 - game_server - INFO - log_game_event:61 - Игровое событие: обновление_позиции - {"client_id": 0, "position": {"x": 585, "y": 910}, "inputs": {"left": false, "right": true, "up": false, "down": true}}
2025-09-29 16:24:55,204 - game_server - INFO - log_game_event:61 - Игровое событие: обновление_позиции - {"client_id": 0, "position": {"x": 590, "y": 915}, "inputs": {"left": false, "right": true, "up": false, "down": true}}
2025-09-29 16:24:55,236 - game_server - INFO - log_game_event:61 - Игровое событие: обновление_позиции - {"client_id": 0, "position": {"x": 595, "y": 920}, "inputs": {"left": true, "right": true, "up": false, "down": true}}
2025-09-29 16:24:55,272 - game_server - INFO - log_game_event:61 - Игровое событие: обновление_позиции - {"client_id": 0, "position": {"x": 600, "y": 925}, "inputs": {"left": true, "right": true, "up": false, "down": true}}
2025-09-29 16:24:55,309 - game_server - INFO - log_game_event:61 - Игровое событие: обновление_позиции - {"client_id": 0, "position": {"x": 605, "y": 930}, "inputs": {"left": true, "right": true, "up": false, "down": true}}
2025-09-29 16:24:55,347 - game_server - INFO - log_game_event:61 - Игровое событие: обновление_позиции - {"client_id": 0, "position": {"x": 610, "y": 935}, "inputs": {"left": true, "right": true, "up": false, "down": true}}
2025-09-29 16:24:55,384 - game_server - INFO - log_game_event:61 - Игровое событие: обновление_позиции - {"client_id": 0, "position": {"x": 615, "y": 940}, "inputs": {"left": true, "right": true, "up": false, "down": true}}
2025-09-29 16:24:55,422 - game_server - INFO - log_game_event:61 - Игровое событие: обновление_позиции - {"client_id": 0, "position": {"x": 620, "y": 945}, "inputs": {"left": true, "right": true, "up": false, "down": true}}
2025-09-29 16:24:55,460 - game_server - INFO - log_game_event:61 - Игровое событие: обновление_позиции - {"client_id": 0, "position": {"x": 625, "y": 950}, "inputs": {"left": true, "right": true, "up": false, "down": true}}
2025-09-29 16:24:55,498 - game_server - INFO - log_game_event:61 - Игровое событие: обновление_позиции - {"client_id": 0, "position": {"x": 630, "y": 955}, "inputs": {"left": true, "right": true, "up": false, "down": true}}
2025-09-29 16:24:55,536 - game_server - INFO - log_game_event:61 - Игровое событие: обновление_позиции - {"client_id": 0, "position": {"x": 625, "y": 960}, "inputs": {"left": true, "right": false, "up": false, "down": true}}
2025-09-29 16:24:55,571 - game_server - INFO - log_game_event:61 - Игровое событие: обновление_позиции - {"client_id": 0, "position": {"x": 620, "y": 965}, "inputs": {"left": true, "right": false, "up": false, "down": true}}
2025-09-29 16:24:55,609 - game_server - INFO - log_game_event:61 - Игровое событие: обновление_позиции - {"client_id": 0, "position": {"x": 615, "y": 970}, "inputs": {"left": true, "right": false, "up": false, "down": true}}
2025-09-29 16:24:55,647 - game_server - INFO - log_game_event:61 - Игровое событие: обновление_позиции - {"client_id": 0, "position": {"x": 610, "y": 975}, "inputs": {"left": true, "right": false, "up": false, "down": true}}
2025-09-29 16:24:55,684 - game_server - INFO - log_game_event:61 - Игровое событие: обновление_позиции - {"client_id": 0, "position": {"x": 605, "y": 980}, "inputs": {"left": true, "right": false, "up": false, "down": true}}
2025-09-29 16:24:55,719 - game_server - INFO - log_game_event:61 - Игровое событие: обновление_позиции - {"client_id": 0, "position": {"x": 600, "y": 985}, "inputs": {"left": true, "right": false, "up": false, "down": true}}
2025-09-29 16:24:55,755 - game_server - INFO - log_game_event:61 - Игровое событие: обновление_позиции - {"client_id": 0, "position": {"x": 595, "y": 990}, "inputs": {"left": true, "right": false, "up": false, "down": true}}
2025-09-29 16:24:55,792 - game_server - INFO - log_game_event:61 - Игровое событие: обновление_позиции - {"client_id": 0, "position": {"x": 590, "y": 995}, "inputs": {"left": true, "right": false, "up": false, "down": true}}
2025-09-29 16:24:55,830 - game_server - INFO - log_game_event:61 - Игровое событие: обновление_позиции - {"client_id": 0, "position": {"x": 585, "y": 1000}, "inputs": {"left": true, "right": false, "up": false, "down": true}}
2025-09-29 16:24:55,866 - game_server - INFO - log_game_event:61 - Игровое событие: обновление_позиции - {"client_id": 0, "position": {"x": 580, "y": 1005}, "inputs": {"left": true, "right": false, "up": false, "down": true}}
2025-09-29 16:24:55,903 - game_server - INFO - log_game_event:61 - Игровое событие: обновление_позиции - {"client_id": 0, "position": {"x": 575, "y": 1010}, "inputs": {"left": true, "right": false, "up": false, "down": true}}
2025-09-29 16:24:55,940 - game_server - INFO - log_game_event:61 - Игровое событие: обновление_позиции - {"client_id": 0, "position": {"x": 570, "y": 1015}, "inputs": {"left": true, "right": false, "up": false, "down": true}}
2025-09-29 16:24:55,979 - game_server - INFO - log_game_event:61 - Игровое событие: обновление_позиции - {"client_id": 0, "position": {"x": 565, "y": 1020}, "inputs": {"left": true, "right": false, "up": false, "down": true}}
2025-09-29 16:24:56,016 - game_server - INFO - log_game_event:61 - Игровое событие: обновление_позиции - {"client_id": 0, "position": {"x": 560, "y": 1025}, "inputs": {"left": true, "right": false, "up": false, "down": true}}
2025-09-29 16:24:56,058 - game_server - INFO - log_game_event:61 - Игровое событие: обновление_позиции - {"client_id": 0, "position": {"x": 555, "y": 1030}, "inputs": {"left": true, "right": false, "up": false, "down": true}}
2025-09-29 16:24:56,094 - game_server - INFO - log_game_event:61 - Игровое событие: обновление_позиции - {"client_id": 0, "position": {"x": 550, "y": 1035}, "inputs": {"left": true, "right": false, "up": false, "down": true}}
2025-09-29 16:24:56,132 - game_server - INFO - log_game_event:61 - Игровое событие: обновление_позиции - {"client_id": 0, "position": {"x": 545, "y": 1040}, "inputs": {"left": true, "right": false, "up": false, "down": true}}
2025-09-29 16:24:56,170 - game_server - INFO - log_game_event:61 - Игровое событие: обновление_позиции - {"client_id": 0, "position": {"x": 540, "y": 1045}, "inputs": {"left": true, "right": false, "up": false, "down": true}}
2025-09-29 16:24:56,205 - game_server - INFO - log_game_event:61 - Игровое событие: обновление_позиции - {"client_id": 0, "position": {"x": 535, "y": 1050}, "inputs": {"left": true, "right": false, "up": false, "down": true}}
2025-09-29 16:24:56,246 - game_server - INFO - log_game_event:61 - Игровое событие: обновление_позиции - {"client_id": 0, "position": {"x": 530, "y": 1055}, "inputs": {"left": true, "right": false, "up": false, "down": true}}
2025-09-29 16:24:56,280 - game_server - INFO - log_game_event:61 - Игровое событие: обновление_позиции - {"client_id": 0, "position": {"x": 525, "y": 1060}, "inputs": {"left": true, "right": false, "up": false, "down": true}}
2025-09-29 16:24:56,318 - game_server - INFO - log_game_event:61 - Игровое событие: обновление_позиции - {"client_id": 0, "position": {"x": 520, "y": 1065}, "inputs": {"left": true, "right": false, "up": false, "down": true}}
2025-09-29 16:24:56,354 - game_server - INFO - log_game_event:61 - Игровое событие: обновление_позиции - {"client_id": 0, "position": {"x": 515, "y": 1065}, "inputs": {"left": true, "right": false, "up": false, "down": false}}
2025-09-29 16:24:56,389 - game_server - INFO - log_game_event:61 - Игровое событие: обновление_позиции - {"client_id": 0, "position": {"x": 510, "y": 1065}, "inputs": {"left": true, "right": false, "up": false, "down": false}}
2025-09-29 16:24:56,427 - game_server - INFO - log_game_event:61 - Игровое событие: обновление_позиции - {"client_id": 0, "position": {"x": 505, "y": 1065}, "inputs": {"left": true, "right": false, "up": false, "down": false}}
2025-09-29 16:24:56,463 - game_server - INFO - log_game_event:61 - Игровое событие: обновление_позиции - {"client_id": 0, "position": {"x": 500, "y": 1065}, "inputs": {"left": true, "right": false, "up": false, "down": false}}
2025-09-29 16:24:56,500 - game_server - INFO - log_game_event:61 - Игровое событие: обновление_позиции - {"client_id": 0, "position": {"x": 495, "y": 1065}, "inputs": {"left": true, "right": false, "up": false, "down": false}}
2025-09-29 16:24:56,538 - game_server - INFO - log_game_event:61 - Игровое событие: обновление_позиции - {"client_id": 0, "position": {"x": 490, "y": 1060}, "inputs": {"left": true, "right": false, "up": true, "down": false}}
2025-09-29 16:24:56,572 - game_server - INFO - log_game_event:61 - Игровое событие: обновление_позиции - {"client_id": 0, "position": {"x": 485, "y": 1055}, "inputs": {"left": true, "right": false, "up": true, "down": false}}
2025-09-29 16:24:56,606 - game_server - INFO - log_game_event:61 - Игровое событие: обновление_позиции - {"client_id": 0, "position": {"x": 480, "y": 1050}, "inputs": {"left": true, "right": false, "up": true, "down": false}}
2025-09-29 16:24:56,643 - game_server - INFO - log_game_event:61 - Игровое событие: обновление_позиции - {"client_id": 0, "position": {"x": 475, "y": 1045}, "inputs": {"left": true, "right": false, "up": true, "down": false}}
2025-09-29 16:24:56,679 - game_server - INFO - log_game_event:61 - Игровое событие: обновление_позиции - {"client_id": 0, "position": {"x": 470, "y": 1040}, "inputs": {"left": true, "right": false, "up": true, "down": false}}
2025-09-29 16:24:56,710 - game_server - INFO - log_game_event:61 - Игровое событие: обновление_позиции - {"client_id": 0, "position": {"x": 465, "y": 1040}, "inputs": {"left": true, "right": false, "up": false, "down": false}}
2025-09-29 16:24:56,747 - game_server - INFO - log_game_event:61 - Игровое событие: обновление_позиции - {"client_id": 0, "position": {"x": 460, "y": 1040}, "inputs": {"left": true, "right": false, "up": false, "down": false}}
2025-09-29 16:24:56,783 - game_server - INFO - log_game_event:61 - Игровое событие: обновление_позиции - {"client_id": 0, "position": {"x": 455, "y": 1040}, "inputs": {"left": true, "right": false, "up": false, "down": false}}
2025-09-29 16:24:56,820 - game_server - INFO - log_game_event:61 - Игровое событие: обновление_позиции - {"client_id": 0, "position": {"x": 450, "y": 1040}, "inputs": {"left": true, "right": false, "up": false, "down": false}}
2025-09-29 16:24:56,856 - game_server - INFO - log_game_event:61 - Игровое событие: обновление_позиции - {"client_id": 0, "position": {"x": 445, "y": 1040}, "inputs": {"left": true, "right": false, "up": false, "down": false}}
2025-09-29 16:24:56,894 - game_server - INFO - log_game_event:61 - Игровое событие: обновление_позиции - {"client_id": 0, "position": {"x": 440, "y": 1045}, "inputs": {"left": true, "right": false, "up": false, "down": true}}
2025-09-29 16:24:56,932 - game_server - INFO - log_game_event:61 - Игровое событие: обновление_позиции - {"client_id": 0, "position": {"x": 435, "y": 1050}, "inputs": {"left": true, "right": false, "up": false, "down": true}}
2025-09-29 16:24:56,967 - game_server - INFO - log_game_event:61 - Игровое событие: обновление_позиции - {"client_id": 0, "position": {"x": 430, "y": 1055}, "inputs": {"left": true, "right": false, "up": false, "down": true}}
2025-09-29 16:24:57,005 - game_server - INFO - log_game_event:61 - Игровое событие: обновление_позиции - {"client_id": 0, "position": {"x": 425, "y": 1060}, "inputs": {"left": true, "right": false, "up": false, "down": true}}
2025-09-29 16:24:57,042 - game_server - INFO - log_game_event:61 - Игровое событие: обновление_позиции - {"client_id": 0, "position": {"x": 420, "y": 1065}, "inputs": {"left": true, "right": false, "up": false, "down": true}}
2025-09-29 16:24:57,076 - game_server - INFO - log_game_event:61 - Игровое событие: обновление_позиции - {"client_id": 0, "position": {"x": 415, "y": 1070}, "inputs": {"left": true, "right": false, "up": false, "down": true}}
2025-09-29 16:24:57,113 - game_server - INFO - log_game_event:61 - Игровое событие: обновление_позиции - {"client_id": 0, "position": {"x": 410, "y": 1075}, "inputs": {"left": true, "right": false, "up": false, "down": true}}
2025-09-29 16:24:57,150 - game_server - INFO - log_game_event:61 - Игровое событие: обновление_позиции - {"client_id": 0, "position": {"x": 405, "y": 1080}, "inputs": {"left": true, "right": false, "up": false, "down": true}}
2025-09-29 16:24:57,186 - game_server - INFO - log_game_event:61 - Игровое событие: обновление_позиции - {"client_id": 0, "position": {"x": 400, "y": 1085}, "inputs": {"left": true, "right": false, "up": false, "down": true}}
2025-09-29 16:24:57,222 - game_server - INFO - log_game_event:61 - Игровое событие: обновление_позиции - {"client_id": 0, "position": {"x": 395, "y": 1090}, "inputs": {"left": true, "right": false, "up": false, "down": true}}
2025-09-29 16:24:57,259 - game_server - INFO - log_game_event:61 - Игровое событие: обновление_позиции - {"client_id": 0, "position": {"x": 400, "y": 1095}, "inputs": {"left": true, "right": true, "up": false, "down": true}}
2025-09-29 16:24:57,293 - game_server - INFO - log_game_event:61 - Игровое событие: обновление_позиции - {"client_id": 0, "position": {"x": 405, "y": 1100}, "inputs": {"left": true, "right": true, "up": false, "down": true}}
2025-09-29 16:24:57,329 - game_server - INFO - log_game_event:61 - Игровое событие: обновление_позиции - {"client_id": 0, "position": {"x": 410, "y": 1105}, "inputs": {"left": true, "right": true, "up": false, "down": true}}
2025-09-29 16:24:57,364 - game_server - INFO - log_game_event:61 - Игровое событие: обновление_позиции - {"client_id": 0, "position": {"x": 415, "y": 1110}, "inputs": {"left": true, "right": true, "up": false, "down": true}}
2025-09-29 16:24:57,402 - game_server - INFO - log_game_event:61 - Игровое событие: обновление_позиции - {"client_id": 0, "position": {"x": 420, "y": 1115}, "inputs": {"left": true, "right": true, "up": false, "down": true}}
2025-09-29 16:24:57,437 - game_server - INFO - log_game_event:61 - Игровое событие: обновление_позиции - {"client_id": 0, "position": {"x": 425, "y": 1120}, "inputs": {"left": true, "right": true, "up": false, "down": true}}
2025-09-29 16:24:57,473 - game_server - INFO - log_game_event:61 - Игровое событие: обновление_позиции - {"client_id": 0, "position": {"x": 430, "y": 1125}, "inputs": {"left": true, "right": true, "up": false, "down": true}}
2025-09-29 16:24:57,509 - game_server - INFO - log_game_event:61 - Игровое событие: обновление_позиции - {"client_id": 0, "position": {"x": 435, "y": 1130}, "inputs": {"left": true, "right": true, "up": false, "down": true}}
2025-09-29 16:24:57,549 - game_server - INFO - log_game_event:61 - Игровое событие: обновление_позиции - {"client_id": 0, "position": {"x": 440, "y": 1135}, "inputs": {"left": true, "right": true, "up": false, "down": true}}
2025-09-29 16:24:57,587 - game_server - INFO - log_game_event:61 - Игровое событие: обновление_позиции - {"client_id": 0, "position": {"x": 445, "y": 1140}, "inputs": {"left": true, "right": true, "up": false, "down": true}}
2025-09-29 16:24:57,623 - game_server - INFO - log_game_event:61 - Игровое событие: обновление_позиции - {"client_id": 0, "position": {"x": 450, "y": 1145}, "inputs": {"left": true, "right": true, "up": false, "down": true}}
2025-09-29 16:24:57,659 - game_server - INFO - log_game_event:61 - Игровое событие: обновление_позиции - {"client_id": 0, "position": {"x": 455, "y": 1150}, "inputs": {"left": true, "right": true, "up": false, "down": true}}
2025-09-29 16:24:57,697 - game_server - INFO - log_game_event:61 - Игровое событие: обновление_позиции - {"client_id": 0, "position": {"x": 460, "y": 1155}, "inputs": {"left": true, "right": true, "up": false, "down": true}}
2025-09-29 16:24:57,735 - game_server - INFO - log_game_event:61 - Игровое событие: обновление_позиции - {"client_id": 0, "position": {"x": 465, "y": 1160}, "inputs": {"left": false, "right": true, "up": false, "down": true}}
2025-09-29 16:24:57,772 - game_server - INFO - log_game_event:61 - Игровое событие: обновление_позиции - {"client_id": 0, "position": {"x": 470, "y": 1165}, "inputs": {"left": false, "right": true, "up": false, "down": true}}
2025-09-29 16:24:57,809 - game_server - INFO - log_game_event:61 - Игровое событие: обновление_позиции - {"client_id": 0, "position": {"x": 470, "y": 1170}, "inputs": {"left": false, "right": false, "up": false, "down": true}}
2025-09-29 16:24:57,846 - game_server - INFO - log_game_event:61 - Игровое событие: обновление_позиции - {"client_id": 0, "position": {"x": 470, "y": 1175}, "inputs": {"left": false, "right": false, "up": false, "down": true}}
2025-09-29 16:24:57,883 - game_server - INFO - log_game_event:61 - Игровое событие: обновление_позиции - {"client_id": 0, "position": {"x": 470, "y": 1180}, "inputs": {"left": false, "right": false, "up": false, "down": true}}
2025-09-29 16:24:57,918 - game_server - INFO - log_game_event:61 - Игровое событие: обновление_позиции - {"client_id": 0, "position": {"x": 470, "y": 1185}, "inputs": {"left": false, "right": false, "up": false, "down": true}}
2025-09-29 16:24:57,953 - game_server - INFO - log_game_event:61 - Игровое событие: обновление_позиции - {"client_id": 0, "position": {"x": 470, "y": 1190}, "inputs": {"left": false, "right": false, "up": false, "down": true}}
2025-09-29 16:24:57,986 - game_server - INFO - log_game_event:61 - Игровое событие: обновление_позиции - {"client_id": 0, "position": {"x": 470, "y": 1195}, "inputs": {"left": false, "right": false, "up": false, "down": true}}
2025-09-29 16:24:58,016 - game_server - INFO - log_game_event:61 - Игровое событие: обновление_позиции - {"client_id": 0, "position": {"x": 470, "y": 1200}, "inputs": {"left": false, "right": false, "up": false, "down": true}}
2025-09-29 16:24:58,046 - game_server - INFO - log_game_event:61 - Игровое событие: обновление_позиции - {"client_id": 0, "position": {"x": 470, "y": 1205}, "inputs": {"left": false, "right": false, "up": false, "down": true}}
2025-09-29 16:24:58,081 - game_server - INFO - log_game_event:61 - Игровое событие: обновление_позиции - {"client_id": 0, "position": {"x": 470, "y": 1210}, "inputs": {"left": false, "right": false, "up": false, "down": true}}
2025-09-29 16:24:58,116 - game_server - INFO - log_game_event:61 - Игровое событие: обновление_позиции - {"client_id": 0, "position": {"x": 470, "y": 1215}, "inputs": {"left": false, "right": false, "up": false, "down": true}}
2025-09-29 16:24:58,148 - game_server - INFO - log_game_event:61 - Игровое событие: обновление_позиции - {"client_id": 0, "position": {"x": 470, "y": 1220}, "inputs": {"left": false, "right": false, "up": false, "down": true}}
2025-09-29 16:24:58,179 - game_server - INFO - log_game_event:61 - Игровое событие: обновление_позиции - {"client_id": 0, "position": {"x": 470, "y": 1225}, "inputs": {"left": false, "right": false, "up": false, "down": true}}
2025-09-29 16:24:58,205 - game_server - INFO - log_game_event:61 - Игровое событие: обновление_позиции - {"client_id": 0, "position": {"x": 470, "y": 1230}, "inputs": {"left": false, "right": false, "up": false, "down": true}}
2025-09-29 16:24:58,240 - game_server - INFO - log_game_event:61 - Игровое событие: обновление_позиции - {"client_id": 0, "position": {"x": 470, "y": 1235}, "inputs": {"left": false, "right": false, "up": false, "down": true}}
2025-09-29 16:24:58,276 - game_server - INFO - log_game_event:61 - Игровое событие: обновление_позиции - {"client_id": 0, "position": {"x": 470, "y": 1240}, "inputs": {"left": false, "right": false, "up": false, "down": true}}
2025-09-29 16:24:58,314 - game_server - INFO - log_game_event:61 - Игровое событие: обновление_позиции - {"client_id": 0, "position": {"x": 470, "y": 1245}, "inputs": {"left": false, "right": false, "up": false, "down": true}}
2025-09-29 16:24:58,343 - game_server - INFO - log_game_event:61 - Игровое событие: обновление_позиции - {"client_id": 0, "position": {"x": 470, "y": 1250}, "inputs": {"left": false, "right": false, "up": false, "down": true}}
2025-09-29 16:24:58,380 - game_server - INFO - log_game_event:61 - Игровое событие: обновление_позиции - {"client_id": 0, "position": {"x": 470, "y": 1255}, "inputs": {"left": false, "right": false, "up": false, "down": true}}
2025-09-29 16:24:58,417 - game_server - INFO - log_game_event:61 - Игровое событие: обновление_позиции - {"client_id": 0, "position": {"x": 470, "y": 1260}, "inputs": {"left": false, "right": false, "up": false, "down": true}}
2025-09-29 16:24:58,453 - game_server - INFO - log_game_event:61 - Игровое событие: обновление_позиции - {"client_id": 0, "position": {"x": 470, "y": 1265}, "inputs": {"left": false, "right": false, "up": false, "down": true}}
2025-09-29 16:24:58,489 - game_server - INFO - log_game_event:61 - Игровое событие: обновление_позиции - {"client_id": 0, "position": {"x": 470, "y": 1270}, "inputs": {"left": false, "right": false, "up": false, "down": true}}
2025-09-29 16:24:58,525 - game_server - INFO - log_game_event:61 - Игровое событие: обновление_позиции - {"client_id": 0, "position": {"x": 470, "y": 1275}, "inputs": {"left": false, "right": false, "up": false, "down": true}}
2025-09-29 16:24:58,563 - game_server - INFO - log_game_event:61 - Игровое событие: обновление_позиции - {"client_id": 0, "position": {"x": 470, "y": 1280}, "inputs": {"left": false, "right": false, "up": true, "down": true}}
2025-09-29 16:24:58,600 - game_server - INFO - log_game_event:61 - Игровое событие: обновление_позиции - {"client_id": 0, "position": {"x": 470, "y": 1285}, "inputs": {"left": false, "right": false, "up": true, "down": true}}
2025-09-29 16:24:58,637 - game_server - INFO - log_game_event:61 - Игровое событие: обновление_позиции - {"client_id": 0, "position": {"x": 470, "y": 1280}, "inputs": {"left": false, "right": false, "up": true, "down": false}}
2025-09-29 16:24:58,671 - game_server - INFO - log_game_event:61 - Игровое событие: обновление_позиции - {"client_id": 0, "position": {"x": 470, "y": 1275}, "inputs": {"left": false, "right": false, "up": true, "down": false}}
2025-09-29 16:24:58,706 - game_server - INFO - log_game_event:61 - Игровое событие: обновление_позиции - {"client_id": 0, "position": {"x": 470, "y": 1270}, "inputs": {"left": false, "right": false, "up": true, "down": false}}
2025-09-29 16:24:58,742 - game_server - INFO - log_game_event:61 - Игровое событие: обновление_позиции - {"client_id": 0, "position": {"x": 470, "y": 1265}, "inputs": {"left": false, "right": false, "up": true, "down": false}}
2025-09-29 16:24:58,781 - game_server - INFO - log_game_event:61 - Игровое событие: обновление_позиции - {"client_id": 0, "position": {"x": 470, "y": 1260}, "inputs": {"left": false, "right": false, "up": true, "down": false}}
2025-09-29 16:24:58,817 - game_server - INFO - log_game_event:61 - Игровое событие: обновление_позиции - {"client_id": 0, "position": {"x": 470, "y": 1255}, "inputs": {"left": false, "right": false, "up": true, "down": false}}
2025-09-29 16:24:58,853 - game_server - INFO - log_game_event:61 - Игровое событие: обновление_позиции - {"client_id": 0, "position": {"x": 470, "y": 1250}, "inputs": {"left": false, "right": false, "up": true, "down": false}}
2025-09-29 16:24:58,890 - game_server - INFO - log_game_event:61 - Игровое событие: обновление_позиции - {"client_id": 0, "position": {"x": 470, "y": 1245}, "inputs": {"left": false, "right": false, "up": true, "down": false}}
2025-09-29 16:24:58,927 - game_server - INFO - log_game_event:61 - Игровое событие: обновление_позиции - {"client_id": 0, "position": {"x": 470, "y": 1245}, "inputs": {"left": false, "right": false, "up": false, "down": false}}
2025-09-29 16:24:58,965 - game_server - INFO - log_game_event:61 - Игровое событие: обновление_позиции - {"client_id": 0, "position": {"x": 470, "y": 1245}, "inputs": {"left": false, "right": false, "up": false, "down": false}}
2025-09-29 16:24:59,002 - game_server - INFO - log_game_event:61 - Игровое событие: обновление_позиции - {"client_id": 0, "position": {"x": 470, "y": 1245}, "inputs": {"left": false, "right": false, "up": false, "down": false}}
2025-09-29 16:24:59,039 - game_server - INFO - log_game_event:61 - Игровое событие: обновление_позиции - {"client_id": 0, "position": {"x": 470, "y": 1245}, "inputs": {"left": false, "right": false, "up": false, "down": false}}
2025-09-29 16:24:59,074 - game_server - INFO - log_game_event:61 - Игровое событие: обновление_позиции - {"client_id": 0, "position": {"x": 470, "y": 1245}, "inputs": {"left": false, "right": false, "up": false, "down": false}}
2025-09-29 16:24:59,112 - game_server - INFO - log_game_event:61 - Игровое событие: обновление_позиции - {"client_id": 0, "position": {"x": 475, "y": 1245}, "inputs": {"left": false, "right": true, "up": false, "down": false}}
2025-09-29 16:24:59,150 - game_server - INFO - log_game_event:61 - Игровое событие: обновление_позиции - {"client_id": 0, "position": {"x": 480, "y": 1245}, "inputs": {"left": false, "right": true, "up": false, "down": false}}
2025-09-29 16:24:59,186 - game_server - INFO - log_game_event:61 - Игровое событие: обновление_позиции - {"client_id": 0, "position": {"x": 485, "y": 1245}, "inputs": {"left": false, "right": true, "up": false, "down": false}}
2025-09-29 16:24:59,221 - game_server - INFO - log_game_event:61 - Игровое событие: обновление_позиции - {"client_id": 0, "position": {"x": 490, "y": 1245}, "inputs": {"left": false, "right": true, "up": false, "down": false}}
2025-09-29 16:24:59,257 - game_server - INFO - log_game_event:61 - Игровое событие: обновление_позиции - {"client_id": 0, "position": {"x": 495, "y": 1245}, "inputs": {"left": false, "right": true, "up": false, "down": false}}
2025-09-29 16:24:59,294 - game_server - INFO - log_game_event:61 - Игровое событие: обновление_позиции - {"client_id": 0, "position": {"x": 500, "y": 1245}, "inputs": {"left": false, "right": true, "up": false, "down": false}}
2025-09-29 16:24:59,331 - game_server - INFO - log_game_event:61 - Игровое событие: обновление_позиции - {"client_id": 0, "position": {"x": 505, "y": 1245}, "inputs": {"left": false, "right": true, "up": false, "down": false}}
2025-09-29 16:24:59,361 - game_server - INFO - log_game_event:61 - Игровое событие: обновление_позиции - {"client_id": 0, "position": {"x": 510, "y": 1250}, "inputs": {"left": false, "right": true, "up": false, "down": true}}
2025-09-29 16:24:59,397 - game_server - INFO - log_game_event:61 - Игровое событие: обновление_позиции - {"client_id": 0, "position": {"x": 515, "y": 1255}, "inputs": {"left": false, "right": true, "up": false, "down": true}}
2025-09-29 16:24:59,435 - game_server - INFO - log_game_event:61 - Игровое событие: обновление_позиции - {"client_id": 0, "position": {"x": 520, "y": 1260}, "inputs": {"left": false, "right": true, "up": false, "down": true}}
2025-09-29 16:24:59,471 - game_server - INFO - log_game_event:61 - Игровое событие: обновление_позиции - {"client_id": 0, "position": {"x": 525, "y": 1265}, "inputs": {"left": false, "right": true, "up": false, "down": true}}
2025-09-29 16:24:59,506 - game_server - INFO - log_game_event:61 - Игровое событие: обновление_позиции - {"client_id": 0, "position": {"x": 530, "y": 1270}, "inputs": {"left": false, "right": true, "up": false, "down": true}}
2025-09-29 16:24:59,534 - game_server - INFO - log_game_event:61 - Игровое событие: обновление_позиции - {"client_id": 0, "position": {"x": 535, "y": 1275}, "inputs": {"left": false, "right": true, "up": false, "down": true}}
2025-09-29 16:24:59,570 - game_server - INFO - log_game_event:61 - Игровое событие: обновление_позиции - {"client_id": 0, "position": {"x": 540, "y": 1280}, "inputs": {"left": false, "right": true, "up": false, "down": true}}
2025-09-29 16:24:59,606 - game_server - INFO - log_game_event:61 - Игровое событие: обновление_позиции - {"client_id": 0, "position": {"x": 545, "y": 1285}, "inputs": {"left": false, "right": true, "up": false, "down": true}}
2025-09-29 16:24:59,644 - game_server - INFO - log_game_event:61 - Игровое событие: обновление_позиции - {"client_id": 0, "position": {"x": 550, "y": 1290}, "inputs": {"left": false, "right": true, "up": false, "down": true}}
2025-09-29 16:24:59,681 - game_server - INFO - log_game_event:61 - Игровое событие: обновление_позиции - {"client_id": 0, "position": {"x": 550, "y": 1295}, "inputs": {"left": false, "right": false, "up": false, "down": true}}
2025-09-29 16:24:59,714 - game_server - INFO - log_game_event:61 - Игровое событие: обновление_позиции - {"client_id": 0, "position": {"x": 550, "y": 1300}, "inputs": {"left": false, "right": false, "up": false, "down": true}}
2025-09-29 16:24:59,749 - game_server - INFO - log_game_event:61 - Игровое событие: обновление_позиции - {"client_id": 0, "position": {"x": 550, "y": 1305}, "inputs": {"left": false, "right": false, "up": false, "down": true}}
2025-09-29 16:24:59,785 - game_server - INFO - log_game_event:61 - Игровое событие: обновление_позиции - {"client_id": 0, "position": {"x": 550, "y": 1310}, "inputs": {"left": false, "right": false, "up": false, "down": true}}
2025-09-29 16:24:59,820 - game_server - INFO - log_game_event:61 - Игровое событие: обновление_позиции - {"client_id": 0, "position": {"x": 550, "y": 1315}, "inputs": {"left": false, "right": false, "up": false, "down": true}}
2025-09-29 16:24:59,854 - game_server - INFO - log_game_event:61 - Игровое событие: обновление_позиции - {"client_id": 0, "position": {"x": 550, "y": 1320}, "inputs": {"left": false, "right": false, "up": false, "down": true}}
2025-09-29 16:24:59,890 - game_server - INFO - log_game_event:61 - Игровое событие: обновление_позиции - {"client_id": 0, "position": {"x": 550, "y": 1325}, "inputs": {"left": false, "right": false, "up": false, "down": true}}
2025-09-29 16:24:59,925 - game_server - INFO - log_game_event:61 - Игровое событие: обновление_позиции - {"client_id": 0, "position": {"x": 550, "y": 1330}, "inputs": {"left": false, "right": false, "up": false, "down": true}}
2025-09-29 16:24:59,962 - game_server - INFO - log_game_event:61 - Игровое событие: обновление_позиции - {"client_id": 0, "position": {"x": 550, "y": 1335}, "inputs": {"left": false, "right": false, "up": false, "down": true}}
2025-09-29 16:24:59,999 - game_server - INFO - log_game_event:61 - Игровое событие: обновление_позиции - {"client_id": 0, "position": {"x": 550, "y": 1340}, "inputs": {"left": false, "right": false, "up": false, "down": true}}
2025-09-29 16:25:00,033 - game_server - INFO - log_game_event:61 - Игровое событие: обновление_позиции - {"client_id": 0, "position": {"x": 550, "y": 1345}, "inputs": {"left": false, "right": false, "up": false, "down": true}}
2025-09-29 16:25:00,070 - game_server - INFO - log_game_event:61 - Игровое событие: обновление_позиции - {"client_id": 0, "position": {"x": 545, "y": 1350}, "inputs": {"left": true, "right": false, "up": false, "down": true}}
2025-09-29 16:25:00,105 - game_server - INFO - log_game_event:61 - Игровое событие: обновление_позиции - {"client_id": 0, "position": {"x": 540, "y": 1355}, "inputs": {"left": true, "right": false, "up": false, "down": true}}
2025-09-29 16:25:00,142 - game_server - INFO - log_game_event:61 - Игровое событие: обновление_позиции - {"client_id": 0, "position": {"x": 535, "y": 1360}, "inputs": {"left": true, "right": false, "up": false, "down": true}}
2025-09-29 16:25:00,178 - game_server - INFO - log_game_event:61 - Игровое событие: обновление_позиции - {"client_id": 0, "position": {"x": 530, "y": 1365}, "inputs": {"left": true, "right": false, "up": false, "down": true}}
2025-09-29 16:25:00,214 - game_server - INFO - log_game_event:61 - Игровое событие: обновление_позиции - {"client_id": 0, "position": {"x": 525, "y": 1370}, "inputs": {"left": true, "right": false, "up": false, "down": true}}
2025-09-29 16:25:00,249 - game_server - INFO - log_game_event:61 - Игровое событие: обновление_позиции - {"client_id": 0, "position": {"x": 520, "y": 1375}, "inputs": {"left": true, "right": false, "up": false, "down": true}}
2025-09-29 16:25:00,286 - game_server - INFO - log_game_event:61 - Игровое событие: обновление_позиции - {"client_id": 0, "position": {"x": 515, "y": 1380}, "inputs": {"left": true, "right": false, "up": false, "down": true}}
2025-09-29 16:25:00,321 - game_server - INFO - log_game_event:61 - Игровое событие: обновление_позиции - {"client_id": 0, "position": {"x": 510, "y": 1385}, "inputs": {"left": true, "right": false, "up": false, "down": true}}
2025-09-29 16:25:00,360 - game_server - INFO - log_game_event:61 - Игровое событие: обновление_позиции - {"client_id": 0, "position": {"x": 505, "y": 1390}, "inputs": {"left": true, "right": false, "up": false, "down": true}}
2025-09-29 16:25:00,397 - game_server - INFO - log_game_event:61 - Игровое событие: обновление_позиции - {"client_id": 0, "position": {"x": 500, "y": 1395}, "inputs": {"left": true, "right": false, "up": false, "down": true}}
2025-09-29 16:25:00,433 - game_server - INFO - log_game_event:61 - Игровое событие: обновление_позиции - {"client_id": 0, "position": {"x": 495, "y": 1400}, "inputs": {"left": true, "right": false, "up": false, "down": true}}
2025-09-29 16:25:00,470 - game_server - INFO - log_game_event:61 - Игровое событие: обновление_позиции - {"client_id": 0, "position": {"x": 490, "y": 1405}, "inputs": {"left": true, "right": false, "up": false, "down": true}}
2025-09-29 16:25:00,508 - game_server - INFO - log_game_event:61 - Игровое событие: обновление_позиции - {"client_id": 0, "position": {"x": 485, "y": 1410}, "inputs": {"left": true, "right": false, "up": false, "down": true}}
2025-09-29 16:25:00,545 - game_server - INFO - log_game_event:61 - Игровое событие: обновление_позиции - {"client_id": 0, "position": {"x": 480, "y": 1415}, "inputs": {"left": true, "right": false, "up": false, "down": true}}
2025-09-29 16:25:00,577 - game_server - INFO - log_game_event:61 - Игровое событие: обновление_позиции - {"client_id": 0, "position": {"x": 475, "y": 1420}, "inputs": {"left": true, "right": false, "up": false, "down": true}}
2025-09-29 16:25:00,616 - game_server - INFO - log_game_event:61 - Игровое событие: обновление_позиции - {"client_id": 0, "position": {"x": 470, "y": 1425}, "inputs": {"left": true, "right": false, "up": false, "down": true}}
2025-09-29 16:25:00,653 - game_server - INFO - log_game_event:61 - Игровое событие: обновление_позиции - {"client_id": 0, "position": {"x": 465, "y": 1430}, "inputs": {"left": true, "right": false, "up": false, "down": true}}
2025-09-29 16:25:00,688 - game_server - INFO - log_game_event:61 - Игровое событие: обновление_позиции - {"client_id": 0, "position": {"x": 460, "y": 1435}, "inputs": {"left": true, "right": false, "up": false, "down": true}}
2025-09-29 16:25:00,726 - game_server - INFO - log_game_event:61 - Игровое событие: обновление_позиции - {"client_id": 0, "position": {"x": 455, "y": 1440}, "inputs": {"left": true, "right": false, "up": false, "down": true}}
2025-09-29 16:25:00,764 - game_server - INFO - log_game_event:61 - Игровое событие: обновление_позиции - {"client_id": 0, "position": {"x": 460, "y": 1445}, "inputs": {"left": false, "right": true, "up": false, "down": true}}
2025-09-29 16:25:00,801 - game_server - INFO - log_game_event:61 - Игровое событие: обновление_позиции - {"client_id": 0, "position": {"x": 465, "y": 1450}, "inputs": {"left": false, "right": true, "up": false, "down": true}}
2025-09-29 16:25:00,837 - game_server - INFO - log_game_event:61 - Игровое событие: обновление_позиции - {"client_id": 0, "position": {"x": 470, "y": 1455}, "inputs": {"left": false, "right": true, "up": false, "down": true}}
2025-09-29 16:25:00,874 - game_server - INFO - log_game_event:61 - Игровое событие: обновление_позиции - {"client_id": 0, "position": {"x": 475, "y": 1460}, "inputs": {"left": false, "right": true, "up": false, "down": true}}
2025-09-29 16:25:00,910 - game_server - INFO - log_game_event:61 - Игровое событие: обновление_позиции - {"client_id": 0, "position": {"x": 480, "y": 1465}, "inputs": {"left": false, "right": true, "up": false, "down": true}}
2025-09-29 16:25:00,947 - game_server - INFO - log_game_event:61 - Игровое событие: обновление_позиции - {"client_id": 0, "position": {"x": 485, "y": 1470}, "inputs": {"left": false, "right": true, "up": false, "down": true}}
2025-09-29 16:25:00,985 - game_server - INFO - log_game_event:61 - Игровое событие: обновление_позиции - {"client_id": 0, "position": {"x": 490, "y": 1475}, "inputs": {"left": false, "right": true, "up": false, "down": true}}
2025-09-29 16:25:01,022 - game_server - INFO - log_game_event:61 - Игровое событие: обновление_позиции - {"client_id": 0, "position": {"x": 495, "y": 1480}, "inputs": {"left": false, "right": true, "up": false, "down": true}}
2025-09-29 16:25:01,059 - game_server - INFO - log_game_event:61 - Игровое событие: обновление_позиции - {"client_id": 0, "position": {"x": 500, "y": 1485}, "inputs": {"left": false, "right": true, "up": false, "down": true}}
2025-09-29 16:25:01,094 - game_server - INFO - log_game_event:61 - Игровое событие: обновление_позиции - {"client_id": 0, "position": {"x": 505, "y": 1490}, "inputs": {"left": false, "right": true, "up": false, "down": true}}
2025-09-29 16:25:01,130 - game_server - INFO - log_game_event:61 - Игровое событие: обновление_позиции - {"client_id": 0, "position": {"x": 510, "y": 1495}, "inputs": {"left": false, "right": true, "up": false, "down": true}}
2025-09-29 16:25:01,168 - game_server - INFO - log_game_event:61 - Игровое событие: обновление_позиции - {"client_id": 0, "position": {"x": 505, "y": 1500}, "inputs": {"left": true, "right": false, "up": false, "down": true}}
2025-09-29 16:25:01,204 - game_server - INFO - log_game_event:61 - Игровое событие: обновление_позиции - {"client_id": 0, "position": {"x": 500, "y": 1505}, "inputs": {"left": true, "right": false, "up": false, "down": true}}
2025-09-29 16:25:01,241 - game_server - INFO - log_game_event:61 - Игровое событие: обновление_позиции - {"client_id": 0, "position": {"x": 495, "y": 1510}, "inputs": {"left": true, "right": false, "up": false, "down": true}}
2025-09-29 16:25:01,278 - game_server - INFO - log_game_event:61 - Игровое событие: обновление_позиции - {"client_id": 0, "position": {"x": 490, "y": 1515}, "inputs": {"left": true, "right": false, "up": false, "down": true}}
2025-09-29 16:25:01,313 - game_server - INFO - log_game_event:61 - Игровое событие: обновление_позиции - {"client_id": 0, "position": {"x": 485, "y": 1520}, "inputs": {"left": true, "right": false, "up": false, "down": true}}
2025-09-29 16:25:01,349 - game_server - INFO - log_game_event:61 - Игровое событие: обновление_позиции - {"client_id": 0, "position": {"x": 480, "y": 1525}, "inputs": {"left": true, "right": false, "up": false, "down": true}}
2025-09-29 16:25:01,386 - game_server - INFO - log_game_event:61 - Игровое событие: обновление_позиции - {"client_id": 0, "position": {"x": 475, "y": 1530}, "inputs": {"left": true, "right": false, "up": false, "down": true}}
2025-09-29 16:25:01,422 - game_server - INFO - log_game_event:61 - Игровое событие: обновление_позиции - {"client_id": 0, "position": {"x": 470, "y": 1535}, "inputs": {"left": true, "right": false, "up": false, "down": true}}
2025-09-29 16:25:01,459 - game_server - INFO - log_game_event:61 - Игровое событие: обновление_позиции - {"client_id": 0, "position": {"x": 465, "y": 1540}, "inputs": {"left": true, "right": false, "up": false, "down": true}}
2025-09-29 16:25:01,496 - game_server - INFO - log_game_event:61 - Игровое событие: обновление_позиции - {"client_id": 0, "position": {"x": 460, "y": 1545}, "inputs": {"left": true, "right": false, "up": false, "down": true}}
2025-09-29 16:25:01,531 - game_server - INFO - log_game_event:61 - Игровое событие: обновление_позиции - {"client_id": 0, "position": {"x": 455, "y": 1550}, "inputs": {"left": true, "right": false, "up": false, "down": true}}
2025-09-29 16:25:01,567 - game_server - INFO - log_game_event:61 - Игровое событие: обновление_позиции - {"client_id": 0, "position": {"x": 460, "y": 1555}, "inputs": {"left": false, "right": true, "up": false, "down": true}}
2025-09-29 16:25:01,602 - game_server - INFO - log_game_event:61 - Игровое событие: обновление_позиции - {"client_id": 0, "position": {"x": 465, "y": 1560}, "inputs": {"left": false, "right": true, "up": false, "down": true}}
2025-09-29 16:25:01,638 - game_server - INFO - log_game_event:61 - Игровое событие: обновление_позиции - {"client_id": 0, "position": {"x": 470, "y": 1565}, "inputs": {"left": false, "right": true, "up": false, "down": true}}
2025-09-29 16:25:01,676 - game_server - INFO - log_game_event:61 - Игровое событие: обновление_позиции - {"client_id": 0, "position": {"x": 475, "y": 1570}, "inputs": {"left": false, "right": true, "up": false, "down": true}}
2025-09-29 16:25:01,711 - game_server - INFO - log_game_event:61 - Игровое событие: обновление_позиции - {"client_id": 0, "position": {"x": 480, "y": 1575}, "inputs": {"left": false, "right": true, "up": false, "down": true}}
2025-09-29 16:25:01,748 - game_server - INFO - log_game_event:61 - Игровое событие: обновление_позиции - {"client_id": 0, "position": {"x": 485, "y": 1580}, "inputs": {"left": false, "right": true, "up": false, "down": true}}
2025-09-29 16:25:01,786 - game_server - INFO - log_game_event:61 - Игровое событие: обновление_позиции - {"client_id": 0, "position": {"x": 490, "y": 1585}, "inputs": {"left": false, "right": true, "up": false, "down": true}}
2025-09-29 16:25:01,824 - game_server - INFO - log_game_event:61 - Игровое событие: обновление_позиции - {"client_id": 0, "position": {"x": 495, "y": 1590}, "inputs": {"left": true, "right": true, "up": false, "down": true}}
2025-09-29 16:25:01,862 - game_server - INFO - log_game_event:61 - Игровое событие: обновление_позиции - {"client_id": 0, "position": {"x": 500, "y": 1595}, "inputs": {"left": true, "right": true, "up": false, "down": true}}
2025-09-29 16:25:01,898 - game_server - INFO - log_game_event:61 - Игровое событие: обновление_позиции - {"client_id": 0, "position": {"x": 495, "y": 1600}, "inputs": {"left": true, "right": false, "up": false, "down": true}}
2025-09-29 16:25:01,936 - game_server - INFO - log_game_event:61 - Игровое событие: обновление_позиции - {"client_id": 0, "position": {"x": 490, "y": 1605}, "inputs": {"left": true, "right": false, "up": false, "down": true}}
2025-09-29 16:25:01,970 - game_server - INFO - log_game_event:61 - Игровое событие: обновление_позиции - {"client_id": 0, "position": {"x": 485, "y": 1610}, "inputs": {"left": true, "right": false, "up": false, "down": true}}
2025-09-29 16:25:02,006 - game_server - INFO - log_game_event:61 - Игровое событие: обновление_позиции - {"client_id": 0, "position": {"x": 480, "y": 1615}, "inputs": {"left": true, "right": false, "up": false, "down": true}}
2025-09-29 16:25:02,041 - game_server - INFO - log_game_event:61 - Игровое событие: обновление_позиции - {"client_id": 0, "position": {"x": 475, "y": 1620}, "inputs": {"left": true, "right": false, "up": false, "down": true}}
2025-09-29 16:25:02,079 - game_server - INFO - log_game_event:61 - Игровое событие: обновление_позиции - {"client_id": 0, "position": {"x": 470, "y": 1625}, "inputs": {"left": true, "right": false, "up": false, "down": true}}
2025-09-29 16:25:02,117 - game_server - INFO - log_game_event:61 - Игровое событие: обновление_позиции - {"client_id": 0, "position": {"x": 470, "y": 1630}, "inputs": {"left": false, "right": false, "up": false, "down": true}}
2025-09-29 16:25:02,152 - game_server - INFO - log_game_event:61 - Игровое событие: обновление_позиции - {"client_id": 0, "position": {"x": 470, "y": 1635}, "inputs": {"left": false, "right": false, "up": false, "down": true}}
2025-09-29 16:25:02,188 - game_server - INFO - log_game_event:61 - Игровое событие: обновление_позиции - {"client_id": 0, "position": {"x": 470, "y": 1640}, "inputs": {"left": false, "right": false, "up": false, "down": true}}
2025-09-29 16:25:02,224 - game_server - INFO - log_game_event:61 - Игровое событие: обновление_позиции - {"client_id": 0, "position": {"x": 470, "y": 1645}, "inputs": {"left": false, "right": false, "up": false, "down": true}}
2025-09-29 16:25:02,261 - game_server - INFO - log_game_event:61 - Игровое событие: обновление_позиции - {"client_id": 0, "position": {"x": 470, "y": 1650}, "inputs": {"left": false, "right": false, "up": false, "down": true}}
2025-09-29 16:25:02,299 - game_server - INFO - log_game_event:61 - Игровое событие: обновление_позиции - {"client_id": 0, "position": {"x": 470, "y": 1655}, "inputs": {"left": false, "right": false, "up": false, "down": true}}
2025-09-29 16:25:02,333 - game_server - INFO - log_game_event:61 - Игровое событие: обновление_позиции - {"client_id": 0, "position": {"x": 470, "y": 1660}, "inputs": {"left": false, "right": false, "up": false, "down": true}}
2025-09-29 16:25:02,370 - game_server - INFO - log_game_event:61 - Игровое событие: обновление_позиции - {"client_id": 0, "position": {"x": 475, "y": 1665}, "inputs": {"left": false, "right": true, "up": false, "down": true}}
2025-09-29 16:25:02,407 - game_server - INFO - log_game_event:61 - Игровое событие: обновление_позиции - {"client_id": 0, "position": {"x": 480, "y": 1670}, "inputs": {"left": false, "right": true, "up": false, "down": true}}
2025-09-29 16:25:02,441 - game_server - INFO - log_game_event:61 - Игровое событие: обновление_позиции - {"client_id": 0, "position": {"x": 485, "y": 1675}, "inputs": {"left": false, "right": true, "up": false, "down": true}}
2025-09-29 16:25:02,478 - game_server - INFO - log_game_event:61 - Игровое событие: обновление_позиции - {"client_id": 0, "position": {"x": 490, "y": 1680}, "inputs": {"left": false, "right": true, "up": false, "down": true}}
2025-09-29 16:25:02,515 - game_server - INFO - log_game_event:61 - Игровое событие: обновление_позиции - {"client_id": 0, "position": {"x": 495, "y": 1685}, "inputs": {"left": false, "right": true, "up": false, "down": true}}
2025-09-29 16:25:02,552 - game_server - INFO - log_game_event:61 - Игровое событие: обновление_позиции - {"client_id": 0, "position": {"x": 500, "y": 1690}, "inputs": {"left": false, "right": true, "up": false, "down": true}}
2025-09-29 16:25:02,592 - game_server - INFO - log_game_event:61 - Игровое событие: обновление_позиции - {"client_id": 0, "position": {"x": 505, "y": 1695}, "inputs": {"left": true, "right": true, "up": false, "down": true}}
2025-09-29 16:25:02,629 - game_server - INFO - log_game_event:61 - Игровое событие: обновление_позиции - {"client_id": 0, "position": {"x": 510, "y": 1700}, "inputs": {"left": true, "right": true, "up": false, "down": true}}
2025-09-29 16:25:02,667 - game_server - INFO - log_game_event:61 - Игровое событие: обновление_позиции - {"client_id": 0, "position": {"x": 515, "y": 1705}, "inputs": {"left": true, "right": true, "up": false, "down": true}}
2025-09-29 16:25:02,704 - game_server - INFO - log_game_event:61 - Игровое событие: обновление_позиции - {"client_id": 0, "position": {"x": 510, "y": 1710}, "inputs": {"left": true, "right": false, "up": false, "down": true}}
2025-09-29 16:25:02,741 - game_server - INFO - log_game_event:61 - Игровое событие: обновление_позиции - {"client_id": 0, "position": {"x": 505, "y": 1715}, "inputs": {"left": true, "right": false, "up": false, "down": true}}
2025-09-29 16:25:02,779 - game_server - INFO - log_game_event:61 - Игровое событие: обновление_позиции - {"client_id": 0, "position": {"x": 500, "y": 1720}, "inputs": {"left": true, "right": false, "up": false, "down": true}}
2025-09-29 16:25:02,814 - game_server - INFO - log_game_event:61 - Игровое событие: обновление_позиции - {"client_id": 0, "position": {"x": 495, "y": 1725}, "inputs": {"left": true, "right": false, "up": false, "down": true}}
2025-09-29 16:25:02,849 - game_server - INFO - log_game_event:61 - Игровое событие: обновление_позиции - {"client_id": 0, "position": {"x": 490, "y": 1730}, "inputs": {"left": true, "right": false, "up": false, "down": true}}
2025-09-29 16:25:02,884 - game_server - INFO - log_game_event:61 - Игровое событие: обновление_позиции - {"client_id": 0, "position": {"x": 485, "y": 1735}, "inputs": {"left": true, "right": false, "up": false, "down": true}}
2025-09-29 16:25:02,919 - game_server - INFO - log_game_event:61 - Игровое событие: обновление_позиции - {"client_id": 0, "position": {"x": 480, "y": 1740}, "inputs": {"left": true, "right": false, "up": false, "down": true}}
2025-09-29 16:25:02,954 - game_server - INFO - log_game_event:61 - Игровое событие: обновление_позиции - {"client_id": 0, "position": {"x": 475, "y": 1745}, "inputs": {"left": true, "right": false, "up": false, "down": true}}
2025-09-29 16:25:02,991 - game_server - INFO - log_game_event:61 - Игровое событие: обновление_позиции - {"client_id": 0, "position": {"x": 470, "y": 1750}, "inputs": {"left": true, "right": false, "up": false, "down": true}}
2025-09-29 16:25:03,028 - game_server - INFO - log_game_event:61 - Игровое событие: обновление_позиции - {"client_id": 0, "position": {"x": 465, "y": 1755}, "inputs": {"left": true, "right": false, "up": false, "down": true}}
2025-09-29 16:25:03,064 - game_server - INFO - log_game_event:61 - Игровое событие: обновление_позиции - {"client_id": 0, "position": {"x": 460, "y": 1760}, "inputs": {"left": true, "right": false, "up": false, "down": true}}
2025-09-29 16:25:03,099 - game_server - INFO - log_game_event:61 - Игровое событие: обновление_позиции - {"client_id": 0, "position": {"x": 455, "y": 1765}, "inputs": {"left": true, "right": false, "up": false, "down": true}}
2025-09-29 16:25:03,133 - game_server - INFO - log_game_event:61 - Игровое событие: обновление_позиции - {"client_id": 0, "position": {"x": 450, "y": 1770}, "inputs": {"left": true, "right": false, "up": false, "down": true}}
2025-09-29 16:25:03,168 - game_server - INFO - log_game_event:61 - Игровое событие: обновление_позиции - {"client_id": 0, "position": {"x": 455, "y": 1775}, "inputs": {"left": true, "right": true, "up": false, "down": true}}
2025-09-29 16:25:03,201 - game_server - INFO - log_game_event:61 - Игровое событие: обновление_позиции - {"client_id": 0, "position": {"x": 460, "y": 1780}, "inputs": {"left": true, "right": true, "up": false, "down": true}}
2025-09-29 16:25:03,234 - game_server - INFO - log_game_event:61 - Игровое событие: обновление_позиции - {"client_id": 0, "position": {"x": 465, "y": 1785}, "inputs": {"left": true, "right": true, "up": false, "down": true}}
2025-09-29 16:25:03,272 - game_server - INFO - log_game_event:61 - Игровое событие: обновление_позиции - {"client_id": 0, "position": {"x": 470, "y": 1790}, "inputs": {"left": true, "right": true, "up": false, "down": true}}
2025-09-29 16:25:03,308 - game_server - INFO - log_game_event:61 - Игровое событие: обновление_позиции - {"client_id": 0, "position": {"x": 475, "y": 1795}, "inputs": {"left": true, "right": true, "up": false, "down": true}}
2025-09-29 16:25:03,344 - game_server - INFO - log_game_event:61 - Игровое событие: обновление_позиции - {"client_id": 0, "position": {"x": 480, "y": 1800}, "inputs": {"left": true, "right": true, "up": false, "down": true}}
2025-09-29 16:25:03,381 - game_server - INFO - log_game_event:61 - Игровое событие: обновление_позиции - {"client_id": 0, "position": {"x": 485, "y": 1805}, "inputs": {"left": true, "right": true, "up": false, "down": true}}
2025-09-29 16:25:03,417 - game_server - INFO - log_game_event:61 - Игровое событие: обновление_позиции - {"client_id": 0, "position": {"x": 490, "y": 1810}, "inputs": {"left": true, "right": true, "up": false, "down": true}}
2025-09-29 16:25:03,452 - game_server - INFO - log_game_event:61 - Игровое событие: обновление_позиции - {"client_id": 0, "position": {"x": 495, "y": 1815}, "inputs": {"left": false, "right": true, "up": false, "down": true}}
2025-09-29 16:25:03,490 - game_server - INFO - log_game_event:61 - Игровое событие: обновление_позиции - {"client_id": 0, "position": {"x": 500, "y": 1820}, "inputs": {"left": false, "right": true, "up": false, "down": true}}
2025-09-29 16:25:03,527 - game_server - INFO - log_game_event:61 - Игровое событие: обновление_позиции - {"client_id": 0, "position": {"x": 505, "y": 1825}, "inputs": {"left": false, "right": true, "up": false, "down": true}}
2025-09-29 16:25:03,564 - game_server - INFO - log_game_event:61 - Игровое событие: обновление_позиции - {"client_id": 0, "position": {"x": 510, "y": 1830}, "inputs": {"left": false, "right": true, "up": false, "down": true}}
2025-09-29 16:25:03,600 - game_server - INFO - log_game_event:61 - Игровое событие: обновление_позиции - {"client_id": 0, "position": {"x": 515, "y": 1835}, "inputs": {"left": false, "right": true, "up": false, "down": true}}
2025-09-29 16:25:03,637 - game_server - INFO - log_game_event:61 - Игровое событие: обновление_позиции - {"client_id": 0, "position": {"x": 520, "y": 1840}, "inputs": {"left": true, "right": true, "up": false, "down": true}}
2025-09-29 16:25:03,672 - game_server - INFO - log_game_event:61 - Игровое событие: обновление_позиции - {"client_id": 0, "position": {"x": 525, "y": 1845}, "inputs": {"left": true, "right": true, "up": false, "down": true}}
2025-09-29 16:25:03,707 - game_server - INFO - log_game_event:61 - Игровое событие: обновление_позиции - {"client_id": 0, "position": {"x": 530, "y": 1850}, "inputs": {"left": true, "right": true, "up": false, "down": true}}
2025-09-29 16:25:03,741 - game_server - INFO - log_game_event:61 - Игровое событие: обновление_позиции - {"client_id": 0, "position": {"x": 535, "y": 1855}, "inputs": {"left": true, "right": true, "up": false, "down": true}}
2025-09-29 16:25:03,780 - game_server - INFO - log_game_event:61 - Игровое событие: обновление_позиции - {"client_id": 0, "position": {"x": 530, "y": 1860}, "inputs": {"left": true, "right": false, "up": false, "down": true}}
2025-09-29 16:25:03,817 - game_server - INFO - log_game_event:61 - Игровое событие: обновление_позиции - {"client_id": 0, "position": {"x": 525, "y": 1865}, "inputs": {"left": true, "right": false, "up": false, "down": true}}
2025-09-29 16:25:03,851 - game_server - INFO - log_game_event:61 - Игровое событие: обновление_позиции - {"client_id": 0, "position": {"x": 520, "y": 1870}, "inputs": {"left": true, "right": false, "up": false, "down": true}}
2025-09-29 16:25:03,888 - game_server - INFO - log_game_event:61 - Игровое событие: обновление_позиции - {"client_id": 0, "position": {"x": 515, "y": 1875}, "inputs": {"left": true, "right": false, "up": false, "down": true}}
2025-09-29 16:25:03,921 - game_server - INFO - log_game_event:61 - Игровое событие: обновление_позиции - {"client_id": 0, "position": {"x": 510, "y": 1880}, "inputs": {"left": true, "right": false, "up": false, "down": true}}
2025-09-29 16:25:03,949 - game_server - INFO - log_game_event:61 - Игровое событие: обновление_позиции - {"client_id": 0, "position": {"x": 505, "y": 1885}, "inputs": {"left": true, "right": false, "up": false, "down": true}}
2025-09-29 16:25:03,984 - game_server - INFO - log_game_event:61 - Игровое событие: обновление_позиции - {"client_id": 0, "position": {"x": 500, "y": 1890}, "inputs": {"left": true, "right": false, "up": false, "down": true}}
2025-09-29 16:25:04,018 - game_server - INFO - log_game_event:61 - Игровое событие: обновление_позиции - {"client_id": 0, "position": {"x": 495, "y": 1895}, "inputs": {"left": true, "right": false, "up": false, "down": true}}
2025-09-29 16:25:04,050 - game_server - INFO - log_game_event:61 - Игровое событие: обновление_позиции - {"client_id": 0, "position": {"x": 490, "y": 1900}, "inputs": {"left": true, "right": false, "up": false, "down": true}}
2025-09-29 16:25:04,082 - game_server - INFO - log_game_event:61 - Игровое событие: обновление_позиции - {"client_id": 0, "position": {"x": 485, "y": 1905}, "inputs": {"left": true, "right": false, "up": false, "down": true}}
2025-09-29 16:25:04,112 - game_server - INFO - log_game_event:61 - Игровое событие: обновление_позиции - {"client_id": 0, "position": {"x": 480, "y": 1910}, "inputs": {"left": true, "right": false, "up": false, "down": true}}
2025-09-29 16:25:04,142 - game_server - INFO - log_game_event:61 - Игровое событие: обновление_позиции - {"client_id": 0, "position": {"x": 475, "y": 1915}, "inputs": {"left": true, "right": false, "up": false, "down": true}}
2025-09-29 16:25:04,173 - game_server - INFO - log_game_event:61 - Игровое событие: обновление_позиции - {"client_id": 0, "position": {"x": 470, "y": 1920}, "inputs": {"left": true, "right": false, "up": false, "down": true}}
2025-09-29 16:25:04,206 - game_server - INFO - log_game_event:61 - Игровое событие: обновление_позиции - {"client_id": 0, "position": {"x": 465, "y": 1925}, "inputs": {"left": true, "right": false, "up": false, "down": true}}
2025-09-29 16:25:04,239 - game_server - INFO - log_game_event:61 - Игровое событие: обновление_позиции - {"client_id": 0, "position": {"x": 460, "y": 1930}, "inputs": {"left": true, "right": false, "up": false, "down": true}}
2025-09-29 16:25:04,270 - game_server - INFO - log_game_event:61 - Игровое событие: обновление_позиции - {"client_id": 0, "position": {"x": 455, "y": 1935}, "inputs": {"left": true, "right": false, "up": false, "down": true}}
2025-09-29 16:25:04,304 - game_server - INFO - log_game_event:61 - Игровое событие: обновление_позиции - {"client_id": 0, "position": {"x": 450, "y": 1940}, "inputs": {"left": true, "right": false, "up": false, "down": true}}
2025-09-29 16:25:04,339 - game_server - INFO - log_game_event:61 - Игровое событие: обновление_позиции - {"client_id": 0, "position": {"x": 445, "y": 1945}, "inputs": {"left": true, "right": false, "up": false, "down": true}}
2025-09-29 16:25:04,377 - game_server - INFO - log_game_event:61 - Игровое событие: обновление_позиции - {"client_id": 0, "position": {"x": 440, "y": 1950}, "inputs": {"left": true, "right": false, "up": false, "down": true}}
2025-09-29 16:25:04,414 - game_server - INFO - log_game_event:61 - Игровое событие: обновление_позиции - {"client_id": 0, "position": {"x": 435, "y": 1955}, "inputs": {"left": true, "right": false, "up": false, "down": true}}
2025-09-29 16:25:04,452 - game_server - INFO - log_game_event:61 - Игровое событие: обновление_позиции - {"client_id": 0, "position": {"x": 440, "y": 1960}, "inputs": {"left": true, "right": true, "up": false, "down": true}}
2025-09-29 16:25:04,487 - game_server - INFO - log_game_event:61 - Игровое событие: обновление_позиции - {"client_id": 0, "position": {"x": 445, "y": 1965}, "inputs": {"left": true, "right": true, "up": false, "down": true}}
2025-09-29 16:25:04,520 - game_server - INFO - log_game_event:61 - Игровое событие: обновление_позиции - {"client_id": 0, "position": {"x": 450, "y": 1970}, "inputs": {"left": true, "right": true, "up": false, "down": true}}
2025-09-29 16:25:04,557 - game_server - INFO - log_game_event:61 - Игровое событие: обновление_позиции - {"client_id": 0, "position": {"x": 455, "y": 1975}, "inputs": {"left": true, "right": true, "up": false, "down": true}}
2025-09-29 16:25:04,593 - game_server - INFO - log_game_event:61 - Игровое событие: обновление_позиции - {"client_id": 0, "position": {"x": 460, "y": 1980}, "inputs": {"left": true, "right": true, "up": false, "down": true}}
2025-09-29 16:25:04,628 - game_server - INFO - log_game_event:61 - Игровое событие: обновление_позиции - {"client_id": 0, "position": {"x": 465, "y": 1985}, "inputs": {"left": true, "right": true, "up": false, "down": true}}
2025-09-29 16:25:04,666 - game_server - INFO - log_game_event:61 - Игровое событие: обновление_позиции - {"client_id": 0, "position": {"x": 470, "y": 1990}, "inputs": {"left": true, "right": true, "up": false, "down": true}}
2025-09-29 16:25:04,702 - game_server - INFO - log_game_event:61 - Игровое событие: обновление_позиции - {"client_id": 0, "position": {"x": 475, "y": 1995}, "inputs": {"left": true, "right": true, "up": false, "down": true}}
2025-09-29 16:25:04,736 - game_server - INFO - log_game_event:61 - Игровое событие: обновление_позиции - {"client_id": 0, "position": {"x": 480, "y": 2000}, "inputs": {"left": true, "right": true, "up": false, "down": true}}
2025-09-29 16:25:04,770 - game_server - INFO - log_game_event:61 - Игровое событие: обновление_позиции - {"client_id": 0, "position": {"x": 485, "y": 2005}, "inputs": {"left": true, "right": true, "up": false, "down": true}}
2025-09-29 16:25:04,806 - game_server - INFO - log_game_event:61 - Игровое событие: обновление_позиции - {"client_id": 0, "position": {"x": 490, "y": 2010}, "inputs": {"left": true, "right": true, "up": false, "down": true}}
2025-09-29 16:25:04,842 - game_server - INFO - log_game_event:61 - Игровое событие: обновление_позиции - {"client_id": 0, "position": {"x": 495, "y": 2015}, "inputs": {"left": true, "right": true, "up": false, "down": true}}
2025-09-29 16:25:04,877 - game_server - INFO - log_game_event:61 - Игровое событие: обновление_позиции - {"client_id": 0, "position": {"x": 500, "y": 2020}, "inputs": {"left": true, "right": true, "up": false, "down": true}}
2025-09-29 16:25:04,914 - game_server - INFO - log_game_event:61 - Игровое событие: обновление_позиции - {"client_id": 0, "position": {"x": 505, "y": 2025}, "inputs": {"left": true, "right": true, "up": false, "down": true}}
2025-09-29 16:25:04,951 - game_server - INFO - log_game_event:61 - Игровое событие: обновление_позиции - {"client_id": 0, "position": {"x": 500, "y": 2030}, "inputs": {"left": true, "right": false, "up": false, "down": true}}
2025-09-29 16:25:04,987 - game_server - INFO - log_game_event:61 - Игровое событие: обновление_позиции - {"client_id": 0, "position": {"x": 495, "y": 2035}, "inputs": {"left": true, "right": false, "up": false, "down": true}}
2025-09-29 16:25:05,023 - game_server - INFO - log_game_event:61 - Игровое событие: обновление_позиции - {"client_id": 0, "position": {"x": 490, "y": 2040}, "inputs": {"left": true, "right": false, "up": false, "down": true}}
2025-09-29 16:25:05,059 - game_server - INFO - log_game_event:61 - Игровое событие: обновление_позиции - {"client_id": 0, "position": {"x": 485, "y": 2045}, "inputs": {"left": true, "right": false, "up": false, "down": true}}
2025-09-29 16:25:05,094 - game_server - INFO - log_game_event:61 - Игровое событие: обновление_позиции - {"client_id": 0, "position": {"x": 480, "y": 2050}, "inputs": {"left": true, "right": false, "up": false, "down": true}}
2025-09-29 16:25:05,129 - game_server - INFO - log_game_event:61 - Игровое событие: обновление_позиции - {"client_id": 0, "position": {"x": 475, "y": 2055}, "inputs": {"left": true, "right": false, "up": false, "down": true}}
2025-09-29 16:25:05,166 - game_server - INFO - log_game_event:61 - Игровое событие: обновление_позиции - {"client_id": 0, "position": {"x": 470, "y": 2060}, "inputs": {"left": true, "right": false, "up": false, "down": true}}
2025-09-29 16:25:05,198 - game_server - INFO - log_game_event:61 - Игровое событие: обновление_позиции - {"client_id": 0, "position": {"x": 465, "y": 2065}, "inputs": {"left": true, "right": false, "up": false, "down": true}}
2025-09-29 16:25:05,228 - game_server - INFO - log_game_event:61 - Игровое событие: обновление_позиции - {"client_id": 0, "position": {"x": 460, "y": 2070}, "inputs": {"left": true, "right": false, "up": false, "down": true}}
2025-09-29 16:25:05,258 - game_server - INFO - log_game_event:61 - Игровое событие: обновление_позиции - {"client_id": 0, "position": {"x": 455, "y": 2075}, "inputs": {"left": true, "right": false, "up": false, "down": true}}
2025-09-29 16:25:05,286 - game_server - INFO - log_game_event:61 - Игровое событие: обновление_позиции - {"client_id": 0, "position": {"x": 450, "y": 2080}, "inputs": {"left": true, "right": false, "up": false, "down": true}}
2025-09-29 16:25:05,319 - game_server - INFO - log_game_event:61 - Игровое событие: обновление_позиции - {"client_id": 0, "position": {"x": 445, "y": 2085}, "inputs": {"left": true, "right": false, "up": false, "down": true}}
2025-09-29 16:25:05,354 - game_server - INFO - log_game_event:61 - Игровое событие: обновление_позиции - {"client_id": 0, "position": {"x": 440, "y": 2090}, "inputs": {"left": true, "right": false, "up": false, "down": true}}
2025-09-29 16:25:05,385 - game_server - INFO - log_game_event:61 - Игровое событие: обновление_позиции - {"client_id": 0, "position": {"x": 435, "y": 2095}, "inputs": {"left": true, "right": false, "up": false, "down": true}}
2025-09-29 16:25:05,417 - game_server - INFO - log_game_event:61 - Игровое событие: обновление_позиции - {"client_id": 0, "position": {"x": 430, "y": 2100}, "inputs": {"left": true, "right": false, "up": false, "down": true}}
2025-09-29 16:25:05,444 - game_server - INFO - log_game_event:61 - Игровое событие: обновление_позиции - {"client_id": 0, "position": {"x": 425, "y": 2105}, "inputs": {"left": true, "right": false, "up": false, "down": true}}
2025-09-29 16:25:05,472 - game_server - INFO - log_game_event:61 - Игровое событие: обновление_позиции - {"client_id": 0, "position": {"x": 420, "y": 2110}, "inputs": {"left": true, "right": false, "up": false, "down": true}}
2025-09-29 16:25:05,502 - game_server - INFO - log_game_event:61 - Игровое событие: обновление_позиции - {"client_id": 0, "position": {"x": 415, "y": 2115}, "inputs": {"left": true, "right": false, "up": false, "down": true}}
2025-09-29 16:25:05,534 - game_server - INFO - log_game_event:61 - Игровое событие: обновление_позиции - {"client_id": 0, "position": {"x": 410, "y": 2120}, "inputs": {"left": true, "right": false, "up": false, "down": true}}
2025-09-29 16:25:05,568 - game_server - INFO - log_game_event:61 - Игровое событие: обновление_позиции - {"client_id": 0, "position": {"x": 405, "y": 2125}, "inputs": {"left": true, "right": false, "up": false, "down": true}}
2025-09-29 16:25:05,603 - game_server - INFO - log_game_event:61 - Игровое событие: обновление_позиции - {"client_id": 0, "position": {"x": 400, "y": 2130}, "inputs": {"left": true, "right": false, "up": false, "down": true}}
2025-09-29 16:25:05,639 - game_server - INFO - log_game_event:61 - Игровое событие: обновление_позиции - {"client_id": 0, "position": {"x": 395, "y": 2135}, "inputs": {"left": true, "right": false, "up": false, "down": true}}
2025-09-29 16:25:05,675 - game_server - INFO - log_game_event:61 - Игровое событие: обновление_позиции - {"client_id": 0, "position": {"x": 390, "y": 2140}, "inputs": {"left": true, "right": false, "up": false, "down": true}}
2025-09-29 16:25:05,712 - game_server - INFO - log_game_event:61 - Игровое событие: обновление_позиции - {"client_id": 0, "position": {"x": 385, "y": 2145}, "inputs": {"left": true, "right": false, "up": false, "down": true}}
2025-09-29 16:25:05,749 - game_server - INFO - log_game_event:61 - Игровое событие: обновление_позиции - {"client_id": 0, "position": {"x": 380, "y": 2150}, "inputs": {"left": true, "right": false, "up": false, "down": true}}
2025-09-29 16:25:05,784 - game_server - INFO - log_game_event:61 - Игровое событие: обновление_позиции - {"client_id": 0, "position": {"x": 375, "y": 2155}, "inputs": {"left": true, "right": false, "up": false, "down": true}}
2025-09-29 16:25:05,822 - game_server - INFO - log_game_event:61 - Игровое событие: обновление_позиции - {"client_id": 0, "position": {"x": 375, "y": 2160}, "inputs": {"left": false, "right": false, "up": false, "down": true}}
2025-09-29 16:25:05,858 - game_server - INFO - log_game_event:61 - Игровое событие: обновление_позиции - {"client_id": 0, "position": {"x": 375, "y": 2165}, "inputs": {"left": false, "right": false, "up": false, "down": true}}
2025-09-29 16:25:05,895 - game_server - INFO - log_game_event:61 - Игровое событие: обновление_позиции - {"client_id": 0, "position": {"x": 375, "y": 2170}, "inputs": {"left": false, "right": false, "up": false, "down": true}}
2025-09-29 16:25:05,933 - game_server - INFO - log_game_event:61 - Игровое событие: обновление_позиции - {"client_id": 0, "position": {"x": 375, "y": 2175}, "inputs": {"left": false, "right": false, "up": false, "down": true}}
2025-09-29 16:25:05,969 - game_server - INFO - log_game_event:61 - Игровое событие: обновление_позиции - {"client_id": 0, "position": {"x": 375, "y": 2180}, "inputs": {"left": false, "right": false, "up": false, "down": true}}
2025-09-29 16:25:06,004 - game_server - INFO - log_game_event:61 - Игровое событие: обновление_позиции - {"client_id": 0, "position": {"x": 375, "y": 2185}, "inputs": {"left": false, "right": false, "up": false, "down": true}}
2025-09-29 16:25:06,040 - game_server - INFO - log_game_event:61 - Игровое событие: обновление_позиции - {"client_id": 0, "position": {"x": 375, "y": 2190}, "inputs": {"left": false, "right": false, "up": false, "down": true}}
2025-09-29 16:25:06,076 - game_server - INFO - log_game_event:61 - Игровое событие: обновление_позиции - {"client_id": 0, "position": {"x": 375, "y": 2195}, "inputs": {"left": false, "right": false, "up": false, "down": true}}
2025-09-29 16:25:06,113 - game_server - INFO - log_game_event:61 - Игровое событие: обновление_позиции - {"client_id": 0, "position": {"x": 375, "y": 2200}, "inputs": {"left": false, "right": false, "up": false, "down": true}}
2025-09-29 16:25:06,148 - game_server - INFO - log_game_event:61 - Игровое событие: обновление_позиции - {"client_id": 0, "position": {"x": 370, "y": 2205}, "inputs": {"left": true, "right": false, "up": false, "down": true}}
2025-09-29 16:25:06,181 - game_server - INFO - log_game_event:61 - Игровое событие: обновление_позиции - {"client_id": 0, "position": {"x": 365, "y": 2210}, "inputs": {"left": true, "right": false, "up": false, "down": true}}
2025-09-29 16:25:06,216 - game_server - INFO - log_game_event:61 - Игровое событие: обновление_позиции - {"client_id": 0, "position": {"x": 360, "y": 2215}, "inputs": {"left": true, "right": false, "up": false, "down": true}}
2025-09-29 16:25:06,249 - game_server - INFO - log_game_event:61 - Игровое событие: обновление_позиции - {"client_id": 0, "position": {"x": 355, "y": 2220}, "inputs": {"left": true, "right": false, "up": false, "down": true}}
2025-09-29 16:25:06,286 - game_server - INFO - log_game_event:61 - Игровое событие: обновление_позиции - {"client_id": 0, "position": {"x": 350, "y": 2225}, "inputs": {"left": true, "right": false, "up": false, "down": true}}
2025-09-29 16:25:06,323 - game_server - INFO - log_game_event:61 - Игровое событие: обновление_позиции - {"client_id": 0, "position": {"x": 345, "y": 2230}, "inputs": {"left": true, "right": false, "up": false, "down": true}}
2025-09-29 16:25:06,360 - game_server - INFO - log_game_event:61 - Игровое событие: обновление_позиции - {"client_id": 0, "position": {"x": 340, "y": 2235}, "inputs": {"left": true, "right": false, "up": false, "down": true}}
2025-09-29 16:25:06,394 - game_server - INFO - log_game_event:61 - Игровое событие: обновление_позиции - {"client_id": 0, "position": {"x": 335, "y": 2240}, "inputs": {"left": true, "right": false, "up": false, "down": true}}
2025-09-29 16:25:06,431 - game_server - INFO - log_game_event:61 - Игровое событие: обновление_позиции - {"client_id": 0, "position": {"x": 330, "y": 2245}, "inputs": {"left": true, "right": false, "up": false, "down": true}}
2025-09-29 16:25:06,468 - game_server - INFO - log_game_event:61 - Игровое событие: обновление_позиции - {"client_id": 0, "position": {"x": 325, "y": 2250}, "inputs": {"left": true, "right": false, "up": false, "down": true}}
2025-09-29 16:25:06,503 - game_server - INFO - log_game_event:61 - Игровое событие: обновление_позиции - {"client_id": 0, "position": {"x": 320, "y": 2255}, "inputs": {"left": true, "right": false, "up": false, "down": true}}
2025-09-29 16:25:06,538 - game_server - INFO - log_game_event:61 - Игровое событие: обновление_позиции - {"client_id": 0, "position": {"x": 315, "y": 2260}, "inputs": {"left": true, "right": false, "up": false, "down": true}}
2025-09-29 16:25:06,566 - game_server - INFO - log_game_event:61 - Игровое событие: обновление_позиции - {"client_id": 0, "position": {"x": 310, "y": 2265}, "inputs": {"left": true, "right": false, "up": false, "down": true}}
2025-09-29 16:25:06,600 - game_server - INFO - log_game_event:61 - Игровое событие: обновление_позиции - {"client_id": 0, "position": {"x": 305, "y": 2270}, "inputs": {"left": true, "right": false, "up": false, "down": true}}
2025-09-29 16:25:06,635 - game_server - INFO - log_game_event:61 - Игровое событие: обновление_позиции - {"client_id": 0, "position": {"x": 300, "y": 2275}, "inputs": {"left": true, "right": false, "up": false, "down": true}}
2025-09-29 16:25:06,671 - game_server - INFO - log_game_event:61 - Игровое событие: обновление_позиции - {"client_id": 0, "position": {"x": 295, "y": 2280}, "inputs": {"left": true, "right": false, "up": false, "down": true}}
2025-09-29 16:25:06,709 - game_server - INFO - log_game_event:61 - Игровое событие: обновление_позиции - {"client_id": 0, "position": {"x": 290, "y": 2285}, "inputs": {"left": true, "right": false, "up": false, "down": true}}
2025-09-29 16:25:06,748 - game_server - INFO - log_game_event:61 - Игровое событие: обновление_позиции - {"client_id": 0, "position": {"x": 285, "y": 2290}, "inputs": {"left": true, "right": false, "up": false, "down": true}}
2025-09-29 16:25:06,786 - game_server - INFO - log_game_event:61 - Игровое событие: обновление_позиции - {"client_id": 0, "position": {"x": 280, "y": 2290}, "inputs": {"left": true, "right": false, "up": false, "down": false}}
2025-09-29 16:25:06,822 - game_server - INFO - log_game_event:61 - Игровое событие: обновление_позиции - {"client_id": 0, "position": {"x": 275, "y": 2290}, "inputs": {"left": true, "right": false, "up": false, "down": false}}
2025-09-29 16:25:06,859 - game_server - INFO - log_game_event:61 - Игровое событие: обновление_позиции - {"client_id": 0, "position": {"x": 270, "y": 2290}, "inputs": {"left": true, "right": false, "up": false, "down": false}}
2025-09-29 16:25:06,894 - game_server - INFO - log_game_event:61 - Игровое событие: обновление_позиции - {"client_id": 0, "position": {"x": 265, "y": 2290}, "inputs": {"left": true, "right": false, "up": false, "down": false}}
2025-09-29 16:25:06,930 - game_server - INFO - log_game_event:61 - Игровое событие: обновление_позиции - {"client_id": 0, "position": {"x": 260, "y": 2290}, "inputs": {"left": true, "right": false, "up": false, "down": false}}
2025-09-29 16:25:06,966 - game_server - INFO - log_game_event:61 - Игровое событие: обновление_позиции - {"client_id": 0, "position": {"x": 255, "y": 2290}, "inputs": {"left": true, "right": false, "up": false, "down": false}}
2025-09-29 16:25:07,002 - game_server - INFO - log_game_event:61 - Игровое событие: обновление_позиции - {"client_id": 0, "position": {"x": 250, "y": 2290}, "inputs": {"left": true, "right": false, "up": false, "down": false}}
2025-09-29 16:25:07,037 - game_server - INFO - log_game_event:61 - Игровое событие: обновление_позиции - {"client_id": 0, "position": {"x": 245, "y": 2290}, "inputs": {"left": true, "right": false, "up": false, "down": false}}
2025-09-29 16:25:07,074 - game_server - INFO - log_game_event:61 - Игровое событие: обновление_позиции - {"client_id": 0, "position": {"x": 240, "y": 2290}, "inputs": {"left": true, "right": false, "up": false, "down": false}}
2025-09-29 16:25:07,110 - game_server - INFO - log_game_event:61 - Игровое событие: обновление_позиции - {"client_id": 0, "position": {"x": 235, "y": 2290}, "inputs": {"left": true, "right": false, "up": false, "down": false}}
2025-09-29 16:25:07,147 - game_server - INFO - log_game_event:61 - Игровое событие: обновление_позиции - {"client_id": 0, "position": {"x": 230, "y": 2290}, "inputs": {"left": true, "right": false, "up": false, "down": false}}
2025-09-29 16:25:07,184 - game_server - INFO - log_game_event:61 - Игровое событие: обновление_позиции - {"client_id": 0, "position": {"x": 225, "y": 2290}, "inputs": {"left": true, "right": false, "up": false, "down": false}}
2025-09-29 16:25:07,221 - game_server - INFO - log_game_event:61 - Игровое событие: обновление_позиции - {"client_id": 0, "position": {"x": 220, "y": 2290}, "inputs": {"left": true, "right": false, "up": false, "down": false}}
2025-09-29 16:25:07,256 - game_server - INFO - log_game_event:61 - Игровое событие: обновление_позиции - {"client_id": 0, "position": {"x": 215, "y": 2290}, "inputs": {"left": true, "right": false, "up": false, "down": false}}
2025-09-29 16:25:07,292 - game_server - INFO - log_game_event:61 - Игровое событие: обновление_позиции - {"client_id": 0, "position": {"x": 210, "y": 2290}, "inputs": {"left": true, "right": false, "up": false, "down": false}}
2025-09-29 16:25:07,329 - game_server - INFO - log_game_event:61 - Игровое событие: обновление_позиции - {"client_id": 0, "position": {"x": 205, "y": 2290}, "inputs": {"left": true, "right": false, "up": false, "down": false}}
2025-09-29 16:25:07,366 - game_server - INFO - log_game_event:61 - Игровое событие: обновление_позиции - {"client_id": 0, "position": {"x": 200, "y": 2290}, "inputs": {"left": true, "right": false, "up": false, "down": false}}
2025-09-29 16:25:07,402 - game_server - INFO - log_game_event:61 - Игровое событие: обновление_позиции - {"client_id": 0, "position": {"x": 195, "y": 2290}, "inputs": {"left": true, "right": false, "up": false, "down": false}}
2025-09-29 16:25:07,439 - game_server - INFO - log_game_event:61 - Игровое событие: обновление_позиции - {"client_id": 0, "position": {"x": 190, "y": 2290}, "inputs": {"left": true, "right": false, "up": false, "down": false}}
2025-09-29 16:25:07,476 - game_server - INFO - log_game_event:61 - Игровое событие: обновление_позиции - {"client_id": 0, "position": {"x": 185, "y": 2290}, "inputs": {"left": true, "right": false, "up": false, "down": false}}
2025-09-29 16:25:07,514 - game_server - INFO - log_game_event:61 - Игровое событие: обновление_позиции - {"client_id": 0, "position": {"x": 180, "y": 2290}, "inputs": {"left": true, "right": false, "up": false, "down": false}}
2025-09-29 16:25:07,550 - game_server - INFO - log_game_event:61 - Игровое событие: обновление_позиции - {"client_id": 0, "position": {"x": 175, "y": 2290}, "inputs": {"left": true, "right": false, "up": false, "down": false}}
2025-09-29 16:25:07,587 - game_server - INFO - log_game_event:61 - Игровое событие: обновление_позиции - {"client_id": 0, "position": {"x": 170, "y": 2290}, "inputs": {"left": true, "right": false, "up": false, "down": false}}
2025-09-29 16:25:07,624 - game_server - INFO - log_game_event:61 - Игровое событие: обновление_позиции - {"client_id": 0, "position": {"x": 165, "y": 2290}, "inputs": {"left": true, "right": false, "up": false, "down": false}}
2025-09-29 16:25:07,661 - game_server - INFO - log_game_event:61 - Игровое событие: обновление_позиции - {"client_id": 0, "position": {"x": 160, "y": 2290}, "inputs": {"left": true, "right": false, "up": false, "down": false}}
2025-09-29 16:25:07,698 - game_server - INFO - log_game_event:61 - Игровое событие: обновление_позиции - {"client_id": 0, "position": {"x": 155, "y": 2290}, "inputs": {"left": true, "right": false, "up": false, "down": false}}
2025-09-29 16:25:07,736 - game_server - INFO - log_game_event:61 - Игровое событие: обновление_позиции - {"client_id": 0, "position": {"x": 150, "y": 2290}, "inputs": {"left": true, "right": false, "up": false, "down": false}}
2025-09-29 16:25:07,772 - game_server - INFO - log_game_event:61 - Игровое событие: обновление_позиции - {"client_id": 0, "position": {"x": 145, "y": 2290}, "inputs": {"left": true, "right": false, "up": false, "down": false}}
2025-09-29 16:25:07,809 - game_server - INFO - log_game_event:61 - Игровое событие: обновление_позиции - {"client_id": 0, "position": {"x": 140, "y": 2290}, "inputs": {"left": true, "right": false, "up": false, "down": false}}
2025-09-29 16:25:07,846 - game_server - INFO - log_game_event:61 - Игровое событие: обновление_позиции - {"client_id": 0, "position": {"x": 135, "y": 2290}, "inputs": {"left": true, "right": false, "up": false, "down": false}}
2025-09-29 16:25:07,882 - game_server - INFO - log_game_event:61 - Игровое событие: обновление_позиции - {"client_id": 0, "position": {"x": 130, "y": 2290}, "inputs": {"left": true, "right": false, "up": false, "down": false}}
2025-09-29 16:25:07,923 - game_server - INFO - log_game_event:61 - Игровое событие: обновление_позиции - {"client_id": 0, "position": {"x": 125, "y": 2290}, "inputs": {"left": true, "right": false, "up": false, "down": false}}
2025-09-29 16:25:07,960 - game_server - INFO - log_game_event:61 - Игровое событие: обновление_позиции - {"client_id": 0, "position": {"x": 120, "y": 2290}, "inputs": {"left": true, "right": false, "up": false, "down": false}}
2025-09-29 16:25:07,998 - game_server - INFO - log_game_event:61 - Игровое событие: обновление_позиции - {"client_id": 0, "position": {"x": 115, "y": 2290}, "inputs": {"left": true, "right": false, "up": false, "down": false}}
2025-09-29 16:25:08,033 - game_server - INFO - log_game_event:61 - Игровое событие: обновление_позиции - {"client_id": 0, "position": {"x": 110, "y": 2290}, "inputs": {"left": true, "right": false, "up": false, "down": false}}
2025-09-29 16:25:08,071 - game_server - INFO - log_game_event:61 - Игровое событие: обновление_позиции - {"client_id": 0, "position": {"x": 105, "y": 2290}, "inputs": {"left": true, "right": false, "up": false, "down": false}}
2025-09-29 16:25:08,108 - game_server - INFO - log_game_event:61 - Игровое событие: обновление_позиции - {"client_id": 0, "position": {"x": 100, "y": 2290}, "inputs": {"left": true, "right": false, "up": false, "down": false}}
2025-09-29 16:25:08,144 - game_server - INFO - log_game_event:61 - Игровое событие: обновление_позиции - {"client_id": 0, "position": {"x": 95, "y": 2290}, "inputs": {"left": true, "right": false, "up": false, "down": false}}
2025-09-29 16:25:08,182 - game_server - INFO - log_game_event:61 - Игровое событие: обновление_позиции - {"client_id": 0, "position": {"x": 90, "y": 2290}, "inputs": {"left": true, "right": false, "up": false, "down": false}}
2025-09-29 16:25:08,219 - game_server - INFO - log_game_event:61 - Игровое событие: обновление_позиции - {"client_id": 0, "position": {"x": 85, "y": 2290}, "inputs": {"left": true, "right": false, "up": false, "down": false}}
2025-09-29 16:25:08,254 - game_server - INFO - log_game_event:61 - Игровое событие: обновление_позиции - {"client_id": 0, "position": {"x": 80, "y": 2290}, "inputs": {"left": true, "right": false, "up": false, "down": false}}
2025-09-29 16:25:08,292 - game_server - INFO - log_game_event:61 - Игровое событие: обновление_позиции - {"client_id": 0, "position": {"x": 75, "y": 2290}, "inputs": {"left": true, "right": false, "up": false, "down": false}}
2025-09-29 16:25:08,328 - game_server - INFO - log_game_event:61 - Игровое событие: обновление_позиции - {"client_id": 0, "position": {"x": 70, "y": 2290}, "inputs": {"left": true, "right": false, "up": false, "down": false}}
2025-09-29 16:25:08,364 - game_server - INFO - log_game_event:61 - Игровое событие: обновление_позиции - {"client_id": 0, "position": {"x": 65, "y": 2290}, "inputs": {"left": true, "right": false, "up": false, "down": false}}
2025-09-29 16:25:08,403 - game_server - INFO - log_game_event:61 - Игровое событие: обновление_позиции - {"client_id": 0, "position": {"x": 60, "y": 2290}, "inputs": {"left": true, "right": false, "up": false, "down": false}}
2025-09-29 16:25:08,440 - game_server - INFO - log_game_event:61 - Игровое событие: обновление_позиции - {"client_id": 0, "position": {"x": 55, "y": 2290}, "inputs": {"left": true, "right": false, "up": false, "down": false}}
2025-09-29 16:25:08,471 - game_server - INFO - log_game_event:61 - Игровое событие: обновление_позиции - {"client_id": 0, "position": {"x": 50, "y": 2290}, "inputs": {"left": true, "right": false, "up": false, "down": false}}
2025-09-29 16:25:08,510 - game_server - INFO - log_game_event:61 - Игровое событие: обновление_позиции - {"client_id": 0, "position": {"x": 45, "y": 2290}, "inputs": {"left": true, "right": false, "up": false, "down": false}}
2025-09-29 16:25:08,549 - game_server - INFO - log_game_event:61 - Игровое событие: обновление_позиции - {"client_id": 0, "position": {"x": 40, "y": 2290}, "inputs": {"left": true, "right": false, "up": false, "down": false}}
2025-09-29 16:25:08,585 - game_server - INFO - log_game_event:61 - Игровое событие: обновление_позиции - {"client_id": 0, "position": {"x": 35, "y": 2290}, "inputs": {"left": true, "right": false, "up": false, "down": false}}
2025-09-29 16:25:08,621 - game_server - INFO - log_game_event:61 - Игровое событие: обновление_позиции - {"client_id": 0, "position": {"x": 30, "y": 2290}, "inputs": {"left": true, "right": false, "up": false, "down": false}}
2025-09-29 16:25:08,656 - game_server - INFO - log_game_event:61 - Игровое событие: обновление_позиции - {"client_id": 0, "position": {"x": 25, "y": 2290}, "inputs": {"left": true, "right": false, "up": false, "down": false}}
2025-09-29 16:25:08,694 - game_server - INFO - log_game_event:61 - Игровое событие: обновление_позиции - {"client_id": 0, "position": {"x": 20, "y": 2290}, "inputs": {"left": true, "right": false, "up": false, "down": false}}
2025-09-29 16:25:08,731 - game_server - INFO - log_game_event:61 - Игровое событие: обновление_позиции - {"client_id": 0, "position": {"x": 15, "y": 2290}, "inputs": {"left": true, "right": false, "up": false, "down": false}}
2025-09-29 16:25:08,766 - game_server - INFO - log_game_event:61 - Игровое событие: обновление_позиции - {"client_id": 0, "position": {"x": 10, "y": 2290}, "inputs": {"left": true, "right": false, "up": false, "down": false}}
2025-09-29 16:25:08,802 - game_server - INFO - log_game_event:61 - Игровое событие: обновление_позиции - {"client_id": 0, "position": {"x": 5, "y": 2290}, "inputs": {"left": true, "right": false, "up": false, "down": false}}
2025-09-29 16:25:08,842 - game_server - INFO - log_game_event:61 - Игровое событие: обновление_позиции - {"client_id": 0, "position": {"x": 0, "y": 2290}, "inputs": {"left": true, "right": false, "up": false, "down": false}}
2025-09-29 16:25:08,880 - game_server - INFO - log_game_event:61 - Игровое событие: обновление_позиции - {"client_id": 0, "position": {"x": 0, "y": 2290}, "inputs": {"left": true, "right": false, "up": false, "down": false}}
2025-09-29 16:25:08,918 - game_server - INFO - log_game_event:61 - Игровое событие: обновление_позиции - {"client_id": 0, "position": {"x": 0, "y": 2290}, "inputs": {"left": true, "right": false, "up": false, "down": false}}
2025-09-29 16:25:08,955 - game_server - INFO - log_game_event:61 - Игровое событие: обновление_позиции - {"client_id": 0, "position": {"x": 0, "y": 2290}, "inputs": {"left": true, "right": false, "up": false, "down": false}}
2025-09-29 16:25:08,993 - game_server - INFO - log_game_event:61 - Игровое событие: обновление_позиции - {"client_id": 0, "position": {"x": 0, "y": 2290}, "inputs": {"left": true, "right": false, "up": false, "down": false}}
2025-09-29 16:25:09,031 - game_server - INFO - log_game_event:61 - Игровое событие: обновление_позиции - {"client_id": 0, "position": {"x": 0, "y": 2290}, "inputs": {"left": true, "right": false, "up": false, "down": false}}
2025-09-29 16:25:09,067 - game_server - INFO - log_game_event:61 - Игровое событие: обновление_позиции - {"client_id": 0, "position": {"x": 0, "y": 2290}, "inputs": {"left": true, "right": false, "up": false, "down": false}}
2025-09-29 16:25:09,104 - game_server - INFO - log_game_event:61 - Игровое событие: обновление_позиции - {"client_id": 0, "position": {"x": 0, "y": 2290}, "inputs": {"left": true, "right": false, "up": false, "down": false}}
2025-09-29 16:25:09,142 - game_server - INFO - log_game_event:61 - Игровое событие: обновление_позиции - {"client_id": 0, "position": {"x": 0, "y": 2290}, "inputs": {"left": true, "right": false, "up": false, "down": false}}
2025-09-29 16:25:09,167 - game_server - INFO - log_game_event:61 - Игровое событие: обновление_позиции - {"client_id": 0, "position": {"x": 0, "y": 2290}, "inputs": {"left": true, "right": false, "up": false, "down": false}}
2025-09-29 16:25:09,198 - game_server - INFO - log_game_event:61 - Игровое событие: обновление_позиции - {"client_id": 0, "position": {"x": 0, "y": 2290}, "inputs": {"left": true, "right": false, "up": false, "down": false}}
2025-09-29 16:25:09,234 - game_server - INFO - log_game_event:61 - Игровое событие: обновление_позиции - {"client_id": 0, "position": {"x": 0, "y": 2290}, "inputs": {"left": true, "right": false, "up": false, "down": false}}
2025-09-29 16:25:09,268 - game_server - INFO - log_game_event:61 - Игровое событие: обновление_позиции - {"client_id": 0, "position": {"x": 0, "y": 2290}, "inputs": {"left": true, "right": false, "up": false, "down": false}}
2025-09-29 16:25:09,306 - game_server - INFO - log_game_event:61 - Игровое событие: обновление_позиции - {"client_id": 0, "position": {"x": 0, "y": 2290}, "inputs": {"left": true, "right": false, "up": false, "down": false}}
2025-09-29 16:25:09,339 - game_server - INFO - log_game_event:61 - Игровое событие: обновление_позиции - {"client_id": 0, "position": {"x": 0, "y": 2290}, "inputs": {"left": true, "right": false, "up": false, "down": false}}
2025-09-29 16:25:09,373 - game_server - INFO - log_game_event:61 - Игровое событие: обновление_позиции - {"client_id": 0, "position": {"x": 0, "y": 2290}, "inputs": {"left": true, "right": false, "up": false, "down": false}}
2025-09-29 16:25:09,412 - game_server - INFO - log_game_event:61 - Игровое событие: обновление_позиции - {"client_id": 0, "position": {"x": 0, "y": 2290}, "inputs": {"left": true, "right": false, "up": false, "down": false}}
2025-09-29 16:25:09,450 - game_server - INFO - log_game_event:61 - Игровое событие: обновление_позиции - {"client_id": 0, "position": {"x": 0, "y": 2295}, "inputs": {"left": true, "right": false, "up": false, "down": true}}
2025-09-29 16:25:09,486 - game_server - INFO - log_game_event:61 - Игровое событие: обновление_позиции - {"client_id": 0, "position": {"x": 0, "y": 2300}, "inputs": {"left": true, "right": false, "up": false, "down": true}}
2025-09-29 16:25:09,523 - game_server - INFO - log_game_event:61 - Игровое событие: обновление_позиции - {"client_id": 0, "position": {"x": 0, "y": 2305}, "inputs": {"left": true, "right": false, "up": false, "down": true}}
2025-09-29 16:25:09,558 - game_server - INFO - log_game_event:61 - Игровое событие: обновление_позиции - {"client_id": 0, "position": {"x": 0, "y": 2310}, "inputs": {"left": true, "right": false, "up": false, "down": true}}
2025-09-29 16:25:09,596 - game_server - INFO - log_game_event:61 - Игровое событие: обновление_позиции - {"client_id": 0, "position": {"x": 5, "y": 2315}, "inputs": {"left": true, "right": true, "up": false, "down": true}}
2025-09-29 16:25:09,633 - game_server - INFO - log_game_event:61 - Игровое событие: обновление_позиции - {"client_id": 0, "position": {"x": 10, "y": 2320}, "inputs": {"left": true, "right": true, "up": false, "down": true}}
2025-09-29 16:25:09,668 - game_server - INFO - log_game_event:61 - Игровое событие: обновление_позиции - {"client_id": 0, "position": {"x": 15, "y": 2325}, "inputs": {"left": true, "right": true, "up": false, "down": true}}
2025-09-29 16:25:09,704 - game_server - INFO - log_game_event:61 - Игровое событие: обновление_позиции - {"client_id": 0, "position": {"x": 20, "y": 2330}, "inputs": {"left": true, "right": true, "up": false, "down": true}}
2025-09-29 16:25:09,739 - game_server - INFO - log_game_event:61 - Игровое событие: обновление_позиции - {"client_id": 0, "position": {"x": 25, "y": 2335}, "inputs": {"left": false, "right": true, "up": false, "down": true}}
2025-09-29 16:25:09,776 - game_server - INFO - log_game_event:61 - Игровое событие: обновление_позиции - {"client_id": 0, "position": {"x": 30, "y": 2340}, "inputs": {"left": false, "right": true, "up": false, "down": true}}
2025-09-29 16:25:09,810 - game_server - INFO - log_game_event:61 - Игровое событие: обновление_позиции - {"client_id": 0, "position": {"x": 35, "y": 2345}, "inputs": {"left": false, "right": true, "up": false, "down": true}}
2025-09-29 16:25:09,847 - game_server - INFO - log_game_event:61 - Игровое событие: обновление_позиции - {"client_id": 0, "position": {"x": 40, "y": 2350}, "inputs": {"left": false, "right": true, "up": false, "down": true}}
2025-09-29 16:25:09,882 - game_server - INFO - log_game_event:61 - Игровое событие: обновление_позиции - {"client_id": 0, "position": {"x": 45, "y": 2355}, "inputs": {"left": false, "right": true, "up": false, "down": true}}
2025-09-29 16:25:09,916 - game_server - INFO - log_game_event:61 - Игровое событие: обновление_позиции - {"client_id": 0, "position": {"x": 50, "y": 2360}, "inputs": {"left": false, "right": true, "up": false, "down": true}}
2025-09-29 16:25:09,952 - game_server - INFO - log_game_event:61 - Игровое событие: обновление_позиции - {"client_id": 0, "position": {"x": 55, "y": 2365}, "inputs": {"left": false, "right": true, "up": false, "down": true}}
2025-09-29 16:25:09,988 - game_server - INFO - log_game_event:61 - Игровое событие: обновление_позиции - {"client_id": 0, "position": {"x": 60, "y": 2370}, "inputs": {"left": false, "right": true, "up": false, "down": true}}
2025-09-29 16:25:10,023 - game_server - INFO - log_game_event:61 - Игровое событие: обновление_позиции - {"client_id": 0, "position": {"x": 65, "y": 2375}, "inputs": {"left": false, "right": true, "up": false, "down": true}}
2025-09-29 16:25:10,059 - game_server - INFO - log_game_event:61 - Игровое событие: обновление_позиции - {"client_id": 0, "position": {"x": 70, "y": 2380}, "inputs": {"left": false, "right": true, "up": false, "down": true}}
2025-09-29 16:25:10,096 - game_server - INFO - log_game_event:61 - Игровое событие: обновление_позиции - {"client_id": 0, "position": {"x": 75, "y": 2385}, "inputs": {"left": false, "right": true, "up": false, "down": true}}
2025-09-29 16:25:10,133 - game_server - INFO - log_game_event:61 - Игровое событие: обновление_позиции - {"client_id": 0, "position": {"x": 80, "y": 2390}, "inputs": {"left": false, "right": true, "up": false, "down": true}}
2025-09-29 16:25:10,168 - game_server - INFO - log_game_event:61 - Игровое событие: обновление_позиции - {"client_id": 0, "position": {"x": 85, "y": 2395}, "inputs": {"left": false, "right": true, "up": false, "down": true}}
2025-09-29 16:25:10,204 - game_server - INFO - log_game_event:61 - Игровое событие: обновление_позиции - {"client_id": 0, "position": {"x": 90, "y": 2400}, "inputs": {"left": false, "right": true, "up": false, "down": true}}
2025-09-29 16:25:10,239 - game_server - INFO - log_game_event:61 - Игровое событие: обновление_позиции - {"client_id": 0, "position": {"x": 95, "y": 2405}, "inputs": {"left": false, "right": true, "up": false, "down": true}}
2025-09-29 16:25:10,276 - game_server - INFO - log_game_event:61 - Игровое событие: обновление_позиции - {"client_id": 0, "position": {"x": 100, "y": 2410}, "inputs": {"left": false, "right": true, "up": false, "down": true}}
2025-09-29 16:25:10,313 - game_server - INFO - log_game_event:61 - Игровое событие: обновление_позиции - {"client_id": 0, "position": {"x": 105, "y": 2415}, "inputs": {"left": false, "right": true, "up": false, "down": true}}
2025-09-29 16:25:10,350 - game_server - INFO - log_game_event:61 - Игровое событие: обновление_позиции - {"client_id": 0, "position": {"x": 110, "y": 2420}, "inputs": {"left": false, "right": true, "up": false, "down": true}}
2025-09-29 16:25:10,386 - game_server - INFO - log_game_event:61 - Игровое событие: обновление_позиции - {"client_id": 0, "position": {"x": 115, "y": 2425}, "inputs": {"left": false, "right": true, "up": false, "down": true}}
2025-09-29 16:25:10,424 - game_server - INFO - log_game_event:61 - Игровое событие: обновление_позиции - {"client_id": 0, "position": {"x": 120, "y": 2430}, "inputs": {"left": false, "right": true, "up": false, "down": true}}
2025-09-29 16:25:10,461 - game_server - INFO - log_game_event:61 - Игровое событие: обновление_позиции - {"client_id": 0, "position": {"x": 125, "y": 2435}, "inputs": {"left": false, "right": true, "up": false, "down": true}}
2025-09-29 16:25:10,497 - game_server - INFO - log_game_event:61 - Игровое событие: обновление_позиции - {"client_id": 0, "position": {"x": 130, "y": 2440}, "inputs": {"left": false, "right": true, "up": false, "down": true}}
2025-09-29 16:25:10,531 - game_server - INFO - log_game_event:61 - Игровое событие: обновление_позиции - {"client_id": 0, "position": {"x": 135, "y": 2445}, "inputs": {"left": false, "right": true, "up": false, "down": true}}
2025-09-29 16:25:10,569 - game_server - INFO - log_game_event:61 - Игровое событие: обновление_позиции - {"client_id": 0, "position": {"x": 140, "y": 2450}, "inputs": {"left": false, "right": true, "up": false, "down": true}}
2025-09-29 16:25:10,606 - game_server - INFO - log_game_event:61 - Игровое событие: обновление_позиции - {"client_id": 0, "position": {"x": 145, "y": 2455}, "inputs": {"left": false, "right": true, "up": false, "down": true}}
2025-09-29 16:25:10,642 - game_server - INFO - log_game_event:61 - Игровое событие: обновление_позиции - {"client_id": 0, "position": {"x": 150, "y": 2460}, "inputs": {"left": false, "right": true, "up": false, "down": true}}
2025-09-29 16:25:10,679 - game_server - INFO - log_game_event:61 - Игровое событие: обновление_позиции - {"client_id": 0, "position": {"x": 155, "y": 2465}, "inputs": {"left": false, "right": true, "up": false, "down": true}}
2025-09-29 16:25:10,714 - game_server - INFO - log_game_event:61 - Игровое событие: обновление_позиции - {"client_id": 0, "position": {"x": 160, "y": 2470}, "inputs": {"left": false, "right": true, "up": false, "down": true}}
2025-09-29 16:25:10,751 - game_server - INFO - log_game_event:61 - Игровое событие: обновление_позиции - {"client_id": 0, "position": {"x": 165, "y": 2475}, "inputs": {"left": false, "right": true, "up": false, "down": true}}
2025-09-29 16:25:10,786 - game_server - INFO - log_game_event:61 - Игровое событие: обновление_позиции - {"client_id": 0, "position": {"x": 170, "y": 2480}, "inputs": {"left": false, "right": true, "up": false, "down": true}}
2025-09-29 16:25:10,824 - game_server - INFO - log_game_event:61 - Игровое событие: обновление_позиции - {"client_id": 0, "position": {"x": 175, "y": 2485}, "inputs": {"left": true, "right": true, "up": false, "down": true}}
2025-09-29 16:25:10,861 - game_server - INFO - log_game_event:61 - Игровое событие: обновление_позиции - {"client_id": 0, "position": {"x": 180, "y": 2490}, "inputs": {"left": true, "right": true, "up": false, "down": true}}
2025-09-29 16:25:10,896 - game_server - INFO - log_game_event:61 - Игровое событие: обновление_позиции - {"client_id": 0, "position": {"x": 185, "y": 2495}, "inputs": {"left": true, "right": true, "up": false, "down": true}}
2025-09-29 16:25:10,932 - game_server - INFO - log_game_event:61 - Игровое событие: обновление_позиции - {"client_id": 0, "position": {"x": 190, "y": 2500}, "inputs": {"left": true, "right": true, "up": false, "down": true}}
2025-09-29 16:25:10,968 - game_server - INFO - log_game_event:61 - Игровое событие: обновление_позиции - {"client_id": 0, "position": {"x": 195, "y": 2505}, "inputs": {"left": true, "right": true, "up": false, "down": true}}
2025-09-29 16:25:11,004 - game_server - INFO - log_game_event:61 - Игровое событие: обновление_позиции - {"client_id": 0, "position": {"x": 200, "y": 2510}, "inputs": {"left": true, "right": true, "up": false, "down": true}}
2025-09-29 16:25:11,041 - game_server - INFO - log_game_event:61 - Игровое событие: обновление_позиции - {"client_id": 0, "position": {"x": 205, "y": 2515}, "inputs": {"left": true, "right": true, "up": false, "down": true}}
2025-09-29 16:25:11,079 - game_server - INFO - log_game_event:61 - Игровое событие: обновление_позиции - {"client_id": 0, "position": {"x": 210, "y": 2520}, "inputs": {"left": true, "right": true, "up": false, "down": true}}
2025-09-29 16:25:11,113 - game_server - INFO - log_game_event:61 - Игровое событие: обновление_позиции - {"client_id": 0, "position": {"x": 215, "y": 2525}, "inputs": {"left": true, "right": true, "up": false, "down": true}}
2025-09-29 16:25:11,147 - game_server - INFO - log_game_event:61 - Игровое событие: обновление_позиции - {"client_id": 0, "position": {"x": 220, "y": 2530}, "inputs": {"left": true, "right": true, "up": false, "down": true}}
2025-09-29 16:25:11,186 - game_server - INFO - log_game_event:61 - Игровое событие: обновление_позиции - {"client_id": 0, "position": {"x": 225, "y": 2535}, "inputs": {"left": true, "right": true, "up": false, "down": true}}
2025-09-29 16:25:11,220 - game_server - INFO - log_game_event:61 - Игровое событие: обновление_позиции - {"client_id": 0, "position": {"x": 230, "y": 2540}, "inputs": {"left": true, "right": true, "up": false, "down": true}}
2025-09-29 16:25:11,253 - game_server - INFO - log_game_event:61 - Игровое событие: обновление_позиции - {"client_id": 0, "position": {"x": 235, "y": 2545}, "inputs": {"left": true, "right": true, "up": false, "down": true}}
2025-09-29 16:25:11,288 - game_server - INFO - log_game_event:61 - Игровое событие: обновление_позиции - {"client_id": 0, "position": {"x": 240, "y": 2550}, "inputs": {"left": true, "right": true, "up": false, "down": true}}
2025-09-29 16:25:11,324 - game_server - INFO - log_game_event:61 - Игровое событие: обновление_позиции - {"client_id": 0, "position": {"x": 245, "y": 2555}, "inputs": {"left": true, "right": true, "up": false, "down": true}}
2025-09-29 16:25:11,360 - game_server - INFO - log_game_event:61 - Игровое событие: обновление_позиции - {"client_id": 0, "position": {"x": 250, "y": 2560}, "inputs": {"left": true, "right": true, "up": false, "down": true}}
2025-09-29 16:25:11,397 - game_server - INFO - log_game_event:61 - Игровое событие: обновление_позиции - {"client_id": 0, "position": {"x": 255, "y": 2565}, "inputs": {"left": true, "right": true, "up": false, "down": true}}
2025-09-29 16:25:11,433 - game_server - INFO - log_game_event:61 - Игровое событие: обновление_позиции - {"client_id": 0, "position": {"x": 260, "y": 2570}, "inputs": {"left": true, "right": true, "up": false, "down": true}}
2025-09-29 16:25:11,469 - game_server - INFO - log_game_event:61 - Игровое событие: обновление_позиции - {"client_id": 0, "position": {"x": 265, "y": 2575}, "inputs": {"left": true, "right": true, "up": false, "down": true}}
2025-09-29 16:25:11,505 - game_server - INFO - log_game_event:61 - Игровое событие: обновление_позиции - {"client_id": 0, "position": {"x": 270, "y": 2580}, "inputs": {"left": true, "right": true, "up": false, "down": true}}
2025-09-29 16:25:11,542 - game_server - INFO - log_game_event:61 - Игровое событие: обновление_позиции - {"client_id": 0, "position": {"x": 275, "y": 2585}, "inputs": {"left": true, "right": true, "up": false, "down": true}}
2025-09-29 16:25:11,579 - game_server - INFO - log_game_event:61 - Игровое событие: обновление_позиции - {"client_id": 0, "position": {"x": 280, "y": 2590}, "inputs": {"left": true, "right": true, "up": false, "down": true}}
2025-09-29 16:25:11,618 - game_server - INFO - log_game_event:61 - Игровое событие: обновление_позиции - {"client_id": 0, "position": {"x": 285, "y": 2590}, "inputs": {"left": true, "right": true, "up": false, "down": false}}
2025-09-29 16:25:11,653 - game_server - INFO - log_game_event:61 - Игровое событие: обновление_позиции - {"client_id": 0, "position": {"x": 280, "y": 2590}, "inputs": {"left": true, "right": false, "up": false, "down": false}}
2025-09-29 16:25:11,687 - game_server - INFO - log_game_event:61 - Игровое событие: обновление_позиции - {"client_id": 0, "position": {"x": 275, "y": 2590}, "inputs": {"left": true, "right": false, "up": false, "down": false}}
2025-09-29 16:25:11,722 - game_server - INFO - log_game_event:61 - Игровое событие: обновление_позиции - {"client_id": 0, "position": {"x": 270, "y": 2590}, "inputs": {"left": true, "right": false, "up": false, "down": false}}
2025-09-29 16:25:11,756 - game_server - INFO - log_game_event:61 - Игровое событие: обновление_позиции - {"client_id": 0, "position": {"x": 265, "y": 2590}, "inputs": {"left": true, "right": false, "up": false, "down": false}}
2025-09-29 16:25:11,792 - game_server - INFO - log_game_event:61 - Игровое событие: обновление_позиции - {"client_id": 0, "position": {"x": 260, "y": 2590}, "inputs": {"left": true, "right": false, "up": false, "down": false}}
2025-09-29 16:25:11,829 - game_server - INFO - log_game_event:61 - Игровое событие: обновление_позиции - {"client_id": 0, "position": {"x": 255, "y": 2590}, "inputs": {"left": true, "right": false, "up": false, "down": false}}
2025-09-29 16:25:11,866 - game_server - INFO - log_game_event:61 - Игровое событие: обновление_позиции - {"client_id": 0, "position": {"x": 250, "y": 2590}, "inputs": {"left": true, "right": false, "up": false, "down": false}}
2025-09-29 16:25:11,900 - game_server - INFO - log_game_event:61 - Игровое событие: обновление_позиции - {"client_id": 0, "position": {"x": 245, "y": 2590}, "inputs": {"left": true, "right": false, "up": false, "down": false}}
2025-09-29 16:25:11,936 - game_server - INFO - log_game_event:61 - Игровое событие: обновление_позиции - {"client_id": 0, "position": {"x": 240, "y": 2595}, "inputs": {"left": true, "right": false, "up": false, "down": true}}
2025-09-29 16:25:11,972 - game_server - INFO - log_game_event:61 - Игровое событие: обновление_позиции - {"client_id": 0, "position": {"x": 235, "y": 2600}, "inputs": {"left": true, "right": false, "up": false, "down": true}}
2025-09-29 16:25:12,010 - game_server - INFO - log_game_event:61 - Игровое событие: обновление_позиции - {"client_id": 0, "position": {"x": 230, "y": 2605}, "inputs": {"left": true, "right": false, "up": false, "down": true}}
2025-09-29 16:25:12,044 - game_server - INFO - log_game_event:61 - Игровое событие: обновление_позиции - {"client_id": 0, "position": {"x": 225, "y": 2610}, "inputs": {"left": true, "right": false, "up": false, "down": true}}
2025-09-29 16:25:12,082 - game_server - INFO - log_game_event:61 - Игровое событие: обновление_позиции - {"client_id": 0, "position": {"x": 220, "y": 2615}, "inputs": {"left": true, "right": false, "up": false, "down": true}}
2025-09-29 16:25:12,117 - game_server - INFO - log_game_event:61 - Игровое событие: обновление_позиции - {"client_id": 0, "position": {"x": 215, "y": 2620}, "inputs": {"left": true, "right": false, "up": false, "down": true}}
2025-09-29 16:25:12,151 - game_server - INFO - log_game_event:61 - Игровое событие: обновление_позиции - {"client_id": 0, "position": {"x": 210, "y": 2625}, "inputs": {"left": true, "right": false, "up": false, "down": true}}
2025-09-29 16:25:12,184 - game_server - INFO - log_game_event:61 - Игровое событие: обновление_позиции - {"client_id": 0, "position": {"x": 205, "y": 2630}, "inputs": {"left": true, "right": false, "up": false, "down": true}}
2025-09-29 16:25:12,220 - game_server - INFO - log_game_event:61 - Игровое событие: обновление_позиции - {"client_id": 0, "position": {"x": 200, "y": 2635}, "inputs": {"left": true, "right": false, "up": false, "down": true}}
2025-09-29 16:25:12,253 - game_server - INFO - log_game_event:61 - Игровое событие: обновление_позиции - {"client_id": 0, "position": {"x": 195, "y": 2640}, "inputs": {"left": true, "right": false, "up": false, "down": true}}
2025-09-29 16:25:12,283 - game_server - INFO - log_game_event:61 - Игровое событие: обновление_позиции - {"client_id": 0, "position": {"x": 190, "y": 2645}, "inputs": {"left": true, "right": false, "up": false, "down": true}}
2025-09-29 16:25:12,319 - game_server - INFO - log_game_event:61 - Игровое событие: обновление_позиции - {"client_id": 0, "position": {"x": 185, "y": 2650}, "inputs": {"left": true, "right": false, "up": false, "down": true}}
2025-09-29 16:25:12,352 - game_server - INFO - log_game_event:61 - Игровое событие: обновление_позиции - {"client_id": 0, "position": {"x": 180, "y": 2655}, "inputs": {"left": true, "right": false, "up": false, "down": true}}
2025-09-29 16:25:12,386 - game_server - INFO - log_game_event:61 - Игровое событие: обновление_позиции - {"client_id": 0, "position": {"x": 175, "y": 2660}, "inputs": {"left": true, "right": false, "up": false, "down": true}}
2025-09-29 16:25:12,420 - game_server - INFO - log_game_event:61 - Игровое событие: обновление_позиции - {"client_id": 0, "position": {"x": 170, "y": 2665}, "inputs": {"left": true, "right": false, "up": false, "down": true}}
2025-09-29 16:25:12,460 - game_server - INFO - log_game_event:61 - Игровое событие: обновление_позиции - {"client_id": 0, "position": {"x": 165, "y": 2670}, "inputs": {"left": true, "right": false, "up": false, "down": true}}
2025-09-29 16:25:12,497 - game_server - INFO - log_game_event:61 - Игровое событие: обновление_позиции - {"client_id": 0, "position": {"x": 160, "y": 2675}, "inputs": {"left": true, "right": false, "up": false, "down": true}}
2025-09-29 16:25:12,533 - game_server - INFO - log_game_event:61 - Игровое событие: обновление_позиции - {"client_id": 0, "position": {"x": 155, "y": 2680}, "inputs": {"left": true, "right": false, "up": false, "down": true}}
2025-09-29 16:25:12,568 - game_server - INFO - log_game_event:61 - Игровое событие: обновление_позиции - {"client_id": 0, "position": {"x": 150, "y": 2685}, "inputs": {"left": true, "right": false, "up": false, "down": true}}
2025-09-29 16:25:12,604 - game_server - INFO - log_game_event:61 - Игровое событие: обновление_позиции - {"client_id": 0, "position": {"x": 145, "y": 2690}, "inputs": {"left": true, "right": false, "up": false, "down": true}}
2025-09-29 16:25:12,643 - game_server - INFO - log_game_event:61 - Игровое событие: обновление_позиции - {"client_id": 0, "position": {"x": 140, "y": 2695}, "inputs": {"left": true, "right": false, "up": false, "down": true}}
2025-09-29 16:25:12,679 - game_server - INFO - log_game_event:61 - Игровое событие: обновление_позиции - {"client_id": 0, "position": {"x": 135, "y": 2700}, "inputs": {"left": true, "right": false, "up": false, "down": true}}
2025-09-29 16:25:12,718 - game_server - INFO - log_game_event:61 - Игровое событие: обновление_позиции - {"client_id": 0, "position": {"x": 140, "y": 2705}, "inputs": {"left": true, "right": true, "up": false, "down": true}}
2025-09-29 16:25:12,754 - game_server - INFO - log_game_event:61 - Игровое событие: обновление_позиции - {"client_id": 0, "position": {"x": 145, "y": 2710}, "inputs": {"left": false, "right": true, "up": false, "down": true}}
2025-09-29 16:25:12,791 - game_server - INFO - log_game_event:61 - Игровое событие: обновление_позиции - {"client_id": 0, "position": {"x": 150, "y": 2715}, "inputs": {"left": false, "right": true, "up": false, "down": true}}
2025-09-29 16:25:12,827 - game_server - INFO - log_game_event:61 - Игровое событие: обновление_позиции - {"client_id": 0, "position": {"x": 155, "y": 2720}, "inputs": {"left": false, "right": true, "up": false, "down": true}}
2025-09-29 16:25:12,864 - game_server - INFO - log_game_event:61 - Игровое событие: обновление_позиции - {"client_id": 0, "position": {"x": 160, "y": 2725}, "inputs": {"left": false, "right": true, "up": false, "down": true}}
2025-09-29 16:25:12,902 - game_server - INFO - log_game_event:61 - Игровое событие: обновление_позиции - {"client_id": 0, "position": {"x": 165, "y": 2730}, "inputs": {"left": false, "right": true, "up": false, "down": true}}
2025-09-29 16:25:12,938 - game_server - INFO - log_game_event:61 - Игровое событие: обновление_позиции - {"client_id": 0, "position": {"x": 170, "y": 2735}, "inputs": {"left": false, "right": true, "up": false, "down": true}}
2025-09-29 16:25:12,975 - game_server - INFO - log_game_event:61 - Игровое событие: обновление_позиции - {"client_id": 0, "position": {"x": 175, "y": 2740}, "inputs": {"left": false, "right": true, "up": false, "down": true}}
2025-09-29 16:25:13,009 - game_server - INFO - log_game_event:61 - Игровое событие: обновление_позиции - {"client_id": 0, "position": {"x": 180, "y": 2745}, "inputs": {"left": false, "right": true, "up": false, "down": true}}
2025-09-29 16:25:13,046 - game_server - INFO - log_game_event:61 - Игровое событие: обновление_позиции - {"client_id": 0, "position": {"x": 185, "y": 2750}, "inputs": {"left": false, "right": true, "up": false, "down": true}}
2025-09-29 16:25:13,082 - game_server - INFO - log_game_event:61 - Игровое событие: обновление_позиции - {"client_id": 0, "position": {"x": 190, "y": 2755}, "inputs": {"left": false, "right": true, "up": false, "down": true}}
2025-09-29 16:25:13,118 - game_server - INFO - log_game_event:61 - Игровое событие: обновление_позиции - {"client_id": 0, "position": {"x": 195, "y": 2760}, "inputs": {"left": false, "right": true, "up": false, "down": true}}
2025-09-29 16:25:13,154 - game_server - INFO - log_game_event:61 - Игровое событие: обновление_позиции - {"client_id": 0, "position": {"x": 200, "y": 2765}, "inputs": {"left": false, "right": true, "up": false, "down": true}}
2025-09-29 16:25:13,188 - game_server - INFO - log_game_event:61 - Игровое событие: обновление_позиции - {"client_id": 0, "position": {"x": 205, "y": 2770}, "inputs": {"left": false, "right": true, "up": false, "down": true}}
2025-09-29 16:25:13,224 - game_server - INFO - log_game_event:61 - Игровое событие: обновление_позиции - {"client_id": 0, "position": {"x": 210, "y": 2775}, "inputs": {"left": false, "right": true, "up": false, "down": true}}
2025-09-29 16:25:13,261 - game_server - INFO - log_game_event:61 - Игровое событие: обновление_позиции - {"client_id": 0, "position": {"x": 215, "y": 2780}, "inputs": {"left": false, "right": true, "up": false, "down": true}}
2025-09-29 16:25:13,298 - game_server - INFO - log_game_event:61 - Игровое событие: обновление_позиции - {"client_id": 0, "position": {"x": 220, "y": 2785}, "inputs": {"left": false, "right": true, "up": false, "down": true}}
2025-09-29 16:25:13,336 - game_server - INFO - log_game_event:61 - Игровое событие: обновление_позиции - {"client_id": 0, "position": {"x": 225, "y": 2790}, "inputs": {"left": false, "right": true, "up": false, "down": true}}
2025-09-29 16:25:13,373 - game_server - INFO - log_game_event:61 - Игровое событие: обновление_позиции - {"client_id": 0, "position": {"x": 230, "y": 2795}, "inputs": {"left": false, "right": true, "up": false, "down": true}}
2025-09-29 16:25:13,410 - game_server - INFO - log_game_event:61 - Игровое событие: обновление_позиции - {"client_id": 0, "position": {"x": 235, "y": 2800}, "inputs": {"left": false, "right": true, "up": false, "down": true}}
2025-09-29 16:25:13,447 - game_server - INFO - log_game_event:61 - Игровое событие: обновление_позиции - {"client_id": 0, "position": {"x": 240, "y": 2805}, "inputs": {"left": false, "right": true, "up": false, "down": true}}
2025-09-29 16:25:13,483 - game_server - INFO - log_game_event:61 - Игровое событие: обновление_позиции - {"client_id": 0, "position": {"x": 240, "y": 2810}, "inputs": {"left": false, "right": false, "up": false, "down": true}}
2025-09-29 16:25:13,519 - game_server - INFO - log_game_event:61 - Игровое событие: обновление_позиции - {"client_id": 0, "position": {"x": 240, "y": 2815}, "inputs": {"left": false, "right": false, "up": false, "down": true}}
2025-09-29 16:25:13,556 - game_server - INFO - log_game_event:61 - Игровое событие: обновление_позиции - {"client_id": 0, "position": {"x": 240, "y": 2820}, "inputs": {"left": false, "right": false, "up": false, "down": true}}
2025-09-29 16:25:13,592 - game_server - INFO - log_game_event:61 - Игровое событие: обновление_позиции - {"client_id": 0, "position": {"x": 240, "y": 2825}, "inputs": {"left": false, "right": false, "up": false, "down": true}}
2025-09-29 16:25:13,627 - game_server - INFO - log_game_event:61 - Игровое событие: обновление_позиции - {"client_id": 0, "position": {"x": 240, "y": 2830}, "inputs": {"left": false, "right": false, "up": false, "down": true}}
2025-09-29 16:25:13,665 - game_server - INFO - log_game_event:61 - Игровое событие: обновление_позиции - {"client_id": 0, "position": {"x": 240, "y": 2835}, "inputs": {"left": false, "right": false, "up": false, "down": true}}
2025-09-29 16:25:13,700 - game_server - INFO - log_game_event:61 - Игровое событие: обновление_позиции - {"client_id": 0, "position": {"x": 240, "y": 2840}, "inputs": {"left": false, "right": false, "up": false, "down": true}}
2025-09-29 16:25:13,734 - game_server - INFO - log_game_event:61 - Игровое событие: обновление_позиции - {"client_id": 0, "position": {"x": 240, "y": 2845}, "inputs": {"left": false, "right": false, "up": false, "down": true}}
2025-09-29 16:25:13,769 - game_server - INFO - log_game_event:61 - Игровое событие: обновление_позиции - {"client_id": 0, "position": {"x": 240, "y": 2850}, "inputs": {"left": false, "right": false, "up": false, "down": true}}
2025-09-29 16:25:13,806 - game_server - INFO - log_game_event:61 - Игровое событие: обновление_позиции - {"client_id": 0, "position": {"x": 240, "y": 2855}, "inputs": {"left": false, "right": false, "up": false, "down": true}}
2025-09-29 16:25:13,843 - game_server - INFO - log_game_event:61 - Игровое событие: обновление_позиции - {"client_id": 0, "position": {"x": 240, "y": 2860}, "inputs": {"left": false, "right": false, "up": false, "down": true}}
2025-09-29 16:25:13,880 - game_server - INFO - log_game_event:61 - Игровое событие: обновление_позиции - {"client_id": 0, "position": {"x": 240, "y": 2865}, "inputs": {"left": false, "right": false, "up": false, "down": true}}
2025-09-29 16:25:13,916 - game_server - INFO - log_game_event:61 - Игровое событие: обновление_позиции - {"client_id": 0, "position": {"x": 240, "y": 2870}, "inputs": {"left": false, "right": false, "up": false, "down": true}}
2025-09-29 16:25:13,951 - game_server - INFO - log_game_event:61 - Игровое событие: обновление_позиции - {"client_id": 0, "position": {"x": 240, "y": 2875}, "inputs": {"left": false, "right": false, "up": false, "down": true}}
2025-09-29 16:25:13,985 - game_server - INFO - log_game_event:61 - Игровое событие: обновление_позиции - {"client_id": 0, "position": {"x": 240, "y": 2880}, "inputs": {"left": false, "right": false, "up": false, "down": true}}
2025-09-29 16:25:14,021 - game_server - INFO - log_game_event:61 - Игровое событие: обновление_позиции - {"client_id": 0, "position": {"x": 240, "y": 2885}, "inputs": {"left": false, "right": false, "up": false, "down": true}}
2025-09-29 16:25:14,059 - game_server - INFO - log_game_event:61 - Игровое событие: обновление_позиции - {"client_id": 0, "position": {"x": 240, "y": 2890}, "inputs": {"left": false, "right": false, "up": false, "down": true}}
2025-09-29 16:25:14,091 - game_server - INFO - log_game_event:61 - Игровое событие: обновление_позиции - {"client_id": 0, "position": {"x": 240, "y": 2895}, "inputs": {"left": false, "right": false, "up": false, "down": true}}
2025-09-29 16:25:14,129 - game_server - INFO - log_game_event:61 - Игровое событие: обновление_позиции - {"client_id": 0, "position": {"x": 240, "y": 2900}, "inputs": {"left": false, "right": false, "up": false, "down": true}}
2025-09-29 16:25:14,166 - game_server - INFO - log_game_event:61 - Игровое событие: обновление_позиции - {"client_id": 0, "position": {"x": 240, "y": 2905}, "inputs": {"left": false, "right": false, "up": false, "down": true}}
2025-09-29 16:25:14,200 - game_server - INFO - log_game_event:61 - Игровое событие: обновление_позиции - {"client_id": 0, "position": {"x": 240, "y": 2910}, "inputs": {"left": false, "right": false, "up": false, "down": true}}
2025-09-29 16:25:14,234 - game_server - INFO - log_game_event:61 - Игровое событие: обновление_позиции - {"client_id": 0, "position": {"x": 240, "y": 2915}, "inputs": {"left": false, "right": false, "up": false, "down": true}}
2025-09-29 16:25:14,272 - game_server - INFO - log_game_event:61 - Игровое событие: обновление_позиции - {"client_id": 0, "position": {"x": 240, "y": 2920}, "inputs": {"left": false, "right": false, "up": false, "down": true}}
2025-09-29 16:25:14,308 - game_server - INFO - log_game_event:61 - Игровое событие: обновление_позиции - {"client_id": 0, "position": {"x": 240, "y": 2925}, "inputs": {"left": false, "right": false, "up": false, "down": true}}
2025-09-29 16:25:14,345 - game_server - INFO - log_game_event:61 - Игровое событие: обновление_позиции - {"client_id": 0, "position": {"x": 240, "y": 2930}, "inputs": {"left": false, "right": false, "up": false, "down": true}}
2025-09-29 16:25:14,382 - game_server - INFO - log_game_event:61 - Игровое событие: обновление_позиции - {"client_id": 0, "position": {"x": 240, "y": 2935}, "inputs": {"left": false, "right": false, "up": false, "down": true}}
2025-09-29 16:25:14,417 - game_server - INFO - log_game_event:61 - Игровое событие: обновление_позиции - {"client_id": 0, "position": {"x": 240, "y": 2940}, "inputs": {"left": false, "right": false, "up": false, "down": true}}
2025-09-29 16:25:14,454 - game_server - INFO - log_game_event:61 - Игровое событие: обновление_позиции - {"client_id": 0, "position": {"x": 240, "y": 2945}, "inputs": {"left": false, "right": false, "up": false, "down": true}}
2025-09-29 16:25:14,491 - game_server - INFO - log_game_event:61 - Игровое событие: обновление_позиции - {"client_id": 0, "position": {"x": 240, "y": 2950}, "inputs": {"left": false, "right": false, "up": false, "down": true}}
2025-09-29 16:25:14,527 - game_server - INFO - log_game_event:61 - Игровое событие: обновление_позиции - {"client_id": 0, "position": {"x": 240, "y": 2955}, "inputs": {"left": false, "right": false, "up": false, "down": true}}
2025-09-29 16:25:14,563 - game_server - INFO - log_game_event:61 - Игровое событие: обновление_позиции - {"client_id": 0, "position": {"x": 240, "y": 2960}, "inputs": {"left": false, "right": false, "up": false, "down": true}}
2025-09-29 16:25:14,600 - game_server - INFO - log_game_event:61 - Игровое событие: обновление_позиции - {"client_id": 0, "position": {"x": 240, "y": 2965}, "inputs": {"left": false, "right": false, "up": false, "down": true}}
2025-09-29 16:25:14,634 - game_server - INFO - log_game_event:61 - Игровое событие: обновление_позиции - {"client_id": 0, "position": {"x": 240, "y": 2970}, "inputs": {"left": false, "right": false, "up": false, "down": true}}
2025-09-29 16:25:14,673 - game_server - INFO - log_game_event:61 - Игровое событие: обновление_позиции - {"client_id": 0, "position": {"x": 245, "y": 2975}, "inputs": {"left": false, "right": true, "up": false, "down": true}}
2025-09-29 16:25:14,709 - game_server - INFO - log_game_event:61 - Игровое событие: обновление_позиции - {"client_id": 0, "position": {"x": 250, "y": 2980}, "inputs": {"left": false, "right": true, "up": false, "down": true}}
2025-09-29 16:25:14,746 - game_server - INFO - log_game_event:61 - Игровое событие: обновление_позиции - {"client_id": 0, "position": {"x": 255, "y": 2985}, "inputs": {"left": false, "right": true, "up": false, "down": true}}
2025-09-29 16:25:14,783 - game_server - INFO - log_game_event:61 - Игровое событие: обновление_позиции - {"client_id": 0, "position": {"x": 260, "y": 2990}, "inputs": {"left": false, "right": true, "up": false, "down": true}}
2025-09-29 16:25:14,818 - game_server - INFO - log_game_event:61 - Игровое событие: обновление_позиции - {"client_id": 0, "position": {"x": 265, "y": 2995}, "inputs": {"left": false, "right": true, "up": false, "down": true}}
2025-09-29 16:25:14,854 - game_server - INFO - log_game_event:61 - Игровое событие: обновление_позиции - {"client_id": 0, "position": {"x": 270, "y": 3000}, "inputs": {"left": false, "right": true, "up": false, "down": true}}
2025-09-29 16:25:14,891 - game_server - INFO - log_game_event:61 - Игровое событие: обновление_позиции - {"client_id": 0, "position": {"x": 275, "y": 3005}, "inputs": {"left": false, "right": true, "up": false, "down": true}}
2025-09-29 16:25:14,929 - game_server - INFO - log_game_event:61 - Игровое событие: обновление_позиции - {"client_id": 0, "position": {"x": 280, "y": 3010}, "inputs": {"left": false, "right": true, "up": false, "down": true}}
2025-09-29 16:25:14,967 - game_server - INFO - log_game_event:61 - Игровое событие: обновление_позиции - {"client_id": 0, "position": {"x": 280, "y": 3015}, "inputs": {"left": false, "right": false, "up": false, "down": true}}
2025-09-29 16:25:15,004 - game_server - INFO - log_game_event:61 - Игровое событие: обновление_позиции - {"client_id": 0, "position": {"x": 280, "y": 3020}, "inputs": {"left": false, "right": false, "up": false, "down": true}}
2025-09-29 16:25:15,041 - game_server - INFO - log_game_event:61 - Игровое событие: обновление_позиции - {"client_id": 0, "position": {"x": 280, "y": 3025}, "inputs": {"left": false, "right": false, "up": false, "down": true}}
2025-09-29 16:25:15,077 - game_server - INFO - log_game_event:61 - Игровое событие: обновление_позиции - {"client_id": 0, "position": {"x": 280, "y": 3030}, "inputs": {"left": false, "right": false, "up": false, "down": true}}
2025-09-29 16:25:15,114 - game_server - INFO - log_game_event:61 - Игровое событие: обновление_позиции - {"client_id": 0, "position": {"x": 280, "y": 3035}, "inputs": {"left": false, "right": false, "up": false, "down": true}}
2025-09-29 16:25:15,150 - game_server - INFO - log_game_event:61 - Игровое событие: обновление_позиции - {"client_id": 0, "position": {"x": 280, "y": 3040}, "inputs": {"left": false, "right": false, "up": false, "down": true}}
2025-09-29 16:25:15,184 - game_server - INFO - log_game_event:61 - Игровое событие: обновление_позиции - {"client_id": 0, "position": {"x": 280, "y": 3045}, "inputs": {"left": false, "right": false, "up": false, "down": true}}
2025-09-29 16:25:15,219 - game_server - INFO - log_game_event:61 - Игровое событие: обновление_позиции - {"client_id": 0, "position": {"x": 280, "y": 3050}, "inputs": {"left": false, "right": false, "up": false, "down": true}}
2025-09-29 16:25:15,257 - game_server - INFO - log_game_event:61 - Игровое событие: обновление_позиции - {"client_id": 0, "position": {"x": 280, "y": 3055}, "inputs": {"left": false, "right": false, "up": false, "down": true}}
2025-09-29 16:25:15,295 - game_server - INFO - log_game_event:61 - Игровое событие: обновление_позиции - {"client_id": 0, "position": {"x": 285, "y": 3060}, "inputs": {"left": true, "right": true, "up": false, "down": true}}
2025-09-29 16:25:15,330 - game_server - INFO - log_game_event:61 - Игровое событие: обновление_позиции - {"client_id": 0, "position": {"x": 290, "y": 3065}, "inputs": {"left": true, "right": true, "up": false, "down": true}}
2025-09-29 16:25:15,363 - game_server - INFO - log_game_event:61 - Игровое событие: обновление_позиции - {"client_id": 0, "position": {"x": 295, "y": 3070}, "inputs": {"left": true, "right": true, "up": false, "down": true}}
2025-09-29 16:25:15,400 - game_server - INFO - log_game_event:61 - Игровое событие: обновление_позиции - {"client_id": 0, "position": {"x": 300, "y": 3075}, "inputs": {"left": true, "right": true, "up": false, "down": true}}
2025-09-29 16:25:15,436 - game_server - INFO - log_game_event:61 - Игровое событие: обновление_позиции - {"client_id": 0, "position": {"x": 305, "y": 3080}, "inputs": {"left": true, "right": true, "up": false, "down": true}}
2025-09-29 16:25:15,464 - game_server - INFO - log_game_event:61 - Игровое событие: обновление_позиции - {"client_id": 0, "position": {"x": 310, "y": 3085}, "inputs": {"left": true, "right": true, "up": false, "down": true}}
2025-09-29 16:25:15,499 - game_server - INFO - log_game_event:61 - Игровое событие: обновление_позиции - {"client_id": 0, "position": {"x": 305, "y": 3090}, "inputs": {"left": true, "right": false, "up": false, "down": true}}
2025-09-29 16:25:15,535 - game_server - INFO - log_game_event:61 - Игровое событие: обновление_позиции - {"client_id": 0, "position": {"x": 300, "y": 3095}, "inputs": {"left": true, "right": false, "up": false, "down": true}}
2025-09-29 16:25:15,564 - game_server - INFO - log_game_event:61 - Игровое событие: обновление_позиции - {"client_id": 0, "position": {"x": 300, "y": 3100}, "inputs": {"left": false, "right": false, "up": false, "down": true}}
2025-09-29 16:25:15,598 - game_server - INFO - log_game_event:61 - Игровое событие: обновление_позиции - {"client_id": 0, "position": {"x": 300, "y": 3105}, "inputs": {"left": false, "right": false, "up": false, "down": true}}
2025-09-29 16:25:15,632 - game_server - INFO - log_game_event:61 - Игровое событие: обновление_позиции - {"client_id": 0, "position": {"x": 300, "y": 3110}, "inputs": {"left": false, "right": false, "up": false, "down": true}}
2025-09-29 16:25:15,669 - game_server - INFO - log_game_event:61 - Игровое событие: обновление_позиции - {"client_id": 0, "position": {"x": 300, "y": 3115}, "inputs": {"left": false, "right": false, "up": false, "down": true}}
2025-09-29 16:25:15,704 - game_server - INFO - log_game_event:61 - Игровое событие: обновление_позиции - {"client_id": 0, "position": {"x": 300, "y": 3120}, "inputs": {"left": false, "right": false, "up": false, "down": true}}
2025-09-29 16:25:15,737 - game_server - INFO - log_game_event:61 - Игровое событие: обновление_позиции - {"client_id": 0, "position": {"x": 300, "y": 3125}, "inputs": {"left": false, "right": false, "up": false, "down": true}}
2025-09-29 16:25:15,770 - game_server - INFO - log_game_event:61 - Игровое событие: обновление_позиции - {"client_id": 0, "position": {"x": 300, "y": 3130}, "inputs": {"left": false, "right": false, "up": false, "down": true}}
2025-09-29 16:25:15,803 - game_server - INFO - log_game_event:61 - Игровое событие: обновление_позиции - {"client_id": 0, "position": {"x": 300, "y": 3135}, "inputs": {"left": false, "right": false, "up": false, "down": true}}
2025-09-29 16:25:15,838 - game_server - INFO - log_game_event:61 - Игровое событие: обновление_позиции - {"client_id": 0, "position": {"x": 300, "y": 3140}, "inputs": {"left": false, "right": false, "up": false, "down": true}}
2025-09-29 16:25:15,870 - game_server - INFO - log_game_event:61 - Игровое событие: обновление_позиции - {"client_id": 0, "position": {"x": 300, "y": 3145}, "inputs": {"left": false, "right": false, "up": false, "down": true}}
2025-09-29 16:25:15,905 - game_server - INFO - log_game_event:61 - Игровое событие: обновление_позиции - {"client_id": 0, "position": {"x": 300, "y": 3150}, "inputs": {"left": false, "right": false, "up": false, "down": true}}
2025-09-29 16:25:15,940 - game_server - INFO - log_game_event:61 - Игровое событие: обновление_позиции - {"client_id": 0, "position": {"x": 300, "y": 3155}, "inputs": {"left": false, "right": false, "up": false, "down": true}}
2025-09-29 16:25:15,973 - game_server - INFO - log_game_event:61 - Игровое событие: обновление_позиции - {"client_id": 0, "position": {"x": 300, "y": 3160}, "inputs": {"left": false, "right": false, "up": false, "down": true}}
2025-09-29 16:25:16,011 - game_server - INFO - log_game_event:61 - Игровое событие: обновление_позиции - {"client_id": 0, "position": {"x": 300, "y": 3165}, "inputs": {"left": false, "right": false, "up": false, "down": true}}
2025-09-29 16:25:16,048 - game_server - INFO - log_game_event:61 - Игровое событие: обновление_позиции - {"client_id": 0, "position": {"x": 300, "y": 3170}, "inputs": {"left": false, "right": false, "up": false, "down": true}}
2025-09-29 16:25:16,084 - game_server - INFO - log_game_event:61 - Игровое событие: обновление_позиции - {"client_id": 0, "position": {"x": 300, "y": 3175}, "inputs": {"left": false, "right": false, "up": false, "down": true}}
2025-09-29 16:25:16,120 - game_server - INFO - log_game_event:61 - Игровое событие: обновление_позиции - {"client_id": 0, "position": {"x": 300, "y": 3180}, "inputs": {"left": false, "right": false, "up": false, "down": true}}
2025-09-29 16:25:16,156 - game_server - INFO - log_game_event:61 - Игровое событие: обновление_позиции - {"client_id": 0, "position": {"x": 300, "y": 3185}, "inputs": {"left": false, "right": false, "up": false, "down": true}}
2025-09-29 16:25:16,193 - game_server - INFO - log_game_event:61 - Игровое событие: обновление_позиции - {"client_id": 0, "position": {"x": 300, "y": 3190}, "inputs": {"left": false, "right": false, "up": false, "down": true}}
2025-09-29 16:25:16,229 - game_server - INFO - log_game_event:61 - Игровое событие: обновление_позиции - {"client_id": 0, "position": {"x": 300, "y": 3195}, "inputs": {"left": false, "right": false, "up": false, "down": true}}
2025-09-29 16:25:16,263 - game_server - INFO - log_game_event:61 - Игровое событие: обновление_позиции - {"client_id": 0, "position": {"x": 300, "y": 3200}, "inputs": {"left": false, "right": false, "up": false, "down": true}}
2025-09-29 16:25:16,300 - game_server - INFO - log_game_event:61 - Игровое событие: обновление_позиции - {"client_id": 0, "position": {"x": 300, "y": 3205}, "inputs": {"left": false, "right": false, "up": false, "down": true}}
2025-09-29 16:25:16,336 - game_server - INFO - log_game_event:61 - Игровое событие: обновление_позиции - {"client_id": 0, "position": {"x": 300, "y": 3210}, "inputs": {"left": false, "right": false, "up": false, "down": true}}
2025-09-29 16:25:16,374 - game_server - INFO - log_game_event:61 - Игровое событие: обновление_позиции - {"client_id": 0, "position": {"x": 300, "y": 3215}, "inputs": {"left": false, "right": false, "up": false, "down": true}}
2025-09-29 16:25:16,411 - game_server - INFO - log_game_event:61 - Игровое событие: обновление_позиции - {"client_id": 0, "position": {"x": 300, "y": 3220}, "inputs": {"left": false, "right": false, "up": false, "down": true}}
2025-09-29 16:25:16,448 - game_server - INFO - log_game_event:61 - Игровое событие: обновление_позиции - {"client_id": 0, "position": {"x": 300, "y": 3225}, "inputs": {"left": false, "right": false, "up": false, "down": true}}
2025-09-29 16:25:16,485 - game_server - INFO - log_game_event:61 - Игровое событие: обновление_позиции - {"client_id": 0, "position": {"x": 300, "y": 3230}, "inputs": {"left": false, "right": false, "up": false, "down": true}}
2025-09-29 16:25:16,520 - game_server - INFO - log_game_event:61 - Игровое событие: обновление_позиции - {"client_id": 0, "position": {"x": 300, "y": 3235}, "inputs": {"left": false, "right": false, "up": false, "down": true}}
2025-09-29 16:25:16,557 - game_server - INFO - log_game_event:61 - Игровое событие: обновление_позиции - {"client_id": 0, "position": {"x": 300, "y": 3240}, "inputs": {"left": false, "right": false, "up": false, "down": true}}
2025-09-29 16:25:16,593 - game_server - INFO - log_game_event:61 - Игровое событие: обновление_позиции - {"client_id": 0, "position": {"x": 300, "y": 3245}, "inputs": {"left": false, "right": false, "up": false, "down": true}}
2025-09-29 16:25:16,630 - game_server - INFO - log_game_event:61 - Игровое событие: обновление_позиции - {"client_id": 0, "position": {"x": 300, "y": 3250}, "inputs": {"left": false, "right": false, "up": false, "down": true}}
2025-09-29 16:25:16,667 - game_server - INFO - log_game_event:61 - Игровое событие: обновление_позиции - {"client_id": 0, "position": {"x": 300, "y": 3255}, "inputs": {"left": false, "right": false, "up": false, "down": true}}
2025-09-29 16:25:16,703 - game_server - INFO - log_game_event:61 - Игровое событие: обновление_позиции - {"client_id": 0, "position": {"x": 300, "y": 3260}, "inputs": {"left": false, "right": false, "up": false, "down": true}}
2025-09-29 16:25:16,741 - game_server - INFO - log_game_event:61 - Игровое событие: обновление_позиции - {"client_id": 0, "position": {"x": 300, "y": 3265}, "inputs": {"left": false, "right": false, "up": false, "down": true}}
2025-09-29 16:25:16,779 - game_server - INFO - log_game_event:61 - Игровое событие: обновление_позиции - {"client_id": 0, "position": {"x": 300, "y": 3270}, "inputs": {"left": false, "right": false, "up": false, "down": true}}
2025-09-29 16:25:16,814 - game_server - INFO - log_game_event:61 - Игровое событие: обновление_позиции - {"client_id": 0, "position": {"x": 300, "y": 3275}, "inputs": {"left": false, "right": false, "up": false, "down": true}}
2025-09-29 16:25:16,850 - game_server - INFO - log_game_event:61 - Игровое событие: обновление_позиции - {"client_id": 0, "position": {"x": 300, "y": 3280}, "inputs": {"left": false, "right": false, "up": false, "down": true}}
2025-09-29 16:25:16,887 - game_server - INFO - log_game_event:61 - Игровое событие: обновление_позиции - {"client_id": 0, "position": {"x": 300, "y": 3280}, "inputs": {"left": false, "right": false, "up": false, "down": false}}
2025-09-29 16:25:16,925 - game_server - INFO - log_game_event:61 - Игровое событие: обновление_позиции - {"client_id": 0, "position": {"x": 300, "y": 3280}, "inputs": {"left": false, "right": false, "up": false, "down": false}}
2025-09-29 16:25:16,962 - game_server - INFO - log_game_event:61 - Игровое событие: обновление_позиции - {"client_id": 0, "position": {"x": 300, "y": 3280}, "inputs": {"left": false, "right": false, "up": false, "down": false}}
2025-09-29 16:25:16,998 - game_server - INFO - log_game_event:61 - Игровое событие: обновление_позиции - {"client_id": 0, "position": {"x": 300, "y": 3280}, "inputs": {"left": false, "right": false, "up": false, "down": false}}
2025-09-29 16:25:17,035 - game_server - INFO - log_game_event:61 - Игровое событие: обновление_позиции - {"client_id": 0, "position": {"x": 300, "y": 3280}, "inputs": {"left": false, "right": false, "up": false, "down": false}}
2025-09-29 16:25:17,070 - game_server - INFO - log_game_event:61 - Игровое событие: обновление_позиции - {"client_id": 0, "position": {"x": 300, "y": 3280}, "inputs": {"left": false, "right": false, "up": false, "down": false}}
2025-09-29 16:25:17,105 - game_server - INFO - log_game_event:61 - Игровое событие: обновление_позиции - {"client_id": 0, "position": {"x": 300, "y": 3285}, "inputs": {"left": false, "right": false, "up": false, "down": true}}
2025-09-29 16:25:17,142 - game_server - INFO - log_game_event:61 - Игровое событие: обновление_позиции - {"client_id": 0, "position": {"x": 300, "y": 3290}, "inputs": {"left": false, "right": false, "up": false, "down": true}}
2025-09-29 16:25:17,178 - game_server - INFO - log_game_event:61 - Игровое событие: обновление_позиции - {"client_id": 0, "position": {"x": 300, "y": 3295}, "inputs": {"left": false, "right": false, "up": false, "down": true}}
2025-09-29 16:25:17,215 - game_server - INFO - log_game_event:61 - Игровое событие: обновление_позиции - {"client_id": 0, "position": {"x": 300, "y": 3300}, "inputs": {"left": false, "right": false, "up": false, "down": true}}
2025-09-29 16:25:17,251 - game_server - INFO - log_game_event:61 - Игровое событие: обновление_позиции - {"client_id": 0, "position": {"x": 300, "y": 3305}, "inputs": {"left": false, "right": false, "up": false, "down": true}}
2025-09-29 16:25:17,285 - game_server - INFO - log_game_event:61 - Игровое событие: обновление_позиции - {"client_id": 0, "position": {"x": 300, "y": 3310}, "inputs": {"left": false, "right": false, "up": false, "down": true}}
2025-09-29 16:25:17,321 - game_server - INFO - log_game_event:61 - Игровое событие: обновление_позиции - {"client_id": 0, "position": {"x": 300, "y": 3315}, "inputs": {"left": false, "right": false, "up": false, "down": true}}
2025-09-29 16:25:17,356 - game_server - INFO - log_game_event:61 - Игровое событие: обновление_позиции - {"client_id": 0, "position": {"x": 300, "y": 3320}, "inputs": {"left": false, "right": false, "up": false, "down": true}}
2025-09-29 16:25:17,394 - game_server - INFO - log_game_event:61 - Игровое событие: обновление_позиции - {"client_id": 0, "position": {"x": 300, "y": 3325}, "inputs": {"left": false, "right": false, "up": false, "down": true}}
2025-09-29 16:25:17,428 - game_server - INFO - log_game_event:61 - Игровое событие: обновление_позиции - {"client_id": 0, "position": {"x": 300, "y": 3330}, "inputs": {"left": false, "right": false, "up": false, "down": true}}
2025-09-29 16:25:17,464 - game_server - INFO - log_game_event:61 - Игровое событие: обновление_позиции - {"client_id": 0, "position": {"x": 300, "y": 3335}, "inputs": {"left": false, "right": false, "up": false, "down": true}}
2025-09-29 16:25:17,499 - game_server - INFO - log_game_event:61 - Игровое событие: обновление_позиции - {"client_id": 0, "position": {"x": 300, "y": 3340}, "inputs": {"left": false, "right": false, "up": false, "down": true}}
2025-09-29 16:25:17,533 - game_server - INFO - log_game_event:61 - Игровое событие: обновление_позиции - {"client_id": 0, "position": {"x": 300, "y": 3345}, "inputs": {"left": false, "right": false, "up": false, "down": true}}
2025-09-29 16:25:17,567 - game_server - INFO - log_game_event:61 - Игровое событие: обновление_позиции - {"client_id": 0, "position": {"x": 300, "y": 3350}, "inputs": {"left": false, "right": false, "up": false, "down": true}}
2025-09-29 16:25:17,599 - game_server - INFO - log_game_event:61 - Игровое событие: обновление_позиции - {"client_id": 0, "position": {"x": 300, "y": 3355}, "inputs": {"left": false, "right": false, "up": false, "down": true}}
2025-09-29 16:25:17,636 - game_server - INFO - log_game_event:61 - Игровое событие: обновление_позиции - {"client_id": 0, "position": {"x": 300, "y": 3360}, "inputs": {"left": false, "right": false, "up": false, "down": true}}
2025-09-29 16:25:17,674 - game_server - INFO - log_game_event:61 - Игровое событие: обновление_позиции - {"client_id": 0, "position": {"x": 300, "y": 3365}, "inputs": {"left": false, "right": false, "up": false, "down": true}}
2025-09-29 16:25:17,708 - game_server - INFO - log_game_event:61 - Игровое событие: обновление_позиции - {"client_id": 0, "position": {"x": 300, "y": 3370}, "inputs": {"left": false, "right": false, "up": false, "down": true}}
2025-09-29 16:25:17,747 - game_server - INFO - log_game_event:61 - Игровое событие: обновление_позиции - {"client_id": 0, "position": {"x": 300, "y": 3375}, "inputs": {"left": false, "right": false, "up": false, "down": true}}
2025-09-29 16:25:17,783 - game_server - INFO - log_game_event:61 - Игровое событие: обновление_позиции - {"client_id": 0, "position": {"x": 300, "y": 3380}, "inputs": {"left": false, "right": false, "up": false, "down": true}}
2025-09-29 16:25:17,820 - game_server - INFO - log_game_event:61 - Игровое событие: обновление_позиции - {"client_id": 0, "position": {"x": 300, "y": 3385}, "inputs": {"left": false, "right": false, "up": false, "down": true}}
2025-09-29 16:25:17,856 - game_server - INFO - log_game_event:61 - Игровое событие: обновление_позиции - {"client_id": 0, "position": {"x": 305, "y": 3390}, "inputs": {"left": false, "right": true, "up": false, "down": true}}
2025-09-29 16:25:17,891 - game_server - INFO - log_game_event:61 - Игровое событие: обновление_позиции - {"client_id": 0, "position": {"x": 310, "y": 3395}, "inputs": {"left": false, "right": true, "up": false, "down": true}}
2025-09-29 16:25:17,926 - game_server - INFO - log_game_event:61 - Игровое событие: обновление_позиции - {"client_id": 0, "position": {"x": 315, "y": 3400}, "inputs": {"left": false, "right": true, "up": false, "down": true}}
2025-09-29 16:25:17,963 - game_server - INFO - log_game_event:61 - Игровое событие: обновление_позиции - {"client_id": 0, "position": {"x": 320, "y": 3405}, "inputs": {"left": false, "right": true, "up": false, "down": true}}
2025-09-29 16:25:18,000 - game_server - INFO - log_game_event:61 - Игровое событие: обновление_позиции - {"client_id": 0, "position": {"x": 325, "y": 3410}, "inputs": {"left": false, "right": true, "up": false, "down": true}}
2025-09-29 16:25:18,035 - game_server - INFO - log_game_event:61 - Игровое событие: обновление_позиции - {"client_id": 0, "position": {"x": 330, "y": 3415}, "inputs": {"left": false, "right": true, "up": false, "down": true}}
2025-09-29 16:25:18,070 - game_server - INFO - log_game_event:61 - Игровое событие: обновление_позиции - {"client_id": 0, "position": {"x": 335, "y": 3420}, "inputs": {"left": false, "right": true, "up": false, "down": true}}
2025-09-29 16:25:18,107 - game_server - INFO - log_game_event:61 - Игровое событие: обновление_позиции - {"client_id": 0, "position": {"x": 340, "y": 3425}, "inputs": {"left": false, "right": true, "up": false, "down": true}}
2025-09-29 16:25:18,143 - game_server - INFO - log_game_event:61 - Игровое событие: обновление_позиции - {"client_id": 0, "position": {"x": 345, "y": 3430}, "inputs": {"left": false, "right": true, "up": false, "down": true}}
2025-09-29 16:25:18,179 - game_server - INFO - log_game_event:61 - Игровое событие: обновление_позиции - {"client_id": 0, "position": {"x": 350, "y": 3435}, "inputs": {"left": false, "right": true, "up": false, "down": true}}
2025-09-29 16:25:18,216 - game_server - INFO - log_game_event:61 - Игровое событие: обновление_позиции - {"client_id": 0, "position": {"x": 355, "y": 3440}, "inputs": {"left": false, "right": true, "up": false, "down": true}}
2025-09-29 16:25:18,252 - game_server - INFO - log_game_event:61 - Игровое событие: обновление_позиции - {"client_id": 0, "position": {"x": 360, "y": 3445}, "inputs": {"left": false, "right": true, "up": false, "down": true}}
2025-09-29 16:25:18,288 - game_server - INFO - log_game_event:61 - Игровое событие: обновление_позиции - {"client_id": 0, "position": {"x": 360, "y": 3450}, "inputs": {"left": false, "right": false, "up": false, "down": true}}
2025-09-29 16:25:18,326 - game_server - INFO - log_game_event:61 - Игровое событие: обновление_позиции - {"client_id": 0, "position": {"x": 355, "y": 3455}, "inputs": {"left": true, "right": false, "up": false, "down": true}}
2025-09-29 16:25:18,362 - game_server - INFO - log_game_event:61 - Игровое событие: обновление_позиции - {"client_id": 0, "position": {"x": 350, "y": 3460}, "inputs": {"left": true, "right": false, "up": false, "down": true}}
2025-09-29 16:25:18,397 - game_server - INFO - log_game_event:61 - Игровое событие: обновление_позиции - {"client_id": 0, "position": {"x": 345, "y": 3465}, "inputs": {"left": true, "right": false, "up": false, "down": true}}
2025-09-29 16:25:18,433 - game_server - INFO - log_game_event:61 - Игровое событие: обновление_позиции - {"client_id": 0, "position": {"x": 340, "y": 3470}, "inputs": {"left": true, "right": false, "up": false, "down": true}}
2025-09-29 16:25:18,469 - game_server - INFO - log_game_event:61 - Игровое событие: обновление_позиции - {"client_id": 0, "position": {"x": 335, "y": 3475}, "inputs": {"left": true, "right": false, "up": false, "down": true}}
2025-09-29 16:25:18,504 - game_server - INFO - log_game_event:61 - Игровое событие: обновление_позиции - {"client_id": 0, "position": {"x": 330, "y": 3480}, "inputs": {"left": true, "right": false, "up": false, "down": true}}
2025-09-29 16:25:18,542 - game_server - INFO - log_game_event:61 - Игровое событие: обновление_позиции - {"client_id": 0, "position": {"x": 335, "y": 3485}, "inputs": {"left": false, "right": true, "up": false, "down": true}}
2025-09-29 16:25:18,579 - game_server - INFO - log_game_event:61 - Игровое событие: обновление_позиции - {"client_id": 0, "position": {"x": 340, "y": 3490}, "inputs": {"left": false, "right": true, "up": false, "down": true}}
2025-09-29 16:25:18,616 - game_server - INFO - log_game_event:61 - Игровое событие: обновление_позиции - {"client_id": 0, "position": {"x": 345, "y": 3495}, "inputs": {"left": false, "right": true, "up": false, "down": true}}
2025-09-29 16:25:18,651 - game_server - INFO - log_game_event:61 - Игровое событие: обновление_позиции - {"client_id": 0, "position": {"x": 350, "y": 3500}, "inputs": {"left": false, "right": true, "up": false, "down": true}}
2025-09-29 16:25:18,686 - game_server - INFO - log_game_event:61 - Игровое событие: обновление_позиции - {"client_id": 0, "position": {"x": 355, "y": 3505}, "inputs": {"left": false, "right": true, "up": false, "down": true}}
2025-09-29 16:25:18,722 - game_server - INFO - log_game_event:61 - Игровое событие: обновление_позиции - {"client_id": 0, "position": {"x": 360, "y": 3510}, "inputs": {"left": false, "right": true, "up": false, "down": true}}
2025-09-29 16:25:18,760 - game_server - INFO - log_game_event:61 - Игровое событие: обновление_позиции - {"client_id": 0, "position": {"x": 365, "y": 3515}, "inputs": {"left": false, "right": true, "up": false, "down": true}}
2025-09-29 16:25:18,796 - game_server - INFO - log_game_event:61 - Игровое событие: обновление_позиции - {"client_id": 0, "position": {"x": 370, "y": 3520}, "inputs": {"left": false, "right": true, "up": false, "down": true}}
2025-09-29 16:25:18,831 - game_server - INFO - log_game_event:61 - Игровое событие: обновление_позиции - {"client_id": 0, "position": {"x": 375, "y": 3525}, "inputs": {"left": false, "right": true, "up": false, "down": true}}
2025-09-29 16:25:18,867 - game_server - INFO - log_game_event:61 - Игровое событие: обновление_позиции - {"client_id": 0, "position": {"x": 380, "y": 3530}, "inputs": {"left": false, "right": true, "up": false, "down": true}}
2025-09-29 16:25:18,901 - game_server - INFO - log_game_event:61 - Игровое событие: обновление_позиции - {"client_id": 0, "position": {"x": 385, "y": 3535}, "inputs": {"left": false, "right": true, "up": false, "down": true}}
2025-09-29 16:25:18,937 - game_server - INFO - log_game_event:61 - Игровое событие: обновление_позиции - {"client_id": 0, "position": {"x": 390, "y": 3540}, "inputs": {"left": false, "right": true, "up": false, "down": true}}
2025-09-29 16:25:18,971 - game_server - INFO - log_game_event:61 - Игровое событие: обновление_позиции - {"client_id": 0, "position": {"x": 395, "y": 3545}, "inputs": {"left": false, "right": true, "up": false, "down": true}}
2025-09-29 16:25:19,008 - game_server - INFO - log_game_event:61 - Игровое событие: обновление_позиции - {"client_id": 0, "position": {"x": 400, "y": 3550}, "inputs": {"left": false, "right": true, "up": false, "down": true}}
2025-09-29 16:25:19,045 - game_server - INFO - log_game_event:61 - Игровое событие: обновление_позиции - {"client_id": 0, "position": {"x": 405, "y": 3555}, "inputs": {"left": false, "right": true, "up": false, "down": true}}
2025-09-29 16:25:19,081 - game_server - INFO - log_game_event:61 - Игровое событие: обновление_позиции - {"client_id": 0, "position": {"x": 410, "y": 3560}, "inputs": {"left": false, "right": true, "up": false, "down": true}}
2025-09-29 16:25:19,117 - game_server - INFO - log_game_event:61 - Игровое событие: обновление_позиции - {"client_id": 0, "position": {"x": 415, "y": 3565}, "inputs": {"left": false, "right": true, "up": false, "down": true}}
2025-09-29 16:25:19,154 - game_server - INFO - log_game_event:61 - Игровое событие: обновление_позиции - {"client_id": 0, "position": {"x": 420, "y": 3570}, "inputs": {"left": false, "right": true, "up": false, "down": true}}
2025-09-29 16:25:19,190 - game_server - INFO - log_game_event:61 - Игровое событие: обновление_позиции - {"client_id": 0, "position": {"x": 425, "y": 3575}, "inputs": {"left": false, "right": true, "up": false, "down": true}}
2025-09-29 16:25:19,229 - game_server - INFO - log_game_event:61 - Игровое событие: обновление_позиции - {"client_id": 0, "position": {"x": 430, "y": 3580}, "inputs": {"left": false, "right": true, "up": false, "down": true}}
2025-09-29 16:25:19,267 - game_server - INFO - log_game_event:61 - Игровое событие: обновление_позиции - {"client_id": 0, "position": {"x": 435, "y": 3585}, "inputs": {"left": false, "right": true, "up": false, "down": true}}
2025-09-29 16:25:19,304 - game_server - INFO - log_game_event:61 - Игровое событие: обновление_позиции - {"client_id": 0, "position": {"x": 440, "y": 3590}, "inputs": {"left": false, "right": true, "up": false, "down": true}}
2025-09-29 16:25:19,341 - game_server - INFO - log_game_event:61 - Игровое событие: обновление_позиции - {"client_id": 0, "position": {"x": 445, "y": 3595}, "inputs": {"left": false, "right": true, "up": false, "down": true}}
2025-09-29 16:25:19,378 - game_server - INFO - log_game_event:61 - Игровое событие: обновление_позиции - {"client_id": 0, "position": {"x": 450, "y": 3600}, "inputs": {"left": false, "right": true, "up": false, "down": true}}
2025-09-29 16:25:19,416 - game_server - INFO - log_game_event:61 - Игровое событие: обновление_позиции - {"client_id": 0, "position": {"x": 455, "y": 3605}, "inputs": {"left": false, "right": true, "up": false, "down": true}}
2025-09-29 16:25:19,451 - game_server - INFO - log_game_event:61 - Игровое событие: обновление_позиции - {"client_id": 0, "position": {"x": 460, "y": 3610}, "inputs": {"left": false, "right": true, "up": false, "down": true}}
2025-09-29 16:25:19,489 - game_server - INFO - log_game_event:61 - Игровое событие: обновление_позиции - {"client_id": 0, "position": {"x": 465, "y": 3615}, "inputs": {"left": false, "right": true, "up": false, "down": true}}
2025-09-29 16:25:19,527 - game_server - INFO - log_game_event:61 - Игровое событие: обновление_позиции - {"client_id": 0, "position": {"x": 470, "y": 3620}, "inputs": {"left": false, "right": true, "up": false, "down": true}}
2025-09-29 16:25:19,564 - game_server - INFO - log_game_event:61 - Игровое событие: обновление_позиции - {"client_id": 0, "position": {"x": 475, "y": 3625}, "inputs": {"left": false, "right": true, "up": false, "down": true}}
2025-09-29 16:25:19,601 - game_server - INFO - log_game_event:61 - Игровое событие: обновление_позиции - {"client_id": 0, "position": {"x": 480, "y": 3630}, "inputs": {"left": false, "right": true, "up": false, "down": true}}
2025-09-29 16:25:19,637 - game_server - INFO - log_game_event:61 - Игровое событие: обновление_позиции - {"client_id": 0, "position": {"x": 485, "y": 3635}, "inputs": {"left": false, "right": true, "up": false, "down": true}}
2025-09-29 16:25:19,673 - game_server - INFO - log_game_event:61 - Игровое событие: обновление_позиции - {"client_id": 0, "position": {"x": 490, "y": 3640}, "inputs": {"left": false, "right": true, "up": false, "down": true}}
2025-09-29 16:25:19,709 - game_server - INFO - log_game_event:61 - Игровое событие: обновление_позиции - {"client_id": 0, "position": {"x": 495, "y": 3645}, "inputs": {"left": false, "right": true, "up": true, "down": true}}
2025-09-29 16:25:19,745 - game_server - INFO - log_game_event:61 - Игровое событие: обновление_позиции - {"client_id": 0, "position": {"x": 500, "y": 3650}, "inputs": {"left": false, "right": true, "up": true, "down": true}}
2025-09-29 16:25:19,781 - game_server - INFO - log_game_event:61 - Игровое событие: обновление_позиции - {"client_id": 0, "position": {"x": 505, "y": 3655}, "inputs": {"left": false, "right": true, "up": true, "down": true}}
2025-09-29 16:25:19,815 - game_server - INFO - log_game_event:61 - Игровое событие: обновление_позиции - {"client_id": 0, "position": {"x": 510, "y": 3660}, "inputs": {"left": false, "right": true, "up": true, "down": true}}
2025-09-29 16:25:19,852 - game_server - INFO - log_game_event:61 - Игровое событие: обновление_позиции - {"client_id": 0, "position": {"x": 515, "y": 3665}, "inputs": {"left": false, "right": true, "up": true, "down": true}}
2025-09-29 16:25:19,878 - game_server - INFO - log_game_event:61 - Игровое событие: обновление_позиции - {"client_id": 0, "position": {"x": 520, "y": 3670}, "inputs": {"left": false, "right": true, "up": true, "down": true}}
2025-09-29 16:25:19,916 - game_server - INFO - log_game_event:61 - Игровое событие: обновление_позиции - {"client_id": 0, "position": {"x": 525, "y": 3675}, "inputs": {"left": false, "right": true, "up": true, "down": true}}
2025-09-29 16:25:19,952 - game_server - INFO - log_game_event:61 - Игровое событие: обновление_позиции - {"client_id": 0, "position": {"x": 530, "y": 3680}, "inputs": {"left": false, "right": true, "up": true, "down": true}}
2025-09-29 16:25:19,988 - game_server - INFO - log_game_event:61 - Игровое событие: обновление_позиции - {"client_id": 0, "position": {"x": 535, "y": 3685}, "inputs": {"left": false, "right": true, "up": true, "down": true}}
2025-09-29 16:25:20,024 - game_server - INFO - log_game_event:61 - Игровое событие: обновление_позиции - {"client_id": 0, "position": {"x": 540, "y": 3690}, "inputs": {"left": false, "right": true, "up": true, "down": true}}
2025-09-29 16:25:20,062 - game_server - INFO - log_game_event:61 - Игровое событие: обновление_позиции - {"client_id": 0, "position": {"x": 545, "y": 3695}, "inputs": {"left": false, "right": true, "up": true, "down": true}}
2025-09-29 16:25:20,097 - game_server - INFO - log_game_event:61 - Игровое событие: обновление_позиции - {"client_id": 0, "position": {"x": 550, "y": 3700}, "inputs": {"left": false, "right": true, "up": true, "down": true}}
2025-09-29 16:25:20,131 - game_server - INFO - log_game_event:61 - Игровое событие: обновление_позиции - {"client_id": 0, "position": {"x": 555, "y": 3705}, "inputs": {"left": false, "right": true, "up": true, "down": true}}
2025-09-29 16:25:20,167 - game_server - INFO - log_game_event:61 - Игровое событие: обновление_позиции - {"client_id": 0, "position": {"x": 560, "y": 3710}, "inputs": {"left": false, "right": true, "up": true, "down": true}}
2025-09-29 16:25:20,199 - game_server - INFO - log_game_event:61 - Игровое событие: обновление_позиции - {"client_id": 0, "position": {"x": 565, "y": 3715}, "inputs": {"left": false, "right": true, "up": true, "down": true}}
2025-09-29 16:25:20,227 - game_server - INFO - log_game_event:61 - Игровое событие: обновление_позиции - {"client_id": 0, "position": {"x": 570, "y": 3720}, "inputs": {"left": false, "right": true, "up": true, "down": true}}
2025-09-29 16:25:20,266 - game_server - INFO - log_game_event:61 - Игровое событие: обновление_позиции - {"client_id": 0, "position": {"x": 575, "y": 3725}, "inputs": {"left": false, "right": true, "up": true, "down": true}}
2025-09-29 16:25:20,300 - game_server - INFO - log_game_event:61 - Игровое событие: обновление_позиции - {"client_id": 0, "position": {"x": 580, "y": 3730}, "inputs": {"left": false, "right": true, "up": true, "down": true}}
2025-09-29 16:25:20,334 - game_server - INFO - log_game_event:61 - Игровое событие: обновление_позиции - {"client_id": 0, "position": {"x": 585, "y": 3735}, "inputs": {"left": false, "right": true, "up": false, "down": true}}
2025-09-29 16:25:20,370 - game_server - INFO - log_game_event:61 - Игровое событие: обновление_позиции - {"client_id": 0, "position": {"x": 590, "y": 3740}, "inputs": {"left": false, "right": true, "up": false, "down": true}}
2025-09-29 16:25:20,406 - game_server - INFO - log_game_event:61 - Игровое событие: обновление_позиции - {"client_id": 0, "position": {"x": 595, "y": 3745}, "inputs": {"left": false, "right": true, "up": false, "down": true}}
2025-09-29 16:25:20,443 - game_server - INFO - log_game_event:61 - Игровое событие: обновление_позиции - {"client_id": 0, "position": {"x": 600, "y": 3750}, "inputs": {"left": false, "right": true, "up": false, "down": true}}
2025-09-29 16:25:20,478 - game_server - INFO - log_game_event:61 - Игровое событие: обновление_позиции - {"client_id": 0, "position": {"x": 605, "y": 3755}, "inputs": {"left": false, "right": true, "up": false, "down": true}}
2025-09-29 16:25:20,513 - game_server - INFO - log_game_event:61 - Игровое событие: обновление_позиции - {"client_id": 0, "position": {"x": 610, "y": 3760}, "inputs": {"left": false, "right": true, "up": false, "down": true}}
2025-09-29 16:25:20,549 - game_server - INFO - log_game_event:61 - Игровое событие: обновление_позиции - {"client_id": 0, "position": {"x": 615, "y": 3765}, "inputs": {"left": false, "right": true, "up": false, "down": true}}
2025-09-29 16:25:20,582 - game_server - INFO - log_game_event:61 - Игровое событие: обновление_позиции - {"client_id": 0, "position": {"x": 620, "y": 3770}, "inputs": {"left": false, "right": true, "up": false, "down": true}}
2025-09-29 16:25:20,617 - game_server - INFO - log_game_event:61 - Игровое событие: обновление_позиции - {"client_id": 0, "position": {"x": 625, "y": 3775}, "inputs": {"left": false, "right": true, "up": false, "down": true}}
2025-09-29 16:25:20,647 - game_server - INFO - log_game_event:61 - Игровое событие: обновление_позиции - {"client_id": 0, "position": {"x": 630, "y": 3780}, "inputs": {"left": false, "right": true, "up": false, "down": true}}
2025-09-29 16:25:20,684 - game_server - INFO - log_game_event:61 - Игровое событие: обновление_позиции - {"client_id": 0, "position": {"x": 635, "y": 3785}, "inputs": {"left": false, "right": true, "up": false, "down": true}}
2025-09-29 16:25:20,720 - game_server - INFO - log_game_event:61 - Игровое событие: обновление_позиции - {"client_id": 0, "position": {"x": 640, "y": 3790}, "inputs": {"left": false, "right": true, "up": false, "down": true}}
2025-09-29 16:25:20,755 - game_server - INFO - log_game_event:61 - Игровое событие: обновление_позиции - {"client_id": 0, "position": {"x": 645, "y": 3795}, "inputs": {"left": false, "right": true, "up": false, "down": true}}
2025-09-29 16:25:20,791 - game_server - INFO - log_game_event:61 - Игровое событие: обновление_позиции - {"client_id": 0, "position": {"x": 650, "y": 3800}, "inputs": {"left": false, "right": true, "up": false, "down": true}}
2025-09-29 16:25:20,828 - game_server - INFO - log_game_event:61 - Игровое событие: обновление_позиции - {"client_id": 0, "position": {"x": 655, "y": 3805}, "inputs": {"left": false, "right": true, "up": false, "down": true}}
2025-09-29 16:25:20,866 - game_server - INFO - log_game_event:61 - Игровое событие: обновление_позиции - {"client_id": 0, "position": {"x": 660, "y": 3810}, "inputs": {"left": false, "right": true, "up": false, "down": true}}
2025-09-29 16:25:20,903 - game_server - INFO - log_game_event:61 - Игровое событие: обновление_позиции - {"client_id": 0, "position": {"x": 665, "y": 3815}, "inputs": {"left": false, "right": true, "up": false, "down": true}}
2025-09-29 16:25:20,940 - game_server - INFO - log_game_event:61 - Игровое событие: обновление_позиции - {"client_id": 0, "position": {"x": 670, "y": 3820}, "inputs": {"left": false, "right": true, "up": false, "down": true}}
2025-09-29 16:25:20,976 - game_server - INFO - log_game_event:61 - Игровое событие: обновление_позиции - {"client_id": 0, "position": {"x": 675, "y": 3825}, "inputs": {"left": false, "right": true, "up": false, "down": true}}
2025-09-29 16:25:21,012 - game_server - INFO - log_game_event:61 - Игровое событие: обновление_позиции - {"client_id": 0, "position": {"x": 680, "y": 3830}, "inputs": {"left": false, "right": true, "up": false, "down": true}}
2025-09-29 16:25:21,049 - game_server - INFO - log_game_event:61 - Игровое событие: обновление_позиции - {"client_id": 0, "position": {"x": 685, "y": 3835}, "inputs": {"left": false, "right": true, "up": false, "down": true}}
2025-09-29 16:25:21,088 - game_server - INFO - log_game_event:61 - Игровое событие: обновление_позиции - {"client_id": 0, "position": {"x": 690, "y": 3840}, "inputs": {"left": true, "right": true, "up": false, "down": true}}
2025-09-29 16:25:21,126 - game_server - INFO - log_game_event:61 - Игровое событие: обновление_позиции - {"client_id": 0, "position": {"x": 695, "y": 3845}, "inputs": {"left": true, "right": true, "up": false, "down": true}}
2025-09-29 16:25:21,158 - game_server - INFO - log_game_event:61 - Игровое событие: обновление_позиции - {"client_id": 0, "position": {"x": 700, "y": 3850}, "inputs": {"left": true, "right": true, "up": false, "down": true}}
2025-09-29 16:25:21,193 - game_server - INFO - log_game_event:61 - Игровое событие: обновление_позиции - {"client_id": 0, "position": {"x": 705, "y": 3855}, "inputs": {"left": true, "right": true, "up": false, "down": true}}
2025-09-29 16:25:21,227 - game_server - INFO - log_game_event:61 - Игровое событие: обновление_позиции - {"client_id": 0, "position": {"x": 710, "y": 3860}, "inputs": {"left": true, "right": true, "up": false, "down": true}}
2025-09-29 16:25:21,256 - game_server - INFO - log_game_event:61 - Игровое событие: обновление_позиции - {"client_id": 0, "position": {"x": 715, "y": 3865}, "inputs": {"left": true, "right": true, "up": false, "down": true}}
2025-09-29 16:25:21,294 - game_server - INFO - log_game_event:61 - Игровое событие: обновление_позиции - {"client_id": 0, "position": {"x": 720, "y": 3870}, "inputs": {"left": true, "right": true, "up": false, "down": true}}
2025-09-29 16:25:21,331 - game_server - INFO - log_game_event:61 - Игровое событие: обновление_позиции - {"client_id": 0, "position": {"x": 715, "y": 3875}, "inputs": {"left": true, "right": false, "up": false, "down": true}}
2025-09-29 16:25:21,366 - game_server - INFO - log_game_event:61 - Игровое событие: обновление_позиции - {"client_id": 0, "position": {"x": 710, "y": 3880}, "inputs": {"left": true, "right": false, "up": false, "down": true}}
2025-09-29 16:25:21,402 - game_server - INFO - log_game_event:61 - Игровое событие: обновление_позиции - {"client_id": 0, "position": {"x": 705, "y": 3885}, "inputs": {"left": true, "right": false, "up": false, "down": true}}
2025-09-29 16:25:21,437 - game_server - INFO - log_game_event:61 - Игровое событие: обновление_позиции - {"client_id": 0, "position": {"x": 700, "y": 3890}, "inputs": {"left": true, "right": false, "up": false, "down": true}}
2025-09-29 16:25:21,474 - game_server - INFO - log_game_event:61 - Игровое событие: обновление_позиции - {"client_id": 0, "position": {"x": 695, "y": 3895}, "inputs": {"left": true, "right": false, "up": false, "down": true}}
2025-09-29 16:25:21,511 - game_server - INFO - log_game_event:61 - Игровое событие: обновление_позиции - {"client_id": 0, "position": {"x": 690, "y": 3900}, "inputs": {"left": true, "right": false, "up": false, "down": true}}
2025-09-29 16:25:21,548 - game_server - INFO - log_game_event:61 - Игровое событие: обновление_позиции - {"client_id": 0, "position": {"x": 685, "y": 3905}, "inputs": {"left": true, "right": false, "up": false, "down": true}}
2025-09-29 16:25:21,583 - game_server - INFO - log_game_event:61 - Игровое событие: обновление_позиции - {"client_id": 0, "position": {"x": 680, "y": 3910}, "inputs": {"left": true, "right": false, "up": false, "down": true}}
2025-09-29 16:25:21,619 - game_server - INFO - log_game_event:61 - Игровое событие: обновление_позиции - {"client_id": 0, "position": {"x": 675, "y": 3915}, "inputs": {"left": true, "right": false, "up": false, "down": true}}
2025-09-29 16:25:21,654 - game_server - INFO - log_game_event:61 - Игровое событие: обновление_позиции - {"client_id": 0, "position": {"x": 670, "y": 3920}, "inputs": {"left": true, "right": false, "up": false, "down": true}}
2025-09-29 16:25:21,691 - game_server - INFO - log_game_event:61 - Игровое событие: обновление_позиции - {"client_id": 0, "position": {"x": 665, "y": 3920}, "inputs": {"left": true, "right": false, "up": false, "down": false}}
2025-09-29 16:25:21,728 - game_server - INFO - log_game_event:61 - Игровое событие: обновление_позиции - {"client_id": 0, "position": {"x": 660, "y": 3920}, "inputs": {"left": true, "right": false, "up": false, "down": false}}
2025-09-29 16:25:21,765 - game_server - INFO - log_game_event:61 - Игровое событие: обновление_позиции - {"client_id": 0, "position": {"x": 655, "y": 3920}, "inputs": {"left": true, "right": false, "up": false, "down": false}}
2025-09-29 16:25:21,800 - game_server - INFO - log_game_event:61 - Игровое событие: обновление_позиции - {"client_id": 0, "position": {"x": 650, "y": 3920}, "inputs": {"left": true, "right": false, "up": false, "down": false}}
2025-09-29 16:25:21,834 - game_server - INFO - log_game_event:61 - Игровое событие: обновление_позиции - {"client_id": 0, "position": {"x": 645, "y": 3920}, "inputs": {"left": true, "right": false, "up": false, "down": false}}
2025-09-29 16:25:21,872 - game_server - INFO - log_game_event:61 - Игровое событие: обновление_позиции - {"client_id": 0, "position": {"x": 640, "y": 3920}, "inputs": {"left": true, "right": false, "up": false, "down": false}}
2025-09-29 16:25:21,908 - game_server - INFO - log_game_event:61 - Игровое событие: обновление_позиции - {"client_id": 0, "position": {"x": 635, "y": 3920}, "inputs": {"left": true, "right": false, "up": false, "down": false}}
2025-09-29 16:25:21,944 - game_server - INFO - log_game_event:61 - Игровое событие: обновление_позиции - {"client_id": 0, "position": {"x": 630, "y": 3920}, "inputs": {"left": true, "right": false, "up": false, "down": false}}
2025-09-29 16:25:21,981 - game_server - INFO - log_game_event:61 - Игровое событие: обновление_позиции - {"client_id": 0, "position": {"x": 630, "y": 3920}, "inputs": {"left": false, "right": false, "up": false, "down": false}}
2025-09-29 16:25:22,016 - game_server - INFO - log_game_event:61 - Игровое событие: обновление_позиции - {"client_id": 0, "position": {"x": 630, "y": 3920}, "inputs": {"left": false, "right": false, "up": false, "down": false}}
2025-09-29 16:25:22,051 - game_server - INFO - log_game_event:61 - Игровое событие: обновление_позиции - {"client_id": 0, "position": {"x": 630, "y": 3920}, "inputs": {"left": false, "right": false, "up": false, "down": false}}
2025-09-29 16:25:22,087 - game_server - INFO - log_game_event:61 - Игровое событие: обновление_позиции - {"client_id": 0, "position": {"x": 630, "y": 3920}, "inputs": {"left": false, "right": false, "up": false, "down": false}}
2025-09-29 16:25:22,124 - game_server - INFO - log_game_event:61 - Игровое событие: обновление_позиции - {"client_id": 0, "position": {"x": 630, "y": 3920}, "inputs": {"left": false, "right": false, "up": false, "down": false}}
2025-09-29 16:25:22,161 - game_server - INFO - log_game_event:61 - Игровое событие: обновление_позиции - {"client_id": 0, "position": {"x": 630, "y": 3920}, "inputs": {"left": false, "right": false, "up": false, "down": false}}
2025-09-29 16:25:22,197 - game_server - INFO - log_game_event:61 - Игровое событие: обновление_позиции - {"client_id": 0, "position": {"x": 630, "y": 3920}, "inputs": {"left": false, "right": false, "up": false, "down": false}}
2025-09-29 16:25:22,234 - game_server - INFO - log_game_event:61 - Игровое событие: обновление_позиции - {"client_id": 0, "position": {"x": 630, "y": 3920}, "inputs": {"left": false, "right": false, "up": false, "down": false}}
2025-09-29 16:25:22,271 - game_server - INFO - log_game_event:61 - Игровое событие: обновление_позиции - {"client_id": 0, "position": {"x": 630, "y": 3920}, "inputs": {"left": false, "right": false, "up": false, "down": false}}
2025-09-29 16:25:22,307 - game_server - INFO - log_game_event:61 - Игровое событие: обновление_позиции - {"client_id": 0, "position": {"x": 630, "y": 3920}, "inputs": {"left": false, "right": false, "up": false, "down": false}}
2025-09-29 16:25:22,344 - game_server - INFO - log_game_event:61 - Игровое событие: обновление_позиции - {"client_id": 0, "position": {"x": 630, "y": 3920}, "inputs": {"left": false, "right": false, "up": false, "down": false}}
2025-09-29 16:25:22,381 - game_server - INFO - log_game_event:61 - Игровое событие: обновление_позиции - {"client_id": 0, "position": {"x": 630, "y": 3920}, "inputs": {"left": false, "right": false, "up": false, "down": false}}
2025-09-29 16:25:22,417 - game_server - INFO - log_game_event:61 - Игровое событие: обновление_позиции - {"client_id": 0, "position": {"x": 630, "y": 3920}, "inputs": {"left": false, "right": false, "up": false, "down": false}}
2025-09-29 16:25:22,453 - game_server - INFO - log_game_event:61 - Игровое событие: обновление_позиции - {"client_id": 0, "position": {"x": 630, "y": 3920}, "inputs": {"left": false, "right": false, "up": false, "down": false}}
2025-09-29 16:25:22,490 - game_server - INFO - log_game_event:61 - Игровое событие: обновление_позиции - {"client_id": 0, "position": {"x": 630, "y": 3920}, "inputs": {"left": false, "right": false, "up": false, "down": false}}
2025-09-29 16:25:22,527 - game_server - INFO - log_game_event:61 - Игровое событие: обновление_позиции - {"client_id": 0, "position": {"x": 630, "y": 3920}, "inputs": {"left": false, "right": false, "up": false, "down": false}}
2025-09-29 16:25:22,564 - game_server - INFO - log_game_event:61 - Игровое событие: обновление_позиции - {"client_id": 0, "position": {"x": 630, "y": 3920}, "inputs": {"left": false, "right": false, "up": false, "down": false}}
2025-09-29 16:25:22,599 - game_server - INFO - log_game_event:61 - Игровое событие: обновление_позиции - {"client_id": 0, "position": {"x": 630, "y": 3920}, "inputs": {"left": false, "right": false, "up": false, "down": false}}
2025-09-29 16:25:22,634 - game_server - INFO - log_game_event:61 - Игровое событие: обновление_позиции - {"client_id": 0, "position": {"x": 630, "y": 3920}, "inputs": {"left": false, "right": false, "up": false, "down": false}}
2025-09-29 16:25:22,671 - game_server - INFO - log_game_event:61 - Игровое событие: обновление_позиции - {"client_id": 0, "position": {"x": 630, "y": 3920}, "inputs": {"left": false, "right": false, "up": false, "down": false}}
2025-09-29 16:25:23,056 - game_server - INFO - log_game_event:61 - Игровое событие: обновление_позиции - {"client_id": 0, "position": {"x": 630, "y": 3920}, "inputs": {"left": false, "right": false, "up": false, "down": false}}
2025-09-29 16:25:23,096 - game_server - INFO - log_game_event:61 - Игровое событие: обновление_позиции - {"client_id": 0, "position": {"x": 630, "y": 3920}, "inputs": {"left": false, "right": false, "up": false, "down": false}}
2025-09-29 16:25:23,127 - game_server - INFO - log_game_event:61 - Игровое событие: обновление_позиции - {"client_id": 0, "position": {"x": 630, "y": 3920}, "inputs": {"left": false, "right": false, "up": false, "down": false}}
2025-09-29 16:25:23,159 - game_server - INFO - log_game_event:61 - Игровое событие: обновление_позиции - {"client_id": 0, "position": {"x": 630, "y": 3920}, "inputs": {"left": false, "right": false, "up": false, "down": false}}
2025-09-29 16:25:23,187 - game_server - INFO - log_game_event:61 - Игровое событие: обновление_позиции - {"client_id": 0, "position": {"x": 630, "y": 3920}, "inputs": {"left": false, "right": false, "up": false, "down": false}}
2025-09-29 16:25:23,210 - game_server - INFO - log_game_event:61 - Игровое событие: обновление_позиции - {"client_id": 0, "position": {"x": 630, "y": 3920}, "inputs": {"left": false, "right": false, "up": false, "down": false}}
2025-09-29 16:25:23,242 - game_server - INFO - log_game_event:61 - Игровое событие: обновление_позиции - {"client_id": 0, "position": {"x": 630, "y": 3920}, "inputs": {"left": false, "right": false, "up": false, "down": false}}
2025-09-29 16:25:23,281 - game_server - INFO - log_game_event:61 - Игровое событие: обновление_позиции - {"client_id": 0, "position": {"x": 630, "y": 3920}, "inputs": {"left": false, "right": false, "up": false, "down": false}}
2025-09-29 16:25:23,314 - game_server - INFO - log_game_event:61 - Игровое событие: обновление_позиции - {"client_id": 0, "position": {"x": 630, "y": 3920}, "inputs": {"left": false, "right": false, "up": false, "down": false}}
2025-09-29 16:25:23,353 - game_server - INFO - log_game_event:61 - Игровое событие: обновление_позиции - {"client_id": 0, "position": {"x": 630, "y": 3920}, "inputs": {"left": false, "right": false, "up": false, "down": false}}
2025-09-29 16:25:23,386 - game_server - INFO - log_game_event:61 - Игровое событие: обновление_позиции - {"client_id": 0, "position": {"x": 630, "y": 3920}, "inputs": {"left": false, "right": false, "up": false, "down": false}}
2025-09-29 16:25:23,411 - game_server - INFO - log_game_event:61 - Игровое событие: обновление_позиции - {"client_id": 0, "position": {"x": 630, "y": 3920}, "inputs": {"left": false, "right": false, "up": false, "down": false}}
2025-09-29 16:25:23,448 - game_server - INFO - log_game_event:61 - Игровое событие: обновление_позиции - {"client_id": 0, "position": {"x": 630, "y": 3920}, "inputs": {"left": false, "right": false, "up": false, "down": false}}
2025-09-29 16:25:23,486 - game_server - INFO - log_game_event:61 - Игровое событие: обновление_позиции - {"client_id": 0, "position": {"x": 630, "y": 3920}, "inputs": {"left": false, "right": false, "up": false, "down": false}}
2025-09-29 16:25:23,524 - game_server - INFO - log_game_event:61 - Игровое событие: обновление_позиции - {"client_id": 0, "position": {"x": 630, "y": 3920}, "inputs": {"left": false, "right": false, "up": false, "down": false}}
2025-09-29 16:25:23,558 - game_server - INFO - log_game_event:61 - Игровое событие: обновление_позиции - {"client_id": 0, "position": {"x": 630, "y": 3920}, "inputs": {"left": false, "right": false, "up": false, "down": false}}
2025-09-29 16:25:23,588 - game_server - INFO - log_game_event:61 - Игровое событие: обновление_позиции - {"client_id": 0, "position": {"x": 630, "y": 3920}, "inputs": {"left": false, "right": false, "up": false, "down": false}}
2025-09-29 16:25:23,616 - game_server - INFO - log_game_event:61 - Игровое событие: обновление_позиции - {"client_id": 0, "position": {"x": 630, "y": 3920}, "inputs": {"left": false, "right": false, "up": false, "down": false}}
2025-09-29 16:25:23,651 - game_server - INFO - log_game_event:61 - Игровое событие: обновление_позиции - {"client_id": 0, "position": {"x": 630, "y": 3920}, "inputs": {"left": false, "right": false, "up": false, "down": false}}
2025-09-29 16:25:23,685 - game_server - INFO - log_game_event:61 - Игровое событие: обновление_позиции - {"client_id": 0, "position": {"x": 630, "y": 3920}, "inputs": {"left": false, "right": false, "up": false, "down": false}}
2025-09-29 16:25:23,716 - game_server - INFO - log_game_event:61 - Игровое событие: обновление_позиции - {"client_id": 0, "position": {"x": 630, "y": 3920}, "inputs": {"left": false, "right": false, "up": false, "down": false}}
2025-09-29 16:25:23,754 - game_server - INFO - log_game_event:61 - Игровое событие: обновление_позиции - {"client_id": 0, "position": {"x": 630, "y": 3920}, "inputs": {"left": false, "right": false, "up": false, "down": false}}
2025-09-29 16:25:23,786 - game_server - INFO - log_game_event:61 - Игровое событие: обновление_позиции - {"client_id": 0, "position": {"x": 630, "y": 3920}, "inputs": {"left": false, "right": false, "up": false, "down": false}}
2025-09-29 16:25:23,816 - game_server - INFO - log_game_event:61 - Игровое событие: обновление_позиции - {"client_id": 0, "position": {"x": 630, "y": 3920}, "inputs": {"left": false, "right": false, "up": false, "down": false}}
2025-09-29 16:25:23,851 - game_server - INFO - log_game_event:61 - Игровое событие: обновление_позиции - {"client_id": 0, "position": {"x": 630, "y": 3920}, "inputs": {"left": false, "right": false, "up": false, "down": false}}
2025-09-29 16:25:23,887 - game_server - INFO - log_game_event:61 - Игровое событие: обновление_позиции - {"client_id": 0, "position": {"x": 630, "y": 3920}, "inputs": {"left": false, "right": false, "up": false, "down": false}}
2025-09-29 16:25:23,921 - game_server - INFO - log_game_event:61 - Игровое событие: обновление_позиции - {"client_id": 0, "position": {"x": 630, "y": 3920}, "inputs": {"left": false, "right": false, "up": false, "down": false}}
2025-09-29 16:25:23,954 - game_server - INFO - log_game_event:61 - Игровое событие: обновление_позиции - {"client_id": 0, "position": {"x": 630, "y": 3920}, "inputs": {"left": false, "right": false, "up": false, "down": false}}
2025-09-29 16:25:23,992 - game_server - INFO - log_game_event:61 - Игровое событие: обновление_позиции - {"client_id": 0, "position": {"x": 630, "y": 3920}, "inputs": {"left": false, "right": false, "up": false, "down": false}}
2025-09-29 16:25:24,019 - game_server - INFO - log_game_event:61 - Игровое событие: обновление_позиции - {"client_id": 0, "position": {"x": 630, "y": 3920}, "inputs": {"left": false, "right": false, "up": false, "down": false}}
2025-09-29 16:25:24,054 - game_server - INFO - log_game_event:61 - Игровое событие: обновление_позиции - {"client_id": 0, "position": {"x": 630, "y": 3920}, "inputs": {"left": false, "right": false, "up": false, "down": false}}
2025-09-29 16:25:24,085 - game_server - INFO - log_game_event:61 - Игровое событие: обновление_позиции - {"client_id": 0, "position": {"x": 630, "y": 3920}, "inputs": {"left": false, "right": false, "up": false, "down": false}}
2025-09-29 16:25:24,118 - game_server - INFO - log_game_event:61 - Игровое событие: обновление_позиции - {"client_id": 0, "position": {"x": 630, "y": 3920}, "inputs": {"left": false, "right": false, "up": false, "down": false}}
2025-09-29 16:25:24,150 - game_server - INFO - log_game_event:61 - Игровое событие: обновление_позиции - {"client_id": 0, "position": {"x": 630, "y": 3920}, "inputs": {"left": false, "right": false, "up": false, "down": false}}
2025-09-29 16:25:24,188 - game_server - INFO - log_game_event:61 - Игровое событие: обновление_позиции - {"client_id": 0, "position": {"x": 630, "y": 3920}, "inputs": {"left": false, "right": false, "up": false, "down": false}}
2025-09-29 16:25:24,227 - game_server - INFO - log_game_event:61 - Игровое событие: обновление_позиции - {"client_id": 0, "position": {"x": 630, "y": 3920}, "inputs": {"left": false, "right": false, "up": false, "down": false}}
2025-09-29 16:25:24,259 - game_server - INFO - log_game_event:61 - Игровое событие: обновление_позиции - {"client_id": 0, "position": {"x": 630, "y": 3920}, "inputs": {"left": false, "right": false, "up": false, "down": false}}
2025-09-29 16:25:24,289 - game_server - INFO - log_game_event:61 - Игровое событие: обновление_позиции - {"client_id": 0, "position": {"x": 630, "y": 3920}, "inputs": {"left": false, "right": false, "up": false, "down": false}}
