2025-09-23 20:11:31,192 - game_server - INFO - <module>:87 - Сервер запущен на 192.168.1.4:5555 (привязан к 0.0.0.0)
2025-09-23 20:11:48,742 - game_server - INFO - log_connection:56 - Клиент 0: подключен - {"ip": "192.168.1.4", "port": 54015}
2025-09-23 20:11:48,760 - game_server - INFO - log_game_event:61 - Игровое событие: обновление_позиции - {"client_id": 0, "position": {"x": 960, "y": 540}, "inputs": {"left": false, "right": false, "up": false, "down": false}}
2025-09-23 20:11:48,790 - game_server - INFO - log_game_event:61 - Игровое событие: обновление_позиции - {"client_id": 0, "position": {"x": 960, "y": 540}, "inputs": {"left": false, "right": false, "up": false, "down": false}}
2025-09-23 20:11:48,817 - game_server - INFO - log_game_event:61 - Игровое событие: обновление_позиции - {"client_id": 0, "position": {"x": 960, "y": 540}, "inputs": {"left": false, "right": false, "up": false, "down": false}}
2025-09-23 20:11:48,841 - game_server - INFO - log_game_event:61 - Игровое событие: обновление_позиции - {"client_id": 0, "position": {"x": 960, "y": 540}, "inputs": {"left": false, "right": false, "up": false, "down": false}}
2025-09-23 20:11:48,867 - game_server - INFO - log_game_event:61 - Игровое событие: обновление_позиции - {"client_id": 0, "position": {"x": 960, "y": 540}, "inputs": {"left": false, "right": false, "up": false, "down": false}}
2025-09-23 20:11:48,898 - game_server - INFO - log_game_event:61 - Игровое событие: обновление_позиции - {"client_id": 0, "position": {"x": 960, "y": 540}, "inputs": {"left": false, "right": false, "up": false, "down": false}}
2025-09-23 20:11:48,926 - game_server - INFO - log_game_event:61 - Игровое событие: обновление_позиции - {"client_id": 0, "position": {"x": 960, "y": 540}, "inputs": {"left": false, "right": false, "up": false, "down": false}}
2025-09-23 20:11:48,960 - game_server - INFO - log_game_event:61 - Игровое событие: обновление_позиции - {"client_id": 0, "position": {"x": 960, "y": 540}, "inputs": {"left": false, "right": false, "up": false, "down": false}}
2025-09-23 20:11:48,995 - game_server - INFO - log_game_event:61 - Игровое событие: обновление_позиции - {"client_id": 0, "position": {"x": 960, "y": 540}, "inputs": {"left": false, "right": false, "up": false, "down": false}}
2025-09-23 20:11:49,029 - game_server - INFO - log_game_event:61 - Игровое событие: обновление_позиции - {"client_id": 0, "position": {"x": 960, "y": 540}, "inputs": {"left": false, "right": false, "up": false, "down": false}}
2025-09-23 20:11:49,062 - game_server - INFO - log_game_event:61 - Игровое событие: обновление_позиции - {"client_id": 0, "position": {"x": 960, "y": 540}, "inputs": {"left": false, "right": false, "up": false, "down": false}}
2025-09-23 20:11:49,096 - game_server - INFO - log_game_event:61 - Игровое событие: обновление_позиции - {"client_id": 0, "position": {"x": 960, "y": 540}, "inputs": {"left": false, "right": false, "up": false, "down": false}}
2025-09-23 20:11:49,130 - game_server - INFO - log_game_event:61 - Игровое событие: обновление_позиции - {"client_id": 0, "position": {"x": 960, "y": 540}, "inputs": {"left": false, "right": false, "up": false, "down": false}}
2025-09-23 20:11:49,165 - game_server - INFO - log_game_event:61 - Игровое событие: обновление_позиции - {"client_id": 0, "position": {"x": 960, "y": 540}, "inputs": {"left": false, "right": false, "up": false, "down": false}}
2025-09-23 20:11:49,201 - game_server - INFO - log_game_event:61 - Игровое событие: обновление_позиции - {"client_id": 0, "position": {"x": 960, "y": 540}, "inputs": {"left": false, "right": false, "up": false, "down": false}}
2025-09-23 20:11:49,236 - game_server - INFO - log_game_event:61 - Игровое событие: обновление_позиции - {"client_id": 0, "position": {"x": 960, "y": 540}, "inputs": {"left": false, "right": false, "up": false, "down": false}}
2025-09-23 20:11:49,271 - game_server - INFO - log_game_event:61 - Игровое событие: обновление_позиции - {"client_id": 0, "position": {"x": 960, "y": 540}, "inputs": {"left": false, "right": false, "up": false, "down": false}}
2025-09-23 20:11:49,309 - game_server - INFO - log_game_event:61 - Игровое событие: обновление_позиции - {"client_id": 0, "position": {"x": 960, "y": 540}, "inputs": {"left": false, "right": false, "up": false, "down": false}}
2025-09-23 20:11:49,343 - game_server - INFO - log_game_event:61 - Игровое событие: обновление_позиции - {"client_id": 0, "position": {"x": 960, "y": 540}, "inputs": {"left": false, "right": false, "up": false, "down": false}}
2025-09-23 20:11:49,378 - game_server - INFO - log_game_event:61 - Игровое событие: обновление_позиции - {"client_id": 0, "position": {"x": 960, "y": 540}, "inputs": {"left": false, "right": false, "up": false, "down": false}}
2025-09-23 20:11:49,411 - game_server - INFO - log_game_event:61 - Игровое событие: обновление_позиции - {"client_id": 0, "position": {"x": 960, "y": 540}, "inputs": {"left": false, "right": false, "up": false, "down": false}}
2025-09-23 20:11:49,446 - game_server - INFO - log_game_event:61 - Игровое событие: обновление_позиции - {"client_id": 0, "position": {"x": 960, "y": 540}, "inputs": {"left": false, "right": false, "up": false, "down": false}}
2025-09-23 20:11:49,481 - game_server - INFO - log_game_event:61 - Игровое событие: обновление_позиции - {"client_id": 0, "position": {"x": 960, "y": 540}, "inputs": {"left": false, "right": false, "up": false, "down": false}}
2025-09-23 20:11:49,517 - game_server - INFO - log_game_event:61 - Игровое событие: обновление_позиции - {"client_id": 0, "position": {"x": 960, "y": 540}, "inputs": {"left": false, "right": false, "up": false, "down": false}}
2025-09-23 20:11:49,552 - game_server - INFO - log_game_event:61 - Игровое событие: обновление_позиции - {"client_id": 0, "position": {"x": 960, "y": 540}, "inputs": {"left": false, "right": false, "up": false, "down": false}}
2025-09-23 20:11:49,587 - game_server - INFO - log_game_event:61 - Игровое событие: обновление_позиции - {"client_id": 0, "position": {"x": 960, "y": 540}, "inputs": {"left": false, "right": false, "up": false, "down": false}}
2025-09-23 20:11:49,622 - game_server - INFO - log_game_event:61 - Игровое событие: обновление_позиции - {"client_id": 0, "position": {"x": 960, "y": 540}, "inputs": {"left": false, "right": false, "up": false, "down": false}}
2025-09-23 20:11:49,658 - game_server - INFO - log_game_event:61 - Игровое событие: обновление_позиции - {"client_id": 0, "position": {"x": 960, "y": 540}, "inputs": {"left": false, "right": false, "up": false, "down": false}}
2025-09-23 20:11:49,694 - game_server - INFO - log_game_event:61 - Игровое событие: обновление_позиции - {"client_id": 0, "position": {"x": 960, "y": 540}, "inputs": {"left": false, "right": false, "up": false, "down": false}}
2025-09-23 20:11:49,728 - game_server - INFO - log_game_event:61 - Игровое событие: обновление_позиции - {"client_id": 0, "position": {"x": 960, "y": 540}, "inputs": {"left": false, "right": false, "up": false, "down": false}}
2025-09-23 20:11:49,761 - game_server - INFO - log_game_event:61 - Игровое событие: обновление_позиции - {"client_id": 0, "position": {"x": 960, "y": 540}, "inputs": {"left": false, "right": false, "up": false, "down": false}}
2025-09-23 20:11:49,794 - game_server - INFO - log_game_event:61 - Игровое событие: обновление_позиции - {"client_id": 0, "position": {"x": 960, "y": 540}, "inputs": {"left": false, "right": false, "up": false, "down": false}}
2025-09-23 20:11:49,829 - game_server - INFO - log_game_event:61 - Игровое событие: обновление_позиции - {"client_id": 0, "position": {"x": 960, "y": 540}, "inputs": {"left": false, "right": false, "up": false, "down": false}}
2025-09-23 20:11:49,865 - game_server - INFO - log_game_event:61 - Игровое событие: обновление_позиции - {"client_id": 0, "position": {"x": 960, "y": 540}, "inputs": {"left": false, "right": false, "up": false, "down": false}}
2025-09-23 20:11:49,901 - game_server - INFO - log_game_event:61 - Игровое событие: обновление_позиции - {"client_id": 0, "position": {"x": 960, "y": 540}, "inputs": {"left": false, "right": false, "up": false, "down": false}}
2025-09-23 20:11:49,934 - game_server - INFO - log_game_event:61 - Игровое событие: обновление_позиции - {"client_id": 0, "position": {"x": 960, "y": 540}, "inputs": {"left": false, "right": false, "up": false, "down": false}}
2025-09-23 20:11:49,972 - game_server - INFO - log_game_event:61 - Игровое событие: обновление_позиции - {"client_id": 0, "position": {"x": 960, "y": 540}, "inputs": {"left": false, "right": false, "up": false, "down": false}}
2025-09-23 20:11:50,007 - game_server - INFO - log_game_event:61 - Игровое событие: обновление_позиции - {"client_id": 0, "position": {"x": 960, "y": 540}, "inputs": {"left": false, "right": false, "up": false, "down": false}}
2025-09-23 20:11:50,041 - game_server - INFO - log_game_event:61 - Игровое событие: обновление_позиции - {"client_id": 0, "position": {"x": 960, "y": 540}, "inputs": {"left": false, "right": false, "up": false, "down": false}}
2025-09-23 20:11:50,076 - game_server - INFO - log_game_event:61 - Игровое событие: обновление_позиции - {"client_id": 0, "position": {"x": 960, "y": 540}, "inputs": {"left": false, "right": false, "up": false, "down": false}}
2025-09-23 20:11:50,109 - game_server - INFO - log_game_event:61 - Игровое событие: обновление_позиции - {"client_id": 0, "position": {"x": 960, "y": 540}, "inputs": {"left": false, "right": false, "up": false, "down": false}}
2025-09-23 20:11:50,145 - game_server - INFO - log_game_event:61 - Игровое событие: обновление_позиции - {"client_id": 0, "position": {"x": 960, "y": 540}, "inputs": {"left": false, "right": false, "up": false, "down": false}}
2025-09-23 20:11:50,174 - game_server - INFO - log_game_event:61 - Игровое событие: обновление_позиции - {"client_id": 0, "position": {"x": 960, "y": 540}, "inputs": {"left": false, "right": false, "up": false, "down": false}}
2025-09-23 20:11:50,208 - game_server - INFO - log_game_event:61 - Игровое событие: обновление_позиции - {"client_id": 0, "position": {"x": 960, "y": 540}, "inputs": {"left": false, "right": false, "up": false, "down": false}}
2025-09-23 20:11:50,242 - game_server - INFO - log_game_event:61 - Игровое событие: обновление_позиции - {"client_id": 0, "position": {"x": 960, "y": 540}, "inputs": {"left": false, "right": false, "up": false, "down": false}}
2025-09-23 20:11:50,275 - game_server - INFO - log_game_event:61 - Игровое событие: обновление_позиции - {"client_id": 0, "position": {"x": 960, "y": 540}, "inputs": {"left": false, "right": false, "up": false, "down": false}}
2025-09-23 20:11:50,308 - game_server - INFO - log_game_event:61 - Игровое событие: обновление_позиции - {"client_id": 0, "position": {"x": 960, "y": 540}, "inputs": {"left": false, "right": false, "up": false, "down": false}}
2025-09-23 20:11:50,343 - game_server - INFO - log_game_event:61 - Игровое событие: обновление_позиции - {"client_id": 0, "position": {"x": 960, "y": 540}, "inputs": {"left": false, "right": false, "up": false, "down": false}}
2025-09-23 20:11:50,378 - game_server - INFO - log_game_event:61 - Игровое событие: обновление_позиции - {"client_id": 0, "position": {"x": 960, "y": 540}, "inputs": {"left": false, "right": false, "up": false, "down": false}}
2025-09-23 20:11:50,412 - game_server - INFO - log_game_event:61 - Игровое событие: обновление_позиции - {"client_id": 0, "position": {"x": 960, "y": 540}, "inputs": {"left": false, "right": false, "up": false, "down": false}}
2025-09-23 20:11:50,445 - game_server - INFO - log_game_event:61 - Игровое событие: обновление_позиции - {"client_id": 0, "position": {"x": 960, "y": 540}, "inputs": {"left": false, "right": false, "up": false, "down": false}}
2025-09-23 20:11:50,477 - game_server - INFO - log_game_event:61 - Игровое событие: обновление_позиции - {"client_id": 0, "position": {"x": 960, "y": 540}, "inputs": {"left": false, "right": false, "up": false, "down": false}}
2025-09-23 20:11:50,511 - game_server - INFO - log_game_event:61 - Игровое событие: обновление_позиции - {"client_id": 0, "position": {"x": 960, "y": 540}, "inputs": {"left": false, "right": false, "up": false, "down": false}}
2025-09-23 20:11:50,544 - game_server - INFO - log_game_event:61 - Игровое событие: обновление_позиции - {"client_id": 0, "position": {"x": 960, "y": 540}, "inputs": {"left": false, "right": false, "up": false, "down": false}}
2025-09-23 20:11:50,578 - game_server - INFO - log_game_event:61 - Игровое событие: обновление_позиции - {"client_id": 0, "position": {"x": 960, "y": 540}, "inputs": {"left": false, "right": false, "up": false, "down": false}}
2025-09-23 20:11:50,615 - game_server - INFO - log_game_event:61 - Игровое событие: обновление_позиции - {"client_id": 0, "position": {"x": 960, "y": 540}, "inputs": {"left": false, "right": false, "up": false, "down": false}}
2025-09-23 20:11:50,649 - game_server - INFO - log_game_event:61 - Игровое событие: обновление_позиции - {"client_id": 0, "position": {"x": 960, "y": 540}, "inputs": {"left": false, "right": false, "up": false, "down": false}}
2025-09-23 20:11:50,683 - game_server - INFO - log_game_event:61 - Игровое событие: обновление_позиции - {"client_id": 0, "position": {"x": 960, "y": 540}, "inputs": {"left": false, "right": false, "up": false, "down": false}}
2025-09-23 20:11:50,716 - game_server - INFO - log_game_event:61 - Игровое событие: обновление_позиции - {"client_id": 0, "position": {"x": 960, "y": 540}, "inputs": {"left": false, "right": false, "up": false, "down": false}}
2025-09-23 20:11:50,751 - game_server - INFO - log_game_event:61 - Игровое событие: обновление_позиции - {"client_id": 0, "position": {"x": 960, "y": 540}, "inputs": {"left": false, "right": false, "up": false, "down": false}}
2025-09-23 20:11:50,787 - game_server - INFO - log_game_event:61 - Игровое событие: обновление_позиции - {"client_id": 0, "position": {"x": 960, "y": 540}, "inputs": {"left": false, "right": false, "up": false, "down": false}}
2025-09-23 20:11:50,823 - game_server - INFO - log_game_event:61 - Игровое событие: обновление_позиции - {"client_id": 0, "position": {"x": 960, "y": 540}, "inputs": {"left": false, "right": false, "up": false, "down": false}}
2025-09-23 20:11:50,857 - game_server - INFO - log_game_event:61 - Игровое событие: обновление_позиции - {"client_id": 0, "position": {"x": 960, "y": 540}, "inputs": {"left": false, "right": false, "up": false, "down": false}}
2025-09-23 20:11:50,893 - game_server - INFO - log_game_event:61 - Игровое событие: обновление_позиции - {"client_id": 0, "position": {"x": 960, "y": 540}, "inputs": {"left": false, "right": false, "up": false, "down": false}}
2025-09-23 20:11:50,926 - game_server - INFO - log_game_event:61 - Игровое событие: обновление_позиции - {"client_id": 0, "position": {"x": 960, "y": 540}, "inputs": {"left": false, "right": false, "up": false, "down": false}}
2025-09-23 20:11:50,960 - game_server - INFO - log_game_event:61 - Игровое событие: обновление_позиции - {"client_id": 0, "position": {"x": 960, "y": 540}, "inputs": {"left": false, "right": false, "up": false, "down": false}}
2025-09-23 20:11:50,996 - game_server - INFO - log_game_event:61 - Игровое событие: обновление_позиции - {"client_id": 0, "position": {"x": 960, "y": 540}, "inputs": {"left": false, "right": false, "up": false, "down": false}}
2025-09-23 20:11:51,032 - game_server - INFO - log_game_event:61 - Игровое событие: обновление_позиции - {"client_id": 0, "position": {"x": 960, "y": 540}, "inputs": {"left": false, "right": false, "up": false, "down": false}}
2025-09-23 20:11:51,067 - game_server - INFO - log_game_event:61 - Игровое событие: обновление_позиции - {"client_id": 0, "position": {"x": 960, "y": 540}, "inputs": {"left": false, "right": false, "up": false, "down": false}}
2025-09-23 20:11:51,103 - game_server - INFO - log_game_event:61 - Игровое событие: обновление_позиции - {"client_id": 0, "position": {"x": 960, "y": 540}, "inputs": {"left": false, "right": false, "up": false, "down": false}}
2025-09-23 20:11:51,138 - game_server - INFO - log_game_event:61 - Игровое событие: обновление_позиции - {"client_id": 0, "position": {"x": 960, "y": 540}, "inputs": {"left": false, "right": false, "up": false, "down": false}}
2025-09-23 20:11:51,205 - game_server - INFO - log_game_event:61 - Игровое событие: обновление_позиции - {"client_id": 0, "position": {"x": 960, "y": 540}, "inputs": {"left": false, "right": false, "up": false, "down": false}}
2025-09-23 20:11:51,241 - game_server - INFO - log_game_event:61 - Игровое событие: обновление_позиции - {"client_id": 0, "position": {"x": 960, "y": 540}, "inputs": {"left": false, "right": false, "up": false, "down": false}}
2025-09-23 20:11:51,267 - game_server - INFO - log_game_event:61 - Игровое событие: обновление_позиции - {"client_id": 0, "position": {"x": 960, "y": 540}, "inputs": {"left": false, "right": false, "up": false, "down": false}}
2025-09-23 20:11:51,302 - game_server - INFO - log_game_event:61 - Игровое событие: обновление_позиции - {"client_id": 0, "position": {"x": 960, "y": 540}, "inputs": {"left": false, "right": false, "up": false, "down": false}}
2025-09-23 20:11:51,337 - game_server - INFO - log_game_event:61 - Игровое событие: обновление_позиции - {"client_id": 0, "position": {"x": 960, "y": 540}, "inputs": {"left": false, "right": false, "up": false, "down": false}}
2025-09-23 20:11:51,370 - game_server - INFO - log_game_event:61 - Игровое событие: обновление_позиции - {"client_id": 0, "position": {"x": 960, "y": 540}, "inputs": {"left": false, "right": false, "up": false, "down": false}}
2025-09-23 20:11:51,399 - game_server - INFO - log_game_event:61 - Игровое событие: обновление_позиции - {"client_id": 0, "position": {"x": 960, "y": 540}, "inputs": {"left": false, "right": false, "up": false, "down": false}}
2025-09-23 20:11:51,434 - game_server - INFO - log_game_event:61 - Игровое событие: обновление_позиции - {"client_id": 0, "position": {"x": 960, "y": 540}, "inputs": {"left": false, "right": false, "up": false, "down": false}}
2025-09-23 20:11:51,469 - game_server - INFO - log_game_event:61 - Игровое событие: обновление_позиции - {"client_id": 0, "position": {"x": 960, "y": 540}, "inputs": {"left": false, "right": false, "up": false, "down": false}}
2025-09-23 20:11:51,500 - game_server - INFO - log_game_event:61 - Игровое событие: обновление_позиции - {"client_id": 0, "position": {"x": 960, "y": 540}, "inputs": {"left": false, "right": false, "up": false, "down": false}}
2025-09-23 20:11:51,524 - game_server - INFO - log_game_event:61 - Игровое событие: обновление_позиции - {"client_id": 0, "position": {"x": 960, "y": 540}, "inputs": {"left": false, "right": false, "up": false, "down": false}}
2025-09-23 20:11:51,555 - game_server - INFO - log_game_event:61 - Игровое событие: обновление_позиции - {"client_id": 0, "position": {"x": 960, "y": 540}, "inputs": {"left": false, "right": false, "up": false, "down": false}}
2025-09-23 20:11:51,584 - game_server - INFO - log_game_event:61 - Игровое событие: обновление_позиции - {"client_id": 0, "position": {"x": 960, "y": 540}, "inputs": {"left": false, "right": false, "up": false, "down": false}}
2025-09-23 20:11:51,611 - game_server - INFO - log_game_event:61 - Игровое событие: обновление_позиции - {"client_id": 0, "position": {"x": 960, "y": 540}, "inputs": {"left": false, "right": false, "up": false, "down": false}}
2025-09-23 20:11:51,638 - game_server - INFO - log_game_event:61 - Игровое событие: обновление_позиции - {"client_id": 0, "position": {"x": 960, "y": 540}, "inputs": {"left": false, "right": false, "up": false, "down": false}}
2025-09-23 20:11:51,671 - game_server - INFO - log_game_event:61 - Игровое событие: обновление_позиции - {"client_id": 0, "position": {"x": 960, "y": 540}, "inputs": {"left": false, "right": false, "up": false, "down": false}}
2025-09-23 20:11:51,705 - game_server - INFO - log_game_event:61 - Игровое событие: обновление_позиции - {"client_id": 0, "position": {"x": 960, "y": 540}, "inputs": {"left": false, "right": false, "up": false, "down": false}}
2025-09-23 20:11:51,740 - game_server - INFO - log_game_event:61 - Игровое событие: обновление_позиции - {"client_id": 0, "position": {"x": 960, "y": 540}, "inputs": {"left": false, "right": false, "up": false, "down": false}}
2025-09-23 20:11:51,774 - game_server - INFO - log_game_event:61 - Игровое событие: обновление_позиции - {"client_id": 0, "position": {"x": 960, "y": 540}, "inputs": {"left": false, "right": false, "up": false, "down": false}}
2025-09-23 20:11:51,806 - game_server - INFO - log_game_event:61 - Игровое событие: обновление_позиции - {"client_id": 0, "position": {"x": 960, "y": 540}, "inputs": {"left": false, "right": false, "up": false, "down": false}}
2025-09-23 20:11:51,841 - game_server - INFO - log_game_event:61 - Игровое событие: обновление_позиции - {"client_id": 0, "position": {"x": 960, "y": 540}, "inputs": {"left": false, "right": false, "up": false, "down": false}}
2025-09-23 20:11:51,875 - game_server - INFO - log_game_event:61 - Игровое событие: обновление_позиции - {"client_id": 0, "position": {"x": 960, "y": 540}, "inputs": {"left": false, "right": false, "up": false, "down": false}}
2025-09-23 20:11:51,911 - game_server - INFO - log_game_event:61 - Игровое событие: обновление_позиции - {"client_id": 0, "position": {"x": 960, "y": 535}, "inputs": {"left": false, "right": false, "up": true, "down": false}}
2025-09-23 20:11:51,945 - game_server - INFO - log_game_event:61 - Игровое событие: обновление_позиции - {"client_id": 0, "position": {"x": 960, "y": 530}, "inputs": {"left": false, "right": false, "up": true, "down": false}}
2025-09-23 20:11:51,979 - game_server - INFO - log_game_event:61 - Игровое событие: обновление_позиции - {"client_id": 0, "position": {"x": 960, "y": 525}, "inputs": {"left": false, "right": false, "up": true, "down": false}}
2025-09-23 20:11:52,012 - game_server - INFO - log_game_event:61 - Игровое событие: обновление_позиции - {"client_id": 0, "position": {"x": 960, "y": 520}, "inputs": {"left": false, "right": false, "up": true, "down": false}}
2025-09-23 20:11:52,047 - game_server - INFO - log_game_event:61 - Игровое событие: обновление_позиции - {"client_id": 0, "position": {"x": 960, "y": 515}, "inputs": {"left": false, "right": false, "up": true, "down": false}}
2025-09-23 20:11:52,084 - game_server - INFO - log_game_event:61 - Игровое событие: обновление_позиции - {"client_id": 0, "position": {"x": 960, "y": 510}, "inputs": {"left": false, "right": false, "up": true, "down": false}}
2025-09-23 20:11:52,118 - game_server - INFO - log_game_event:61 - Игровое событие: обновление_позиции - {"client_id": 0, "position": {"x": 960, "y": 505}, "inputs": {"left": false, "right": false, "up": true, "down": false}}
2025-09-23 20:11:52,153 - game_server - INFO - log_game_event:61 - Игровое событие: обновление_позиции - {"client_id": 0, "position": {"x": 960, "y": 500}, "inputs": {"left": false, "right": false, "up": true, "down": false}}
2025-09-23 20:11:52,188 - game_server - INFO - log_game_event:61 - Игровое событие: обновление_позиции - {"client_id": 0, "position": {"x": 960, "y": 495}, "inputs": {"left": false, "right": false, "up": true, "down": false}}
2025-09-23 20:11:52,221 - game_server - INFO - log_game_event:61 - Игровое событие: обновление_позиции - {"client_id": 0, "position": {"x": 960, "y": 490}, "inputs": {"left": false, "right": false, "up": true, "down": false}}
2025-09-23 20:11:52,257 - game_server - INFO - log_game_event:61 - Игровое событие: обновление_позиции - {"client_id": 0, "position": {"x": 955, "y": 485}, "inputs": {"left": true, "right": false, "up": true, "down": false}}
2025-09-23 20:11:52,293 - game_server - INFO - log_game_event:61 - Игровое событие: обновление_позиции - {"client_id": 0, "position": {"x": 950, "y": 480}, "inputs": {"left": true, "right": false, "up": true, "down": false}}
2025-09-23 20:11:52,328 - game_server - INFO - log_game_event:61 - Игровое событие: обновление_позиции - {"client_id": 0, "position": {"x": 945, "y": 475}, "inputs": {"left": true, "right": false, "up": true, "down": false}}
2025-09-23 20:11:52,364 - game_server - INFO - log_game_event:61 - Игровое событие: обновление_позиции - {"client_id": 0, "position": {"x": 940, "y": 470}, "inputs": {"left": true, "right": false, "up": true, "down": false}}
2025-09-23 20:11:52,399 - game_server - INFO - log_game_event:61 - Игровое событие: обновление_позиции - {"client_id": 0, "position": {"x": 935, "y": 465}, "inputs": {"left": true, "right": false, "up": true, "down": false}}
2025-09-23 20:11:52,432 - game_server - INFO - log_game_event:61 - Игровое событие: обновление_позиции - {"client_id": 0, "position": {"x": 930, "y": 460}, "inputs": {"left": true, "right": false, "up": true, "down": false}}
2025-09-23 20:11:52,466 - game_server - INFO - log_game_event:61 - Игровое событие: обновление_позиции - {"client_id": 0, "position": {"x": 925, "y": 455}, "inputs": {"left": true, "right": false, "up": true, "down": false}}
2025-09-23 20:11:52,502 - game_server - INFO - log_game_event:61 - Игровое событие: обновление_позиции - {"client_id": 0, "position": {"x": 920, "y": 450}, "inputs": {"left": true, "right": false, "up": true, "down": false}}
2025-09-23 20:11:52,537 - game_server - INFO - log_game_event:61 - Игровое событие: обновление_позиции - {"client_id": 0, "position": {"x": 915, "y": 445}, "inputs": {"left": true, "right": false, "up": true, "down": false}}
2025-09-23 20:11:52,572 - game_server - INFO - log_game_event:61 - Игровое событие: обновление_позиции - {"client_id": 0, "position": {"x": 910, "y": 440}, "inputs": {"left": true, "right": false, "up": true, "down": false}}
2025-09-23 20:11:52,605 - game_server - INFO - log_game_event:61 - Игровое событие: обновление_позиции - {"client_id": 0, "position": {"x": 905, "y": 435}, "inputs": {"left": true, "right": false, "up": true, "down": false}}
2025-09-23 20:11:52,639 - game_server - INFO - log_game_event:61 - Игровое событие: обновление_позиции - {"client_id": 0, "position": {"x": 900, "y": 430}, "inputs": {"left": true, "right": false, "up": true, "down": false}}
2025-09-23 20:11:52,673 - game_server - INFO - log_game_event:61 - Игровое событие: обновление_позиции - {"client_id": 0, "position": {"x": 895, "y": 425}, "inputs": {"left": true, "right": false, "up": true, "down": false}}
2025-09-23 20:11:52,709 - game_server - INFO - log_game_event:61 - Игровое событие: обновление_позиции - {"client_id": 0, "position": {"x": 890, "y": 425}, "inputs": {"left": true, "right": false, "up": false, "down": false}}
2025-09-23 20:11:52,744 - game_server - INFO - log_game_event:61 - Игровое событие: обновление_позиции - {"client_id": 0, "position": {"x": 885, "y": 425}, "inputs": {"left": true, "right": false, "up": false, "down": false}}
2025-09-23 20:11:52,774 - game_server - INFO - log_game_event:61 - Игровое событие: обновление_позиции - {"client_id": 0, "position": {"x": 880, "y": 425}, "inputs": {"left": true, "right": false, "up": false, "down": false}}
2025-09-23 20:11:52,807 - game_server - INFO - log_game_event:61 - Игровое событие: обновление_позиции - {"client_id": 0, "position": {"x": 875, "y": 425}, "inputs": {"left": true, "right": false, "up": false, "down": false}}
2025-09-23 20:11:52,839 - game_server - INFO - log_game_event:61 - Игровое событие: обновление_позиции - {"client_id": 0, "position": {"x": 870, "y": 425}, "inputs": {"left": true, "right": false, "up": false, "down": false}}
2025-09-23 20:11:52,872 - game_server - INFO - log_game_event:61 - Игровое событие: обновление_позиции - {"client_id": 0, "position": {"x": 865, "y": 425}, "inputs": {"left": true, "right": false, "up": false, "down": false}}
2025-09-23 20:11:52,906 - game_server - INFO - log_game_event:61 - Игровое событие: обновление_позиции - {"client_id": 0, "position": {"x": 860, "y": 425}, "inputs": {"left": true, "right": false, "up": false, "down": false}}
2025-09-23 20:11:52,940 - game_server - INFO - log_game_event:61 - Игровое событие: обновление_позиции - {"client_id": 0, "position": {"x": 855, "y": 425}, "inputs": {"left": true, "right": false, "up": false, "down": false}}
2025-09-23 20:11:52,971 - game_server - INFO - log_game_event:61 - Игровое событие: обновление_позиции - {"client_id": 0, "position": {"x": 850, "y": 425}, "inputs": {"left": true, "right": false, "up": false, "down": false}}
2025-09-23 20:11:53,006 - game_server - INFO - log_game_event:61 - Игровое событие: обновление_позиции - {"client_id": 0, "position": {"x": 845, "y": 425}, "inputs": {"left": true, "right": false, "up": false, "down": false}}
2025-09-23 20:11:53,039 - game_server - INFO - log_game_event:61 - Игровое событие: обновление_позиции - {"client_id": 0, "position": {"x": 840, "y": 425}, "inputs": {"left": true, "right": false, "up": false, "down": false}}
2025-09-23 20:11:53,072 - game_server - INFO - log_game_event:61 - Игровое событие: обновление_позиции - {"client_id": 0, "position": {"x": 835, "y": 425}, "inputs": {"left": true, "right": false, "up": false, "down": false}}
2025-09-23 20:11:53,107 - game_server - INFO - log_game_event:61 - Игровое событие: обновление_позиции - {"client_id": 0, "position": {"x": 830, "y": 425}, "inputs": {"left": true, "right": false, "up": false, "down": false}}
2025-09-23 20:11:53,142 - game_server - INFO - log_game_event:61 - Игровое событие: обновление_позиции - {"client_id": 0, "position": {"x": 825, "y": 425}, "inputs": {"left": true, "right": false, "up": false, "down": false}}
2025-09-23 20:11:53,176 - game_server - INFO - log_game_event:61 - Игровое событие: обновление_позиции - {"client_id": 0, "position": {"x": 820, "y": 425}, "inputs": {"left": true, "right": false, "up": false, "down": false}}
2025-09-23 20:11:53,209 - game_server - INFO - log_game_event:61 - Игровое событие: обновление_позиции - {"client_id": 0, "position": {"x": 815, "y": 425}, "inputs": {"left": true, "right": false, "up": false, "down": false}}
2025-09-23 20:11:53,246 - game_server - INFO - log_game_event:61 - Игровое событие: обновление_позиции - {"client_id": 0, "position": {"x": 810, "y": 425}, "inputs": {"left": true, "right": false, "up": false, "down": false}}
2025-09-23 20:11:53,279 - game_server - INFO - log_game_event:61 - Игровое событие: обновление_позиции - {"client_id": 0, "position": {"x": 805, "y": 425}, "inputs": {"left": true, "right": false, "up": false, "down": false}}
2025-09-23 20:11:53,316 - game_server - INFO - log_game_event:61 - Игровое событие: обновление_позиции - {"client_id": 0, "position": {"x": 800, "y": 425}, "inputs": {"left": true, "right": false, "up": false, "down": false}}
2025-09-23 20:11:53,350 - game_server - INFO - log_game_event:61 - Игровое событие: обновление_позиции - {"client_id": 0, "position": {"x": 795, "y": 425}, "inputs": {"left": true, "right": false, "up": false, "down": false}}
2025-09-23 20:11:53,386 - game_server - INFO - log_game_event:61 - Игровое событие: обновление_позиции - {"client_id": 0, "position": {"x": 790, "y": 425}, "inputs": {"left": true, "right": false, "up": false, "down": false}}
2025-09-23 20:11:53,421 - game_server - INFO - log_game_event:61 - Игровое событие: обновление_позиции - {"client_id": 0, "position": {"x": 785, "y": 425}, "inputs": {"left": true, "right": false, "up": false, "down": false}}
2025-09-23 20:11:53,457 - game_server - INFO - log_game_event:61 - Игровое событие: обновление_позиции - {"client_id": 0, "position": {"x": 780, "y": 430}, "inputs": {"left": true, "right": false, "up": false, "down": true}}
2025-09-23 20:11:53,491 - game_server - INFO - log_game_event:61 - Игровое событие: обновление_позиции - {"client_id": 0, "position": {"x": 775, "y": 435}, "inputs": {"left": true, "right": false, "up": false, "down": true}}
2025-09-23 20:11:53,524 - game_server - INFO - log_game_event:61 - Игровое событие: обновление_позиции - {"client_id": 0, "position": {"x": 770, "y": 440}, "inputs": {"left": true, "right": false, "up": false, "down": true}}
2025-09-23 20:11:53,558 - game_server - INFO - log_game_event:61 - Игровое событие: обновление_позиции - {"client_id": 0, "position": {"x": 765, "y": 445}, "inputs": {"left": true, "right": false, "up": false, "down": true}}
2025-09-23 20:11:53,592 - game_server - INFO - log_game_event:61 - Игровое событие: обновление_позиции - {"client_id": 0, "position": {"x": 765, "y": 450}, "inputs": {"left": false, "right": false, "up": false, "down": true}}
2025-09-23 20:11:53,625 - game_server - INFO - log_game_event:61 - Игровое событие: обновление_позиции - {"client_id": 0, "position": {"x": 765, "y": 455}, "inputs": {"left": false, "right": false, "up": false, "down": true}}
2025-09-23 20:11:53,660 - game_server - INFO - log_game_event:61 - Игровое событие: обновление_позиции - {"client_id": 0, "position": {"x": 765, "y": 460}, "inputs": {"left": false, "right": false, "up": false, "down": true}}
2025-09-23 20:11:53,695 - game_server - INFO - log_game_event:61 - Игровое событие: обновление_позиции - {"client_id": 0, "position": {"x": 765, "y": 465}, "inputs": {"left": false, "right": false, "up": false, "down": true}}
2025-09-23 20:11:53,729 - game_server - INFO - log_game_event:61 - Игровое событие: обновление_позиции - {"client_id": 0, "position": {"x": 765, "y": 470}, "inputs": {"left": false, "right": false, "up": false, "down": true}}
2025-09-23 20:11:53,762 - game_server - INFO - log_game_event:61 - Игровое событие: обновление_позиции - {"client_id": 0, "position": {"x": 765, "y": 475}, "inputs": {"left": false, "right": false, "up": false, "down": true}}
2025-09-23 20:11:53,797 - game_server - INFO - log_game_event:61 - Игровое событие: обновление_позиции - {"client_id": 0, "position": {"x": 765, "y": 480}, "inputs": {"left": false, "right": false, "up": false, "down": true}}
2025-09-23 20:11:53,831 - game_server - INFO - log_game_event:61 - Игровое событие: обновление_позиции - {"client_id": 0, "position": {"x": 765, "y": 485}, "inputs": {"left": false, "right": false, "up": false, "down": true}}
2025-09-23 20:11:53,866 - game_server - INFO - log_game_event:61 - Игровое событие: обновление_позиции - {"client_id": 0, "position": {"x": 765, "y": 490}, "inputs": {"left": false, "right": false, "up": false, "down": true}}
2025-09-23 20:11:53,899 - game_server - INFO - log_game_event:61 - Игровое событие: обновление_позиции - {"client_id": 0, "position": {"x": 765, "y": 495}, "inputs": {"left": false, "right": false, "up": false, "down": true}}
2025-09-23 20:11:53,932 - game_server - INFO - log_game_event:61 - Игровое событие: обновление_позиции - {"client_id": 0, "position": {"x": 765, "y": 500}, "inputs": {"left": false, "right": false, "up": false, "down": true}}
2025-09-23 20:11:53,966 - game_server - INFO - log_game_event:61 - Игровое событие: обновление_позиции - {"client_id": 0, "position": {"x": 765, "y": 505}, "inputs": {"left": false, "right": false, "up": false, "down": true}}
2025-09-23 20:11:54,001 - game_server - INFO - log_game_event:61 - Игровое событие: обновление_позиции - {"client_id": 0, "position": {"x": 770, "y": 510}, "inputs": {"left": false, "right": true, "up": false, "down": true}}
2025-09-23 20:11:54,036 - game_server - INFO - log_game_event:61 - Игровое событие: обновление_позиции - {"client_id": 0, "position": {"x": 775, "y": 515}, "inputs": {"left": false, "right": true, "up": false, "down": true}}
2025-09-23 20:11:54,071 - game_server - INFO - log_game_event:61 - Игровое событие: обновление_позиции - {"client_id": 0, "position": {"x": 780, "y": 520}, "inputs": {"left": false, "right": true, "up": false, "down": true}}
2025-09-23 20:11:54,106 - game_server - INFO - log_game_event:61 - Игровое событие: обновление_позиции - {"client_id": 0, "position": {"x": 785, "y": 525}, "inputs": {"left": false, "right": true, "up": false, "down": true}}
2025-09-23 20:11:54,140 - game_server - INFO - log_game_event:61 - Игровое событие: обновление_позиции - {"client_id": 0, "position": {"x": 790, "y": 530}, "inputs": {"left": false, "right": true, "up": false, "down": true}}
2025-09-23 20:11:54,174 - game_server - INFO - log_game_event:61 - Игровое событие: обновление_позиции - {"client_id": 0, "position": {"x": 795, "y": 535}, "inputs": {"left": false, "right": true, "up": false, "down": true}}
2025-09-23 20:11:54,207 - game_server - INFO - log_game_event:61 - Игровое событие: обновление_позиции - {"client_id": 0, "position": {"x": 800, "y": 540}, "inputs": {"left": false, "right": true, "up": false, "down": true}}
2025-09-23 20:11:54,241 - game_server - INFO - log_game_event:61 - Игровое событие: обновление_позиции - {"client_id": 0, "position": {"x": 805, "y": 545}, "inputs": {"left": false, "right": true, "up": false, "down": true}}
2025-09-23 20:11:54,275 - game_server - INFO - log_game_event:61 - Игровое событие: обновление_позиции - {"client_id": 0, "position": {"x": 810, "y": 550}, "inputs": {"left": false, "right": true, "up": false, "down": true}}
2025-09-23 20:11:54,310 - game_server - INFO - log_game_event:61 - Игровое событие: обновление_позиции - {"client_id": 0, "position": {"x": 815, "y": 555}, "inputs": {"left": false, "right": true, "up": false, "down": true}}
2025-09-23 20:11:54,346 - game_server - INFO - log_game_event:61 - Игровое событие: обновление_позиции - {"client_id": 0, "position": {"x": 820, "y": 560}, "inputs": {"left": false, "right": true, "up": false, "down": true}}
2025-09-23 20:11:54,380 - game_server - INFO - log_game_event:61 - Игровое событие: обновление_позиции - {"client_id": 0, "position": {"x": 825, "y": 565}, "inputs": {"left": false, "right": true, "up": false, "down": true}}
2025-09-23 20:11:54,415 - game_server - INFO - log_game_event:61 - Игровое событие: обновление_позиции - {"client_id": 0, "position": {"x": 830, "y": 570}, "inputs": {"left": false, "right": true, "up": false, "down": true}}
2025-09-23 20:11:54,450 - game_server - INFO - log_game_event:61 - Игровое событие: обновление_позиции - {"client_id": 0, "position": {"x": 835, "y": 575}, "inputs": {"left": false, "right": true, "up": false, "down": true}}
2025-09-23 20:11:54,484 - game_server - INFO - log_game_event:61 - Игровое событие: обновление_позиции - {"client_id": 0, "position": {"x": 840, "y": 575}, "inputs": {"left": false, "right": true, "up": false, "down": false}}
2025-09-23 20:11:54,519 - game_server - INFO - log_game_event:61 - Игровое событие: обновление_позиции - {"client_id": 0, "position": {"x": 845, "y": 575}, "inputs": {"left": false, "right": true, "up": false, "down": false}}
2025-09-23 20:11:54,553 - game_server - INFO - log_game_event:61 - Игровое событие: обновление_позиции - {"client_id": 0, "position": {"x": 850, "y": 575}, "inputs": {"left": false, "right": true, "up": false, "down": false}}
2025-09-23 20:11:54,587 - game_server - INFO - log_game_event:61 - Игровое событие: обновление_позиции - {"client_id": 0, "position": {"x": 855, "y": 575}, "inputs": {"left": false, "right": true, "up": false, "down": false}}
2025-09-23 20:11:54,621 - game_server - INFO - log_game_event:61 - Игровое событие: обновление_позиции - {"client_id": 0, "position": {"x": 860, "y": 575}, "inputs": {"left": false, "right": true, "up": false, "down": false}}
2025-09-23 20:11:54,656 - game_server - INFO - log_game_event:61 - Игровое событие: обновление_позиции - {"client_id": 0, "position": {"x": 865, "y": 575}, "inputs": {"left": false, "right": true, "up": false, "down": false}}
2025-09-23 20:11:54,692 - game_server - INFO - log_game_event:61 - Игровое событие: обновление_позиции - {"client_id": 0, "position": {"x": 870, "y": 580}, "inputs": {"left": false, "right": true, "up": false, "down": true}}
2025-09-23 20:11:54,725 - game_server - INFO - log_game_event:61 - Игровое событие: обновление_позиции - {"client_id": 0, "position": {"x": 875, "y": 585}, "inputs": {"left": false, "right": true, "up": false, "down": true}}
2025-09-23 20:11:54,758 - game_server - INFO - log_game_event:61 - Игровое событие: обновление_позиции - {"client_id": 0, "position": {"x": 880, "y": 590}, "inputs": {"left": false, "right": true, "up": false, "down": true}}
2025-09-23 20:11:54,790 - game_server - INFO - log_game_event:61 - Игровое событие: обновление_позиции - {"client_id": 0, "position": {"x": 885, "y": 595}, "inputs": {"left": false, "right": true, "up": false, "down": true}}
2025-09-23 20:11:54,826 - game_server - INFO - log_game_event:61 - Игровое событие: обновление_позиции - {"client_id": 0, "position": {"x": 890, "y": 600}, "inputs": {"left": false, "right": true, "up": false, "down": true}}
2025-09-23 20:11:54,859 - game_server - INFO - log_game_event:61 - Игровое событие: обновление_позиции - {"client_id": 0, "position": {"x": 895, "y": 605}, "inputs": {"left": false, "right": true, "up": false, "down": true}}
2025-09-23 20:11:54,893 - game_server - INFO - log_game_event:61 - Игровое событие: обновление_позиции - {"client_id": 0, "position": {"x": 900, "y": 610}, "inputs": {"left": false, "right": true, "up": false, "down": true}}
2025-09-23 20:11:54,928 - game_server - INFO - log_game_event:61 - Игровое событие: обновление_позиции - {"client_id": 0, "position": {"x": 900, "y": 615}, "inputs": {"left": false, "right": false, "up": false, "down": true}}
2025-09-23 20:11:54,963 - game_server - INFO - log_game_event:61 - Игровое событие: обновление_позиции - {"client_id": 0, "position": {"x": 900, "y": 620}, "inputs": {"left": false, "right": false, "up": false, "down": true}}
2025-09-23 20:11:54,995 - game_server - INFO - log_game_event:61 - Игровое событие: обновление_позиции - {"client_id": 0, "position": {"x": 900, "y": 625}, "inputs": {"left": false, "right": false, "up": false, "down": true}}
2025-09-23 20:11:55,027 - game_server - INFO - log_game_event:61 - Игровое событие: обновление_позиции - {"client_id": 0, "position": {"x": 900, "y": 630}, "inputs": {"left": false, "right": false, "up": false, "down": true}}
2025-09-23 20:11:55,062 - game_server - INFO - log_game_event:61 - Игровое событие: обновление_позиции - {"client_id": 0, "position": {"x": 900, "y": 635}, "inputs": {"left": false, "right": false, "up": false, "down": true}}
2025-09-23 20:11:55,095 - game_server - INFO - log_game_event:61 - Игровое событие: обновление_позиции - {"client_id": 0, "position": {"x": 900, "y": 640}, "inputs": {"left": false, "right": false, "up": false, "down": true}}
2025-09-23 20:11:55,129 - game_server - INFO - log_game_event:61 - Игровое событие: обновление_позиции - {"client_id": 0, "position": {"x": 895, "y": 645}, "inputs": {"left": true, "right": false, "up": false, "down": true}}
2025-09-23 20:11:55,162 - game_server - INFO - log_game_event:61 - Игровое событие: обновление_позиции - {"client_id": 0, "position": {"x": 890, "y": 650}, "inputs": {"left": true, "right": false, "up": false, "down": true}}
2025-09-23 20:11:55,197 - game_server - INFO - log_game_event:61 - Игровое событие: обновление_позиции - {"client_id": 0, "position": {"x": 885, "y": 655}, "inputs": {"left": true, "right": false, "up": false, "down": true}}
2025-09-23 20:11:55,229 - game_server - INFO - log_game_event:61 - Игровое событие: обновление_позиции - {"client_id": 0, "position": {"x": 880, "y": 660}, "inputs": {"left": true, "right": false, "up": false, "down": true}}
2025-09-23 20:11:55,262 - game_server - INFO - log_game_event:61 - Игровое событие: обновление_позиции - {"client_id": 0, "position": {"x": 875, "y": 665}, "inputs": {"left": true, "right": false, "up": false, "down": true}}
2025-09-23 20:11:55,296 - game_server - INFO - log_game_event:61 - Игровое событие: обновление_позиции - {"client_id": 0, "position": {"x": 870, "y": 670}, "inputs": {"left": true, "right": false, "up": false, "down": true}}
2025-09-23 20:11:55,332 - game_server - INFO - log_game_event:61 - Игровое событие: обновление_позиции - {"client_id": 0, "position": {"x": 865, "y": 675}, "inputs": {"left": true, "right": false, "up": false, "down": true}}
2025-09-23 20:11:55,366 - game_server - INFO - log_game_event:61 - Игровое событие: обновление_позиции - {"client_id": 0, "position": {"x": 860, "y": 680}, "inputs": {"left": true, "right": false, "up": false, "down": true}}
2025-09-23 20:11:55,400 - game_server - INFO - log_game_event:61 - Игровое событие: обновление_позиции - {"client_id": 0, "position": {"x": 855, "y": 685}, "inputs": {"left": true, "right": false, "up": false, "down": true}}
2025-09-23 20:11:55,434 - game_server - INFO - log_game_event:61 - Игровое событие: обновление_позиции - {"client_id": 0, "position": {"x": 850, "y": 690}, "inputs": {"left": true, "right": false, "up": false, "down": true}}
2025-09-23 20:11:55,467 - game_server - INFO - log_game_event:61 - Игровое событие: обновление_позиции - {"client_id": 0, "position": {"x": 845, "y": 695}, "inputs": {"left": true, "right": false, "up": false, "down": true}}
2025-09-23 20:11:55,500 - game_server - INFO - log_game_event:61 - Игровое событие: обновление_позиции - {"client_id": 0, "position": {"x": 840, "y": 700}, "inputs": {"left": true, "right": false, "up": false, "down": true}}
2025-09-23 20:11:55,533 - game_server - INFO - log_game_event:61 - Игровое событие: обновление_позиции - {"client_id": 0, "position": {"x": 835, "y": 705}, "inputs": {"left": true, "right": false, "up": false, "down": true}}
2025-09-23 20:11:55,567 - game_server - INFO - log_game_event:61 - Игровое событие: обновление_позиции - {"client_id": 0, "position": {"x": 830, "y": 710}, "inputs": {"left": true, "right": false, "up": false, "down": true}}
2025-09-23 20:11:55,601 - game_server - INFO - log_game_event:61 - Игровое событие: обновление_позиции - {"client_id": 0, "position": {"x": 825, "y": 715}, "inputs": {"left": true, "right": false, "up": false, "down": true}}
2025-09-23 20:11:55,637 - game_server - INFO - log_game_event:61 - Игровое событие: обновление_позиции - {"client_id": 0, "position": {"x": 820, "y": 720}, "inputs": {"left": true, "right": false, "up": false, "down": true}}
2025-09-23 20:11:55,674 - game_server - INFO - log_game_event:61 - Игровое событие: обновление_позиции - {"client_id": 0, "position": {"x": 815, "y": 725}, "inputs": {"left": true, "right": false, "up": false, "down": true}}
2025-09-23 20:11:55,708 - game_server - INFO - log_game_event:61 - Игровое событие: обновление_позиции - {"client_id": 0, "position": {"x": 810, "y": 730}, "inputs": {"left": true, "right": false, "up": false, "down": true}}
2025-09-23 20:11:55,743 - game_server - INFO - log_game_event:61 - Игровое событие: обновление_позиции - {"client_id": 0, "position": {"x": 805, "y": 735}, "inputs": {"left": true, "right": false, "up": false, "down": true}}
2025-09-23 20:11:55,779 - game_server - INFO - log_game_event:61 - Игровое событие: обновление_позиции - {"client_id": 0, "position": {"x": 800, "y": 735}, "inputs": {"left": true, "right": false, "up": false, "down": false}}
2025-09-23 20:11:55,810 - game_server - INFO - log_game_event:61 - Игровое событие: обновление_позиции - {"client_id": 0, "position": {"x": 795, "y": 735}, "inputs": {"left": true, "right": false, "up": false, "down": false}}
2025-09-23 20:11:55,843 - game_server - INFO - log_game_event:61 - Игровое событие: обновление_позиции - {"client_id": 0, "position": {"x": 790, "y": 735}, "inputs": {"left": true, "right": false, "up": false, "down": false}}
2025-09-23 20:11:55,879 - game_server - INFO - log_game_event:61 - Игровое событие: обновление_позиции - {"client_id": 0, "position": {"x": 785, "y": 735}, "inputs": {"left": true, "right": false, "up": false, "down": false}}
2025-09-23 20:11:55,912 - game_server - INFO - log_game_event:61 - Игровое событие: обновление_позиции - {"client_id": 0, "position": {"x": 780, "y": 735}, "inputs": {"left": true, "right": false, "up": false, "down": false}}
2025-09-23 20:11:55,946 - game_server - INFO - log_game_event:61 - Игровое событие: обновление_позиции - {"client_id": 0, "position": {"x": 775, "y": 735}, "inputs": {"left": true, "right": false, "up": false, "down": false}}
2025-09-23 20:11:55,979 - game_server - INFO - log_game_event:61 - Игровое событие: обновление_позиции - {"client_id": 0, "position": {"x": 770, "y": 735}, "inputs": {"left": true, "right": false, "up": false, "down": false}}
2025-09-23 20:11:56,014 - game_server - INFO - log_game_event:61 - Игровое событие: обновление_позиции - {"client_id": 0, "position": {"x": 765, "y": 735}, "inputs": {"left": true, "right": false, "up": false, "down": false}}
2025-09-23 20:11:56,048 - game_server - INFO - log_game_event:61 - Игровое событие: обновление_позиции - {"client_id": 0, "position": {"x": 760, "y": 735}, "inputs": {"left": true, "right": false, "up": false, "down": false}}
2025-09-23 20:11:56,082 - game_server - INFO - log_game_event:61 - Игровое событие: обновление_позиции - {"client_id": 0, "position": {"x": 755, "y": 735}, "inputs": {"left": true, "right": false, "up": false, "down": false}}
2025-09-23 20:11:56,117 - game_server - INFO - log_game_event:61 - Игровое событие: обновление_позиции - {"client_id": 0, "position": {"x": 750, "y": 735}, "inputs": {"left": true, "right": false, "up": false, "down": false}}
2025-09-23 20:11:56,151 - game_server - INFO - log_game_event:61 - Игровое событие: обновление_позиции - {"client_id": 0, "position": {"x": 745, "y": 735}, "inputs": {"left": true, "right": false, "up": false, "down": false}}
2025-09-23 20:11:56,186 - game_server - INFO - log_game_event:61 - Игровое событие: обновление_позиции - {"client_id": 0, "position": {"x": 740, "y": 735}, "inputs": {"left": true, "right": false, "up": false, "down": false}}
2025-09-23 20:11:56,221 - game_server - INFO - log_game_event:61 - Игровое событие: обновление_позиции - {"client_id": 0, "position": {"x": 735, "y": 735}, "inputs": {"left": true, "right": false, "up": false, "down": false}}
2025-09-23 20:11:56,254 - game_server - INFO - log_game_event:61 - Игровое событие: обновление_позиции - {"client_id": 0, "position": {"x": 730, "y": 735}, "inputs": {"left": true, "right": false, "up": false, "down": false}}
2025-09-23 20:11:56,288 - game_server - INFO - log_game_event:61 - Игровое событие: обновление_позиции - {"client_id": 0, "position": {"x": 725, "y": 735}, "inputs": {"left": true, "right": false, "up": false, "down": false}}
2025-09-23 20:11:56,323 - game_server - INFO - log_game_event:61 - Игровое событие: обновление_позиции - {"client_id": 0, "position": {"x": 720, "y": 735}, "inputs": {"left": true, "right": false, "up": false, "down": false}}
2025-09-23 20:11:56,357 - game_server - INFO - log_game_event:61 - Игровое событие: обновление_позиции - {"client_id": 0, "position": {"x": 715, "y": 735}, "inputs": {"left": true, "right": false, "up": false, "down": false}}
2025-09-23 20:11:56,390 - game_server - INFO - log_game_event:61 - Игровое событие: обновление_позиции - {"client_id": 0, "position": {"x": 710, "y": 735}, "inputs": {"left": true, "right": false, "up": false, "down": false}}
2025-09-23 20:11:56,423 - game_server - INFO - log_game_event:61 - Игровое событие: обновление_позиции - {"client_id": 0, "position": {"x": 705, "y": 735}, "inputs": {"left": true, "right": false, "up": false, "down": false}}
2025-09-23 20:11:56,456 - game_server - INFO - log_game_event:61 - Игровое событие: обновление_позиции - {"client_id": 0, "position": {"x": 700, "y": 735}, "inputs": {"left": true, "right": false, "up": false, "down": false}}
2025-09-23 20:11:56,488 - game_server - INFO - log_game_event:61 - Игровое событие: обновление_позиции - {"client_id": 0, "position": {"x": 695, "y": 735}, "inputs": {"left": true, "right": false, "up": false, "down": false}}
2025-09-23 20:11:56,520 - game_server - INFO - log_game_event:61 - Игровое событие: обновление_позиции - {"client_id": 0, "position": {"x": 690, "y": 735}, "inputs": {"left": true, "right": false, "up": false, "down": false}}
2025-09-23 20:11:56,554 - game_server - INFO - log_game_event:61 - Игровое событие: обновление_позиции - {"client_id": 0, "position": {"x": 685, "y": 735}, "inputs": {"left": true, "right": false, "up": false, "down": false}}
2025-09-23 20:11:56,591 - game_server - INFO - log_game_event:61 - Игровое событие: обновление_позиции - {"client_id": 0, "position": {"x": 680, "y": 735}, "inputs": {"left": true, "right": false, "up": false, "down": false}}
2025-09-23 20:11:56,624 - game_server - INFO - log_game_event:61 - Игровое событие: обновление_позиции - {"client_id": 0, "position": {"x": 675, "y": 735}, "inputs": {"left": true, "right": false, "up": false, "down": false}}
2025-09-23 20:11:56,659 - game_server - INFO - log_game_event:61 - Игровое событие: обновление_позиции - {"client_id": 0, "position": {"x": 670, "y": 730}, "inputs": {"left": true, "right": false, "up": true, "down": false}}
2025-09-23 20:11:56,690 - game_server - INFO - log_game_event:61 - Игровое событие: обновление_позиции - {"client_id": 0, "position": {"x": 665, "y": 725}, "inputs": {"left": true, "right": false, "up": true, "down": false}}
2025-09-23 20:11:56,723 - game_server - INFO - log_game_event:61 - Игровое событие: обновление_позиции - {"client_id": 0, "position": {"x": 660, "y": 720}, "inputs": {"left": true, "right": false, "up": true, "down": false}}
2025-09-23 20:11:56,755 - game_server - INFO - log_game_event:61 - Игровое событие: обновление_позиции - {"client_id": 0, "position": {"x": 655, "y": 715}, "inputs": {"left": true, "right": false, "up": true, "down": false}}
2025-09-23 20:11:56,787 - game_server - INFO - log_game_event:61 - Игровое событие: обновление_позиции - {"client_id": 0, "position": {"x": 650, "y": 710}, "inputs": {"left": true, "right": false, "up": true, "down": false}}
2025-09-23 20:11:56,820 - game_server - INFO - log_game_event:61 - Игровое событие: обновление_позиции - {"client_id": 0, "position": {"x": 645, "y": 705}, "inputs": {"left": true, "right": false, "up": true, "down": false}}
2025-09-23 20:11:56,853 - game_server - INFO - log_game_event:61 - Игровое событие: обновление_позиции - {"client_id": 0, "position": {"x": 640, "y": 700}, "inputs": {"left": true, "right": false, "up": true, "down": false}}
2025-09-23 20:11:56,888 - game_server - INFO - log_game_event:61 - Игровое событие: обновление_позиции - {"client_id": 0, "position": {"x": 635, "y": 695}, "inputs": {"left": true, "right": false, "up": true, "down": false}}
2025-09-23 20:11:56,922 - game_server - INFO - log_game_event:61 - Игровое событие: обновление_позиции - {"client_id": 0, "position": {"x": 630, "y": 690}, "inputs": {"left": true, "right": false, "up": true, "down": false}}
2025-09-23 20:11:56,957 - game_server - INFO - log_game_event:61 - Игровое событие: обновление_позиции - {"client_id": 0, "position": {"x": 625, "y": 685}, "inputs": {"left": true, "right": false, "up": true, "down": false}}
2025-09-23 20:11:56,991 - game_server - INFO - log_game_event:61 - Игровое событие: обновление_позиции - {"client_id": 0, "position": {"x": 620, "y": 680}, "inputs": {"left": true, "right": false, "up": true, "down": false}}
2025-09-23 20:11:57,025 - game_server - INFO - log_game_event:61 - Игровое событие: обновление_позиции - {"client_id": 0, "position": {"x": 615, "y": 675}, "inputs": {"left": true, "right": false, "up": true, "down": false}}
2025-09-23 20:11:57,058 - game_server - INFO - log_game_event:61 - Игровое событие: обновление_позиции - {"client_id": 0, "position": {"x": 610, "y": 670}, "inputs": {"left": true, "right": false, "up": true, "down": false}}
2025-09-23 20:11:57,091 - game_server - INFO - log_game_event:61 - Игровое событие: обновление_позиции - {"client_id": 0, "position": {"x": 605, "y": 665}, "inputs": {"left": true, "right": false, "up": true, "down": false}}
2025-09-23 20:11:57,125 - game_server - INFO - log_game_event:61 - Игровое событие: обновление_позиции - {"client_id": 0, "position": {"x": 600, "y": 660}, "inputs": {"left": true, "right": false, "up": true, "down": false}}
2025-09-23 20:11:57,158 - game_server - INFO - log_game_event:61 - Игровое событие: обновление_позиции - {"client_id": 0, "position": {"x": 595, "y": 655}, "inputs": {"left": true, "right": false, "up": true, "down": false}}
2025-09-23 20:11:57,193 - game_server - INFO - log_game_event:61 - Игровое событие: обновление_позиции - {"client_id": 0, "position": {"x": 595, "y": 650}, "inputs": {"left": true, "right": true, "up": true, "down": false}}
2025-09-23 20:11:57,227 - game_server - INFO - log_game_event:61 - Игровое событие: обновление_позиции - {"client_id": 0, "position": {"x": 595, "y": 645}, "inputs": {"left": true, "right": true, "up": true, "down": false}}
2025-09-23 20:11:57,260 - game_server - INFO - log_game_event:61 - Игровое событие: обновление_позиции - {"client_id": 0, "position": {"x": 595, "y": 640}, "inputs": {"left": true, "right": true, "up": true, "down": false}}
2025-09-23 20:11:57,294 - game_server - INFO - log_game_event:61 - Игровое событие: обновление_позиции - {"client_id": 0, "position": {"x": 595, "y": 635}, "inputs": {"left": true, "right": true, "up": true, "down": false}}
2025-09-23 20:11:57,328 - game_server - INFO - log_game_event:61 - Игровое событие: обновление_позиции - {"client_id": 0, "position": {"x": 595, "y": 630}, "inputs": {"left": true, "right": true, "up": true, "down": false}}
2025-09-23 20:11:57,363 - game_server - INFO - log_game_event:61 - Игровое событие: обновление_позиции - {"client_id": 0, "position": {"x": 590, "y": 625}, "inputs": {"left": true, "right": false, "up": true, "down": false}}
2025-09-23 20:11:57,393 - game_server - INFO - log_game_event:61 - Игровое событие: обновление_позиции - {"client_id": 0, "position": {"x": 585, "y": 620}, "inputs": {"left": true, "right": false, "up": true, "down": false}}
2025-09-23 20:11:57,428 - game_server - INFO - log_game_event:61 - Игровое событие: обновление_позиции - {"client_id": 0, "position": {"x": 580, "y": 615}, "inputs": {"left": true, "right": false, "up": true, "down": false}}
2025-09-23 20:11:57,461 - game_server - INFO - log_game_event:61 - Игровое событие: обновление_позиции - {"client_id": 0, "position": {"x": 575, "y": 610}, "inputs": {"left": true, "right": false, "up": true, "down": false}}
2025-09-23 20:11:57,497 - game_server - INFO - log_game_event:61 - Игровое событие: обновление_позиции - {"client_id": 0, "position": {"x": 570, "y": 605}, "inputs": {"left": true, "right": false, "up": true, "down": false}}
2025-09-23 20:11:57,531 - game_server - INFO - log_game_event:61 - Игровое событие: обновление_позиции - {"client_id": 0, "position": {"x": 565, "y": 600}, "inputs": {"left": true, "right": false, "up": true, "down": false}}
2025-09-23 20:11:57,566 - game_server - INFO - log_game_event:61 - Игровое событие: обновление_позиции - {"client_id": 0, "position": {"x": 560, "y": 595}, "inputs": {"left": true, "right": false, "up": true, "down": false}}
2025-09-23 20:11:57,602 - game_server - INFO - log_game_event:61 - Игровое событие: обновление_позиции - {"client_id": 0, "position": {"x": 555, "y": 590}, "inputs": {"left": true, "right": false, "up": true, "down": false}}
2025-09-23 20:11:57,636 - game_server - INFO - log_game_event:61 - Игровое событие: обновление_позиции - {"client_id": 0, "position": {"x": 550, "y": 585}, "inputs": {"left": true, "right": false, "up": true, "down": false}}
2025-09-23 20:11:57,673 - game_server - INFO - log_game_event:61 - Игровое событие: обновление_позиции - {"client_id": 0, "position": {"x": 545, "y": 585}, "inputs": {"left": true, "right": false, "up": false, "down": false}}
2025-09-23 20:11:57,706 - game_server - INFO - log_game_event:61 - Игровое событие: обновление_позиции - {"client_id": 0, "position": {"x": 540, "y": 585}, "inputs": {"left": true, "right": false, "up": false, "down": false}}
2025-09-23 20:11:57,740 - game_server - INFO - log_game_event:61 - Игровое событие: обновление_позиции - {"client_id": 0, "position": {"x": 535, "y": 585}, "inputs": {"left": true, "right": false, "up": false, "down": false}}
2025-09-23 20:11:57,772 - game_server - INFO - log_game_event:61 - Игровое событие: обновление_позиции - {"client_id": 0, "position": {"x": 530, "y": 585}, "inputs": {"left": true, "right": false, "up": false, "down": false}}
2025-09-23 20:11:57,805 - game_server - INFO - log_game_event:61 - Игровое событие: обновление_позиции - {"client_id": 0, "position": {"x": 525, "y": 585}, "inputs": {"left": true, "right": false, "up": false, "down": false}}
2025-09-23 20:11:57,838 - game_server - INFO - log_game_event:61 - Игровое событие: обновление_позиции - {"client_id": 0, "position": {"x": 520, "y": 585}, "inputs": {"left": true, "right": false, "up": false, "down": false}}
2025-09-23 20:11:57,874 - game_server - INFO - log_game_event:61 - Игровое событие: обновление_позиции - {"client_id": 0, "position": {"x": 515, "y": 585}, "inputs": {"left": true, "right": false, "up": false, "down": false}}
2025-09-23 20:11:57,908 - game_server - INFO - log_game_event:61 - Игровое событие: обновление_позиции - {"client_id": 0, "position": {"x": 510, "y": 585}, "inputs": {"left": true, "right": false, "up": false, "down": false}}
2025-09-23 20:11:57,940 - game_server - INFO - log_game_event:61 - Игровое событие: обновление_позиции - {"client_id": 0, "position": {"x": 505, "y": 585}, "inputs": {"left": true, "right": false, "up": false, "down": false}}
2025-09-23 20:11:57,973 - game_server - INFO - log_game_event:61 - Игровое событие: обновление_позиции - {"client_id": 0, "position": {"x": 500, "y": 585}, "inputs": {"left": true, "right": false, "up": false, "down": false}}
2025-09-23 20:11:58,007 - game_server - INFO - log_game_event:61 - Игровое событие: обновление_позиции - {"client_id": 0, "position": {"x": 495, "y": 585}, "inputs": {"left": true, "right": false, "up": false, "down": false}}
2025-09-23 20:11:58,042 - game_server - INFO - log_game_event:61 - Игровое событие: обновление_позиции - {"client_id": 0, "position": {"x": 490, "y": 585}, "inputs": {"left": true, "right": false, "up": false, "down": false}}
2025-09-23 20:11:58,075 - game_server - INFO - log_game_event:61 - Игровое событие: обновление_позиции - {"client_id": 0, "position": {"x": 485, "y": 585}, "inputs": {"left": true, "right": false, "up": false, "down": false}}
2025-09-23 20:11:58,109 - game_server - INFO - log_game_event:61 - Игровое событие: обновление_позиции - {"client_id": 0, "position": {"x": 480, "y": 585}, "inputs": {"left": true, "right": false, "up": false, "down": false}}
2025-09-23 20:11:58,142 - game_server - INFO - log_game_event:61 - Игровое событие: обновление_позиции - {"client_id": 0, "position": {"x": 475, "y": 585}, "inputs": {"left": true, "right": false, "up": false, "down": false}}
2025-09-23 20:11:58,175 - game_server - INFO - log_game_event:61 - Игровое событие: обновление_позиции - {"client_id": 0, "position": {"x": 470, "y": 585}, "inputs": {"left": true, "right": false, "up": false, "down": false}}
2025-09-23 20:11:58,210 - game_server - INFO - log_game_event:61 - Игровое событие: обновление_позиции - {"client_id": 0, "position": {"x": 465, "y": 585}, "inputs": {"left": true, "right": false, "up": false, "down": false}}
2025-09-23 20:11:58,245 - game_server - INFO - log_game_event:61 - Игровое событие: обновление_позиции - {"client_id": 0, "position": {"x": 460, "y": 585}, "inputs": {"left": true, "right": false, "up": false, "down": false}}
2025-09-23 20:11:58,277 - game_server - INFO - log_game_event:61 - Игровое событие: обновление_позиции - {"client_id": 0, "position": {"x": 455, "y": 585}, "inputs": {"left": true, "right": false, "up": false, "down": false}}
2025-09-23 20:11:58,311 - game_server - INFO - log_game_event:61 - Игровое событие: обновление_позиции - {"client_id": 0, "position": {"x": 450, "y": 585}, "inputs": {"left": true, "right": false, "up": false, "down": false}}
2025-09-23 20:11:58,345 - game_server - INFO - log_game_event:61 - Игровое событие: обновление_позиции - {"client_id": 0, "position": {"x": 445, "y": 585}, "inputs": {"left": true, "right": false, "up": false, "down": false}}
2025-09-23 20:11:58,381 - game_server - INFO - log_game_event:61 - Игровое событие: обновление_позиции - {"client_id": 0, "position": {"x": 440, "y": 585}, "inputs": {"left": true, "right": false, "up": false, "down": false}}
2025-09-23 20:11:58,414 - game_server - INFO - log_game_event:61 - Игровое событие: обновление_позиции - {"client_id": 0, "position": {"x": 435, "y": 585}, "inputs": {"left": true, "right": false, "up": false, "down": false}}
2025-09-23 20:11:58,450 - game_server - INFO - log_game_event:61 - Игровое событие: обновление_позиции - {"client_id": 0, "position": {"x": 430, "y": 585}, "inputs": {"left": true, "right": false, "up": false, "down": false}}
2025-09-23 20:11:58,484 - game_server - INFO - log_game_event:61 - Игровое событие: обновление_позиции - {"client_id": 0, "position": {"x": 425, "y": 585}, "inputs": {"left": true, "right": false, "up": false, "down": false}}
2025-09-23 20:11:58,517 - game_server - INFO - log_game_event:61 - Игровое событие: обновление_позиции - {"client_id": 0, "position": {"x": 420, "y": 585}, "inputs": {"left": true, "right": false, "up": false, "down": false}}
2025-09-23 20:11:58,552 - game_server - INFO - log_game_event:61 - Игровое событие: обновление_позиции - {"client_id": 0, "position": {"x": 415, "y": 585}, "inputs": {"left": true, "right": false, "up": false, "down": false}}
2025-09-23 20:11:58,585 - game_server - INFO - log_game_event:61 - Игровое событие: обновление_позиции - {"client_id": 0, "position": {"x": 410, "y": 585}, "inputs": {"left": true, "right": false, "up": false, "down": false}}
2025-09-23 20:11:58,620 - game_server - INFO - log_game_event:61 - Игровое событие: обновление_позиции - {"client_id": 0, "position": {"x": 405, "y": 585}, "inputs": {"left": true, "right": false, "up": false, "down": false}}
2025-09-23 20:11:58,655 - game_server - INFO - log_game_event:61 - Игровое событие: обновление_позиции - {"client_id": 0, "position": {"x": 400, "y": 585}, "inputs": {"left": true, "right": false, "up": false, "down": false}}
2025-09-23 20:11:58,686 - game_server - INFO - log_game_event:61 - Игровое событие: обновление_позиции - {"client_id": 0, "position": {"x": 395, "y": 585}, "inputs": {"left": true, "right": false, "up": false, "down": false}}
2025-09-23 20:11:58,720 - game_server - INFO - log_game_event:61 - Игровое событие: обновление_позиции - {"client_id": 0, "position": {"x": 390, "y": 585}, "inputs": {"left": true, "right": false, "up": false, "down": false}}
2025-09-23 20:11:58,752 - game_server - INFO - log_game_event:61 - Игровое событие: обновление_позиции - {"client_id": 0, "position": {"x": 385, "y": 585}, "inputs": {"left": true, "right": false, "up": false, "down": false}}
2025-09-23 20:11:58,787 - game_server - INFO - log_game_event:61 - Игровое событие: обновление_позиции - {"client_id": 0, "position": {"x": 380, "y": 585}, "inputs": {"left": true, "right": false, "up": false, "down": false}}
2025-09-23 20:11:58,820 - game_server - INFO - log_game_event:61 - Игровое событие: обновление_позиции - {"client_id": 0, "position": {"x": 375, "y": 585}, "inputs": {"left": true, "right": false, "up": false, "down": false}}
2025-09-23 20:11:58,854 - game_server - INFO - log_game_event:61 - Игровое событие: обновление_позиции - {"client_id": 0, "position": {"x": 370, "y": 585}, "inputs": {"left": true, "right": false, "up": false, "down": false}}
2025-09-23 20:11:58,888 - game_server - INFO - log_game_event:61 - Игровое событие: обновление_позиции - {"client_id": 0, "position": {"x": 365, "y": 585}, "inputs": {"left": true, "right": false, "up": false, "down": false}}
2025-09-23 20:11:58,922 - game_server - INFO - log_game_event:61 - Игровое событие: обновление_позиции - {"client_id": 0, "position": {"x": 360, "y": 585}, "inputs": {"left": true, "right": false, "up": false, "down": false}}
2025-09-23 20:11:58,957 - game_server - INFO - log_game_event:61 - Игровое событие: обновление_позиции - {"client_id": 0, "position": {"x": 355, "y": 585}, "inputs": {"left": true, "right": false, "up": false, "down": false}}
2025-09-23 20:11:58,991 - game_server - INFO - log_game_event:61 - Игровое событие: обновление_позиции - {"client_id": 0, "position": {"x": 350, "y": 585}, "inputs": {"left": true, "right": false, "up": false, "down": false}}
2025-09-23 20:11:59,023 - game_server - INFO - log_game_event:61 - Игровое событие: обновление_позиции - {"client_id": 0, "position": {"x": 345, "y": 585}, "inputs": {"left": true, "right": false, "up": false, "down": false}}
2025-09-23 20:11:59,058 - game_server - INFO - log_game_event:61 - Игровое событие: обновление_позиции - {"client_id": 0, "position": {"x": 340, "y": 585}, "inputs": {"left": true, "right": false, "up": false, "down": false}}
2025-09-23 20:11:59,091 - game_server - INFO - log_game_event:61 - Игровое событие: обновление_позиции - {"client_id": 0, "position": {"x": 335, "y": 585}, "inputs": {"left": true, "right": false, "up": false, "down": false}}
2025-09-23 20:11:59,125 - game_server - INFO - log_game_event:61 - Игровое событие: обновление_позиции - {"client_id": 0, "position": {"x": 330, "y": 585}, "inputs": {"left": true, "right": false, "up": false, "down": false}}
2025-09-23 20:11:59,159 - game_server - INFO - log_game_event:61 - Игровое событие: обновление_позиции - {"client_id": 0, "position": {"x": 325, "y": 585}, "inputs": {"left": true, "right": false, "up": false, "down": false}}
2025-09-23 20:11:59,193 - game_server - INFO - log_game_event:61 - Игровое событие: обновление_позиции - {"client_id": 0, "position": {"x": 320, "y": 585}, "inputs": {"left": true, "right": false, "up": false, "down": false}}
2025-09-23 20:11:59,226 - game_server - INFO - log_game_event:61 - Игровое событие: обновление_позиции - {"client_id": 0, "position": {"x": 315, "y": 585}, "inputs": {"left": true, "right": false, "up": false, "down": false}}
2025-09-23 20:11:59,261 - game_server - INFO - log_game_event:61 - Игровое событие: обновление_позиции - {"client_id": 0, "position": {"x": 310, "y": 585}, "inputs": {"left": true, "right": false, "up": false, "down": false}}
2025-09-23 20:11:59,293 - game_server - INFO - log_game_event:61 - Игровое событие: обновление_позиции - {"client_id": 0, "position": {"x": 305, "y": 585}, "inputs": {"left": true, "right": false, "up": false, "down": false}}
2025-09-23 20:11:59,328 - game_server - INFO - log_game_event:61 - Игровое событие: обновление_позиции - {"client_id": 0, "position": {"x": 300, "y": 585}, "inputs": {"left": true, "right": false, "up": false, "down": false}}
2025-09-23 20:11:59,362 - game_server - INFO - log_game_event:61 - Игровое событие: обновление_позиции - {"client_id": 0, "position": {"x": 295, "y": 585}, "inputs": {"left": true, "right": false, "up": false, "down": false}}
2025-09-23 20:11:59,396 - game_server - INFO - log_game_event:61 - Игровое событие: обновление_позиции - {"client_id": 0, "position": {"x": 295, "y": 585}, "inputs": {"left": false, "right": false, "up": false, "down": false}}
2025-09-23 20:11:59,430 - game_server - INFO - log_game_event:61 - Игровое событие: обновление_позиции - {"client_id": 0, "position": {"x": 295, "y": 585}, "inputs": {"left": false, "right": false, "up": false, "down": false}}
2025-09-23 20:11:59,465 - game_server - INFO - log_game_event:61 - Игровое событие: обновление_позиции - {"client_id": 0, "position": {"x": 295, "y": 585}, "inputs": {"left": false, "right": false, "up": false, "down": false}}
2025-09-23 20:11:59,500 - game_server - INFO - log_game_event:61 - Игровое событие: обновление_позиции - {"client_id": 0, "position": {"x": 295, "y": 585}, "inputs": {"left": false, "right": false, "up": false, "down": false}}
2025-09-23 20:11:59,533 - game_server - INFO - log_game_event:61 - Игровое событие: обновление_позиции - {"client_id": 0, "position": {"x": 295, "y": 585}, "inputs": {"left": false, "right": false, "up": false, "down": false}}
2025-09-23 20:11:59,568 - game_server - INFO - log_game_event:61 - Игровое событие: обновление_позиции - {"client_id": 0, "position": {"x": 295, "y": 585}, "inputs": {"left": false, "right": false, "up": false, "down": false}}
2025-09-23 20:11:59,604 - game_server - INFO - log_game_event:61 - Игровое событие: обновление_позиции - {"client_id": 0, "position": {"x": 300, "y": 585}, "inputs": {"left": false, "right": true, "up": false, "down": false}}
2025-09-23 20:11:59,639 - game_server - INFO - log_game_event:61 - Игровое событие: обновление_позиции - {"client_id": 0, "position": {"x": 305, "y": 585}, "inputs": {"left": false, "right": true, "up": false, "down": false}}
2025-09-23 20:11:59,672 - game_server - INFO - log_game_event:61 - Игровое событие: обновление_позиции - {"client_id": 0, "position": {"x": 310, "y": 585}, "inputs": {"left": false, "right": true, "up": false, "down": false}}
2025-09-23 20:11:59,707 - game_server - INFO - log_game_event:61 - Игровое событие: обновление_позиции - {"client_id": 0, "position": {"x": 315, "y": 585}, "inputs": {"left": false, "right": true, "up": false, "down": false}}
2025-09-23 20:11:59,741 - game_server - INFO - log_game_event:61 - Игровое событие: обновление_позиции - {"client_id": 0, "position": {"x": 320, "y": 585}, "inputs": {"left": false, "right": true, "up": false, "down": false}}
2025-09-23 20:11:59,773 - game_server - INFO - log_game_event:61 - Игровое событие: обновление_позиции - {"client_id": 0, "position": {"x": 325, "y": 585}, "inputs": {"left": false, "right": true, "up": false, "down": false}}
2025-09-23 20:11:59,807 - game_server - INFO - log_game_event:61 - Игровое событие: обновление_позиции - {"client_id": 0, "position": {"x": 330, "y": 585}, "inputs": {"left": false, "right": true, "up": false, "down": false}}
2025-09-23 20:11:59,840 - game_server - INFO - log_game_event:61 - Игровое событие: обновление_позиции - {"client_id": 0, "position": {"x": 335, "y": 585}, "inputs": {"left": false, "right": true, "up": false, "down": false}}
2025-09-23 20:11:59,875 - game_server - INFO - log_game_event:61 - Игровое событие: обновление_позиции - {"client_id": 0, "position": {"x": 340, "y": 585}, "inputs": {"left": false, "right": true, "up": false, "down": false}}
2025-09-23 20:11:59,909 - game_server - INFO - log_game_event:61 - Игровое событие: обновление_позиции - {"client_id": 0, "position": {"x": 345, "y": 585}, "inputs": {"left": false, "right": true, "up": false, "down": false}}
2025-09-23 20:11:59,943 - game_server - INFO - log_game_event:61 - Игровое событие: обновление_позиции - {"client_id": 0, "position": {"x": 350, "y": 585}, "inputs": {"left": false, "right": true, "up": false, "down": false}}
2025-09-23 20:11:59,977 - game_server - INFO - log_game_event:61 - Игровое событие: обновление_позиции - {"client_id": 0, "position": {"x": 355, "y": 585}, "inputs": {"left": false, "right": true, "up": false, "down": false}}
2025-09-23 20:12:00,012 - game_server - INFO - log_game_event:61 - Игровое событие: обновление_позиции - {"client_id": 0, "position": {"x": 360, "y": 585}, "inputs": {"left": false, "right": true, "up": false, "down": false}}
2025-09-23 20:12:00,042 - game_server - INFO - log_game_event:61 - Игровое событие: обновление_позиции - {"client_id": 0, "position": {"x": 365, "y": 585}, "inputs": {"left": false, "right": true, "up": false, "down": false}}
2025-09-23 20:12:00,078 - game_server - INFO - log_game_event:61 - Игровое событие: обновление_позиции - {"client_id": 0, "position": {"x": 370, "y": 585}, "inputs": {"left": false, "right": true, "up": false, "down": false}}
2025-09-23 20:12:00,113 - game_server - INFO - log_game_event:61 - Игровое событие: обновление_позиции - {"client_id": 0, "position": {"x": 375, "y": 590}, "inputs": {"left": false, "right": true, "up": false, "down": true}}
2025-09-23 20:12:00,148 - game_server - INFO - log_game_event:61 - Игровое событие: обновление_позиции - {"client_id": 0, "position": {"x": 380, "y": 595}, "inputs": {"left": false, "right": true, "up": false, "down": true}}
2025-09-23 20:12:00,183 - game_server - INFO - log_game_event:61 - Игровое событие: обновление_позиции - {"client_id": 0, "position": {"x": 380, "y": 600}, "inputs": {"left": false, "right": false, "up": false, "down": true}}
2025-09-23 20:12:00,220 - game_server - INFO - log_game_event:61 - Игровое событие: обновление_позиции - {"client_id": 0, "position": {"x": 380, "y": 605}, "inputs": {"left": false, "right": false, "up": false, "down": true}}
2025-09-23 20:12:00,254 - game_server - INFO - log_game_event:61 - Игровое событие: обновление_позиции - {"client_id": 0, "position": {"x": 380, "y": 610}, "inputs": {"left": false, "right": false, "up": false, "down": true}}
2025-09-23 20:12:00,289 - game_server - INFO - log_game_event:61 - Игровое событие: обновление_позиции - {"client_id": 0, "position": {"x": 380, "y": 615}, "inputs": {"left": false, "right": false, "up": false, "down": true}}
2025-09-23 20:12:00,321 - game_server - INFO - log_game_event:61 - Игровое событие: обновление_позиции - {"client_id": 0, "position": {"x": 380, "y": 620}, "inputs": {"left": false, "right": false, "up": false, "down": true}}
2025-09-23 20:12:00,351 - game_server - INFO - log_game_event:61 - Игровое событие: обновление_позиции - {"client_id": 0, "position": {"x": 380, "y": 625}, "inputs": {"left": false, "right": false, "up": false, "down": true}}
2025-09-23 20:12:00,381 - game_server - INFO - log_game_event:61 - Игровое событие: обновление_позиции - {"client_id": 0, "position": {"x": 380, "y": 630}, "inputs": {"left": false, "right": false, "up": false, "down": true}}
2025-09-23 20:12:00,413 - game_server - INFO - log_game_event:61 - Игровое событие: обновление_позиции - {"client_id": 0, "position": {"x": 380, "y": 635}, "inputs": {"left": false, "right": false, "up": false, "down": true}}
2025-09-23 20:12:00,446 - game_server - INFO - log_game_event:61 - Игровое событие: обновление_позиции - {"client_id": 0, "position": {"x": 380, "y": 640}, "inputs": {"left": false, "right": false, "up": false, "down": true}}
2025-09-23 20:12:00,477 - game_server - INFO - log_game_event:61 - Игровое событие: обновление_позиции - {"client_id": 0, "position": {"x": 380, "y": 645}, "inputs": {"left": false, "right": false, "up": false, "down": true}}
2025-09-23 20:12:00,509 - game_server - INFO - log_game_event:61 - Игровое событие: обновление_позиции - {"client_id": 0, "position": {"x": 380, "y": 650}, "inputs": {"left": false, "right": false, "up": false, "down": true}}
2025-09-23 20:12:00,538 - game_server - INFO - log_game_event:61 - Игровое событие: обновление_позиции - {"client_id": 0, "position": {"x": 380, "y": 655}, "inputs": {"left": false, "right": false, "up": false, "down": true}}
2025-09-23 20:12:00,573 - game_server - INFO - log_game_event:61 - Игровое событие: обновление_позиции - {"client_id": 0, "position": {"x": 380, "y": 660}, "inputs": {"left": false, "right": false, "up": false, "down": true}}
2025-09-23 20:12:00,600 - game_server - INFO - log_game_event:61 - Игровое событие: обновление_позиции - {"client_id": 0, "position": {"x": 375, "y": 665}, "inputs": {"left": true, "right": false, "up": false, "down": true}}
2025-09-23 20:12:00,631 - game_server - INFO - log_game_event:61 - Игровое событие: обновление_позиции - {"client_id": 0, "position": {"x": 370, "y": 665}, "inputs": {"left": true, "right": false, "up": false, "down": false}}
2025-09-23 20:12:00,657 - game_server - INFO - log_game_event:61 - Игровое событие: обновление_позиции - {"client_id": 0, "position": {"x": 365, "y": 665}, "inputs": {"left": true, "right": false, "up": false, "down": false}}
2025-09-23 20:12:00,688 - game_server - INFO - log_game_event:61 - Игровое событие: обновление_позиции - {"client_id": 0, "position": {"x": 360, "y": 665}, "inputs": {"left": true, "right": false, "up": false, "down": false}}
2025-09-23 20:12:00,713 - game_server - INFO - log_game_event:61 - Игровое событие: обновление_позиции - {"client_id": 0, "position": {"x": 355, "y": 665}, "inputs": {"left": true, "right": false, "up": false, "down": false}}
2025-09-23 20:12:00,741 - game_server - INFO - log_game_event:61 - Игровое событие: обновление_позиции - {"client_id": 0, "position": {"x": 350, "y": 665}, "inputs": {"left": true, "right": false, "up": false, "down": false}}
2025-09-23 20:12:00,770 - game_server - INFO - log_game_event:61 - Игровое событие: обновление_позиции - {"client_id": 0, "position": {"x": 345, "y": 665}, "inputs": {"left": true, "right": false, "up": false, "down": false}}
2025-09-23 20:12:00,805 - game_server - INFO - log_game_event:61 - Игровое событие: обновление_позиции - {"client_id": 0, "position": {"x": 340, "y": 665}, "inputs": {"left": true, "right": false, "up": false, "down": false}}
2025-09-23 20:12:00,838 - game_server - INFO - log_game_event:61 - Игровое событие: обновление_позиции - {"client_id": 0, "position": {"x": 335, "y": 665}, "inputs": {"left": true, "right": false, "up": false, "down": false}}
2025-09-23 20:12:00,870 - game_server - INFO - log_game_event:61 - Игровое событие: обновление_позиции - {"client_id": 0, "position": {"x": 330, "y": 665}, "inputs": {"left": true, "right": false, "up": false, "down": false}}
2025-09-23 20:12:00,901 - game_server - INFO - log_game_event:61 - Игровое событие: обновление_позиции - {"client_id": 0, "position": {"x": 325, "y": 665}, "inputs": {"left": true, "right": false, "up": false, "down": false}}
2025-09-23 20:12:00,933 - game_server - INFO - log_game_event:61 - Игровое событие: обновление_позиции - {"client_id": 0, "position": {"x": 320, "y": 665}, "inputs": {"left": true, "right": false, "up": false, "down": false}}
2025-09-23 20:12:00,967 - game_server - INFO - log_game_event:61 - Игровое событие: обновление_позиции - {"client_id": 0, "position": {"x": 315, "y": 665}, "inputs": {"left": true, "right": false, "up": false, "down": false}}
2025-09-23 20:12:00,999 - game_server - INFO - log_game_event:61 - Игровое событие: обновление_позиции - {"client_id": 0, "position": {"x": 310, "y": 665}, "inputs": {"left": true, "right": false, "up": false, "down": false}}
2025-09-23 20:12:01,028 - game_server - INFO - log_game_event:61 - Игровое событие: обновление_позиции - {"client_id": 0, "position": {"x": 305, "y": 665}, "inputs": {"left": true, "right": false, "up": false, "down": false}}
2025-09-23 20:12:01,058 - game_server - INFO - log_game_event:61 - Игровое событие: обновление_позиции - {"client_id": 0, "position": {"x": 300, "y": 665}, "inputs": {"left": true, "right": false, "up": false, "down": false}}
2025-09-23 20:12:01,089 - game_server - INFO - log_game_event:61 - Игровое событие: обновление_позиции - {"client_id": 0, "position": {"x": 295, "y": 665}, "inputs": {"left": true, "right": false, "up": false, "down": false}}
2025-09-23 20:12:01,125 - game_server - INFO - log_game_event:61 - Игровое событие: обновление_позиции - {"client_id": 0, "position": {"x": 290, "y": 665}, "inputs": {"left": true, "right": false, "up": false, "down": false}}
2025-09-23 20:12:01,150 - game_server - INFO - log_game_event:61 - Игровое событие: обновление_позиции - {"client_id": 0, "position": {"x": 285, "y": 665}, "inputs": {"left": true, "right": false, "up": false, "down": false}}
2025-09-23 20:12:01,181 - game_server - INFO - log_game_event:61 - Игровое событие: обновление_позиции - {"client_id": 0, "position": {"x": 280, "y": 665}, "inputs": {"left": true, "right": false, "up": false, "down": false}}
2025-09-23 20:12:01,217 - game_server - INFO - log_game_event:61 - Игровое событие: обновление_позиции - {"client_id": 0, "position": {"x": 275, "y": 665}, "inputs": {"left": true, "right": false, "up": false, "down": false}}
2025-09-23 20:12:01,250 - game_server - INFO - log_game_event:61 - Игровое событие: обновление_позиции - {"client_id": 0, "position": {"x": 270, "y": 665}, "inputs": {"left": true, "right": false, "up": false, "down": false}}
2025-09-23 20:12:01,274 - game_server - INFO - log_game_event:61 - Игровое событие: обновление_позиции - {"client_id": 0, "position": {"x": 265, "y": 665}, "inputs": {"left": true, "right": false, "up": false, "down": false}}
2025-09-23 20:12:01,305 - game_server - INFO - log_game_event:61 - Игровое событие: обновление_позиции - {"client_id": 0, "position": {"x": 260, "y": 665}, "inputs": {"left": true, "right": false, "up": false, "down": false}}
2025-09-23 20:12:01,335 - game_server - INFO - log_game_event:61 - Игровое событие: обновление_позиции - {"client_id": 0, "position": {"x": 255, "y": 665}, "inputs": {"left": true, "right": false, "up": false, "down": false}}
2025-09-23 20:12:01,363 - game_server - INFO - log_game_event:61 - Игровое событие: обновление_позиции - {"client_id": 0, "position": {"x": 250, "y": 665}, "inputs": {"left": true, "right": false, "up": false, "down": false}}
2025-09-23 20:12:01,394 - game_server - INFO - log_game_event:61 - Игровое событие: обновление_позиции - {"client_id": 0, "position": {"x": 245, "y": 665}, "inputs": {"left": true, "right": false, "up": false, "down": false}}
2025-09-23 20:12:01,428 - game_server - INFO - log_game_event:61 - Игровое событие: обновление_позиции - {"client_id": 0, "position": {"x": 240, "y": 665}, "inputs": {"left": true, "right": false, "up": false, "down": false}}
2025-09-23 20:12:01,466 - game_server - INFO - log_game_event:61 - Игровое событие: обновление_позиции - {"client_id": 0, "position": {"x": 235, "y": 665}, "inputs": {"left": true, "right": false, "up": false, "down": false}}
2025-09-23 20:12:01,501 - game_server - INFO - log_game_event:61 - Игровое событие: обновление_позиции - {"client_id": 0, "position": {"x": 230, "y": 665}, "inputs": {"left": true, "right": false, "up": false, "down": false}}
2025-09-23 20:12:01,536 - game_server - INFO - log_game_event:61 - Игровое событие: обновление_позиции - {"client_id": 0, "position": {"x": 225, "y": 665}, "inputs": {"left": true, "right": false, "up": false, "down": false}}
2025-09-23 20:12:01,572 - game_server - INFO - log_game_event:61 - Игровое событие: обновление_позиции - {"client_id": 0, "position": {"x": 220, "y": 665}, "inputs": {"left": true, "right": false, "up": false, "down": false}}
2025-09-23 20:12:01,606 - game_server - INFO - log_game_event:61 - Игровое событие: обновление_позиции - {"client_id": 0, "position": {"x": 215, "y": 665}, "inputs": {"left": true, "right": false, "up": false, "down": false}}
2025-09-23 20:12:01,640 - game_server - INFO - log_game_event:61 - Игровое событие: обновление_позиции - {"client_id": 0, "position": {"x": 210, "y": 665}, "inputs": {"left": true, "right": false, "up": false, "down": false}}
2025-09-23 20:12:01,674 - game_server - INFO - log_game_event:61 - Игровое событие: обновление_позиции - {"client_id": 0, "position": {"x": 205, "y": 665}, "inputs": {"left": true, "right": false, "up": false, "down": false}}
2025-09-23 20:12:01,707 - game_server - INFO - log_game_event:61 - Игровое событие: обновление_позиции - {"client_id": 0, "position": {"x": 200, "y": 665}, "inputs": {"left": true, "right": false, "up": false, "down": false}}
2025-09-23 20:12:01,742 - game_server - INFO - log_game_event:61 - Игровое событие: обновление_позиции - {"client_id": 0, "position": {"x": 195, "y": 665}, "inputs": {"left": true, "right": false, "up": false, "down": false}}
2025-09-23 20:12:01,776 - game_server - INFO - log_game_event:61 - Игровое событие: обновление_позиции - {"client_id": 0, "position": {"x": 190, "y": 665}, "inputs": {"left": true, "right": false, "up": false, "down": false}}
2025-09-23 20:12:01,813 - game_server - INFO - log_game_event:61 - Игровое событие: обновление_позиции - {"client_id": 0, "position": {"x": 185, "y": 665}, "inputs": {"left": true, "right": false, "up": false, "down": false}}
2025-09-23 20:12:01,847 - game_server - INFO - log_game_event:61 - Игровое событие: обновление_позиции - {"client_id": 0, "position": {"x": 180, "y": 665}, "inputs": {"left": true, "right": false, "up": false, "down": false}}
2025-09-23 20:12:01,881 - game_server - INFO - log_game_event:61 - Игровое событие: обновление_позиции - {"client_id": 0, "position": {"x": 175, "y": 665}, "inputs": {"left": true, "right": false, "up": false, "down": false}}
2025-09-23 20:12:01,918 - game_server - INFO - log_game_event:61 - Игровое событие: обновление_позиции - {"client_id": 0, "position": {"x": 170, "y": 665}, "inputs": {"left": true, "right": false, "up": false, "down": false}}
2025-09-23 20:12:01,953 - game_server - INFO - log_game_event:61 - Игровое событие: обновление_позиции - {"client_id": 0, "position": {"x": 165, "y": 665}, "inputs": {"left": true, "right": false, "up": false, "down": false}}
2025-09-23 20:12:01,987 - game_server - INFO - log_game_event:61 - Игровое событие: обновление_позиции - {"client_id": 0, "position": {"x": 160, "y": 665}, "inputs": {"left": true, "right": false, "up": false, "down": false}}
2025-09-23 20:12:02,021 - game_server - INFO - log_game_event:61 - Игровое событие: обновление_позиции - {"client_id": 0, "position": {"x": 155, "y": 665}, "inputs": {"left": true, "right": false, "up": false, "down": false}}
2025-09-23 20:12:02,054 - game_server - INFO - log_game_event:61 - Игровое событие: обновление_позиции - {"client_id": 0, "position": {"x": 150, "y": 665}, "inputs": {"left": true, "right": false, "up": false, "down": false}}
2025-09-23 20:12:02,088 - game_server - INFO - log_game_event:61 - Игровое событие: обновление_позиции - {"client_id": 0, "position": {"x": 145, "y": 665}, "inputs": {"left": true, "right": false, "up": false, "down": false}}
2025-09-23 20:12:02,125 - game_server - INFO - log_game_event:61 - Игровое событие: обновление_позиции - {"client_id": 0, "position": {"x": 140, "y": 665}, "inputs": {"left": true, "right": false, "up": false, "down": false}}
2025-09-23 20:12:02,159 - game_server - INFO - log_game_event:61 - Игровое событие: обновление_позиции - {"client_id": 0, "position": {"x": 135, "y": 665}, "inputs": {"left": true, "right": false, "up": false, "down": false}}
2025-09-23 20:12:02,194 - game_server - INFO - log_game_event:61 - Игровое событие: обновление_позиции - {"client_id": 0, "position": {"x": 130, "y": 665}, "inputs": {"left": true, "right": false, "up": false, "down": false}}
2025-09-23 20:12:02,230 - game_server - INFO - log_game_event:61 - Игровое событие: обновление_позиции - {"client_id": 0, "position": {"x": 125, "y": 665}, "inputs": {"left": true, "right": false, "up": false, "down": false}}
2025-09-23 20:12:02,265 - game_server - INFO - log_game_event:61 - Игровое событие: обновление_позиции - {"client_id": 0, "position": {"x": 120, "y": 665}, "inputs": {"left": true, "right": false, "up": false, "down": false}}
2025-09-23 20:12:02,298 - game_server - INFO - log_game_event:61 - Игровое событие: обновление_позиции - {"client_id": 0, "position": {"x": 115, "y": 665}, "inputs": {"left": true, "right": false, "up": false, "down": false}}
2025-09-23 20:12:02,335 - game_server - INFO - log_game_event:61 - Игровое событие: обновление_позиции - {"client_id": 0, "position": {"x": 110, "y": 665}, "inputs": {"left": true, "right": false, "up": false, "down": false}}
2025-09-23 20:12:02,370 - game_server - INFO - log_game_event:61 - Игровое событие: обновление_позиции - {"client_id": 0, "position": {"x": 105, "y": 665}, "inputs": {"left": true, "right": false, "up": false, "down": false}}
2025-09-23 20:12:02,406 - game_server - INFO - log_game_event:61 - Игровое событие: обновление_позиции - {"client_id": 0, "position": {"x": 100, "y": 665}, "inputs": {"left": true, "right": false, "up": false, "down": false}}
2025-09-23 20:12:02,442 - game_server - INFO - log_game_event:61 - Игровое событие: обновление_позиции - {"client_id": 0, "position": {"x": 95, "y": 665}, "inputs": {"left": true, "right": false, "up": false, "down": false}}
2025-09-23 20:12:02,476 - game_server - INFO - log_game_event:61 - Игровое событие: обновление_позиции - {"client_id": 0, "position": {"x": 90, "y": 665}, "inputs": {"left": true, "right": false, "up": false, "down": false}}
2025-09-23 20:12:02,514 - game_server - INFO - log_game_event:61 - Игровое событие: обновление_позиции - {"client_id": 0, "position": {"x": 85, "y": 665}, "inputs": {"left": true, "right": false, "up": false, "down": false}}
2025-09-23 20:12:02,550 - game_server - INFO - log_game_event:61 - Игровое событие: обновление_позиции - {"client_id": 0, "position": {"x": 80, "y": 665}, "inputs": {"left": true, "right": false, "up": false, "down": false}}
2025-09-23 20:12:02,584 - game_server - INFO - log_game_event:61 - Игровое событие: обновление_позиции - {"client_id": 0, "position": {"x": 75, "y": 665}, "inputs": {"left": true, "right": false, "up": false, "down": false}}
2025-09-23 20:12:02,622 - game_server - INFO - log_game_event:61 - Игровое событие: обновление_позиции - {"client_id": 0, "position": {"x": 70, "y": 665}, "inputs": {"left": true, "right": false, "up": false, "down": false}}
2025-09-23 20:12:02,657 - game_server - INFO - log_game_event:61 - Игровое событие: обновление_позиции - {"client_id": 0, "position": {"x": 65, "y": 665}, "inputs": {"left": true, "right": false, "up": false, "down": false}}
2025-09-23 20:12:02,690 - game_server - INFO - log_game_event:61 - Игровое событие: обновление_позиции - {"client_id": 0, "position": {"x": 60, "y": 665}, "inputs": {"left": true, "right": false, "up": false, "down": false}}
2025-09-23 20:12:02,724 - game_server - INFO - log_game_event:61 - Игровое событие: обновление_позиции - {"client_id": 0, "position": {"x": 55, "y": 665}, "inputs": {"left": true, "right": false, "up": false, "down": false}}
2025-09-23 20:12:02,757 - game_server - INFO - log_game_event:61 - Игровое событие: обновление_позиции - {"client_id": 0, "position": {"x": 50, "y": 665}, "inputs": {"left": true, "right": false, "up": false, "down": false}}
2025-09-23 20:12:02,790 - game_server - INFO - log_game_event:61 - Игровое событие: обновление_позиции - {"client_id": 0, "position": {"x": 45, "y": 665}, "inputs": {"left": true, "right": false, "up": false, "down": false}}
2025-09-23 20:12:02,824 - game_server - INFO - log_game_event:61 - Игровое событие: обновление_позиции - {"client_id": 0, "position": {"x": 40, "y": 665}, "inputs": {"left": true, "right": false, "up": false, "down": false}}
2025-09-23 20:12:02,858 - game_server - INFO - log_game_event:61 - Игровое событие: обновление_позиции - {"client_id": 0, "position": {"x": 35, "y": 665}, "inputs": {"left": true, "right": false, "up": false, "down": false}}
2025-09-23 20:12:02,893 - game_server - INFO - log_game_event:61 - Игровое событие: обновление_позиции - {"client_id": 0, "position": {"x": 30, "y": 665}, "inputs": {"left": true, "right": false, "up": false, "down": false}}
2025-09-23 20:12:02,926 - game_server - INFO - log_game_event:61 - Игровое событие: обновление_позиции - {"client_id": 0, "position": {"x": 25, "y": 665}, "inputs": {"left": true, "right": false, "up": false, "down": false}}
2025-09-23 20:12:02,961 - game_server - INFO - log_game_event:61 - Игровое событие: обновление_позиции - {"client_id": 0, "position": {"x": 20, "y": 665}, "inputs": {"left": true, "right": false, "up": false, "down": false}}
2025-09-23 20:12:02,996 - game_server - INFO - log_game_event:61 - Игровое событие: обновление_позиции - {"client_id": 0, "position": {"x": 15, "y": 665}, "inputs": {"left": true, "right": false, "up": false, "down": false}}
2025-09-23 20:12:03,027 - game_server - INFO - log_game_event:61 - Игровое событие: обновление_позиции - {"client_id": 0, "position": {"x": 10, "y": 665}, "inputs": {"left": true, "right": false, "up": false, "down": false}}
2025-09-23 20:12:03,061 - game_server - INFO - log_game_event:61 - Игровое событие: обновление_позиции - {"client_id": 0, "position": {"x": 5, "y": 665}, "inputs": {"left": true, "right": false, "up": false, "down": false}}
2025-09-23 20:12:03,092 - game_server - INFO - log_game_event:61 - Игровое событие: обновление_позиции - {"client_id": 0, "position": {"x": 0, "y": 665}, "inputs": {"left": true, "right": false, "up": false, "down": false}}
2025-09-23 20:12:03,125 - game_server - INFO - log_game_event:61 - Игровое событие: обновление_позиции - {"client_id": 0, "position": {"x": 0, "y": 665}, "inputs": {"left": true, "right": false, "up": false, "down": false}}
2025-09-23 20:12:03,158 - game_server - INFO - log_game_event:61 - Игровое событие: обновление_позиции - {"client_id": 0, "position": {"x": 0, "y": 665}, "inputs": {"left": true, "right": false, "up": false, "down": false}}
2025-09-23 20:12:03,190 - game_server - INFO - log_game_event:61 - Игровое событие: обновление_позиции - {"client_id": 0, "position": {"x": 0, "y": 665}, "inputs": {"left": true, "right": false, "up": false, "down": false}}
2025-09-23 20:12:03,223 - game_server - INFO - log_game_event:61 - Игровое событие: обновление_позиции - {"client_id": 0, "position": {"x": 0, "y": 665}, "inputs": {"left": true, "right": false, "up": false, "down": false}}
2025-09-23 20:12:03,256 - game_server - INFO - log_game_event:61 - Игровое событие: обновление_позиции - {"client_id": 0, "position": {"x": 0, "y": 665}, "inputs": {"left": true, "right": false, "up": false, "down": false}}
2025-09-23 20:12:03,292 - game_server - INFO - log_game_event:61 - Игровое событие: обновление_позиции - {"client_id": 0, "position": {"x": 0, "y": 665}, "inputs": {"left": true, "right": true, "up": false, "down": false}}
2025-09-23 20:12:03,325 - game_server - INFO - log_game_event:61 - Игровое событие: обновление_позиции - {"client_id": 0, "position": {"x": 0, "y": 665}, "inputs": {"left": true, "right": true, "up": false, "down": false}}
2025-09-23 20:12:03,360 - game_server - INFO - log_game_event:61 - Игровое событие: обновление_позиции - {"client_id": 0, "position": {"x": 5, "y": 665}, "inputs": {"left": false, "right": true, "up": false, "down": false}}
2025-09-23 20:12:03,393 - game_server - INFO - log_game_event:61 - Игровое событие: обновление_позиции - {"client_id": 0, "position": {"x": 10, "y": 665}, "inputs": {"left": false, "right": true, "up": false, "down": false}}
2025-09-23 20:12:03,426 - game_server - INFO - log_game_event:61 - Игровое событие: обновление_позиции - {"client_id": 0, "position": {"x": 15, "y": 665}, "inputs": {"left": false, "right": true, "up": false, "down": false}}
2025-09-23 20:12:03,459 - game_server - INFO - log_game_event:61 - Игровое событие: обновление_позиции - {"client_id": 0, "position": {"x": 20, "y": 665}, "inputs": {"left": false, "right": true, "up": false, "down": false}}
2025-09-23 20:12:03,493 - game_server - INFO - log_game_event:61 - Игровое событие: обновление_позиции - {"client_id": 0, "position": {"x": 25, "y": 665}, "inputs": {"left": false, "right": true, "up": false, "down": false}}
2025-09-23 20:12:03,526 - game_server - INFO - log_game_event:61 - Игровое событие: обновление_позиции - {"client_id": 0, "position": {"x": 30, "y": 665}, "inputs": {"left": false, "right": true, "up": false, "down": false}}
2025-09-23 20:12:03,561 - game_server - INFO - log_game_event:61 - Игровое событие: обновление_позиции - {"client_id": 0, "position": {"x": 35, "y": 665}, "inputs": {"left": false, "right": true, "up": false, "down": false}}
2025-09-23 20:12:03,595 - game_server - INFO - log_game_event:61 - Игровое событие: обновление_позиции - {"client_id": 0, "position": {"x": 40, "y": 665}, "inputs": {"left": false, "right": true, "up": false, "down": false}}
2025-09-23 20:12:03,629 - game_server - INFO - log_game_event:61 - Игровое событие: обновление_позиции - {"client_id": 0, "position": {"x": 45, "y": 665}, "inputs": {"left": false, "right": true, "up": false, "down": false}}
2025-09-23 20:12:03,664 - game_server - INFO - log_game_event:61 - Игровое событие: обновление_позиции - {"client_id": 0, "position": {"x": 50, "y": 665}, "inputs": {"left": false, "right": true, "up": false, "down": false}}
2025-09-23 20:12:03,700 - game_server - INFO - log_game_event:61 - Игровое событие: обновление_позиции - {"client_id": 0, "position": {"x": 55, "y": 665}, "inputs": {"left": false, "right": true, "up": false, "down": false}}
2025-09-23 20:12:03,733 - game_server - INFO - log_game_event:61 - Игровое событие: обновление_позиции - {"client_id": 0, "position": {"x": 60, "y": 665}, "inputs": {"left": false, "right": true, "up": false, "down": false}}
2025-09-23 20:12:03,767 - game_server - INFO - log_game_event:61 - Игровое событие: обновление_позиции - {"client_id": 0, "position": {"x": 65, "y": 665}, "inputs": {"left": false, "right": true, "up": false, "down": false}}
2025-09-23 20:12:03,802 - game_server - INFO - log_game_event:61 - Игровое событие: обновление_позиции - {"client_id": 0, "position": {"x": 70, "y": 665}, "inputs": {"left": false, "right": true, "up": false, "down": false}}
2025-09-23 20:12:03,837 - game_server - INFO - log_game_event:61 - Игровое событие: обновление_позиции - {"client_id": 0, "position": {"x": 75, "y": 665}, "inputs": {"left": false, "right": true, "up": false, "down": false}}
2025-09-23 20:12:03,871 - game_server - INFO - log_game_event:61 - Игровое событие: обновление_позиции - {"client_id": 0, "position": {"x": 80, "y": 665}, "inputs": {"left": false, "right": true, "up": false, "down": false}}
2025-09-23 20:12:03,907 - game_server - INFO - log_game_event:61 - Игровое событие: обновление_позиции - {"client_id": 0, "position": {"x": 85, "y": 665}, "inputs": {"left": false, "right": true, "up": false, "down": false}}
2025-09-23 20:12:03,943 - game_server - INFO - log_game_event:61 - Игровое событие: обновление_позиции - {"client_id": 0, "position": {"x": 90, "y": 665}, "inputs": {"left": false, "right": true, "up": false, "down": false}}
2025-09-23 20:12:03,981 - game_server - INFO - log_game_event:61 - Игровое событие: обновление_позиции - {"client_id": 0, "position": {"x": 95, "y": 665}, "inputs": {"left": false, "right": true, "up": false, "down": false}}
2025-09-23 20:12:04,015 - game_server - INFO - log_game_event:61 - Игровое событие: обновление_позиции - {"client_id": 0, "position": {"x": 100, "y": 665}, "inputs": {"left": false, "right": true, "up": false, "down": false}}
2025-09-23 20:12:04,050 - game_server - INFO - log_game_event:61 - Игровое событие: обновление_позиции - {"client_id": 0, "position": {"x": 105, "y": 665}, "inputs": {"left": false, "right": true, "up": false, "down": false}}
2025-09-23 20:12:04,086 - game_server - INFO - log_game_event:61 - Игровое событие: обновление_позиции - {"client_id": 0, "position": {"x": 110, "y": 665}, "inputs": {"left": false, "right": true, "up": false, "down": false}}
2025-09-23 20:12:04,120 - game_server - INFO - log_game_event:61 - Игровое событие: обновление_позиции - {"client_id": 0, "position": {"x": 115, "y": 665}, "inputs": {"left": false, "right": true, "up": false, "down": false}}
2025-09-23 20:12:04,157 - game_server - INFO - log_game_event:61 - Игровое событие: обновление_позиции - {"client_id": 0, "position": {"x": 120, "y": 665}, "inputs": {"left": false, "right": true, "up": false, "down": false}}
2025-09-23 20:12:04,193 - game_server - INFO - log_game_event:61 - Игровое событие: обновление_позиции - {"client_id": 0, "position": {"x": 125, "y": 665}, "inputs": {"left": false, "right": true, "up": false, "down": false}}
2025-09-23 20:12:04,227 - game_server - INFO - log_game_event:61 - Игровое событие: обновление_позиции - {"client_id": 0, "position": {"x": 130, "y": 665}, "inputs": {"left": false, "right": true, "up": false, "down": false}}
2025-09-23 20:12:04,262 - game_server - INFO - log_game_event:61 - Игровое событие: обновление_позиции - {"client_id": 0, "position": {"x": 135, "y": 665}, "inputs": {"left": false, "right": true, "up": false, "down": false}}
2025-09-23 20:12:04,297 - game_server - INFO - log_game_event:61 - Игровое событие: обновление_позиции - {"client_id": 0, "position": {"x": 140, "y": 665}, "inputs": {"left": false, "right": true, "up": false, "down": false}}
2025-09-23 20:12:04,334 - game_server - INFO - log_game_event:61 - Игровое событие: обновление_позиции - {"client_id": 0, "position": {"x": 145, "y": 665}, "inputs": {"left": false, "right": true, "up": false, "down": false}}
2025-09-23 20:12:04,368 - game_server - INFO - log_game_event:61 - Игровое событие: обновление_позиции - {"client_id": 0, "position": {"x": 150, "y": 665}, "inputs": {"left": false, "right": true, "up": false, "down": false}}
2025-09-23 20:12:04,404 - game_server - INFO - log_game_event:61 - Игровое событие: обновление_позиции - {"client_id": 0, "position": {"x": 155, "y": 665}, "inputs": {"left": false, "right": true, "up": false, "down": false}}
2025-09-23 20:12:04,440 - game_server - INFO - log_game_event:61 - Игровое событие: обновление_позиции - {"client_id": 0, "position": {"x": 160, "y": 665}, "inputs": {"left": false, "right": true, "up": false, "down": false}}
2025-09-23 20:12:04,475 - game_server - INFO - log_game_event:61 - Игровое событие: обновление_позиции - {"client_id": 0, "position": {"x": 165, "y": 665}, "inputs": {"left": false, "right": true, "up": false, "down": false}}
2025-09-23 20:12:04,511 - game_server - INFO - log_game_event:61 - Игровое событие: обновление_позиции - {"client_id": 0, "position": {"x": 170, "y": 665}, "inputs": {"left": false, "right": true, "up": false, "down": false}}
2025-09-23 20:12:04,546 - game_server - INFO - log_game_event:61 - Игровое событие: обновление_позиции - {"client_id": 0, "position": {"x": 175, "y": 665}, "inputs": {"left": false, "right": true, "up": false, "down": false}}
2025-09-23 20:12:04,580 - game_server - INFO - log_game_event:61 - Игровое событие: обновление_позиции - {"client_id": 0, "position": {"x": 180, "y": 665}, "inputs": {"left": false, "right": true, "up": false, "down": false}}
2025-09-23 20:12:04,615 - game_server - INFO - log_game_event:61 - Игровое событие: обновление_позиции - {"client_id": 0, "position": {"x": 185, "y": 665}, "inputs": {"left": false, "right": true, "up": false, "down": false}}
2025-09-23 20:12:04,650 - game_server - INFO - log_game_event:61 - Игровое событие: обновление_позиции - {"client_id": 0, "position": {"x": 190, "y": 665}, "inputs": {"left": false, "right": true, "up": false, "down": false}}
2025-09-23 20:12:04,685 - game_server - INFO - log_game_event:61 - Игровое событие: обновление_позиции - {"client_id": 0, "position": {"x": 195, "y": 665}, "inputs": {"left": false, "right": true, "up": false, "down": false}}
2025-09-23 20:12:04,722 - game_server - INFO - log_game_event:61 - Игровое событие: обновление_позиции - {"client_id": 0, "position": {"x": 200, "y": 665}, "inputs": {"left": false, "right": true, "up": false, "down": false}}
2025-09-23 20:12:04,757 - game_server - INFO - log_game_event:61 - Игровое событие: обновление_позиции - {"client_id": 0, "position": {"x": 205, "y": 665}, "inputs": {"left": false, "right": true, "up": false, "down": false}}
2025-09-23 20:12:04,791 - game_server - INFO - log_game_event:61 - Игровое событие: обновление_позиции - {"client_id": 0, "position": {"x": 210, "y": 665}, "inputs": {"left": false, "right": true, "up": false, "down": false}}
2025-09-23 20:12:04,826 - game_server - INFO - log_game_event:61 - Игровое событие: обновление_позиции - {"client_id": 0, "position": {"x": 215, "y": 665}, "inputs": {"left": false, "right": true, "up": false, "down": false}}
2025-09-23 20:12:04,860 - game_server - INFO - log_game_event:61 - Игровое событие: обновление_позиции - {"client_id": 0, "position": {"x": 220, "y": 665}, "inputs": {"left": false, "right": true, "up": false, "down": false}}
2025-09-23 20:12:04,896 - game_server - INFO - log_game_event:61 - Игровое событие: обновление_позиции - {"client_id": 0, "position": {"x": 225, "y": 665}, "inputs": {"left": false, "right": true, "up": false, "down": false}}
2025-09-23 20:12:04,934 - game_server - INFO - log_game_event:61 - Игровое событие: обновление_позиции - {"client_id": 0, "position": {"x": 230, "y": 665}, "inputs": {"left": false, "right": true, "up": false, "down": false}}
2025-09-23 20:12:04,970 - game_server - INFO - log_game_event:61 - Игровое событие: обновление_позиции - {"client_id": 0, "position": {"x": 235, "y": 665}, "inputs": {"left": false, "right": true, "up": false, "down": false}}
2025-09-23 20:12:05,005 - game_server - INFO - log_game_event:61 - Игровое событие: обновление_позиции - {"client_id": 0, "position": {"x": 240, "y": 665}, "inputs": {"left": false, "right": true, "up": false, "down": false}}
2025-09-23 20:12:05,039 - game_server - INFO - log_game_event:61 - Игровое событие: обновление_позиции - {"client_id": 0, "position": {"x": 245, "y": 665}, "inputs": {"left": false, "right": true, "up": false, "down": false}}
2025-09-23 20:12:05,072 - game_server - INFO - log_game_event:61 - Игровое событие: обновление_позиции - {"client_id": 0, "position": {"x": 250, "y": 665}, "inputs": {"left": false, "right": true, "up": false, "down": false}}
2025-09-23 20:12:05,104 - game_server - INFO - log_game_event:61 - Игровое событие: обновление_позиции - {"client_id": 0, "position": {"x": 255, "y": 665}, "inputs": {"left": false, "right": true, "up": false, "down": false}}
2025-09-23 20:12:05,139 - game_server - INFO - log_game_event:61 - Игровое событие: обновление_позиции - {"client_id": 0, "position": {"x": 260, "y": 665}, "inputs": {"left": false, "right": true, "up": false, "down": false}}
2025-09-23 20:12:05,174 - game_server - INFO - log_game_event:61 - Игровое событие: обновление_позиции - {"client_id": 0, "position": {"x": 265, "y": 665}, "inputs": {"left": false, "right": true, "up": false, "down": false}}
2025-09-23 20:12:05,210 - game_server - INFO - log_game_event:61 - Игровое событие: обновление_позиции - {"client_id": 0, "position": {"x": 270, "y": 665}, "inputs": {"left": false, "right": true, "up": false, "down": false}}
2025-09-23 20:12:05,245 - game_server - INFO - log_game_event:61 - Игровое событие: обновление_позиции - {"client_id": 0, "position": {"x": 275, "y": 665}, "inputs": {"left": false, "right": true, "up": false, "down": false}}
2025-09-23 20:12:05,280 - game_server - INFO - log_game_event:61 - Игровое событие: обновление_позиции - {"client_id": 0, "position": {"x": 280, "y": 665}, "inputs": {"left": false, "right": true, "up": false, "down": false}}
2025-09-23 20:12:05,315 - game_server - INFO - log_game_event:61 - Игровое событие: обновление_позиции - {"client_id": 0, "position": {"x": 285, "y": 665}, "inputs": {"left": false, "right": true, "up": false, "down": false}}
2025-09-23 20:12:05,350 - game_server - INFO - log_game_event:61 - Игровое событие: обновление_позиции - {"client_id": 0, "position": {"x": 290, "y": 665}, "inputs": {"left": false, "right": true, "up": false, "down": false}}
2025-09-23 20:12:05,384 - game_server - INFO - log_game_event:61 - Игровое событие: обновление_позиции - {"client_id": 0, "position": {"x": 295, "y": 665}, "inputs": {"left": false, "right": true, "up": false, "down": false}}
2025-09-23 20:12:05,420 - game_server - INFO - log_game_event:61 - Игровое событие: обновление_позиции - {"client_id": 0, "position": {"x": 300, "y": 665}, "inputs": {"left": false, "right": true, "up": false, "down": false}}
2025-09-23 20:12:05,459 - game_server - INFO - log_game_event:61 - Игровое событие: обновление_позиции - {"client_id": 0, "position": {"x": 305, "y": 665}, "inputs": {"left": false, "right": true, "up": false, "down": false}}
2025-09-23 20:12:05,493 - game_server - INFO - log_game_event:61 - Игровое событие: обновление_позиции - {"client_id": 0, "position": {"x": 310, "y": 665}, "inputs": {"left": false, "right": true, "up": false, "down": false}}
2025-09-23 20:12:05,530 - game_server - INFO - log_game_event:61 - Игровое событие: обновление_позиции - {"client_id": 0, "position": {"x": 315, "y": 665}, "inputs": {"left": false, "right": true, "up": false, "down": false}}
2025-09-23 20:12:05,563 - game_server - INFO - log_game_event:61 - Игровое событие: обновление_позиции - {"client_id": 0, "position": {"x": 320, "y": 665}, "inputs": {"left": false, "right": true, "up": false, "down": false}}
2025-09-23 20:12:05,598 - game_server - INFO - log_game_event:61 - Игровое событие: обновление_позиции - {"client_id": 0, "position": {"x": 325, "y": 665}, "inputs": {"left": false, "right": true, "up": false, "down": false}}
2025-09-23 20:12:05,632 - game_server - INFO - log_game_event:61 - Игровое событие: обновление_позиции - {"client_id": 0, "position": {"x": 330, "y": 665}, "inputs": {"left": false, "right": true, "up": false, "down": false}}
2025-09-23 20:12:05,667 - game_server - INFO - log_game_event:61 - Игровое событие: обновление_позиции - {"client_id": 0, "position": {"x": 335, "y": 665}, "inputs": {"left": false, "right": true, "up": false, "down": false}}
2025-09-23 20:12:05,702 - game_server - INFO - log_game_event:61 - Игровое событие: обновление_позиции - {"client_id": 0, "position": {"x": 340, "y": 665}, "inputs": {"left": false, "right": true, "up": false, "down": false}}
2025-09-23 20:12:05,739 - game_server - INFO - log_game_event:61 - Игровое событие: обновление_позиции - {"client_id": 0, "position": {"x": 345, "y": 665}, "inputs": {"left": false, "right": true, "up": false, "down": false}}
2025-09-23 20:12:05,771 - game_server - INFO - log_game_event:61 - Игровое событие: обновление_позиции - {"client_id": 0, "position": {"x": 350, "y": 670}, "inputs": {"left": false, "right": true, "up": false, "down": true}}
2025-09-23 20:12:05,805 - game_server - INFO - log_game_event:61 - Игровое событие: обновление_позиции - {"client_id": 0, "position": {"x": 355, "y": 675}, "inputs": {"left": false, "right": true, "up": false, "down": true}}
2025-09-23 20:12:05,839 - game_server - INFO - log_game_event:61 - Игровое событие: обновление_позиции - {"client_id": 0, "position": {"x": 360, "y": 680}, "inputs": {"left": false, "right": true, "up": false, "down": true}}
2025-09-23 20:12:05,871 - game_server - INFO - log_game_event:61 - Игровое событие: обновление_позиции - {"client_id": 0, "position": {"x": 365, "y": 685}, "inputs": {"left": false, "right": true, "up": false, "down": true}}
2025-09-23 20:12:05,904 - game_server - INFO - log_game_event:61 - Игровое событие: обновление_позиции - {"client_id": 0, "position": {"x": 370, "y": 690}, "inputs": {"left": false, "right": true, "up": false, "down": true}}
2025-09-23 20:12:05,940 - game_server - INFO - log_game_event:61 - Игровое событие: обновление_позиции - {"client_id": 0, "position": {"x": 375, "y": 695}, "inputs": {"left": false, "right": true, "up": false, "down": true}}
2025-09-23 20:12:05,974 - game_server - INFO - log_game_event:61 - Игровое событие: обновление_позиции - {"client_id": 0, "position": {"x": 380, "y": 700}, "inputs": {"left": false, "right": true, "up": false, "down": true}}
2025-09-23 20:12:06,007 - game_server - INFO - log_game_event:61 - Игровое событие: обновление_позиции - {"client_id": 0, "position": {"x": 385, "y": 705}, "inputs": {"left": false, "right": true, "up": false, "down": true}}
2025-09-23 20:12:06,042 - game_server - INFO - log_game_event:61 - Игровое событие: обновление_позиции - {"client_id": 0, "position": {"x": 390, "y": 710}, "inputs": {"left": false, "right": true, "up": false, "down": true}}
2025-09-23 20:12:06,075 - game_server - INFO - log_game_event:61 - Игровое событие: обновление_позиции - {"client_id": 0, "position": {"x": 395, "y": 715}, "inputs": {"left": false, "right": true, "up": false, "down": true}}
2025-09-23 20:12:06,107 - game_server - INFO - log_game_event:61 - Игровое событие: обновление_позиции - {"client_id": 0, "position": {"x": 400, "y": 720}, "inputs": {"left": false, "right": true, "up": false, "down": true}}
2025-09-23 20:12:06,135 - game_server - INFO - log_game_event:61 - Игровое событие: обновление_позиции - {"client_id": 0, "position": {"x": 405, "y": 725}, "inputs": {"left": false, "right": true, "up": false, "down": true}}
2025-09-23 20:12:06,169 - game_server - INFO - log_game_event:61 - Игровое событие: обновление_позиции - {"client_id": 0, "position": {"x": 410, "y": 730}, "inputs": {"left": false, "right": true, "up": false, "down": true}}
2025-09-23 20:12:06,202 - game_server - INFO - log_game_event:61 - Игровое событие: обновление_позиции - {"client_id": 0, "position": {"x": 415, "y": 735}, "inputs": {"left": false, "right": true, "up": false, "down": true}}
2025-09-23 20:12:06,236 - game_server - INFO - log_game_event:61 - Игровое событие: обновление_позиции - {"client_id": 0, "position": {"x": 420, "y": 740}, "inputs": {"left": false, "right": true, "up": false, "down": true}}
2025-09-23 20:12:06,271 - game_server - INFO - log_game_event:61 - Игровое событие: обновление_позиции - {"client_id": 0, "position": {"x": 425, "y": 745}, "inputs": {"left": false, "right": true, "up": false, "down": true}}
2025-09-23 20:12:06,304 - game_server - INFO - log_game_event:61 - Игровое событие: обновление_позиции - {"client_id": 0, "position": {"x": 430, "y": 750}, "inputs": {"left": false, "right": true, "up": false, "down": true}}
2025-09-23 20:12:06,341 - game_server - INFO - log_game_event:61 - Игровое событие: обновление_позиции - {"client_id": 0, "position": {"x": 435, "y": 755}, "inputs": {"left": false, "right": true, "up": false, "down": true}}
2025-09-23 20:12:06,374 - game_server - INFO - log_game_event:61 - Игровое событие: обновление_позиции - {"client_id": 0, "position": {"x": 440, "y": 760}, "inputs": {"left": false, "right": true, "up": false, "down": true}}
2025-09-23 20:12:06,409 - game_server - INFO - log_game_event:61 - Игровое событие: обновление_позиции - {"client_id": 0, "position": {"x": 445, "y": 765}, "inputs": {"left": false, "right": true, "up": false, "down": true}}
2025-09-23 20:12:06,442 - game_server - INFO - log_game_event:61 - Игровое событие: обновление_позиции - {"client_id": 0, "position": {"x": 450, "y": 770}, "inputs": {"left": false, "right": true, "up": false, "down": true}}
2025-09-23 20:12:06,476 - game_server - INFO - log_game_event:61 - Игровое событие: обновление_позиции - {"client_id": 0, "position": {"x": 455, "y": 775}, "inputs": {"left": false, "right": true, "up": false, "down": true}}
2025-09-23 20:12:06,509 - game_server - INFO - log_game_event:61 - Игровое событие: обновление_позиции - {"client_id": 0, "position": {"x": 460, "y": 780}, "inputs": {"left": false, "right": true, "up": false, "down": true}}
2025-09-23 20:12:06,541 - game_server - INFO - log_game_event:61 - Игровое событие: обновление_позиции - {"client_id": 0, "position": {"x": 465, "y": 785}, "inputs": {"left": false, "right": true, "up": false, "down": true}}
2025-09-23 20:12:06,576 - game_server - INFO - log_game_event:61 - Игровое событие: обновление_позиции - {"client_id": 0, "position": {"x": 470, "y": 790}, "inputs": {"left": false, "right": true, "up": false, "down": true}}
2025-09-23 20:12:06,612 - game_server - INFO - log_game_event:61 - Игровое событие: обновление_позиции - {"client_id": 0, "position": {"x": 475, "y": 795}, "inputs": {"left": false, "right": true, "up": false, "down": true}}
2025-09-23 20:12:06,646 - game_server - INFO - log_game_event:61 - Игровое событие: обновление_позиции - {"client_id": 0, "position": {"x": 480, "y": 800}, "inputs": {"left": false, "right": true, "up": false, "down": true}}
2025-09-23 20:12:06,681 - game_server - INFO - log_game_event:61 - Игровое событие: обновление_позиции - {"client_id": 0, "position": {"x": 485, "y": 805}, "inputs": {"left": false, "right": true, "up": false, "down": true}}
2025-09-23 20:12:06,718 - game_server - INFO - log_game_event:61 - Игровое событие: обновление_позиции - {"client_id": 0, "position": {"x": 490, "y": 810}, "inputs": {"left": false, "right": true, "up": false, "down": true}}
2025-09-23 20:12:06,752 - game_server - INFO - log_game_event:61 - Игровое событие: обновление_позиции - {"client_id": 0, "position": {"x": 495, "y": 815}, "inputs": {"left": false, "right": true, "up": false, "down": true}}
2025-09-23 20:12:06,787 - game_server - INFO - log_game_event:61 - Игровое событие: обновление_позиции - {"client_id": 0, "position": {"x": 500, "y": 820}, "inputs": {"left": false, "right": true, "up": false, "down": true}}
2025-09-23 20:12:06,821 - game_server - INFO - log_game_event:61 - Игровое событие: обновление_позиции - {"client_id": 0, "position": {"x": 505, "y": 825}, "inputs": {"left": false, "right": true, "up": false, "down": true}}
2025-09-23 20:12:06,855 - game_server - INFO - log_game_event:61 - Игровое событие: обновление_позиции - {"client_id": 0, "position": {"x": 510, "y": 830}, "inputs": {"left": false, "right": true, "up": false, "down": true}}
2025-09-23 20:12:06,889 - game_server - INFO - log_game_event:61 - Игровое событие: обновление_позиции - {"client_id": 0, "position": {"x": 515, "y": 835}, "inputs": {"left": false, "right": true, "up": false, "down": true}}
2025-09-23 20:12:06,924 - game_server - INFO - log_game_event:61 - Игровое событие: обновление_позиции - {"client_id": 0, "position": {"x": 520, "y": 840}, "inputs": {"left": false, "right": true, "up": false, "down": true}}
2025-09-23 20:12:06,958 - game_server - INFO - log_game_event:61 - Игровое событие: обновление_позиции - {"client_id": 0, "position": {"x": 525, "y": 840}, "inputs": {"left": false, "right": true, "up": false, "down": false}}
2025-09-23 20:12:06,993 - game_server - INFO - log_game_event:61 - Игровое событие: обновление_позиции - {"client_id": 0, "position": {"x": 530, "y": 840}, "inputs": {"left": false, "right": true, "up": false, "down": false}}
2025-09-23 20:12:07,026 - game_server - INFO - log_game_event:61 - Игровое событие: обновление_позиции - {"client_id": 0, "position": {"x": 535, "y": 840}, "inputs": {"left": false, "right": true, "up": false, "down": false}}
2025-09-23 20:12:07,060 - game_server - INFO - log_game_event:61 - Игровое событие: обновление_позиции - {"client_id": 0, "position": {"x": 540, "y": 840}, "inputs": {"left": false, "right": true, "up": false, "down": false}}
2025-09-23 20:12:07,093 - game_server - INFO - log_game_event:61 - Игровое событие: обновление_позиции - {"client_id": 0, "position": {"x": 545, "y": 840}, "inputs": {"left": false, "right": true, "up": false, "down": false}}
2025-09-23 20:12:07,127 - game_server - INFO - log_game_event:61 - Игровое событие: обновление_позиции - {"client_id": 0, "position": {"x": 550, "y": 840}, "inputs": {"left": false, "right": true, "up": false, "down": false}}
2025-09-23 20:12:07,163 - game_server - INFO - log_game_event:61 - Игровое событие: обновление_позиции - {"client_id": 0, "position": {"x": 555, "y": 840}, "inputs": {"left": false, "right": true, "up": false, "down": false}}
2025-09-23 20:12:07,197 - game_server - INFO - log_game_event:61 - Игровое событие: обновление_позиции - {"client_id": 0, "position": {"x": 560, "y": 840}, "inputs": {"left": false, "right": true, "up": false, "down": false}}
2025-09-23 20:12:07,233 - game_server - INFO - log_game_event:61 - Игровое событие: обновление_позиции - {"client_id": 0, "position": {"x": 565, "y": 840}, "inputs": {"left": false, "right": true, "up": false, "down": false}}
2025-09-23 20:12:07,266 - game_server - INFO - log_game_event:61 - Игровое событие: обновление_позиции - {"client_id": 0, "position": {"x": 570, "y": 840}, "inputs": {"left": false, "right": true, "up": false, "down": false}}
2025-09-23 20:12:07,294 - game_server - INFO - log_game_event:61 - Игровое событие: обновление_позиции - {"client_id": 0, "position": {"x": 575, "y": 840}, "inputs": {"left": false, "right": true, "up": false, "down": false}}
2025-09-23 20:12:07,330 - game_server - INFO - log_game_event:61 - Игровое событие: обновление_позиции - {"client_id": 0, "position": {"x": 580, "y": 840}, "inputs": {"left": false, "right": true, "up": false, "down": false}}
2025-09-23 20:12:07,365 - game_server - INFO - log_game_event:61 - Игровое событие: обновление_позиции - {"client_id": 0, "position": {"x": 585, "y": 840}, "inputs": {"left": false, "right": true, "up": false, "down": false}}
2025-09-23 20:12:07,399 - game_server - INFO - log_game_event:61 - Игровое событие: обновление_позиции - {"client_id": 0, "position": {"x": 590, "y": 840}, "inputs": {"left": false, "right": true, "up": false, "down": false}}
2025-09-23 20:12:07,434 - game_server - INFO - log_game_event:61 - Игровое событие: обновление_позиции - {"client_id": 0, "position": {"x": 595, "y": 840}, "inputs": {"left": false, "right": true, "up": false, "down": false}}
2025-09-23 20:12:07,469 - game_server - INFO - log_game_event:61 - Игровое событие: обновление_позиции - {"client_id": 0, "position": {"x": 600, "y": 840}, "inputs": {"left": false, "right": true, "up": false, "down": false}}
2025-09-23 20:12:07,502 - game_server - INFO - log_game_event:61 - Игровое событие: обновление_позиции - {"client_id": 0, "position": {"x": 605, "y": 840}, "inputs": {"left": false, "right": true, "up": false, "down": false}}
2025-09-23 20:12:07,535 - game_server - INFO - log_game_event:61 - Игровое событие: обновление_позиции - {"client_id": 0, "position": {"x": 610, "y": 840}, "inputs": {"left": false, "right": true, "up": false, "down": false}}
2025-09-23 20:12:07,569 - game_server - INFO - log_game_event:61 - Игровое событие: обновление_позиции - {"client_id": 0, "position": {"x": 615, "y": 840}, "inputs": {"left": false, "right": true, "up": false, "down": false}}
2025-09-23 20:12:07,603 - game_server - INFO - log_game_event:61 - Игровое событие: обновление_позиции - {"client_id": 0, "position": {"x": 620, "y": 840}, "inputs": {"left": false, "right": true, "up": false, "down": false}}
2025-09-23 20:12:07,636 - game_server - INFO - log_game_event:61 - Игровое событие: обновление_позиции - {"client_id": 0, "position": {"x": 625, "y": 840}, "inputs": {"left": false, "right": true, "up": false, "down": false}}
2025-09-23 20:12:07,670 - game_server - INFO - log_game_event:61 - Игровое событие: обновление_позиции - {"client_id": 0, "position": {"x": 630, "y": 840}, "inputs": {"left": false, "right": true, "up": false, "down": false}}
2025-09-23 20:12:07,706 - game_server - INFO - log_game_event:61 - Игровое событие: обновление_позиции - {"client_id": 0, "position": {"x": 635, "y": 840}, "inputs": {"left": false, "right": true, "up": false, "down": false}}
2025-09-23 20:12:07,740 - game_server - INFO - log_game_event:61 - Игровое событие: обновление_позиции - {"client_id": 0, "position": {"x": 640, "y": 840}, "inputs": {"left": false, "right": true, "up": false, "down": false}}
2025-09-23 20:12:07,773 - game_server - INFO - log_game_event:61 - Игровое событие: обновление_позиции - {"client_id": 0, "position": {"x": 645, "y": 840}, "inputs": {"left": false, "right": true, "up": false, "down": false}}
2025-09-23 20:12:07,806 - game_server - INFO - log_game_event:61 - Игровое событие: обновление_позиции - {"client_id": 0, "position": {"x": 650, "y": 835}, "inputs": {"left": false, "right": true, "up": true, "down": false}}
2025-09-23 20:12:07,839 - game_server - INFO - log_game_event:61 - Игровое событие: обновление_позиции - {"client_id": 0, "position": {"x": 655, "y": 830}, "inputs": {"left": false, "right": true, "up": true, "down": false}}
2025-09-23 20:12:07,872 - game_server - INFO - log_game_event:61 - Игровое событие: обновление_позиции - {"client_id": 0, "position": {"x": 660, "y": 825}, "inputs": {"left": false, "right": true, "up": true, "down": false}}
2025-09-23 20:12:07,905 - game_server - INFO - log_game_event:61 - Игровое событие: обновление_позиции - {"client_id": 0, "position": {"x": 665, "y": 820}, "inputs": {"left": false, "right": true, "up": true, "down": false}}
2025-09-23 20:12:07,937 - game_server - INFO - log_game_event:61 - Игровое событие: обновление_позиции - {"client_id": 0, "position": {"x": 670, "y": 815}, "inputs": {"left": false, "right": true, "up": true, "down": false}}
2025-09-23 20:12:07,969 - game_server - INFO - log_game_event:61 - Игровое событие: обновление_позиции - {"client_id": 0, "position": {"x": 675, "y": 810}, "inputs": {"left": false, "right": true, "up": true, "down": false}}
2025-09-23 20:12:08,000 - game_server - INFO - log_game_event:61 - Игровое событие: обновление_позиции - {"client_id": 0, "position": {"x": 680, "y": 805}, "inputs": {"left": false, "right": true, "up": true, "down": false}}
2025-09-23 20:12:08,032 - game_server - INFO - log_game_event:61 - Игровое событие: обновление_позиции - {"client_id": 0, "position": {"x": 685, "y": 800}, "inputs": {"left": false, "right": true, "up": true, "down": false}}
2025-09-23 20:12:08,063 - game_server - INFO - log_game_event:61 - Игровое событие: обновление_позиции - {"client_id": 0, "position": {"x": 690, "y": 795}, "inputs": {"left": false, "right": true, "up": true, "down": false}}
2025-09-23 20:12:08,097 - game_server - INFO - log_game_event:61 - Игровое событие: обновление_позиции - {"client_id": 0, "position": {"x": 695, "y": 790}, "inputs": {"left": false, "right": true, "up": true, "down": false}}
2025-09-23 20:12:08,126 - game_server - INFO - log_game_event:61 - Игровое событие: обновление_позиции - {"client_id": 0, "position": {"x": 700, "y": 785}, "inputs": {"left": false, "right": true, "up": true, "down": false}}
2025-09-23 20:12:08,160 - game_server - INFO - log_game_event:61 - Игровое событие: обновление_позиции - {"client_id": 0, "position": {"x": 705, "y": 780}, "inputs": {"left": false, "right": true, "up": true, "down": false}}
2025-09-23 20:12:08,188 - game_server - INFO - log_game_event:61 - Игровое событие: обновление_позиции - {"client_id": 0, "position": {"x": 710, "y": 775}, "inputs": {"left": false, "right": true, "up": true, "down": false}}
2025-09-23 20:12:08,218 - game_server - INFO - log_game_event:61 - Игровое событие: обновление_позиции - {"client_id": 0, "position": {"x": 715, "y": 770}, "inputs": {"left": false, "right": true, "up": true, "down": false}}
2025-09-23 20:12:08,246 - game_server - INFO - log_game_event:61 - Игровое событие: обновление_позиции - {"client_id": 0, "position": {"x": 720, "y": 765}, "inputs": {"left": false, "right": true, "up": true, "down": false}}
2025-09-23 20:12:08,271 - game_server - INFO - log_game_event:61 - Игровое событие: обновление_позиции - {"client_id": 0, "position": {"x": 725, "y": 760}, "inputs": {"left": false, "right": true, "up": true, "down": false}}
2025-09-23 20:12:08,303 - game_server - INFO - log_game_event:61 - Игровое событие: обновление_позиции - {"client_id": 0, "position": {"x": 730, "y": 755}, "inputs": {"left": false, "right": true, "up": true, "down": false}}
2025-09-23 20:12:08,333 - game_server - INFO - log_game_event:61 - Игровое событие: обновление_позиции - {"client_id": 0, "position": {"x": 735, "y": 750}, "inputs": {"left": false, "right": true, "up": true, "down": false}}
2025-09-23 20:12:08,367 - game_server - INFO - log_game_event:61 - Игровое событие: обновление_позиции - {"client_id": 0, "position": {"x": 740, "y": 745}, "inputs": {"left": false, "right": true, "up": true, "down": false}}
2025-09-23 20:12:08,401 - game_server - INFO - log_game_event:61 - Игровое событие: обновление_позиции - {"client_id": 0, "position": {"x": 745, "y": 740}, "inputs": {"left": false, "right": true, "up": true, "down": false}}
2025-09-23 20:12:08,427 - game_server - INFO - log_game_event:61 - Игровое событие: обновление_позиции - {"client_id": 0, "position": {"x": 750, "y": 735}, "inputs": {"left": false, "right": true, "up": true, "down": false}}
2025-09-23 20:12:08,455 - game_server - INFO - log_game_event:61 - Игровое событие: обновление_позиции - {"client_id": 0, "position": {"x": 755, "y": 730}, "inputs": {"left": false, "right": true, "up": true, "down": false}}
2025-09-23 20:12:08,487 - game_server - INFO - log_game_event:61 - Игровое событие: обновление_позиции - {"client_id": 0, "position": {"x": 760, "y": 725}, "inputs": {"left": false, "right": true, "up": true, "down": false}}
2025-09-23 20:12:08,519 - game_server - INFO - log_game_event:61 - Игровое событие: обновление_позиции - {"client_id": 0, "position": {"x": 765, "y": 725}, "inputs": {"left": false, "right": true, "up": true, "down": true}}
2025-09-23 20:12:08,547 - game_server - INFO - log_game_event:61 - Игровое событие: обновление_позиции - {"client_id": 0, "position": {"x": 770, "y": 725}, "inputs": {"left": false, "right": true, "up": true, "down": true}}
2025-09-23 20:12:08,573 - game_server - INFO - log_game_event:61 - Игровое событие: обновление_позиции - {"client_id": 0, "position": {"x": 775, "y": 725}, "inputs": {"left": false, "right": true, "up": true, "down": true}}
2025-09-23 20:12:08,600 - game_server - INFO - log_game_event:61 - Игровое событие: обновление_позиции - {"client_id": 0, "position": {"x": 780, "y": 725}, "inputs": {"left": false, "right": true, "up": true, "down": true}}
2025-09-23 20:12:08,628 - game_server - INFO - log_game_event:61 - Игровое событие: обновление_позиции - {"client_id": 0, "position": {"x": 785, "y": 725}, "inputs": {"left": false, "right": true, "up": true, "down": true}}
2025-09-23 20:12:08,655 - game_server - INFO - log_game_event:61 - Игровое событие: обновление_позиции - {"client_id": 0, "position": {"x": 790, "y": 725}, "inputs": {"left": false, "right": true, "up": true, "down": true}}
2025-09-23 20:12:08,684 - game_server - INFO - log_game_event:61 - Игровое событие: обновление_позиции - {"client_id": 0, "position": {"x": 795, "y": 725}, "inputs": {"left": false, "right": true, "up": true, "down": true}}
2025-09-23 20:12:08,718 - game_server - INFO - log_game_event:61 - Игровое событие: обновление_позиции - {"client_id": 0, "position": {"x": 800, "y": 725}, "inputs": {"left": false, "right": true, "up": true, "down": true}}
2025-09-23 20:12:08,749 - game_server - INFO - log_game_event:61 - Игровое событие: обновление_позиции - {"client_id": 0, "position": {"x": 805, "y": 725}, "inputs": {"left": false, "right": true, "up": true, "down": true}}
2025-09-23 20:12:08,783 - game_server - INFO - log_game_event:61 - Игровое событие: обновление_позиции - {"client_id": 0, "position": {"x": 810, "y": 725}, "inputs": {"left": false, "right": true, "up": true, "down": true}}
2025-09-23 20:12:08,813 - game_server - INFO - log_game_event:61 - Игровое событие: обновление_позиции - {"client_id": 0, "position": {"x": 815, "y": 730}, "inputs": {"left": false, "right": true, "up": false, "down": true}}
2025-09-23 20:12:08,847 - game_server - INFO - log_game_event:61 - Игровое событие: обновление_позиции - {"client_id": 0, "position": {"x": 820, "y": 735}, "inputs": {"left": false, "right": true, "up": false, "down": true}}
2025-09-23 20:12:08,874 - game_server - INFO - log_game_event:61 - Игровое событие: обновление_позиции - {"client_id": 0, "position": {"x": 825, "y": 740}, "inputs": {"left": false, "right": true, "up": false, "down": true}}
2025-09-23 20:12:08,907 - game_server - INFO - log_game_event:61 - Игровое событие: обновление_позиции - {"client_id": 0, "position": {"x": 830, "y": 745}, "inputs": {"left": false, "right": true, "up": false, "down": true}}
2025-09-23 20:12:08,940 - game_server - INFO - log_game_event:61 - Игровое событие: обновление_позиции - {"client_id": 0, "position": {"x": 835, "y": 750}, "inputs": {"left": false, "right": true, "up": false, "down": true}}
2025-09-23 20:12:08,972 - game_server - INFO - log_game_event:61 - Игровое событие: обновление_позиции - {"client_id": 0, "position": {"x": 840, "y": 755}, "inputs": {"left": false, "right": true, "up": false, "down": true}}
2025-09-23 20:12:09,005 - game_server - INFO - log_game_event:61 - Игровое событие: обновление_позиции - {"client_id": 0, "position": {"x": 845, "y": 760}, "inputs": {"left": false, "right": true, "up": false, "down": true}}
2025-09-23 20:12:09,036 - game_server - INFO - log_game_event:61 - Игровое событие: обновление_позиции - {"client_id": 0, "position": {"x": 850, "y": 765}, "inputs": {"left": false, "right": true, "up": false, "down": true}}
2025-09-23 20:12:09,069 - game_server - INFO - log_game_event:61 - Игровое событие: обновление_позиции - {"client_id": 0, "position": {"x": 855, "y": 770}, "inputs": {"left": false, "right": true, "up": false, "down": true}}
2025-09-23 20:12:09,092 - game_server - INFO - log_game_event:61 - Игровое событие: обновление_позиции - {"client_id": 0, "position": {"x": 860, "y": 775}, "inputs": {"left": false, "right": true, "up": false, "down": true}}
2025-09-23 20:12:09,123 - game_server - INFO - log_game_event:61 - Игровое событие: обновление_позиции - {"client_id": 0, "position": {"x": 865, "y": 780}, "inputs": {"left": false, "right": true, "up": false, "down": true}}
2025-09-23 20:12:09,157 - game_server - INFO - log_game_event:61 - Игровое событие: обновление_позиции - {"client_id": 0, "position": {"x": 870, "y": 785}, "inputs": {"left": false, "right": true, "up": false, "down": true}}
2025-09-23 20:12:09,190 - game_server - INFO - log_game_event:61 - Игровое событие: обновление_позиции - {"client_id": 0, "position": {"x": 875, "y": 790}, "inputs": {"left": false, "right": true, "up": false, "down": true}}
2025-09-23 20:12:09,223 - game_server - INFO - log_game_event:61 - Игровое событие: обновление_позиции - {"client_id": 0, "position": {"x": 880, "y": 795}, "inputs": {"left": false, "right": true, "up": false, "down": true}}
2025-09-23 20:12:09,255 - game_server - INFO - log_game_event:61 - Игровое событие: обновление_позиции - {"client_id": 0, "position": {"x": 885, "y": 800}, "inputs": {"left": false, "right": true, "up": false, "down": true}}
2025-09-23 20:12:09,286 - game_server - INFO - log_game_event:61 - Игровое событие: обновление_позиции - {"client_id": 0, "position": {"x": 890, "y": 805}, "inputs": {"left": false, "right": true, "up": false, "down": true}}
2025-09-23 20:12:09,311 - game_server - INFO - log_game_event:61 - Игровое событие: обновление_позиции - {"client_id": 0, "position": {"x": 895, "y": 810}, "inputs": {"left": false, "right": true, "up": false, "down": true}}
2025-09-23 20:12:09,347 - game_server - INFO - log_game_event:61 - Игровое событие: обновление_позиции - {"client_id": 0, "position": {"x": 900, "y": 815}, "inputs": {"left": false, "right": true, "up": false, "down": true}}
2025-09-23 20:12:09,382 - game_server - INFO - log_game_event:61 - Игровое событие: обновление_позиции - {"client_id": 0, "position": {"x": 905, "y": 815}, "inputs": {"left": false, "right": true, "up": false, "down": false}}
2025-09-23 20:12:09,415 - game_server - INFO - log_game_event:61 - Игровое событие: обновление_позиции - {"client_id": 0, "position": {"x": 910, "y": 810}, "inputs": {"left": false, "right": true, "up": true, "down": false}}
2025-09-23 20:12:09,442 - game_server - INFO - log_game_event:61 - Игровое событие: обновление_позиции - {"client_id": 0, "position": {"x": 915, "y": 805}, "inputs": {"left": false, "right": true, "up": true, "down": false}}
2025-09-23 20:12:09,475 - game_server - INFO - log_game_event:61 - Игровое событие: обновление_позиции - {"client_id": 0, "position": {"x": 920, "y": 800}, "inputs": {"left": false, "right": true, "up": true, "down": false}}
2025-09-23 20:12:09,507 - game_server - INFO - log_game_event:61 - Игровое событие: обновление_позиции - {"client_id": 0, "position": {"x": 925, "y": 795}, "inputs": {"left": false, "right": true, "up": true, "down": false}}
2025-09-23 20:12:09,536 - game_server - INFO - log_game_event:61 - Игровое событие: обновление_позиции - {"client_id": 0, "position": {"x": 930, "y": 790}, "inputs": {"left": false, "right": true, "up": true, "down": false}}
2025-09-23 20:12:09,566 - game_server - INFO - log_game_event:61 - Игровое событие: обновление_позиции - {"client_id": 0, "position": {"x": 935, "y": 785}, "inputs": {"left": false, "right": true, "up": true, "down": false}}
2025-09-23 20:12:09,598 - game_server - INFO - log_game_event:61 - Игровое событие: обновление_позиции - {"client_id": 0, "position": {"x": 940, "y": 780}, "inputs": {"left": false, "right": true, "up": true, "down": false}}
2025-09-23 20:12:09,631 - game_server - INFO - log_game_event:61 - Игровое событие: обновление_позиции - {"client_id": 0, "position": {"x": 945, "y": 775}, "inputs": {"left": false, "right": true, "up": true, "down": false}}
2025-09-23 20:12:09,664 - game_server - INFO - log_game_event:61 - Игровое событие: обновление_позиции - {"client_id": 0, "position": {"x": 950, "y": 770}, "inputs": {"left": false, "right": true, "up": true, "down": false}}
2025-09-23 20:12:09,699 - game_server - INFO - log_game_event:61 - Игровое событие: обновление_позиции - {"client_id": 0, "position": {"x": 955, "y": 765}, "inputs": {"left": false, "right": true, "up": true, "down": false}}
2025-09-23 20:12:09,733 - game_server - INFO - log_game_event:61 - Игровое событие: обновление_позиции - {"client_id": 0, "position": {"x": 960, "y": 760}, "inputs": {"left": false, "right": true, "up": true, "down": false}}
2025-09-23 20:12:09,767 - game_server - INFO - log_game_event:61 - Игровое событие: обновление_позиции - {"client_id": 0, "position": {"x": 965, "y": 755}, "inputs": {"left": false, "right": true, "up": true, "down": false}}
2025-09-23 20:12:09,801 - game_server - INFO - log_game_event:61 - Игровое событие: обновление_позиции - {"client_id": 0, "position": {"x": 970, "y": 750}, "inputs": {"left": false, "right": true, "up": true, "down": false}}
2025-09-23 20:12:09,835 - game_server - INFO - log_game_event:61 - Игровое событие: обновление_позиции - {"client_id": 0, "position": {"x": 975, "y": 745}, "inputs": {"left": false, "right": true, "up": true, "down": false}}
2025-09-23 20:12:09,868 - game_server - INFO - log_game_event:61 - Игровое событие: обновление_позиции - {"client_id": 0, "position": {"x": 980, "y": 740}, "inputs": {"left": false, "right": true, "up": true, "down": false}}
2025-09-23 20:12:09,905 - game_server - INFO - log_game_event:61 - Игровое событие: обновление_позиции - {"client_id": 0, "position": {"x": 985, "y": 735}, "inputs": {"left": false, "right": true, "up": true, "down": false}}
2025-09-23 20:12:09,941 - game_server - INFO - log_game_event:61 - Игровое событие: обновление_позиции - {"client_id": 0, "position": {"x": 990, "y": 730}, "inputs": {"left": false, "right": true, "up": true, "down": false}}
2025-09-23 20:12:09,975 - game_server - INFO - log_game_event:61 - Игровое событие: обновление_позиции - {"client_id": 0, "position": {"x": 995, "y": 725}, "inputs": {"left": false, "right": true, "up": true, "down": false}}
2025-09-23 20:12:10,014 - game_server - INFO - log_game_event:61 - Игровое событие: обновление_позиции - {"client_id": 0, "position": {"x": 1000, "y": 720}, "inputs": {"left": false, "right": true, "up": true, "down": false}}
2025-09-23 20:12:10,049 - game_server - INFO - log_game_event:61 - Игровое событие: обновление_позиции - {"client_id": 0, "position": {"x": 1005, "y": 715}, "inputs": {"left": false, "right": true, "up": true, "down": false}}
2025-09-23 20:12:10,083 - game_server - INFO - log_game_event:61 - Игровое событие: обновление_позиции - {"client_id": 0, "position": {"x": 1010, "y": 710}, "inputs": {"left": false, "right": true, "up": true, "down": false}}
2025-09-23 20:12:10,120 - game_server - INFO - log_game_event:61 - Игровое событие: обновление_позиции - {"client_id": 0, "position": {"x": 1015, "y": 705}, "inputs": {"left": false, "right": true, "up": true, "down": false}}
2025-09-23 20:12:10,154 - game_server - INFO - log_game_event:61 - Игровое событие: обновление_позиции - {"client_id": 0, "position": {"x": 1020, "y": 700}, "inputs": {"left": false, "right": true, "up": true, "down": false}}
2025-09-23 20:12:10,188 - game_server - INFO - log_game_event:61 - Игровое событие: обновление_позиции - {"client_id": 0, "position": {"x": 1025, "y": 695}, "inputs": {"left": false, "right": true, "up": true, "down": false}}
2025-09-23 20:12:10,222 - game_server - INFO - log_game_event:61 - Игровое событие: обновление_позиции - {"client_id": 0, "position": {"x": 1030, "y": 695}, "inputs": {"left": false, "right": true, "up": true, "down": true}}
2025-09-23 20:12:10,257 - game_server - INFO - log_game_event:61 - Игровое событие: обновление_позиции - {"client_id": 0, "position": {"x": 1035, "y": 695}, "inputs": {"left": false, "right": true, "up": true, "down": true}}
2025-09-23 20:12:10,293 - game_server - INFO - log_game_event:61 - Игровое событие: обновление_позиции - {"client_id": 0, "position": {"x": 1040, "y": 695}, "inputs": {"left": false, "right": true, "up": true, "down": true}}
2025-09-23 20:12:10,329 - game_server - INFO - log_game_event:61 - Игровое событие: обновление_позиции - {"client_id": 0, "position": {"x": 1045, "y": 700}, "inputs": {"left": false, "right": true, "up": false, "down": true}}
2025-09-23 20:12:10,362 - game_server - INFO - log_game_event:61 - Игровое событие: обновление_позиции - {"client_id": 0, "position": {"x": 1050, "y": 705}, "inputs": {"left": false, "right": true, "up": false, "down": true}}
2025-09-23 20:12:10,396 - game_server - INFO - log_game_event:61 - Игровое событие: обновление_позиции - {"client_id": 0, "position": {"x": 1055, "y": 710}, "inputs": {"left": false, "right": true, "up": false, "down": true}}
2025-09-23 20:12:10,432 - game_server - INFO - log_game_event:61 - Игровое событие: обновление_позиции - {"client_id": 0, "position": {"x": 1060, "y": 715}, "inputs": {"left": false, "right": true, "up": false, "down": true}}
2025-09-23 20:12:10,468 - game_server - INFO - log_game_event:61 - Игровое событие: обновление_позиции - {"client_id": 0, "position": {"x": 1065, "y": 720}, "inputs": {"left": false, "right": true, "up": false, "down": true}}
2025-09-23 20:12:10,501 - game_server - INFO - log_game_event:61 - Игровое событие: обновление_позиции - {"client_id": 0, "position": {"x": 1070, "y": 725}, "inputs": {"left": false, "right": true, "up": false, "down": true}}
2025-09-23 20:12:10,536 - game_server - INFO - log_game_event:61 - Игровое событие: обновление_позиции - {"client_id": 0, "position": {"x": 1075, "y": 730}, "inputs": {"left": false, "right": true, "up": false, "down": true}}
2025-09-23 20:12:10,570 - game_server - INFO - log_game_event:61 - Игровое событие: обновление_позиции - {"client_id": 0, "position": {"x": 1080, "y": 735}, "inputs": {"left": false, "right": true, "up": false, "down": true}}
2025-09-23 20:12:10,603 - game_server - INFO - log_game_event:61 - Игровое событие: обновление_позиции - {"client_id": 0, "position": {"x": 1085, "y": 740}, "inputs": {"left": false, "right": true, "up": false, "down": true}}
2025-09-23 20:12:10,637 - game_server - INFO - log_game_event:61 - Игровое событие: обновление_позиции - {"client_id": 0, "position": {"x": 1090, "y": 745}, "inputs": {"left": false, "right": true, "up": false, "down": true}}
2025-09-23 20:12:10,672 - game_server - INFO - log_game_event:61 - Игровое событие: обновление_позиции - {"client_id": 0, "position": {"x": 1095, "y": 750}, "inputs": {"left": false, "right": true, "up": false, "down": true}}
2025-09-23 20:12:10,706 - game_server - INFO - log_game_event:61 - Игровое событие: обновление_позиции - {"client_id": 0, "position": {"x": 1100, "y": 755}, "inputs": {"left": false, "right": true, "up": false, "down": true}}
2025-09-23 20:12:10,742 - game_server - INFO - log_game_event:61 - Игровое событие: обновление_позиции - {"client_id": 0, "position": {"x": 1105, "y": 760}, "inputs": {"left": false, "right": true, "up": false, "down": true}}
2025-09-23 20:12:10,776 - game_server - INFO - log_game_event:61 - Игровое событие: обновление_позиции - {"client_id": 0, "position": {"x": 1110, "y": 765}, "inputs": {"left": false, "right": true, "up": false, "down": true}}
2025-09-23 20:12:10,813 - game_server - INFO - log_game_event:61 - Игровое событие: обновление_позиции - {"client_id": 0, "position": {"x": 1115, "y": 760}, "inputs": {"left": false, "right": true, "up": true, "down": false}}
2025-09-23 20:12:10,847 - game_server - INFO - log_game_event:61 - Игровое событие: обновление_позиции - {"client_id": 0, "position": {"x": 1120, "y": 755}, "inputs": {"left": false, "right": true, "up": true, "down": false}}
2025-09-23 20:12:10,882 - game_server - INFO - log_game_event:61 - Игровое событие: обновление_позиции - {"client_id": 0, "position": {"x": 1125, "y": 750}, "inputs": {"left": false, "right": true, "up": true, "down": false}}
2025-09-23 20:12:10,916 - game_server - INFO - log_game_event:61 - Игровое событие: обновление_позиции - {"client_id": 0, "position": {"x": 1130, "y": 745}, "inputs": {"left": false, "right": true, "up": true, "down": false}}
2025-09-23 20:12:10,951 - game_server - INFO - log_game_event:61 - Игровое событие: обновление_позиции - {"client_id": 0, "position": {"x": 1135, "y": 740}, "inputs": {"left": false, "right": true, "up": true, "down": false}}
2025-09-23 20:12:10,984 - game_server - INFO - log_game_event:61 - Игровое событие: обновление_позиции - {"client_id": 0, "position": {"x": 1140, "y": 735}, "inputs": {"left": false, "right": true, "up": true, "down": false}}
2025-09-23 20:12:11,017 - game_server - INFO - log_game_event:61 - Игровое событие: обновление_позиции - {"client_id": 0, "position": {"x": 1145, "y": 730}, "inputs": {"left": false, "right": true, "up": true, "down": false}}
2025-09-23 20:12:11,053 - game_server - INFO - log_game_event:61 - Игровое событие: обновление_позиции - {"client_id": 0, "position": {"x": 1150, "y": 725}, "inputs": {"left": false, "right": true, "up": true, "down": false}}
2025-09-23 20:12:11,087 - game_server - INFO - log_game_event:61 - Игровое событие: обновление_позиции - {"client_id": 0, "position": {"x": 1155, "y": 720}, "inputs": {"left": false, "right": true, "up": true, "down": false}}
2025-09-23 20:12:11,120 - game_server - INFO - log_game_event:61 - Игровое событие: обновление_позиции - {"client_id": 0, "position": {"x": 1160, "y": 715}, "inputs": {"left": false, "right": true, "up": true, "down": false}}
2025-09-23 20:12:11,154 - game_server - INFO - log_game_event:61 - Игровое событие: обновление_позиции - {"client_id": 0, "position": {"x": 1165, "y": 710}, "inputs": {"left": false, "right": true, "up": true, "down": false}}
2025-09-23 20:12:11,187 - game_server - INFO - log_game_event:61 - Игровое событие: обновление_позиции - {"client_id": 0, "position": {"x": 1170, "y": 705}, "inputs": {"left": false, "right": true, "up": true, "down": false}}
2025-09-23 20:12:11,219 - game_server - INFO - log_game_event:61 - Игровое событие: обновление_позиции - {"client_id": 0, "position": {"x": 1175, "y": 700}, "inputs": {"left": false, "right": true, "up": true, "down": false}}
2025-09-23 20:12:11,255 - game_server - INFO - log_game_event:61 - Игровое событие: обновление_позиции - {"client_id": 0, "position": {"x": 1180, "y": 695}, "inputs": {"left": false, "right": true, "up": true, "down": false}}
2025-09-23 20:12:11,292 - game_server - INFO - log_game_event:61 - Игровое событие: обновление_позиции - {"client_id": 0, "position": {"x": 1185, "y": 695}, "inputs": {"left": false, "right": true, "up": true, "down": true}}
2025-09-23 20:12:11,327 - game_server - INFO - log_game_event:61 - Игровое событие: обновление_позиции - {"client_id": 0, "position": {"x": 1190, "y": 695}, "inputs": {"left": false, "right": true, "up": true, "down": true}}
2025-09-23 20:12:11,362 - game_server - INFO - log_game_event:61 - Игровое событие: обновление_позиции - {"client_id": 0, "position": {"x": 1195, "y": 695}, "inputs": {"left": false, "right": true, "up": true, "down": true}}
2025-09-23 20:12:11,396 - game_server - INFO - log_game_event:61 - Игровое событие: обновление_позиции - {"client_id": 0, "position": {"x": 1200, "y": 700}, "inputs": {"left": false, "right": true, "up": false, "down": true}}
2025-09-23 20:12:11,431 - game_server - INFO - log_game_event:61 - Игровое событие: обновление_позиции - {"client_id": 0, "position": {"x": 1205, "y": 705}, "inputs": {"left": false, "right": true, "up": false, "down": true}}
2025-09-23 20:12:11,463 - game_server - INFO - log_game_event:61 - Игровое событие: обновление_позиции - {"client_id": 0, "position": {"x": 1210, "y": 710}, "inputs": {"left": false, "right": true, "up": false, "down": true}}
2025-09-23 20:12:11,498 - game_server - INFO - log_game_event:61 - Игровое событие: обновление_позиции - {"client_id": 0, "position": {"x": 1215, "y": 715}, "inputs": {"left": false, "right": true, "up": false, "down": true}}
2025-09-23 20:12:11,532 - game_server - INFO - log_game_event:61 - Игровое событие: обновление_позиции - {"client_id": 0, "position": {"x": 1220, "y": 720}, "inputs": {"left": false, "right": true, "up": false, "down": true}}
2025-09-23 20:12:11,567 - game_server - INFO - log_game_event:61 - Игровое событие: обновление_позиции - {"client_id": 0, "position": {"x": 1225, "y": 725}, "inputs": {"left": false, "right": true, "up": false, "down": true}}
2025-09-23 20:12:11,602 - game_server - INFO - log_game_event:61 - Игровое событие: обновление_позиции - {"client_id": 0, "position": {"x": 1230, "y": 730}, "inputs": {"left": false, "right": true, "up": false, "down": true}}
2025-09-23 20:12:11,636 - game_server - INFO - log_game_event:61 - Игровое событие: обновление_позиции - {"client_id": 0, "position": {"x": 1235, "y": 735}, "inputs": {"left": false, "right": true, "up": false, "down": true}}
2025-09-23 20:12:11,670 - game_server - INFO - log_game_event:61 - Игровое событие: обновление_позиции - {"client_id": 0, "position": {"x": 1240, "y": 740}, "inputs": {"left": false, "right": true, "up": false, "down": true}}
2025-09-23 20:12:11,703 - game_server - INFO - log_game_event:61 - Игровое событие: обновление_позиции - {"client_id": 0, "position": {"x": 1245, "y": 740}, "inputs": {"left": false, "right": true, "up": true, "down": true}}
2025-09-23 20:12:11,735 - game_server - INFO - log_game_event:61 - Игровое событие: обновление_позиции - {"client_id": 0, "position": {"x": 1250, "y": 740}, "inputs": {"left": false, "right": true, "up": true, "down": true}}
2025-09-23 20:12:11,766 - game_server - INFO - log_game_event:61 - Игровое событие: обновление_позиции - {"client_id": 0, "position": {"x": 1255, "y": 740}, "inputs": {"left": false, "right": true, "up": true, "down": true}}
2025-09-23 20:12:11,797 - game_server - INFO - log_game_event:61 - Игровое событие: обновление_позиции - {"client_id": 0, "position": {"x": 1260, "y": 740}, "inputs": {"left": false, "right": true, "up": true, "down": true}}
2025-09-23 20:12:11,832 - game_server - INFO - log_game_event:61 - Игровое событие: обновление_позиции - {"client_id": 0, "position": {"x": 1265, "y": 740}, "inputs": {"left": false, "right": true, "up": true, "down": true}}
2025-09-23 20:12:11,864 - game_server - INFO - log_game_event:61 - Игровое событие: обновление_позиции - {"client_id": 0, "position": {"x": 1270, "y": 740}, "inputs": {"left": false, "right": true, "up": true, "down": true}}
2025-09-23 20:12:11,897 - game_server - INFO - log_game_event:61 - Игровое событие: обновление_позиции - {"client_id": 0, "position": {"x": 1275, "y": 735}, "inputs": {"left": false, "right": true, "up": true, "down": false}}
2025-09-23 20:12:11,931 - game_server - INFO - log_game_event:61 - Игровое событие: обновление_позиции - {"client_id": 0, "position": {"x": 1280, "y": 730}, "inputs": {"left": false, "right": true, "up": true, "down": false}}
2025-09-23 20:12:11,963 - game_server - INFO - log_game_event:61 - Игровое событие: обновление_позиции - {"client_id": 0, "position": {"x": 1285, "y": 725}, "inputs": {"left": false, "right": true, "up": true, "down": false}}
2025-09-23 20:12:11,994 - game_server - INFO - log_game_event:61 - Игровое событие: обновление_позиции - {"client_id": 0, "position": {"x": 1290, "y": 720}, "inputs": {"left": false, "right": true, "up": true, "down": false}}
2025-09-23 20:12:12,025 - game_server - INFO - log_game_event:61 - Игровое событие: обновление_позиции - {"client_id": 0, "position": {"x": 1295, "y": 715}, "inputs": {"left": false, "right": true, "up": true, "down": false}}
2025-09-23 20:12:12,056 - game_server - INFO - log_game_event:61 - Игровое событие: обновление_позиции - {"client_id": 0, "position": {"x": 1300, "y": 710}, "inputs": {"left": false, "right": true, "up": true, "down": false}}
2025-09-23 20:12:12,088 - game_server - INFO - log_game_event:61 - Игровое событие: обновление_позиции - {"client_id": 0, "position": {"x": 1305, "y": 705}, "inputs": {"left": false, "right": true, "up": true, "down": false}}
2025-09-23 20:12:12,120 - game_server - INFO - log_game_event:61 - Игровое событие: обновление_позиции - {"client_id": 0, "position": {"x": 1310, "y": 700}, "inputs": {"left": false, "right": true, "up": true, "down": false}}
2025-09-23 20:12:12,152 - game_server - INFO - log_game_event:61 - Игровое событие: обновление_позиции - {"client_id": 0, "position": {"x": 1315, "y": 695}, "inputs": {"left": false, "right": true, "up": true, "down": false}}
2025-09-23 20:12:12,186 - game_server - INFO - log_game_event:61 - Игровое событие: обновление_позиции - {"client_id": 0, "position": {"x": 1320, "y": 695}, "inputs": {"left": false, "right": true, "up": true, "down": true}}
2025-09-23 20:12:12,221 - game_server - INFO - log_game_event:61 - Игровое событие: обновление_позиции - {"client_id": 0, "position": {"x": 1325, "y": 700}, "inputs": {"left": false, "right": true, "up": false, "down": true}}
2025-09-23 20:12:12,253 - game_server - INFO - log_game_event:61 - Игровое событие: обновление_позиции - {"client_id": 0, "position": {"x": 1330, "y": 705}, "inputs": {"left": false, "right": true, "up": false, "down": true}}
2025-09-23 20:12:12,285 - game_server - INFO - log_game_event:61 - Игровое событие: обновление_позиции - {"client_id": 0, "position": {"x": 1335, "y": 710}, "inputs": {"left": false, "right": true, "up": false, "down": true}}
2025-09-23 20:12:12,319 - game_server - INFO - log_game_event:61 - Игровое событие: обновление_позиции - {"client_id": 0, "position": {"x": 1340, "y": 715}, "inputs": {"left": false, "right": true, "up": false, "down": true}}
2025-09-23 20:12:12,352 - game_server - INFO - log_game_event:61 - Игровое событие: обновление_позиции - {"client_id": 0, "position": {"x": 1345, "y": 720}, "inputs": {"left": false, "right": true, "up": false, "down": true}}
2025-09-23 20:12:12,385 - game_server - INFO - log_game_event:61 - Игровое событие: обновление_позиции - {"client_id": 0, "position": {"x": 1350, "y": 725}, "inputs": {"left": false, "right": true, "up": false, "down": true}}
2025-09-23 20:12:12,420 - game_server - INFO - log_game_event:61 - Игровое событие: обновление_позиции - {"client_id": 0, "position": {"x": 1355, "y": 730}, "inputs": {"left": false, "right": true, "up": false, "down": true}}
2025-09-23 20:12:12,453 - game_server - INFO - log_game_event:61 - Игровое событие: обновление_позиции - {"client_id": 0, "position": {"x": 1360, "y": 735}, "inputs": {"left": false, "right": true, "up": false, "down": true}}
2025-09-23 20:12:12,488 - game_server - INFO - log_game_event:61 - Игровое событие: обновление_позиции - {"client_id": 0, "position": {"x": 1365, "y": 740}, "inputs": {"left": false, "right": true, "up": false, "down": true}}
2025-09-23 20:12:12,522 - game_server - INFO - log_game_event:61 - Игровое событие: обновление_позиции - {"client_id": 0, "position": {"x": 1370, "y": 745}, "inputs": {"left": false, "right": true, "up": false, "down": true}}
2025-09-23 20:12:12,555 - game_server - INFO - log_game_event:61 - Игровое событие: обновление_позиции - {"client_id": 0, "position": {"x": 1375, "y": 750}, "inputs": {"left": false, "right": true, "up": false, "down": true}}
2025-09-23 20:12:12,588 - game_server - INFO - log_game_event:61 - Игровое событие: обновление_позиции - {"client_id": 0, "position": {"x": 1380, "y": 755}, "inputs": {"left": false, "right": true, "up": false, "down": true}}
2025-09-23 20:12:12,620 - game_server - INFO - log_game_event:61 - Игровое событие: обновление_позиции - {"client_id": 0, "position": {"x": 1385, "y": 760}, "inputs": {"left": false, "right": true, "up": false, "down": true}}
2025-09-23 20:12:12,654 - game_server - INFO - log_game_event:61 - Игровое событие: обновление_позиции - {"client_id": 0, "position": {"x": 1390, "y": 760}, "inputs": {"left": false, "right": true, "up": false, "down": false}}
2025-09-23 20:12:12,689 - game_server - INFO - log_game_event:61 - Игровое событие: обновление_позиции - {"client_id": 0, "position": {"x": 1395, "y": 760}, "inputs": {"left": false, "right": true, "up": false, "down": false}}
2025-09-23 20:12:12,723 - game_server - INFO - log_game_event:61 - Игровое событие: обновление_позиции - {"client_id": 0, "position": {"x": 1400, "y": 755}, "inputs": {"left": false, "right": true, "up": true, "down": false}}
2025-09-23 20:12:12,757 - game_server - INFO - log_game_event:61 - Игровое событие: обновление_позиции - {"client_id": 0, "position": {"x": 1405, "y": 750}, "inputs": {"left": false, "right": true, "up": true, "down": false}}
2025-09-23 20:12:12,791 - game_server - INFO - log_game_event:61 - Игровое событие: обновление_позиции - {"client_id": 0, "position": {"x": 1410, "y": 745}, "inputs": {"left": false, "right": true, "up": true, "down": false}}
2025-09-23 20:12:12,822 - game_server - INFO - log_game_event:61 - Игровое событие: обновление_позиции - {"client_id": 0, "position": {"x": 1415, "y": 740}, "inputs": {"left": false, "right": true, "up": true, "down": false}}
2025-09-23 20:12:12,854 - game_server - INFO - log_game_event:61 - Игровое событие: обновление_позиции - {"client_id": 0, "position": {"x": 1420, "y": 735}, "inputs": {"left": false, "right": true, "up": true, "down": false}}
2025-09-23 20:12:12,889 - game_server - INFO - log_game_event:61 - Игровое событие: обновление_позиции - {"client_id": 0, "position": {"x": 1425, "y": 730}, "inputs": {"left": false, "right": true, "up": true, "down": false}}
2025-09-23 20:12:12,922 - game_server - INFO - log_game_event:61 - Игровое событие: обновление_позиции - {"client_id": 0, "position": {"x": 1430, "y": 725}, "inputs": {"left": false, "right": true, "up": true, "down": false}}
2025-09-23 20:12:12,956 - game_server - INFO - log_game_event:61 - Игровое событие: обновление_позиции - {"client_id": 0, "position": {"x": 1435, "y": 720}, "inputs": {"left": false, "right": true, "up": true, "down": false}}
2025-09-23 20:12:12,992 - game_server - INFO - log_game_event:61 - Игровое событие: обновление_позиции - {"client_id": 0, "position": {"x": 1440, "y": 715}, "inputs": {"left": false, "right": true, "up": true, "down": false}}
2025-09-23 20:12:13,017 - game_server - INFO - log_game_event:61 - Игровое событие: обновление_позиции - {"client_id": 0, "position": {"x": 1445, "y": 710}, "inputs": {"left": false, "right": true, "up": true, "down": false}}
2025-09-23 20:12:13,053 - game_server - INFO - log_game_event:61 - Игровое событие: обновление_позиции - {"client_id": 0, "position": {"x": 1450, "y": 705}, "inputs": {"left": false, "right": true, "up": true, "down": false}}
2025-09-23 20:12:13,086 - game_server - INFO - log_game_event:61 - Игровое событие: обновление_позиции - {"client_id": 0, "position": {"x": 1455, "y": 700}, "inputs": {"left": false, "right": true, "up": true, "down": false}}
2025-09-23 20:12:13,120 - game_server - INFO - log_game_event:61 - Игровое событие: обновление_позиции - {"client_id": 0, "position": {"x": 1460, "y": 695}, "inputs": {"left": false, "right": true, "up": true, "down": false}}
2025-09-23 20:12:13,153 - game_server - INFO - log_game_event:61 - Игровое событие: обновление_позиции - {"client_id": 0, "position": {"x": 1465, "y": 690}, "inputs": {"left": false, "right": true, "up": true, "down": false}}
2025-09-23 20:12:13,188 - game_server - INFO - log_game_event:61 - Игровое событие: обновление_позиции - {"client_id": 0, "position": {"x": 1470, "y": 690}, "inputs": {"left": false, "right": true, "up": true, "down": true}}
2025-09-23 20:12:13,222 - game_server - INFO - log_game_event:61 - Игровое событие: обновление_позиции - {"client_id": 0, "position": {"x": 1475, "y": 690}, "inputs": {"left": false, "right": true, "up": true, "down": true}}
2025-09-23 20:12:13,256 - game_server - INFO - log_game_event:61 - Игровое событие: обновление_позиции - {"client_id": 0, "position": {"x": 1480, "y": 690}, "inputs": {"left": false, "right": true, "up": true, "down": true}}
2025-09-23 20:12:13,291 - game_server - INFO - log_game_event:61 - Игровое событие: обновление_позиции - {"client_id": 0, "position": {"x": 1485, "y": 690}, "inputs": {"left": false, "right": true, "up": true, "down": true}}
2025-09-23 20:12:13,323 - game_server - INFO - log_game_event:61 - Игровое событие: обновление_позиции - {"client_id": 0, "position": {"x": 1490, "y": 690}, "inputs": {"left": false, "right": true, "up": true, "down": true}}
2025-09-23 20:12:13,357 - game_server - INFO - log_game_event:61 - Игровое событие: обновление_позиции - {"client_id": 0, "position": {"x": 1495, "y": 690}, "inputs": {"left": false, "right": true, "up": true, "down": true}}
2025-09-23 20:12:13,391 - game_server - INFO - log_game_event:61 - Игровое событие: обновление_позиции - {"client_id": 0, "position": {"x": 1500, "y": 690}, "inputs": {"left": false, "right": true, "up": true, "down": true}}
2025-09-23 20:12:13,426 - game_server - INFO - log_game_event:61 - Игровое событие: обновление_позиции - {"client_id": 0, "position": {"x": 1500, "y": 690}, "inputs": {"left": false, "right": false, "up": true, "down": true}}
2025-09-23 20:12:13,458 - game_server - INFO - log_game_event:61 - Игровое событие: обновление_позиции - {"client_id": 0, "position": {"x": 1500, "y": 690}, "inputs": {"left": false, "right": false, "up": true, "down": true}}
2025-09-23 20:12:13,493 - game_server - INFO - log_game_event:61 - Игровое событие: обновление_позиции - {"client_id": 0, "position": {"x": 1500, "y": 690}, "inputs": {"left": false, "right": false, "up": true, "down": true}}
2025-09-23 20:12:13,526 - game_server - INFO - log_game_event:61 - Игровое событие: обновление_позиции - {"client_id": 0, "position": {"x": 1500, "y": 690}, "inputs": {"left": false, "right": false, "up": true, "down": true}}
2025-09-23 20:12:13,562 - game_server - INFO - log_game_event:61 - Игровое событие: обновление_позиции - {"client_id": 0, "position": {"x": 1500, "y": 690}, "inputs": {"left": false, "right": false, "up": true, "down": true}}
2025-09-23 20:12:13,597 - game_server - INFO - log_game_event:61 - Игровое событие: обновление_позиции - {"client_id": 0, "position": {"x": 1500, "y": 690}, "inputs": {"left": false, "right": false, "up": true, "down": true}}
2025-09-23 20:12:13,631 - game_server - INFO - log_game_event:61 - Игровое событие: обновление_позиции - {"client_id": 0, "position": {"x": 1500, "y": 690}, "inputs": {"left": false, "right": false, "up": true, "down": true}}
2025-09-23 20:12:13,665 - game_server - INFO - log_game_event:61 - Игровое событие: обновление_позиции - {"client_id": 0, "position": {"x": 1500, "y": 690}, "inputs": {"left": false, "right": false, "up": true, "down": true}}
2025-09-23 20:12:13,698 - game_server - INFO - log_game_event:61 - Игровое событие: обновление_позиции - {"client_id": 0, "position": {"x": 1500, "y": 690}, "inputs": {"left": false, "right": false, "up": true, "down": true}}
2025-09-23 20:12:13,734 - game_server - INFO - log_game_event:61 - Игровое событие: обновление_позиции - {"client_id": 0, "position": {"x": 1505, "y": 690}, "inputs": {"left": false, "right": true, "up": true, "down": true}}
2025-09-23 20:12:13,770 - game_server - INFO - log_game_event:61 - Игровое событие: обновление_позиции - {"client_id": 0, "position": {"x": 1510, "y": 690}, "inputs": {"left": false, "right": true, "up": true, "down": true}}
2025-09-23 20:12:13,803 - game_server - INFO - log_game_event:61 - Игровое событие: обновление_позиции - {"client_id": 0, "position": {"x": 1515, "y": 690}, "inputs": {"left": false, "right": true, "up": true, "down": true}}
2025-09-23 20:12:13,837 - game_server - INFO - log_game_event:61 - Игровое событие: обновление_позиции - {"client_id": 0, "position": {"x": 1520, "y": 690}, "inputs": {"left": false, "right": true, "up": false, "down": false}}
2025-09-23 20:12:13,870 - game_server - INFO - log_game_event:61 - Игровое событие: обновление_позиции - {"client_id": 0, "position": {"x": 1525, "y": 690}, "inputs": {"left": false, "right": true, "up": false, "down": false}}
2025-09-23 20:12:13,903 - game_server - INFO - log_game_event:61 - Игровое событие: обновление_позиции - {"client_id": 0, "position": {"x": 1530, "y": 690}, "inputs": {"left": false, "right": true, "up": false, "down": false}}
2025-09-23 20:12:13,936 - game_server - INFO - log_game_event:61 - Игровое событие: обновление_позиции - {"client_id": 0, "position": {"x": 1535, "y": 690}, "inputs": {"left": false, "right": true, "up": false, "down": false}}
2025-09-23 20:12:13,968 - game_server - INFO - log_game_event:61 - Игровое событие: обновление_позиции - {"client_id": 0, "position": {"x": 1540, "y": 690}, "inputs": {"left": false, "right": true, "up": false, "down": false}}
2025-09-23 20:12:14,000 - game_server - INFO - log_game_event:61 - Игровое событие: обновление_позиции - {"client_id": 0, "position": {"x": 1545, "y": 690}, "inputs": {"left": false, "right": true, "up": false, "down": false}}
2025-09-23 20:12:14,034 - game_server - INFO - log_game_event:61 - Игровое событие: обновление_позиции - {"client_id": 0, "position": {"x": 1550, "y": 690}, "inputs": {"left": false, "right": true, "up": false, "down": false}}
2025-09-23 20:12:14,068 - game_server - INFO - log_game_event:61 - Игровое событие: обновление_позиции - {"client_id": 0, "position": {"x": 1555, "y": 690}, "inputs": {"left": false, "right": true, "up": false, "down": false}}
2025-09-23 20:12:14,101 - game_server - INFO - log_game_event:61 - Игровое событие: обновление_позиции - {"client_id": 0, "position": {"x": 1560, "y": 690}, "inputs": {"left": false, "right": true, "up": false, "down": false}}
2025-09-23 20:12:14,134 - game_server - INFO - log_game_event:61 - Игровое событие: обновление_позиции - {"client_id": 0, "position": {"x": 1565, "y": 690}, "inputs": {"left": false, "right": true, "up": false, "down": false}}
2025-09-23 20:12:14,167 - game_server - INFO - log_game_event:61 - Игровое событие: обновление_позиции - {"client_id": 0, "position": {"x": 1570, "y": 690}, "inputs": {"left": false, "right": true, "up": false, "down": false}}
2025-09-23 20:12:14,204 - game_server - INFO - log_game_event:61 - Игровое событие: обновление_позиции - {"client_id": 0, "position": {"x": 1570, "y": 690}, "inputs": {"left": false, "right": false, "up": false, "down": false}}
2025-09-23 20:12:14,237 - game_server - INFO - log_game_event:61 - Игровое событие: обновление_позиции - {"client_id": 0, "position": {"x": 1570, "y": 690}, "inputs": {"left": false, "right": false, "up": false, "down": false}}
2025-09-23 20:12:14,271 - game_server - INFO - log_game_event:61 - Игровое событие: обновление_позиции - {"client_id": 0, "position": {"x": 1570, "y": 690}, "inputs": {"left": false, "right": false, "up": false, "down": false}}
2025-09-23 20:12:14,305 - game_server - INFO - log_game_event:61 - Игровое событие: обновление_позиции - {"client_id": 0, "position": {"x": 1570, "y": 690}, "inputs": {"left": false, "right": false, "up": false, "down": false}}
2025-09-23 20:12:14,340 - game_server - INFO - log_game_event:61 - Игровое событие: обновление_позиции - {"client_id": 0, "position": {"x": 1570, "y": 690}, "inputs": {"left": false, "right": false, "up": false, "down": false}}
2025-09-23 20:12:14,375 - game_server - INFO - log_game_event:61 - Игровое событие: обновление_позиции - {"client_id": 0, "position": {"x": 1570, "y": 690}, "inputs": {"left": false, "right": false, "up": false, "down": false}}
2025-09-23 20:12:14,410 - game_server - INFO - log_game_event:61 - Игровое событие: обновление_позиции - {"client_id": 0, "position": {"x": 1570, "y": 690}, "inputs": {"left": false, "right": false, "up": false, "down": false}}
2025-09-23 20:12:14,446 - game_server - INFO - log_game_event:61 - Игровое событие: обновление_позиции - {"client_id": 0, "position": {"x": 1570, "y": 690}, "inputs": {"left": false, "right": false, "up": false, "down": false}}
2025-09-23 20:12:14,481 - game_server - INFO - log_game_event:61 - Игровое событие: обновление_позиции - {"client_id": 0, "position": {"x": 1570, "y": 690}, "inputs": {"left": false, "right": false, "up": false, "down": false}}
2025-09-23 20:12:14,515 - game_server - INFO - log_game_event:61 - Игровое событие: обновление_позиции - {"client_id": 0, "position": {"x": 1570, "y": 690}, "inputs": {"left": false, "right": false, "up": false, "down": false}}
2025-09-23 20:12:14,550 - game_server - INFO - log_game_event:61 - Игровое событие: обновление_позиции - {"client_id": 0, "position": {"x": 1570, "y": 690}, "inputs": {"left": false, "right": false, "up": false, "down": false}}
2025-09-23 20:12:14,584 - game_server - INFO - log_game_event:61 - Игровое событие: обновление_позиции - {"client_id": 0, "position": {"x": 1570, "y": 690}, "inputs": {"left": false, "right": false, "up": false, "down": false}}
2025-09-23 20:12:14,619 - game_server - INFO - log_game_event:61 - Игровое событие: обновление_позиции - {"client_id": 0, "position": {"x": 1570, "y": 690}, "inputs": {"left": false, "right": false, "up": false, "down": false}}
2025-09-23 20:12:14,653 - game_server - INFO - log_game_event:61 - Игровое событие: обновление_позиции - {"client_id": 0, "position": {"x": 1570, "y": 690}, "inputs": {"left": false, "right": false, "up": false, "down": false}}
2025-09-23 20:12:14,689 - game_server - INFO - log_game_event:61 - Игровое событие: обновление_позиции - {"client_id": 0, "position": {"x": 1565, "y": 690}, "inputs": {"left": true, "right": false, "up": false, "down": false}}
2025-09-23 20:12:14,724 - game_server - INFO - log_game_event:61 - Игровое событие: обновление_позиции - {"client_id": 0, "position": {"x": 1560, "y": 690}, "inputs": {"left": true, "right": false, "up": false, "down": false}}
2025-09-23 20:12:14,759 - game_server - INFO - log_game_event:61 - Игровое событие: обновление_позиции - {"client_id": 0, "position": {"x": 1555, "y": 690}, "inputs": {"left": true, "right": false, "up": false, "down": false}}
2025-09-23 20:12:14,793 - game_server - INFO - log_game_event:61 - Игровое событие: обновление_позиции - {"client_id": 0, "position": {"x": 1550, "y": 690}, "inputs": {"left": true, "right": false, "up": false, "down": false}}
2025-09-23 20:12:14,829 - game_server - INFO - log_game_event:61 - Игровое событие: обновление_позиции - {"client_id": 0, "position": {"x": 1545, "y": 690}, "inputs": {"left": true, "right": false, "up": false, "down": false}}
2025-09-23 20:12:14,862 - game_server - INFO - log_game_event:61 - Игровое событие: обновление_позиции - {"client_id": 0, "position": {"x": 1540, "y": 690}, "inputs": {"left": true, "right": false, "up": false, "down": false}}
2025-09-23 20:12:14,898 - game_server - INFO - log_game_event:61 - Игровое событие: обновление_позиции - {"client_id": 0, "position": {"x": 1535, "y": 695}, "inputs": {"left": true, "right": false, "up": false, "down": true}}
2025-09-23 20:12:14,933 - game_server - INFO - log_game_event:61 - Игровое событие: обновление_позиции - {"client_id": 0, "position": {"x": 1530, "y": 700}, "inputs": {"left": true, "right": false, "up": false, "down": true}}
2025-09-23 20:12:14,968 - game_server - INFO - log_game_event:61 - Игровое событие: обновление_позиции - {"client_id": 0, "position": {"x": 1525, "y": 705}, "inputs": {"left": true, "right": false, "up": false, "down": true}}
2025-09-23 20:12:15,001 - game_server - INFO - log_game_event:61 - Игровое событие: обновление_позиции - {"client_id": 0, "position": {"x": 1520, "y": 710}, "inputs": {"left": true, "right": false, "up": false, "down": true}}
2025-09-23 20:12:15,036 - game_server - INFO - log_game_event:61 - Игровое событие: обновление_позиции - {"client_id": 0, "position": {"x": 1515, "y": 715}, "inputs": {"left": true, "right": false, "up": false, "down": true}}
2025-09-23 20:12:15,069 - game_server - INFO - log_game_event:61 - Игровое событие: обновление_позиции - {"client_id": 0, "position": {"x": 1510, "y": 720}, "inputs": {"left": true, "right": false, "up": false, "down": true}}
2025-09-23 20:12:15,104 - game_server - INFO - log_game_event:61 - Игровое событие: обновление_позиции - {"client_id": 0, "position": {"x": 1505, "y": 725}, "inputs": {"left": true, "right": false, "up": false, "down": true}}
2025-09-23 20:12:15,138 - game_server - INFO - log_game_event:61 - Игровое событие: обновление_позиции - {"client_id": 0, "position": {"x": 1500, "y": 725}, "inputs": {"left": true, "right": false, "up": false, "down": false}}
2025-09-23 20:12:15,174 - game_server - INFO - log_game_event:61 - Игровое событие: обновление_позиции - {"client_id": 0, "position": {"x": 1495, "y": 725}, "inputs": {"left": true, "right": false, "up": false, "down": false}}
2025-09-23 20:12:15,209 - game_server - INFO - log_game_event:61 - Игровое событие: обновление_позиции - {"client_id": 0, "position": {"x": 1490, "y": 725}, "inputs": {"left": true, "right": false, "up": false, "down": false}}
2025-09-23 20:12:15,246 - game_server - INFO - log_game_event:61 - Игровое событие: обновление_позиции - {"client_id": 0, "position": {"x": 1485, "y": 725}, "inputs": {"left": true, "right": false, "up": false, "down": false}}
2025-09-23 20:12:15,280 - game_server - INFO - log_game_event:61 - Игровое событие: обновление_позиции - {"client_id": 0, "position": {"x": 1480, "y": 725}, "inputs": {"left": true, "right": false, "up": false, "down": false}}
2025-09-23 20:12:15,312 - game_server - INFO - log_game_event:61 - Игровое событие: обновление_позиции - {"client_id": 0, "position": {"x": 1475, "y": 725}, "inputs": {"left": true, "right": false, "up": false, "down": false}}
2025-09-23 20:12:15,346 - game_server - INFO - log_game_event:61 - Игровое событие: обновление_позиции - {"client_id": 0, "position": {"x": 1470, "y": 725}, "inputs": {"left": true, "right": false, "up": false, "down": false}}
2025-09-23 20:12:15,380 - game_server - INFO - log_game_event:61 - Игровое событие: обновление_позиции - {"client_id": 0, "position": {"x": 1465, "y": 725}, "inputs": {"left": true, "right": false, "up": false, "down": false}}
2025-09-23 20:12:15,415 - game_server - INFO - log_game_event:61 - Игровое событие: обновление_позиции - {"client_id": 0, "position": {"x": 1460, "y": 725}, "inputs": {"left": true, "right": false, "up": false, "down": false}}
2025-09-23 20:12:15,450 - game_server - INFO - log_game_event:61 - Игровое событие: обновление_позиции - {"client_id": 0, "position": {"x": 1455, "y": 725}, "inputs": {"left": true, "right": false, "up": false, "down": false}}
2025-09-23 20:12:15,484 - game_server - INFO - log_game_event:61 - Игровое событие: обновление_позиции - {"client_id": 0, "position": {"x": 1450, "y": 725}, "inputs": {"left": true, "right": false, "up": false, "down": false}}
2025-09-23 20:12:15,519 - game_server - INFO - log_game_event:61 - Игровое событие: обновление_позиции - {"client_id": 0, "position": {"x": 1445, "y": 725}, "inputs": {"left": true, "right": false, "up": false, "down": false}}
2025-09-23 20:12:15,552 - game_server - INFO - log_game_event:61 - Игровое событие: обновление_позиции - {"client_id": 0, "position": {"x": 1440, "y": 725}, "inputs": {"left": true, "right": false, "up": false, "down": false}}
2025-09-23 20:12:15,586 - game_server - INFO - log_game_event:61 - Игровое событие: обновление_позиции - {"client_id": 0, "position": {"x": 1435, "y": 725}, "inputs": {"left": true, "right": false, "up": false, "down": false}}
2025-09-23 20:12:15,620 - game_server - INFO - log_game_event:61 - Игровое событие: обновление_позиции - {"client_id": 0, "position": {"x": 1430, "y": 725}, "inputs": {"left": true, "right": false, "up": false, "down": false}}
2025-09-23 20:12:15,653 - game_server - INFO - log_game_event:61 - Игровое событие: обновление_позиции - {"client_id": 0, "position": {"x": 1425, "y": 725}, "inputs": {"left": true, "right": false, "up": false, "down": false}}
2025-09-23 20:12:15,687 - game_server - INFO - log_game_event:61 - Игровое событие: обновление_позиции - {"client_id": 0, "position": {"x": 1420, "y": 725}, "inputs": {"left": true, "right": false, "up": false, "down": false}}
2025-09-23 20:12:15,722 - game_server - INFO - log_game_event:61 - Игровое событие: обновление_позиции - {"client_id": 0, "position": {"x": 1415, "y": 720}, "inputs": {"left": true, "right": false, "up": true, "down": false}}
2025-09-23 20:12:15,757 - game_server - INFO - log_game_event:61 - Игровое событие: обновление_позиции - {"client_id": 0, "position": {"x": 1410, "y": 715}, "inputs": {"left": true, "right": false, "up": true, "down": false}}
2025-09-23 20:12:15,789 - game_server - INFO - log_game_event:61 - Игровое событие: обновление_позиции - {"client_id": 0, "position": {"x": 1405, "y": 710}, "inputs": {"left": true, "right": false, "up": true, "down": false}}
2025-09-23 20:12:15,823 - game_server - INFO - log_game_event:61 - Игровое событие: обновление_позиции - {"client_id": 0, "position": {"x": 1400, "y": 705}, "inputs": {"left": true, "right": false, "up": true, "down": false}}
2025-09-23 20:12:15,857 - game_server - INFO - log_game_event:61 - Игровое событие: обновление_позиции - {"client_id": 0, "position": {"x": 1395, "y": 700}, "inputs": {"left": true, "right": false, "up": true, "down": false}}
2025-09-23 20:12:15,885 - game_server - INFO - log_game_event:61 - Игровое событие: обновление_позиции - {"client_id": 0, "position": {"x": 1390, "y": 695}, "inputs": {"left": true, "right": false, "up": true, "down": false}}
2025-09-23 20:12:15,920 - game_server - INFO - log_game_event:61 - Игровое событие: обновление_позиции - {"client_id": 0, "position": {"x": 1385, "y": 690}, "inputs": {"left": true, "right": false, "up": true, "down": false}}
2025-09-23 20:12:15,953 - game_server - INFO - log_game_event:61 - Игровое событие: обновление_позиции - {"client_id": 0, "position": {"x": 1380, "y": 685}, "inputs": {"left": true, "right": false, "up": true, "down": false}}
2025-09-23 20:12:15,987 - game_server - INFO - log_game_event:61 - Игровое событие: обновление_позиции - {"client_id": 0, "position": {"x": 1375, "y": 680}, "inputs": {"left": true, "right": false, "up": true, "down": false}}
2025-09-23 20:12:16,018 - game_server - INFO - log_game_event:61 - Игровое событие: обновление_позиции - {"client_id": 0, "position": {"x": 1370, "y": 675}, "inputs": {"left": true, "right": false, "up": true, "down": false}}
2025-09-23 20:12:16,051 - game_server - INFO - log_game_event:61 - Игровое событие: обновление_позиции - {"client_id": 0, "position": {"x": 1365, "y": 670}, "inputs": {"left": true, "right": false, "up": true, "down": false}}
2025-09-23 20:12:16,085 - game_server - INFO - log_game_event:61 - Игровое событие: обновление_позиции - {"client_id": 0, "position": {"x": 1360, "y": 665}, "inputs": {"left": true, "right": false, "up": true, "down": false}}
2025-09-23 20:12:16,120 - game_server - INFO - log_game_event:61 - Игровое событие: обновление_позиции - {"client_id": 0, "position": {"x": 1355, "y": 660}, "inputs": {"left": true, "right": false, "up": true, "down": false}}
2025-09-23 20:12:16,154 - game_server - INFO - log_game_event:61 - Игровое событие: обновление_позиции - {"client_id": 0, "position": {"x": 1350, "y": 655}, "inputs": {"left": true, "right": false, "up": true, "down": false}}
2025-09-23 20:12:16,189 - game_server - INFO - log_game_event:61 - Игровое событие: обновление_позиции - {"client_id": 0, "position": {"x": 1350, "y": 650}, "inputs": {"left": false, "right": false, "up": true, "down": false}}
2025-09-23 20:12:16,222 - game_server - INFO - log_game_event:61 - Игровое событие: обновление_позиции - {"client_id": 0, "position": {"x": 1350, "y": 645}, "inputs": {"left": false, "right": false, "up": true, "down": false}}
2025-09-23 20:12:16,256 - game_server - INFO - log_game_event:61 - Игровое событие: обновление_позиции - {"client_id": 0, "position": {"x": 1350, "y": 640}, "inputs": {"left": false, "right": false, "up": true, "down": false}}
2025-09-23 20:12:16,292 - game_server - INFO - log_game_event:61 - Игровое событие: обновление_позиции - {"client_id": 0, "position": {"x": 1350, "y": 635}, "inputs": {"left": false, "right": false, "up": true, "down": false}}
2025-09-23 20:12:16,326 - game_server - INFO - log_game_event:61 - Игровое событие: обновление_позиции - {"client_id": 0, "position": {"x": 1350, "y": 630}, "inputs": {"left": false, "right": false, "up": true, "down": false}}
2025-09-23 20:12:16,361 - game_server - INFO - log_game_event:61 - Игровое событие: обновление_позиции - {"client_id": 0, "position": {"x": 1345, "y": 625}, "inputs": {"left": true, "right": false, "up": true, "down": false}}
2025-09-23 20:12:16,396 - game_server - INFO - log_game_event:61 - Игровое событие: обновление_позиции - {"client_id": 0, "position": {"x": 1340, "y": 625}, "inputs": {"left": true, "right": false, "up": false, "down": false}}
2025-09-23 20:12:16,431 - game_server - INFO - log_game_event:61 - Игровое событие: обновление_позиции - {"client_id": 0, "position": {"x": 1335, "y": 625}, "inputs": {"left": true, "right": false, "up": false, "down": false}}
2025-09-23 20:12:16,464 - game_server - INFO - log_game_event:61 - Игровое событие: обновление_позиции - {"client_id": 0, "position": {"x": 1330, "y": 625}, "inputs": {"left": true, "right": false, "up": false, "down": false}}
2025-09-23 20:12:16,500 - game_server - INFO - log_game_event:61 - Игровое событие: обновление_позиции - {"client_id": 0, "position": {"x": 1325, "y": 625}, "inputs": {"left": true, "right": false, "up": false, "down": false}}
2025-09-23 20:12:16,534 - game_server - INFO - log_game_event:61 - Игровое событие: обновление_позиции - {"client_id": 0, "position": {"x": 1320, "y": 625}, "inputs": {"left": true, "right": false, "up": false, "down": false}}
2025-09-23 20:12:16,569 - game_server - INFO - log_game_event:61 - Игровое событие: обновление_позиции - {"client_id": 0, "position": {"x": 1315, "y": 625}, "inputs": {"left": true, "right": false, "up": false, "down": false}}
2025-09-23 20:12:16,602 - game_server - INFO - log_game_event:61 - Игровое событие: обновление_позиции - {"client_id": 0, "position": {"x": 1310, "y": 625}, "inputs": {"left": true, "right": false, "up": false, "down": false}}
2025-09-23 20:12:16,637 - game_server - INFO - log_game_event:61 - Игровое событие: обновление_позиции - {"client_id": 0, "position": {"x": 1305, "y": 625}, "inputs": {"left": true, "right": false, "up": false, "down": false}}
2025-09-23 20:12:16,671 - game_server - INFO - log_game_event:61 - Игровое событие: обновление_позиции - {"client_id": 0, "position": {"x": 1300, "y": 625}, "inputs": {"left": true, "right": false, "up": false, "down": false}}
2025-09-23 20:12:16,703 - game_server - INFO - log_game_event:61 - Игровое событие: обновление_позиции - {"client_id": 0, "position": {"x": 1295, "y": 625}, "inputs": {"left": true, "right": false, "up": false, "down": false}}
2025-09-23 20:12:16,737 - game_server - INFO - log_game_event:61 - Игровое событие: обновление_позиции - {"client_id": 0, "position": {"x": 1290, "y": 625}, "inputs": {"left": true, "right": false, "up": false, "down": false}}
2025-09-23 20:12:16,772 - game_server - INFO - log_game_event:61 - Игровое событие: обновление_позиции - {"client_id": 0, "position": {"x": 1285, "y": 625}, "inputs": {"left": true, "right": false, "up": false, "down": false}}
2025-09-23 20:12:16,806 - game_server - INFO - log_game_event:61 - Игровое событие: обновление_позиции - {"client_id": 0, "position": {"x": 1280, "y": 625}, "inputs": {"left": true, "right": false, "up": false, "down": false}}
2025-09-23 20:12:16,840 - game_server - INFO - log_game_event:61 - Игровое событие: обновление_позиции - {"client_id": 0, "position": {"x": 1275, "y": 625}, "inputs": {"left": true, "right": false, "up": false, "down": false}}
2025-09-23 20:12:16,873 - game_server - INFO - log_game_event:61 - Игровое событие: обновление_позиции - {"client_id": 0, "position": {"x": 1270, "y": 625}, "inputs": {"left": true, "right": false, "up": false, "down": false}}
2025-09-23 20:12:16,908 - game_server - INFO - log_game_event:61 - Игровое событие: обновление_позиции - {"client_id": 0, "position": {"x": 1265, "y": 625}, "inputs": {"left": true, "right": false, "up": false, "down": false}}
2025-09-23 20:12:16,942 - game_server - INFO - log_game_event:61 - Игровое событие: обновление_позиции - {"client_id": 0, "position": {"x": 1260, "y": 625}, "inputs": {"left": true, "right": false, "up": false, "down": false}}
2025-09-23 20:12:16,976 - game_server - INFO - log_game_event:61 - Игровое событие: обновление_позиции - {"client_id": 0, "position": {"x": 1255, "y": 625}, "inputs": {"left": true, "right": false, "up": false, "down": false}}
2025-09-23 20:12:17,012 - game_server - INFO - log_game_event:61 - Игровое событие: обновление_позиции - {"client_id": 0, "position": {"x": 1250, "y": 625}, "inputs": {"left": true, "right": false, "up": false, "down": false}}
2025-09-23 20:12:17,047 - game_server - INFO - log_game_event:61 - Игровое событие: обновление_позиции - {"client_id": 0, "position": {"x": 1245, "y": 630}, "inputs": {"left": true, "right": false, "up": false, "down": true}}
2025-09-23 20:12:17,083 - game_server - INFO - log_game_event:61 - Игровое событие: обновление_позиции - {"client_id": 0, "position": {"x": 1240, "y": 635}, "inputs": {"left": true, "right": false, "up": false, "down": true}}
2025-09-23 20:12:17,116 - game_server - INFO - log_game_event:61 - Игровое событие: обновление_позиции - {"client_id": 0, "position": {"x": 1235, "y": 640}, "inputs": {"left": true, "right": false, "up": false, "down": true}}
2025-09-23 20:12:17,151 - game_server - INFO - log_game_event:61 - Игровое событие: обновление_позиции - {"client_id": 0, "position": {"x": 1230, "y": 645}, "inputs": {"left": true, "right": false, "up": false, "down": true}}
2025-09-23 20:12:17,186 - game_server - INFO - log_game_event:61 - Игровое событие: обновление_позиции - {"client_id": 0, "position": {"x": 1230, "y": 650}, "inputs": {"left": false, "right": false, "up": false, "down": true}}
2025-09-23 20:12:17,218 - game_server - INFO - log_game_event:61 - Игровое событие: обновление_позиции - {"client_id": 0, "position": {"x": 1230, "y": 655}, "inputs": {"left": false, "right": false, "up": false, "down": true}}
2025-09-23 20:12:17,251 - game_server - INFO - log_game_event:61 - Игровое событие: обновление_позиции - {"client_id": 0, "position": {"x": 1230, "y": 660}, "inputs": {"left": false, "right": false, "up": false, "down": true}}
2025-09-23 20:12:17,286 - game_server - INFO - log_game_event:61 - Игровое событие: обновление_позиции - {"client_id": 0, "position": {"x": 1230, "y": 665}, "inputs": {"left": false, "right": false, "up": false, "down": true}}
2025-09-23 20:12:17,319 - game_server - INFO - log_game_event:61 - Игровое событие: обновление_позиции - {"client_id": 0, "position": {"x": 1230, "y": 670}, "inputs": {"left": false, "right": false, "up": false, "down": true}}
2025-09-23 20:12:17,353 - game_server - INFO - log_game_event:61 - Игровое событие: обновление_позиции - {"client_id": 0, "position": {"x": 1230, "y": 675}, "inputs": {"left": false, "right": false, "up": false, "down": true}}
2025-09-23 20:12:17,386 - game_server - INFO - log_game_event:61 - Игровое событие: обновление_позиции - {"client_id": 0, "position": {"x": 1230, "y": 680}, "inputs": {"left": false, "right": false, "up": false, "down": true}}
2025-09-23 20:12:17,420 - game_server - INFO - log_game_event:61 - Игровое событие: обновление_позиции - {"client_id": 0, "position": {"x": 1230, "y": 685}, "inputs": {"left": false, "right": false, "up": false, "down": true}}
2025-09-23 20:12:17,454 - game_server - INFO - log_game_event:61 - Игровое событие: обновление_позиции - {"client_id": 0, "position": {"x": 1230, "y": 690}, "inputs": {"left": false, "right": false, "up": false, "down": true}}
2025-09-23 20:12:17,487 - game_server - INFO - log_game_event:61 - Игровое событие: обновление_позиции - {"client_id": 0, "position": {"x": 1230, "y": 695}, "inputs": {"left": false, "right": false, "up": false, "down": true}}
2025-09-23 20:12:17,521 - game_server - INFO - log_game_event:61 - Игровое событие: обновление_позиции - {"client_id": 0, "position": {"x": 1230, "y": 700}, "inputs": {"left": false, "right": false, "up": false, "down": true}}
2025-09-23 20:12:17,555 - game_server - INFO - log_game_event:61 - Игровое событие: обновление_позиции - {"client_id": 0, "position": {"x": 1230, "y": 705}, "inputs": {"left": false, "right": false, "up": false, "down": true}}
2025-09-23 20:12:17,590 - game_server - INFO - log_game_event:61 - Игровое событие: обновление_позиции - {"client_id": 0, "position": {"x": 1225, "y": 710}, "inputs": {"left": true, "right": false, "up": false, "down": true}}
2025-09-23 20:12:17,624 - game_server - INFO - log_game_event:61 - Игровое событие: обновление_позиции - {"client_id": 0, "position": {"x": 1220, "y": 715}, "inputs": {"left": true, "right": false, "up": false, "down": true}}
2025-09-23 20:12:17,660 - game_server - INFO - log_game_event:61 - Игровое событие: обновление_позиции - {"client_id": 0, "position": {"x": 1215, "y": 715}, "inputs": {"left": true, "right": false, "up": false, "down": false}}
2025-09-23 20:12:17,693 - game_server - INFO - log_game_event:61 - Игровое событие: обновление_позиции - {"client_id": 0, "position": {"x": 1210, "y": 715}, "inputs": {"left": true, "right": false, "up": false, "down": false}}
2025-09-23 20:12:17,732 - game_server - INFO - log_game_event:61 - Игровое событие: обновление_позиции - {"client_id": 0, "position": {"x": 1205, "y": 715}, "inputs": {"left": true, "right": false, "up": false, "down": false}}
2025-09-23 20:12:17,767 - game_server - INFO - log_game_event:61 - Игровое событие: обновление_позиции - {"client_id": 0, "position": {"x": 1200, "y": 715}, "inputs": {"left": true, "right": false, "up": false, "down": false}}
2025-09-23 20:12:17,802 - game_server - INFO - log_game_event:61 - Игровое событие: обновление_позиции - {"client_id": 0, "position": {"x": 1195, "y": 715}, "inputs": {"left": true, "right": false, "up": false, "down": false}}
2025-09-23 20:12:17,834 - game_server - INFO - log_game_event:61 - Игровое событие: обновление_позиции - {"client_id": 0, "position": {"x": 1190, "y": 715}, "inputs": {"left": true, "right": false, "up": false, "down": false}}
2025-09-23 20:12:17,867 - game_server - INFO - log_game_event:61 - Игровое событие: обновление_позиции - {"client_id": 0, "position": {"x": 1185, "y": 715}, "inputs": {"left": true, "right": false, "up": false, "down": false}}
2025-09-23 20:12:17,902 - game_server - INFO - log_game_event:61 - Игровое событие: обновление_позиции - {"client_id": 0, "position": {"x": 1180, "y": 715}, "inputs": {"left": true, "right": false, "up": false, "down": false}}
2025-09-23 20:12:17,935 - game_server - INFO - log_game_event:61 - Игровое событие: обновление_позиции - {"client_id": 0, "position": {"x": 1175, "y": 715}, "inputs": {"left": true, "right": false, "up": false, "down": false}}
2025-09-23 20:12:17,969 - game_server - INFO - log_game_event:61 - Игровое событие: обновление_позиции - {"client_id": 0, "position": {"x": 1170, "y": 715}, "inputs": {"left": true, "right": false, "up": false, "down": false}}
2025-09-23 20:12:18,003 - game_server - INFO - log_game_event:61 - Игровое событие: обновление_позиции - {"client_id": 0, "position": {"x": 1165, "y": 715}, "inputs": {"left": true, "right": false, "up": false, "down": false}}
2025-09-23 20:12:18,038 - game_server - INFO - log_game_event:61 - Игровое событие: обновление_позиции - {"client_id": 0, "position": {"x": 1160, "y": 715}, "inputs": {"left": true, "right": false, "up": false, "down": false}}
2025-09-23 20:12:18,071 - game_server - INFO - log_game_event:61 - Игровое событие: обновление_позиции - {"client_id": 0, "position": {"x": 1155, "y": 715}, "inputs": {"left": true, "right": false, "up": false, "down": false}}
2025-09-23 20:12:18,105 - game_server - INFO - log_game_event:61 - Игровое событие: обновление_позиции - {"client_id": 0, "position": {"x": 1150, "y": 715}, "inputs": {"left": true, "right": false, "up": false, "down": false}}
2025-09-23 20:12:18,139 - game_server - INFO - log_game_event:61 - Игровое событие: обновление_позиции - {"client_id": 0, "position": {"x": 1145, "y": 715}, "inputs": {"left": true, "right": false, "up": false, "down": false}}
2025-09-23 20:12:18,174 - game_server - INFO - log_game_event:61 - Игровое событие: обновление_позиции - {"client_id": 0, "position": {"x": 1140, "y": 715}, "inputs": {"left": true, "right": false, "up": false, "down": false}}
2025-09-23 20:12:18,206 - game_server - INFO - log_game_event:61 - Игровое событие: обновление_позиции - {"client_id": 0, "position": {"x": 1135, "y": 715}, "inputs": {"left": true, "right": false, "up": false, "down": false}}
2025-09-23 20:12:18,238 - game_server - INFO - log_game_event:61 - Игровое событие: обновление_позиции - {"client_id": 0, "position": {"x": 1130, "y": 710}, "inputs": {"left": true, "right": false, "up": true, "down": false}}
2025-09-23 20:12:18,274 - game_server - INFO - log_game_event:61 - Игровое событие: обновление_позиции - {"client_id": 0, "position": {"x": 1125, "y": 705}, "inputs": {"left": true, "right": false, "up": true, "down": false}}
2025-09-23 20:12:18,307 - game_server - INFO - log_game_event:61 - Игровое событие: обновление_позиции - {"client_id": 0, "position": {"x": 1120, "y": 700}, "inputs": {"left": true, "right": false, "up": true, "down": false}}
2025-09-23 20:12:18,343 - game_server - INFO - log_game_event:61 - Игровое событие: обновление_позиции - {"client_id": 0, "position": {"x": 1115, "y": 695}, "inputs": {"left": true, "right": false, "up": true, "down": false}}
2025-09-23 20:12:18,377 - game_server - INFO - log_game_event:61 - Игровое событие: обновление_позиции - {"client_id": 0, "position": {"x": 1110, "y": 690}, "inputs": {"left": true, "right": false, "up": true, "down": false}}
2025-09-23 20:12:18,410 - game_server - INFO - log_game_event:61 - Игровое событие: обновление_позиции - {"client_id": 0, "position": {"x": 1105, "y": 685}, "inputs": {"left": true, "right": false, "up": true, "down": false}}
2025-09-23 20:12:18,445 - game_server - INFO - log_game_event:61 - Игровое событие: обновление_позиции - {"client_id": 0, "position": {"x": 1100, "y": 680}, "inputs": {"left": true, "right": false, "up": true, "down": false}}
2025-09-23 20:12:18,479 - game_server - INFO - log_game_event:61 - Игровое событие: обновление_позиции - {"client_id": 0, "position": {"x": 1095, "y": 675}, "inputs": {"left": true, "right": false, "up": true, "down": false}}
2025-09-23 20:12:18,514 - game_server - INFO - log_game_event:61 - Игровое событие: обновление_позиции - {"client_id": 0, "position": {"x": 1090, "y": 670}, "inputs": {"left": true, "right": false, "up": true, "down": false}}
2025-09-23 20:12:18,548 - game_server - INFO - log_game_event:61 - Игровое событие: обновление_позиции - {"client_id": 0, "position": {"x": 1085, "y": 665}, "inputs": {"left": true, "right": false, "up": true, "down": false}}
2025-09-23 20:12:18,583 - game_server - INFO - log_game_event:61 - Игровое событие: обновление_позиции - {"client_id": 0, "position": {"x": 1080, "y": 660}, "inputs": {"left": true, "right": false, "up": true, "down": false}}
2025-09-23 20:12:18,617 - game_server - INFO - log_game_event:61 - Игровое событие: обновление_позиции - {"client_id": 0, "position": {"x": 1075, "y": 655}, "inputs": {"left": true, "right": false, "up": true, "down": false}}
2025-09-23 20:12:18,651 - game_server - INFO - log_game_event:61 - Игровое событие: обновление_позиции - {"client_id": 0, "position": {"x": 1070, "y": 650}, "inputs": {"left": true, "right": false, "up": true, "down": false}}
2025-09-23 20:12:18,685 - game_server - INFO - log_game_event:61 - Игровое событие: обновление_позиции - {"client_id": 0, "position": {"x": 1065, "y": 645}, "inputs": {"left": true, "right": false, "up": true, "down": false}}
2025-09-23 20:12:18,718 - game_server - INFO - log_game_event:61 - Игровое событие: обновление_позиции - {"client_id": 0, "position": {"x": 1060, "y": 640}, "inputs": {"left": true, "right": false, "up": true, "down": false}}
2025-09-23 20:12:18,751 - game_server - INFO - log_game_event:61 - Игровое событие: обновление_позиции - {"client_id": 0, "position": {"x": 1055, "y": 640}, "inputs": {"left": true, "right": false, "up": false, "down": false}}
2025-09-23 20:12:18,784 - game_server - INFO - log_game_event:61 - Игровое событие: обновление_позиции - {"client_id": 0, "position": {"x": 1050, "y": 640}, "inputs": {"left": true, "right": false, "up": false, "down": false}}
2025-09-23 20:12:18,821 - game_server - INFO - log_game_event:61 - Игровое событие: обновление_позиции - {"client_id": 0, "position": {"x": 1045, "y": 640}, "inputs": {"left": true, "right": false, "up": false, "down": false}}
2025-09-23 20:12:18,853 - game_server - INFO - log_game_event:61 - Игровое событие: обновление_позиции - {"client_id": 0, "position": {"x": 1040, "y": 640}, "inputs": {"left": true, "right": false, "up": false, "down": false}}
2025-09-23 20:12:18,886 - game_server - INFO - log_game_event:61 - Игровое событие: обновление_позиции - {"client_id": 0, "position": {"x": 1035, "y": 640}, "inputs": {"left": true, "right": false, "up": false, "down": false}}
2025-09-23 20:12:18,919 - game_server - INFO - log_game_event:61 - Игровое событие: обновление_позиции - {"client_id": 0, "position": {"x": 1030, "y": 640}, "inputs": {"left": true, "right": false, "up": false, "down": false}}
2025-09-23 20:12:18,954 - game_server - INFO - log_game_event:61 - Игровое событие: обновление_позиции - {"client_id": 0, "position": {"x": 1025, "y": 640}, "inputs": {"left": true, "right": false, "up": false, "down": false}}
2025-09-23 20:12:18,987 - game_server - INFO - log_game_event:61 - Игровое событие: обновление_позиции - {"client_id": 0, "position": {"x": 1020, "y": 640}, "inputs": {"left": true, "right": false, "up": false, "down": false}}
2025-09-23 20:12:19,023 - game_server - INFO - log_game_event:61 - Игровое событие: обновление_позиции - {"client_id": 0, "position": {"x": 1015, "y": 640}, "inputs": {"left": true, "right": false, "up": false, "down": false}}
2025-09-23 20:12:19,057 - game_server - INFO - log_game_event:61 - Игровое событие: обновление_позиции - {"client_id": 0, "position": {"x": 1010, "y": 640}, "inputs": {"left": true, "right": false, "up": false, "down": false}}
2025-09-23 20:12:19,091 - game_server - INFO - log_game_event:61 - Игровое событие: обновление_позиции - {"client_id": 0, "position": {"x": 1005, "y": 640}, "inputs": {"left": true, "right": false, "up": false, "down": false}}
2025-09-23 20:12:19,124 - game_server - INFO - log_game_event:61 - Игровое событие: обновление_позиции - {"client_id": 0, "position": {"x": 1000, "y": 640}, "inputs": {"left": true, "right": false, "up": false, "down": false}}
2025-09-23 20:12:19,158 - game_server - INFO - log_game_event:61 - Игровое событие: обновление_позиции - {"client_id": 0, "position": {"x": 995, "y": 635}, "inputs": {"left": true, "right": false, "up": true, "down": false}}
2025-09-23 20:12:19,192 - game_server - INFO - log_game_event:61 - Игровое событие: обновление_позиции - {"client_id": 0, "position": {"x": 990, "y": 630}, "inputs": {"left": true, "right": false, "up": true, "down": false}}
2025-09-23 20:12:19,228 - game_server - INFO - log_game_event:61 - Игровое событие: обновление_позиции - {"client_id": 0, "position": {"x": 990, "y": 625}, "inputs": {"left": false, "right": false, "up": true, "down": false}}
2025-09-23 20:12:19,262 - game_server - INFO - log_game_event:61 - Игровое событие: обновление_позиции - {"client_id": 0, "position": {"x": 990, "y": 620}, "inputs": {"left": false, "right": false, "up": true, "down": false}}
2025-09-23 20:12:19,295 - game_server - INFO - log_game_event:61 - Игровое событие: обновление_позиции - {"client_id": 0, "position": {"x": 990, "y": 615}, "inputs": {"left": false, "right": false, "up": true, "down": false}}
2025-09-23 20:12:19,329 - game_server - INFO - log_game_event:61 - Игровое событие: обновление_позиции - {"client_id": 0, "position": {"x": 990, "y": 610}, "inputs": {"left": false, "right": false, "up": true, "down": false}}
2025-09-23 20:12:19,364 - game_server - INFO - log_game_event:61 - Игровое событие: обновление_позиции - {"client_id": 0, "position": {"x": 990, "y": 605}, "inputs": {"left": false, "right": false, "up": true, "down": false}}
2025-09-23 20:12:19,399 - game_server - INFO - log_game_event:61 - Игровое событие: обновление_позиции - {"client_id": 0, "position": {"x": 990, "y": 600}, "inputs": {"left": false, "right": false, "up": true, "down": false}}
2025-09-23 20:12:19,433 - game_server - INFO - log_game_event:61 - Игровое событие: обновление_позиции - {"client_id": 0, "position": {"x": 990, "y": 595}, "inputs": {"left": false, "right": false, "up": true, "down": false}}
2025-09-23 20:12:19,468 - game_server - INFO - log_game_event:61 - Игровое событие: обновление_позиции - {"client_id": 0, "position": {"x": 990, "y": 590}, "inputs": {"left": false, "right": false, "up": true, "down": false}}
2025-09-23 20:12:19,502 - game_server - INFO - log_game_event:61 - Игровое событие: обновление_позиции - {"client_id": 0, "position": {"x": 990, "y": 585}, "inputs": {"left": false, "right": false, "up": true, "down": false}}
2025-09-23 20:12:19,536 - game_server - INFO - log_game_event:61 - Игровое событие: обновление_позиции - {"client_id": 0, "position": {"x": 990, "y": 580}, "inputs": {"left": false, "right": false, "up": true, "down": false}}
2025-09-23 20:12:19,571 - game_server - INFO - log_game_event:61 - Игровое событие: обновление_позиции - {"client_id": 0, "position": {"x": 990, "y": 575}, "inputs": {"left": false, "right": false, "up": true, "down": false}}
2025-09-23 20:12:19,604 - game_server - INFO - log_game_event:61 - Игровое событие: обновление_позиции - {"client_id": 0, "position": {"x": 990, "y": 570}, "inputs": {"left": false, "right": false, "up": true, "down": false}}
2025-09-23 20:12:19,637 - game_server - INFO - log_game_event:61 - Игровое событие: обновление_позиции - {"client_id": 0, "position": {"x": 990, "y": 565}, "inputs": {"left": false, "right": false, "up": true, "down": false}}
2025-09-23 20:12:19,671 - game_server - INFO - log_game_event:61 - Игровое событие: обновление_позиции - {"client_id": 0, "position": {"x": 990, "y": 560}, "inputs": {"left": false, "right": false, "up": true, "down": false}}
2025-09-23 20:12:19,704 - game_server - INFO - log_game_event:61 - Игровое событие: обновление_позиции - {"client_id": 0, "position": {"x": 990, "y": 555}, "inputs": {"left": false, "right": false, "up": true, "down": false}}
2025-09-23 20:12:19,738 - game_server - INFO - log_game_event:61 - Игровое событие: обновление_позиции - {"client_id": 0, "position": {"x": 990, "y": 550}, "inputs": {"left": false, "right": false, "up": true, "down": false}}
2025-09-23 20:12:19,773 - game_server - INFO - log_game_event:61 - Игровое событие: обновление_позиции - {"client_id": 0, "position": {"x": 990, "y": 545}, "inputs": {"left": false, "right": false, "up": true, "down": false}}
2025-09-23 20:12:19,807 - game_server - INFO - log_game_event:61 - Игровое событие: обновление_позиции - {"client_id": 0, "position": {"x": 990, "y": 540}, "inputs": {"left": false, "right": false, "up": true, "down": false}}
2025-09-23 20:12:19,842 - game_server - INFO - log_game_event:61 - Игровое событие: обновление_позиции - {"client_id": 0, "position": {"x": 990, "y": 535}, "inputs": {"left": false, "right": false, "up": true, "down": false}}
2025-09-23 20:12:19,876 - game_server - INFO - log_game_event:61 - Игровое событие: обновление_позиции - {"client_id": 0, "position": {"x": 990, "y": 530}, "inputs": {"left": false, "right": false, "up": true, "down": false}}
2025-09-23 20:12:19,913 - game_server - INFO - log_game_event:61 - Игровое событие: обновление_позиции - {"client_id": 0, "position": {"x": 990, "y": 525}, "inputs": {"left": false, "right": false, "up": true, "down": false}}
2025-09-23 20:12:19,947 - game_server - INFO - log_game_event:61 - Игровое событие: обновление_позиции - {"client_id": 0, "position": {"x": 990, "y": 520}, "inputs": {"left": false, "right": false, "up": true, "down": false}}
2025-09-23 20:12:19,982 - game_server - INFO - log_game_event:61 - Игровое событие: обновление_позиции - {"client_id": 0, "position": {"x": 990, "y": 515}, "inputs": {"left": false, "right": false, "up": true, "down": false}}
2025-09-23 20:12:20,020 - game_server - INFO - log_game_event:61 - Игровое событие: обновление_позиции - {"client_id": 0, "position": {"x": 990, "y": 510}, "inputs": {"left": false, "right": false, "up": true, "down": false}}
2025-09-23 20:12:20,054 - game_server - INFO - log_game_event:61 - Игровое событие: обновление_позиции - {"client_id": 0, "position": {"x": 990, "y": 505}, "inputs": {"left": false, "right": false, "up": true, "down": false}}
2025-09-23 20:12:20,089 - game_server - INFO - log_game_event:61 - Игровое событие: обновление_позиции - {"client_id": 0, "position": {"x": 990, "y": 500}, "inputs": {"left": false, "right": false, "up": true, "down": false}}
2025-09-23 20:12:20,123 - game_server - INFO - log_game_event:61 - Игровое событие: обновление_позиции - {"client_id": 0, "position": {"x": 990, "y": 495}, "inputs": {"left": false, "right": false, "up": true, "down": false}}
2025-09-23 20:12:20,157 - game_server - INFO - log_game_event:61 - Игровое событие: обновление_позиции - {"client_id": 0, "position": {"x": 990, "y": 490}, "inputs": {"left": false, "right": false, "up": true, "down": false}}
2025-09-23 20:12:20,189 - game_server - INFO - log_game_event:61 - Игровое событие: обновление_позиции - {"client_id": 0, "position": {"x": 990, "y": 485}, "inputs": {"left": false, "right": false, "up": true, "down": false}}
2025-09-23 20:12:20,225 - game_server - INFO - log_game_event:61 - Игровое событие: обновление_позиции - {"client_id": 0, "position": {"x": 990, "y": 480}, "inputs": {"left": false, "right": false, "up": true, "down": false}}
2025-09-23 20:12:20,261 - game_server - INFO - log_game_event:61 - Игровое событие: обновление_позиции - {"client_id": 0, "position": {"x": 990, "y": 475}, "inputs": {"left": false, "right": false, "up": true, "down": false}}
2025-09-23 20:12:20,294 - game_server - INFO - log_game_event:61 - Игровое событие: обновление_позиции - {"client_id": 0, "position": {"x": 990, "y": 470}, "inputs": {"left": false, "right": false, "up": true, "down": false}}
2025-09-23 20:12:20,329 - game_server - INFO - log_game_event:61 - Игровое событие: обновление_позиции - {"client_id": 0, "position": {"x": 990, "y": 465}, "inputs": {"left": false, "right": false, "up": true, "down": false}}
2025-09-23 20:12:20,364 - game_server - INFO - log_game_event:61 - Игровое событие: обновление_позиции - {"client_id": 0, "position": {"x": 990, "y": 460}, "inputs": {"left": false, "right": false, "up": true, "down": false}}
2025-09-23 20:12:20,400 - game_server - INFO - log_game_event:61 - Игровое событие: обновление_позиции - {"client_id": 0, "position": {"x": 990, "y": 455}, "inputs": {"left": false, "right": false, "up": true, "down": false}}
2025-09-23 20:12:20,434 - game_server - INFO - log_game_event:61 - Игровое событие: обновление_позиции - {"client_id": 0, "position": {"x": 990, "y": 450}, "inputs": {"left": false, "right": false, "up": true, "down": false}}
2025-09-23 20:12:20,470 - game_server - INFO - log_game_event:61 - Игровое событие: обновление_позиции - {"client_id": 0, "position": {"x": 990, "y": 445}, "inputs": {"left": false, "right": false, "up": true, "down": false}}
2025-09-23 20:12:20,506 - game_server - INFO - log_game_event:61 - Игровое событие: обновление_позиции - {"client_id": 0, "position": {"x": 990, "y": 440}, "inputs": {"left": false, "right": false, "up": true, "down": false}}
2025-09-23 20:12:20,540 - game_server - INFO - log_game_event:61 - Игровое событие: обновление_позиции - {"client_id": 0, "position": {"x": 990, "y": 435}, "inputs": {"left": false, "right": false, "up": true, "down": false}}
2025-09-23 20:12:20,573 - game_server - INFO - log_game_event:61 - Игровое событие: обновление_позиции - {"client_id": 0, "position": {"x": 990, "y": 430}, "inputs": {"left": false, "right": false, "up": true, "down": false}}
2025-09-23 20:12:20,609 - game_server - INFO - log_game_event:61 - Игровое событие: обновление_позиции - {"client_id": 0, "position": {"x": 990, "y": 425}, "inputs": {"left": false, "right": false, "up": true, "down": false}}
2025-09-23 20:12:20,643 - game_server - INFO - log_game_event:61 - Игровое событие: обновление_позиции - {"client_id": 0, "position": {"x": 990, "y": 420}, "inputs": {"left": false, "right": false, "up": true, "down": false}}
2025-09-23 20:12:20,678 - game_server - INFO - log_game_event:61 - Игровое событие: обновление_позиции - {"client_id": 0, "position": {"x": 990, "y": 415}, "inputs": {"left": false, "right": false, "up": true, "down": false}}
2025-09-23 20:12:20,714 - game_server - INFO - log_game_event:61 - Игровое событие: обновление_позиции - {"client_id": 0, "position": {"x": 990, "y": 410}, "inputs": {"left": false, "right": false, "up": true, "down": false}}
2025-09-23 20:12:20,748 - game_server - INFO - log_game_event:61 - Игровое событие: обновление_позиции - {"client_id": 0, "position": {"x": 990, "y": 405}, "inputs": {"left": false, "right": false, "up": true, "down": false}}
2025-09-23 20:12:20,783 - game_server - INFO - log_game_event:61 - Игровое событие: обновление_позиции - {"client_id": 0, "position": {"x": 990, "y": 400}, "inputs": {"left": false, "right": false, "up": true, "down": false}}
2025-09-23 20:12:20,820 - game_server - INFO - log_game_event:61 - Игровое событие: обновление_позиции - {"client_id": 0, "position": {"x": 990, "y": 395}, "inputs": {"left": false, "right": false, "up": true, "down": false}}
2025-09-23 20:12:20,854 - game_server - INFO - log_game_event:61 - Игровое событие: обновление_позиции - {"client_id": 0, "position": {"x": 990, "y": 390}, "inputs": {"left": false, "right": false, "up": true, "down": false}}
2025-09-23 20:12:20,888 - game_server - INFO - log_game_event:61 - Игровое событие: обновление_позиции - {"client_id": 0, "position": {"x": 990, "y": 385}, "inputs": {"left": false, "right": false, "up": true, "down": false}}
2025-09-23 20:12:20,922 - game_server - INFO - log_game_event:61 - Игровое событие: обновление_позиции - {"client_id": 0, "position": {"x": 990, "y": 380}, "inputs": {"left": false, "right": false, "up": true, "down": false}}
2025-09-23 20:12:20,958 - game_server - INFO - log_game_event:61 - Игровое событие: обновление_позиции - {"client_id": 0, "position": {"x": 990, "y": 375}, "inputs": {"left": false, "right": false, "up": true, "down": false}}
2025-09-23 20:12:20,993 - game_server - INFO - log_game_event:61 - Игровое событие: обновление_позиции - {"client_id": 0, "position": {"x": 990, "y": 370}, "inputs": {"left": false, "right": false, "up": true, "down": false}}
2025-09-23 20:12:21,030 - game_server - INFO - log_game_event:61 - Игровое событие: обновление_позиции - {"client_id": 0, "position": {"x": 990, "y": 365}, "inputs": {"left": false, "right": false, "up": true, "down": false}}
2025-09-23 20:12:21,066 - game_server - INFO - log_game_event:61 - Игровое событие: обновление_позиции - {"client_id": 0, "position": {"x": 990, "y": 360}, "inputs": {"left": false, "right": false, "up": true, "down": false}}
2025-09-23 20:12:21,101 - game_server - INFO - log_game_event:61 - Игровое событие: обновление_позиции - {"client_id": 0, "position": {"x": 990, "y": 355}, "inputs": {"left": false, "right": false, "up": true, "down": false}}
2025-09-23 20:12:21,136 - game_server - INFO - log_game_event:61 - Игровое событие: обновление_позиции - {"client_id": 0, "position": {"x": 990, "y": 350}, "inputs": {"left": false, "right": false, "up": true, "down": false}}
2025-09-23 20:12:21,171 - game_server - INFO - log_game_event:61 - Игровое событие: обновление_позиции - {"client_id": 0, "position": {"x": 990, "y": 345}, "inputs": {"left": false, "right": false, "up": true, "down": false}}
2025-09-23 20:12:21,203 - game_server - INFO - log_game_event:61 - Игровое событие: обновление_позиции - {"client_id": 0, "position": {"x": 990, "y": 340}, "inputs": {"left": false, "right": false, "up": true, "down": false}}
2025-09-23 20:12:21,236 - game_server - INFO - log_game_event:61 - Игровое событие: обновление_позиции - {"client_id": 0, "position": {"x": 990, "y": 335}, "inputs": {"left": false, "right": false, "up": true, "down": false}}
2025-09-23 20:12:21,270 - game_server - INFO - log_game_event:61 - Игровое событие: обновление_позиции - {"client_id": 0, "position": {"x": 990, "y": 330}, "inputs": {"left": false, "right": false, "up": true, "down": false}}
2025-09-23 20:12:21,303 - game_server - INFO - log_game_event:61 - Игровое событие: обновление_позиции - {"client_id": 0, "position": {"x": 990, "y": 325}, "inputs": {"left": false, "right": false, "up": true, "down": false}}
2025-09-23 20:12:21,339 - game_server - INFO - log_game_event:61 - Игровое событие: обновление_позиции - {"client_id": 0, "position": {"x": 990, "y": 320}, "inputs": {"left": false, "right": false, "up": true, "down": false}}
2025-09-23 20:12:21,374 - game_server - INFO - log_game_event:61 - Игровое событие: обновление_позиции - {"client_id": 0, "position": {"x": 990, "y": 315}, "inputs": {"left": false, "right": false, "up": true, "down": false}}
2025-09-23 20:12:21,410 - game_server - INFO - log_game_event:61 - Игровое событие: обновление_позиции - {"client_id": 0, "position": {"x": 990, "y": 310}, "inputs": {"left": false, "right": false, "up": true, "down": false}}
2025-09-23 20:12:21,445 - game_server - INFO - log_game_event:61 - Игровое событие: обновление_позиции - {"client_id": 0, "position": {"x": 990, "y": 305}, "inputs": {"left": false, "right": false, "up": true, "down": false}}
2025-09-23 20:12:21,478 - game_server - INFO - log_game_event:61 - Игровое событие: обновление_позиции - {"client_id": 0, "position": {"x": 990, "y": 300}, "inputs": {"left": false, "right": false, "up": true, "down": false}}
2025-09-23 20:12:21,514 - game_server - INFO - log_game_event:61 - Игровое событие: обновление_позиции - {"client_id": 0, "position": {"x": 990, "y": 295}, "inputs": {"left": false, "right": false, "up": true, "down": false}}
2025-09-23 20:12:21,548 - game_server - INFO - log_game_event:61 - Игровое событие: обновление_позиции - {"client_id": 0, "position": {"x": 990, "y": 290}, "inputs": {"left": false, "right": false, "up": true, "down": false}}
2025-09-23 20:12:21,577 - game_server - INFO - log_game_event:61 - Игровое событие: обновление_позиции - {"client_id": 0, "position": {"x": 990, "y": 285}, "inputs": {"left": false, "right": false, "up": true, "down": false}}
2025-09-23 20:12:21,612 - game_server - INFO - log_game_event:61 - Игровое событие: обновление_позиции - {"client_id": 0, "position": {"x": 990, "y": 280}, "inputs": {"left": false, "right": false, "up": true, "down": false}}
2025-09-23 20:12:21,646 - game_server - INFO - log_game_event:61 - Игровое событие: обновление_позиции - {"client_id": 0, "position": {"x": 990, "y": 275}, "inputs": {"left": false, "right": false, "up": true, "down": false}}
2025-09-23 20:12:21,683 - game_server - INFO - log_game_event:61 - Игровое событие: обновление_позиции - {"client_id": 0, "position": {"x": 990, "y": 270}, "inputs": {"left": false, "right": false, "up": true, "down": false}}
2025-09-23 20:12:21,719 - game_server - INFO - log_game_event:61 - Игровое событие: обновление_позиции - {"client_id": 0, "position": {"x": 990, "y": 265}, "inputs": {"left": false, "right": false, "up": true, "down": false}}
2025-09-23 20:12:21,753 - game_server - INFO - log_game_event:61 - Игровое событие: обновление_позиции - {"client_id": 0, "position": {"x": 990, "y": 260}, "inputs": {"left": false, "right": false, "up": true, "down": false}}
2025-09-23 20:12:21,788 - game_server - INFO - log_game_event:61 - Игровое событие: обновление_позиции - {"client_id": 0, "position": {"x": 990, "y": 255}, "inputs": {"left": false, "right": false, "up": true, "down": false}}
2025-09-23 20:12:21,822 - game_server - INFO - log_game_event:61 - Игровое событие: обновление_позиции - {"client_id": 0, "position": {"x": 990, "y": 250}, "inputs": {"left": false, "right": false, "up": true, "down": false}}
2025-09-23 20:12:21,856 - game_server - INFO - log_game_event:61 - Игровое событие: обновление_позиции - {"client_id": 0, "position": {"x": 990, "y": 245}, "inputs": {"left": false, "right": false, "up": true, "down": false}}
2025-09-23 20:12:21,892 - game_server - INFO - log_game_event:61 - Игровое событие: обновление_позиции - {"client_id": 0, "position": {"x": 990, "y": 240}, "inputs": {"left": false, "right": false, "up": true, "down": false}}
2025-09-23 20:12:21,930 - game_server - INFO - log_game_event:61 - Игровое событие: обновление_позиции - {"client_id": 0, "position": {"x": 990, "y": 235}, "inputs": {"left": false, "right": false, "up": true, "down": false}}
2025-09-23 20:12:21,964 - game_server - INFO - log_game_event:61 - Игровое событие: обновление_позиции - {"client_id": 0, "position": {"x": 990, "y": 230}, "inputs": {"left": false, "right": false, "up": true, "down": false}}
2025-09-23 20:12:22,000 - game_server - INFO - log_game_event:61 - Игровое событие: обновление_позиции - {"client_id": 0, "position": {"x": 990, "y": 225}, "inputs": {"left": false, "right": false, "up": true, "down": false}}
2025-09-23 20:12:22,037 - game_server - INFO - log_game_event:61 - Игровое событие: обновление_позиции - {"client_id": 0, "position": {"x": 990, "y": 220}, "inputs": {"left": false, "right": false, "up": true, "down": false}}
2025-09-23 20:12:22,070 - game_server - INFO - log_game_event:61 - Игровое событие: обновление_позиции - {"client_id": 0, "position": {"x": 990, "y": 215}, "inputs": {"left": false, "right": false, "up": true, "down": false}}
2025-09-23 20:12:22,104 - game_server - INFO - log_game_event:61 - Игровое событие: обновление_позиции - {"client_id": 0, "position": {"x": 990, "y": 210}, "inputs": {"left": false, "right": false, "up": true, "down": false}}
2025-09-23 20:12:22,138 - game_server - INFO - log_game_event:61 - Игровое событие: обновление_позиции - {"client_id": 0, "position": {"x": 990, "y": 205}, "inputs": {"left": false, "right": false, "up": true, "down": false}}
2025-09-23 20:12:22,171 - game_server - INFO - log_game_event:61 - Игровое событие: обновление_позиции - {"client_id": 0, "position": {"x": 990, "y": 200}, "inputs": {"left": false, "right": false, "up": true, "down": false}}
2025-09-23 20:12:22,206 - game_server - INFO - log_game_event:61 - Игровое событие: обновление_позиции - {"client_id": 0, "position": {"x": 990, "y": 195}, "inputs": {"left": false, "right": false, "up": true, "down": false}}
2025-09-23 20:12:22,241 - game_server - INFO - log_game_event:61 - Игровое событие: обновление_позиции - {"client_id": 0, "position": {"x": 990, "y": 190}, "inputs": {"left": false, "right": false, "up": true, "down": false}}
2025-09-23 20:12:22,275 - game_server - INFO - log_game_event:61 - Игровое событие: обновление_позиции - {"client_id": 0, "position": {"x": 990, "y": 185}, "inputs": {"left": false, "right": false, "up": true, "down": false}}
2025-09-23 20:12:22,309 - game_server - INFO - log_game_event:61 - Игровое событие: обновление_позиции - {"client_id": 0, "position": {"x": 990, "y": 180}, "inputs": {"left": false, "right": false, "up": true, "down": false}}
2025-09-23 20:12:22,344 - game_server - INFO - log_game_event:61 - Игровое событие: обновление_позиции - {"client_id": 0, "position": {"x": 990, "y": 175}, "inputs": {"left": false, "right": false, "up": true, "down": false}}
2025-09-23 20:12:22,380 - game_server - INFO - log_game_event:61 - Игровое событие: обновление_позиции - {"client_id": 0, "position": {"x": 990, "y": 170}, "inputs": {"left": false, "right": false, "up": true, "down": false}}
2025-09-23 20:12:22,415 - game_server - INFO - log_game_event:61 - Игровое событие: обновление_позиции - {"client_id": 0, "position": {"x": 990, "y": 165}, "inputs": {"left": false, "right": false, "up": true, "down": false}}
2025-09-23 20:12:22,450 - game_server - INFO - log_game_event:61 - Игровое событие: обновление_позиции - {"client_id": 0, "position": {"x": 990, "y": 160}, "inputs": {"left": false, "right": false, "up": true, "down": false}}
2025-09-23 20:12:22,485 - game_server - INFO - log_game_event:61 - Игровое событие: обновление_позиции - {"client_id": 0, "position": {"x": 990, "y": 155}, "inputs": {"left": false, "right": false, "up": true, "down": false}}
2025-09-23 20:12:22,521 - game_server - INFO - log_game_event:61 - Игровое событие: обновление_позиции - {"client_id": 0, "position": {"x": 990, "y": 150}, "inputs": {"left": false, "right": false, "up": true, "down": false}}
2025-09-23 20:12:22,554 - game_server - INFO - log_game_event:61 - Игровое событие: обновление_позиции - {"client_id": 0, "position": {"x": 990, "y": 145}, "inputs": {"left": false, "right": false, "up": true, "down": false}}
2025-09-23 20:12:22,589 - game_server - INFO - log_game_event:61 - Игровое событие: обновление_позиции - {"client_id": 0, "position": {"x": 990, "y": 140}, "inputs": {"left": false, "right": false, "up": true, "down": false}}
2025-09-23 20:12:22,623 - game_server - INFO - log_game_event:61 - Игровое событие: обновление_позиции - {"client_id": 0, "position": {"x": 990, "y": 135}, "inputs": {"left": false, "right": false, "up": true, "down": false}}
2025-09-23 20:12:22,657 - game_server - INFO - log_game_event:61 - Игровое событие: обновление_позиции - {"client_id": 0, "position": {"x": 990, "y": 130}, "inputs": {"left": false, "right": false, "up": true, "down": false}}
2025-09-23 20:12:22,692 - game_server - INFO - log_game_event:61 - Игровое событие: обновление_позиции - {"client_id": 0, "position": {"x": 990, "y": 125}, "inputs": {"left": false, "right": false, "up": true, "down": false}}
2025-09-23 20:12:22,727 - game_server - INFO - log_game_event:61 - Игровое событие: обновление_позиции - {"client_id": 0, "position": {"x": 990, "y": 120}, "inputs": {"left": false, "right": false, "up": true, "down": false}}
2025-09-23 20:12:22,762 - game_server - INFO - log_game_event:61 - Игровое событие: обновление_позиции - {"client_id": 0, "position": {"x": 990, "y": 115}, "inputs": {"left": false, "right": false, "up": true, "down": false}}
2025-09-23 20:12:22,796 - game_server - INFO - log_game_event:61 - Игровое событие: обновление_позиции - {"client_id": 0, "position": {"x": 990, "y": 110}, "inputs": {"left": false, "right": false, "up": true, "down": false}}
2025-09-23 20:12:22,833 - game_server - INFO - log_game_event:61 - Игровое событие: обновление_позиции - {"client_id": 0, "position": {"x": 990, "y": 105}, "inputs": {"left": false, "right": false, "up": true, "down": false}}
2025-09-23 20:12:22,869 - game_server - INFO - log_game_event:61 - Игровое событие: обновление_позиции - {"client_id": 0, "position": {"x": 990, "y": 100}, "inputs": {"left": false, "right": false, "up": true, "down": false}}
2025-09-23 20:12:22,903 - game_server - INFO - log_game_event:61 - Игровое событие: обновление_позиции - {"client_id": 0, "position": {"x": 990, "y": 95}, "inputs": {"left": false, "right": false, "up": true, "down": false}}
2025-09-23 20:12:22,936 - game_server - INFO - log_game_event:61 - Игровое событие: обновление_позиции - {"client_id": 0, "position": {"x": 990, "y": 90}, "inputs": {"left": false, "right": false, "up": true, "down": false}}
2025-09-23 20:12:22,971 - game_server - INFO - log_game_event:61 - Игровое событие: обновление_позиции - {"client_id": 0, "position": {"x": 990, "y": 85}, "inputs": {"left": false, "right": false, "up": true, "down": false}}
2025-09-23 20:12:23,004 - game_server - INFO - log_game_event:61 - Игровое событие: обновление_позиции - {"client_id": 0, "position": {"x": 990, "y": 80}, "inputs": {"left": false, "right": false, "up": true, "down": false}}
2025-09-23 20:12:23,037 - game_server - INFO - log_game_event:61 - Игровое событие: обновление_позиции - {"client_id": 0, "position": {"x": 990, "y": 75}, "inputs": {"left": false, "right": false, "up": true, "down": false}}
2025-09-23 20:12:23,072 - game_server - INFO - log_game_event:61 - Игровое событие: обновление_позиции - {"client_id": 0, "position": {"x": 990, "y": 70}, "inputs": {"left": false, "right": false, "up": true, "down": false}}
2025-09-23 20:12:23,107 - game_server - INFO - log_game_event:61 - Игровое событие: обновление_позиции - {"client_id": 0, "position": {"x": 990, "y": 65}, "inputs": {"left": false, "right": false, "up": true, "down": false}}
2025-09-23 20:12:23,143 - game_server - INFO - log_game_event:61 - Игровое событие: обновление_позиции - {"client_id": 0, "position": {"x": 990, "y": 60}, "inputs": {"left": false, "right": false, "up": true, "down": false}}
2025-09-23 20:12:23,178 - game_server - INFO - log_game_event:61 - Игровое событие: обновление_позиции - {"client_id": 0, "position": {"x": 990, "y": 55}, "inputs": {"left": false, "right": false, "up": true, "down": false}}
2025-09-23 20:12:23,211 - game_server - INFO - log_game_event:61 - Игровое событие: обновление_позиции - {"client_id": 0, "position": {"x": 990, "y": 50}, "inputs": {"left": false, "right": false, "up": true, "down": false}}
2025-09-23 20:12:23,244 - game_server - INFO - log_game_event:61 - Игровое событие: обновление_позиции - {"client_id": 0, "position": {"x": 990, "y": 45}, "inputs": {"left": false, "right": false, "up": true, "down": false}}
2025-09-23 20:12:23,276 - game_server - INFO - log_game_event:61 - Игровое событие: обновление_позиции - {"client_id": 0, "position": {"x": 990, "y": 40}, "inputs": {"left": false, "right": false, "up": true, "down": false}}
2025-09-23 20:12:23,303 - game_server - INFO - log_game_event:61 - Игровое событие: обновление_позиции - {"client_id": 0, "position": {"x": 990, "y": 35}, "inputs": {"left": false, "right": false, "up": true, "down": false}}
2025-09-23 20:12:23,338 - game_server - INFO - log_game_event:61 - Игровое событие: обновление_позиции - {"client_id": 0, "position": {"x": 990, "y": 30}, "inputs": {"left": false, "right": false, "up": true, "down": false}}
2025-09-23 20:12:23,371 - game_server - INFO - log_game_event:61 - Игровое событие: обновление_позиции - {"client_id": 0, "position": {"x": 990, "y": 25}, "inputs": {"left": false, "right": false, "up": true, "down": false}}
2025-09-23 20:12:23,395 - game_server - INFO - log_game_event:61 - Игровое событие: обновление_позиции - {"client_id": 0, "position": {"x": 990, "y": 20}, "inputs": {"left": false, "right": false, "up": true, "down": false}}
2025-09-23 20:12:23,425 - game_server - INFO - log_game_event:61 - Игровое событие: обновление_позиции - {"client_id": 0, "position": {"x": 990, "y": 15}, "inputs": {"left": false, "right": false, "up": true, "down": false}}
2025-09-23 20:12:23,453 - game_server - INFO - log_game_event:61 - Игровое событие: обновление_позиции - {"client_id": 0, "position": {"x": 990, "y": 10}, "inputs": {"left": false, "right": false, "up": true, "down": false}}
2025-09-23 20:12:23,482 - game_server - INFO - log_game_event:61 - Игровое событие: обновление_позиции - {"client_id": 0, "position": {"x": 990, "y": 5}, "inputs": {"left": false, "right": false, "up": true, "down": false}}
2025-09-23 20:12:23,513 - game_server - INFO - log_game_event:61 - Игровое событие: обновление_позиции - {"client_id": 0, "position": {"x": 990, "y": 0}, "inputs": {"left": false, "right": false, "up": true, "down": false}}
2025-09-23 20:12:23,544 - game_server - INFO - log_game_event:61 - Игровое событие: обновление_позиции - {"client_id": 0, "position": {"x": 990, "y": 0}, "inputs": {"left": false, "right": false, "up": true, "down": false}}
2025-09-23 20:12:23,572 - game_server - INFO - log_game_event:61 - Игровое событие: обновление_позиции - {"client_id": 0, "position": {"x": 990, "y": 0}, "inputs": {"left": false, "right": false, "up": true, "down": false}}
2025-09-23 20:12:23,604 - game_server - INFO - log_game_event:61 - Игровое событие: обновление_позиции - {"client_id": 0, "position": {"x": 990, "y": 0}, "inputs": {"left": false, "right": false, "up": true, "down": false}}
2025-09-23 20:12:23,637 - game_server - INFO - log_game_event:61 - Игровое событие: обновление_позиции - {"client_id": 0, "position": {"x": 990, "y": 0}, "inputs": {"left": false, "right": false, "up": true, "down": false}}
2025-09-23 20:12:23,671 - game_server - INFO - log_game_event:61 - Игровое событие: обновление_позиции - {"client_id": 0, "position": {"x": 990, "y": 0}, "inputs": {"left": false, "right": false, "up": true, "down": false}}
2025-09-23 20:12:23,704 - game_server - INFO - log_game_event:61 - Игровое событие: обновление_позиции - {"client_id": 0, "position": {"x": 990, "y": 0}, "inputs": {"left": false, "right": false, "up": true, "down": false}}
2025-09-23 20:12:23,737 - game_server - INFO - log_game_event:61 - Игровое событие: обновление_позиции - {"client_id": 0, "position": {"x": 990, "y": 0}, "inputs": {"left": false, "right": false, "up": true, "down": false}}
2025-09-23 20:12:23,772 - game_server - INFO - log_game_event:61 - Игровое событие: обновление_позиции - {"client_id": 0, "position": {"x": 990, "y": 0}, "inputs": {"left": false, "right": false, "up": true, "down": false}}
2025-09-23 20:12:23,805 - game_server - INFO - log_game_event:61 - Игровое событие: обновление_позиции - {"client_id": 0, "position": {"x": 990, "y": 0}, "inputs": {"left": false, "right": false, "up": true, "down": false}}
2025-09-23 20:12:23,838 - game_server - INFO - log_game_event:61 - Игровое событие: обновление_позиции - {"client_id": 0, "position": {"x": 990, "y": 0}, "inputs": {"left": false, "right": false, "up": true, "down": false}}
2025-09-23 20:12:23,872 - game_server - INFO - log_game_event:61 - Игровое событие: обновление_позиции - {"client_id": 0, "position": {"x": 990, "y": 0}, "inputs": {"left": false, "right": false, "up": true, "down": false}}
2025-09-23 20:12:23,906 - game_server - INFO - log_game_event:61 - Игровое событие: обновление_позиции - {"client_id": 0, "position": {"x": 990, "y": 0}, "inputs": {"left": false, "right": false, "up": true, "down": false}}
2025-09-23 20:12:23,940 - game_server - INFO - log_game_event:61 - Игровое событие: обновление_позиции - {"client_id": 0, "position": {"x": 990, "y": 0}, "inputs": {"left": false, "right": false, "up": true, "down": false}}
2025-09-23 20:12:23,974 - game_server - INFO - log_game_event:61 - Игровое событие: обновление_позиции - {"client_id": 0, "position": {"x": 990, "y": 0}, "inputs": {"left": false, "right": false, "up": true, "down": false}}
2025-09-23 20:12:24,008 - game_server - INFO - log_game_event:61 - Игровое событие: обновление_позиции - {"client_id": 0, "position": {"x": 990, "y": 0}, "inputs": {"left": false, "right": false, "up": true, "down": false}}
2025-09-23 20:12:24,041 - game_server - INFO - log_game_event:61 - Игровое событие: обновление_позиции - {"client_id": 0, "position": {"x": 990, "y": 0}, "inputs": {"left": false, "right": false, "up": true, "down": false}}
2025-09-23 20:12:24,076 - game_server - INFO - log_game_event:61 - Игровое событие: обновление_позиции - {"client_id": 0, "position": {"x": 990, "y": 0}, "inputs": {"left": false, "right": false, "up": true, "down": false}}
2025-09-23 20:12:24,111 - game_server - INFO - log_game_event:61 - Игровое событие: обновление_позиции - {"client_id": 0, "position": {"x": 990, "y": 0}, "inputs": {"left": false, "right": false, "up": true, "down": false}}
2025-09-23 20:12:24,146 - game_server - INFO - log_game_event:61 - Игровое событие: обновление_позиции - {"client_id": 0, "position": {"x": 990, "y": 0}, "inputs": {"left": false, "right": false, "up": true, "down": false}}
2025-09-23 20:12:24,180 - game_server - INFO - log_game_event:61 - Игровое событие: обновление_позиции - {"client_id": 0, "position": {"x": 990, "y": 0}, "inputs": {"left": false, "right": false, "up": true, "down": false}}
2025-09-23 20:12:24,215 - game_server - INFO - log_game_event:61 - Игровое событие: обновление_позиции - {"client_id": 0, "position": {"x": 990, "y": 0}, "inputs": {"left": false, "right": false, "up": true, "down": false}}
2025-09-23 20:12:24,251 - game_server - INFO - log_game_event:61 - Игровое событие: обновление_позиции - {"client_id": 0, "position": {"x": 990, "y": 0}, "inputs": {"left": false, "right": false, "up": true, "down": false}}
2025-09-23 20:12:24,286 - game_server - INFO - log_game_event:61 - Игровое событие: обновление_позиции - {"client_id": 0, "position": {"x": 990, "y": 0}, "inputs": {"left": false, "right": false, "up": true, "down": false}}
2025-09-23 20:12:24,320 - game_server - INFO - log_game_event:61 - Игровое событие: обновление_позиции - {"client_id": 0, "position": {"x": 990, "y": 0}, "inputs": {"left": false, "right": false, "up": true, "down": false}}
2025-09-23 20:12:24,354 - game_server - INFO - log_game_event:61 - Игровое событие: обновление_позиции - {"client_id": 0, "position": {"x": 990, "y": 0}, "inputs": {"left": false, "right": false, "up": true, "down": false}}
2025-09-23 20:12:24,388 - game_server - INFO - log_game_event:61 - Игровое событие: обновление_позиции - {"client_id": 0, "position": {"x": 990, "y": 0}, "inputs": {"left": false, "right": false, "up": true, "down": false}}
2025-09-23 20:12:24,424 - game_server - INFO - log_game_event:61 - Игровое событие: обновление_позиции - {"client_id": 0, "position": {"x": 990, "y": 0}, "inputs": {"left": false, "right": false, "up": true, "down": false}}
2025-09-23 20:12:24,458 - game_server - INFO - log_game_event:61 - Игровое событие: обновление_позиции - {"client_id": 0, "position": {"x": 990, "y": 0}, "inputs": {"left": false, "right": false, "up": true, "down": false}}
2025-09-23 20:12:24,494 - game_server - INFO - log_game_event:61 - Игровое событие: обновление_позиции - {"client_id": 0, "position": {"x": 990, "y": 0}, "inputs": {"left": false, "right": false, "up": true, "down": false}}
2025-09-23 20:12:24,530 - game_server - INFO - log_game_event:61 - Игровое событие: обновление_позиции - {"client_id": 0, "position": {"x": 990, "y": 0}, "inputs": {"left": false, "right": false, "up": true, "down": false}}
2025-09-23 20:12:24,566 - game_server - INFO - log_game_event:61 - Игровое событие: обновление_позиции - {"client_id": 0, "position": {"x": 990, "y": 0}, "inputs": {"left": false, "right": false, "up": true, "down": false}}
2025-09-23 20:12:24,601 - game_server - INFO - log_game_event:61 - Игровое событие: обновление_позиции - {"client_id": 0, "position": {"x": 990, "y": 0}, "inputs": {"left": false, "right": false, "up": true, "down": false}}
2025-09-23 20:12:24,635 - game_server - INFO - log_game_event:61 - Игровое событие: обновление_позиции - {"client_id": 0, "position": {"x": 990, "y": 0}, "inputs": {"left": false, "right": false, "up": true, "down": false}}
2025-09-23 20:12:24,669 - game_server - INFO - log_game_event:61 - Игровое событие: обновление_позиции - {"client_id": 0, "position": {"x": 990, "y": 0}, "inputs": {"left": false, "right": false, "up": true, "down": false}}
2025-09-23 20:12:24,704 - game_server - INFO - log_game_event:61 - Игровое событие: обновление_позиции - {"client_id": 0, "position": {"x": 990, "y": 0}, "inputs": {"left": false, "right": false, "up": true, "down": false}}
2025-09-23 20:12:24,737 - game_server - INFO - log_game_event:61 - Игровое событие: обновление_позиции - {"client_id": 0, "position": {"x": 990, "y": 0}, "inputs": {"left": false, "right": false, "up": true, "down": false}}
2025-09-23 20:12:24,772 - game_server - INFO - log_game_event:61 - Игровое событие: обновление_позиции - {"client_id": 0, "position": {"x": 990, "y": 0}, "inputs": {"left": false, "right": false, "up": true, "down": false}}
2025-09-23 20:12:24,807 - game_server - INFO - log_game_event:61 - Игровое событие: обновление_позиции - {"client_id": 0, "position": {"x": 990, "y": 0}, "inputs": {"left": false, "right": false, "up": true, "down": false}}
2025-09-23 20:12:24,842 - game_server - INFO - log_game_event:61 - Игровое событие: обновление_позиции - {"client_id": 0, "position": {"x": 990, "y": 0}, "inputs": {"left": false, "right": false, "up": true, "down": false}}
2025-09-23 20:12:24,879 - game_server - INFO - log_game_event:61 - Игровое событие: обновление_позиции - {"client_id": 0, "position": {"x": 990, "y": 0}, "inputs": {"left": false, "right": false, "up": true, "down": false}}
2025-09-23 20:12:24,914 - game_server - INFO - log_game_event:61 - Игровое событие: обновление_позиции - {"client_id": 0, "position": {"x": 990, "y": 0}, "inputs": {"left": false, "right": false, "up": true, "down": false}}
2025-09-23 20:12:24,949 - game_server - INFO - log_game_event:61 - Игровое событие: обновление_позиции - {"client_id": 0, "position": {"x": 990, "y": 0}, "inputs": {"left": false, "right": false, "up": true, "down": false}}
2025-09-23 20:12:24,984 - game_server - INFO - log_game_event:61 - Игровое событие: обновление_позиции - {"client_id": 0, "position": {"x": 990, "y": 0}, "inputs": {"left": false, "right": false, "up": true, "down": false}}
2025-09-23 20:12:25,018 - game_server - INFO - log_game_event:61 - Игровое событие: обновление_позиции - {"client_id": 0, "position": {"x": 990, "y": 0}, "inputs": {"left": false, "right": false, "up": true, "down": false}}
2025-09-23 20:12:25,054 - game_server - INFO - log_game_event:61 - Игровое событие: обновление_позиции - {"client_id": 0, "position": {"x": 990, "y": 0}, "inputs": {"left": false, "right": false, "up": true, "down": false}}
2025-09-23 20:12:25,089 - game_server - INFO - log_game_event:61 - Игровое событие: обновление_позиции - {"client_id": 0, "position": {"x": 990, "y": 0}, "inputs": {"left": false, "right": false, "up": true, "down": false}}
2025-09-23 20:12:25,124 - game_server - INFO - log_game_event:61 - Игровое событие: обновление_позиции - {"client_id": 0, "position": {"x": 990, "y": 0}, "inputs": {"left": false, "right": false, "up": true, "down": true}}
2025-09-23 20:12:25,156 - game_server - INFO - log_game_event:61 - Игровое событие: обновление_позиции - {"client_id": 0, "position": {"x": 990, "y": 0}, "inputs": {"left": false, "right": false, "up": true, "down": true}}
2025-09-23 20:12:25,189 - game_server - INFO - log_game_event:61 - Игровое событие: обновление_позиции - {"client_id": 0, "position": {"x": 990, "y": 0}, "inputs": {"left": false, "right": false, "up": true, "down": true}}
2025-09-23 20:12:25,224 - game_server - INFO - log_game_event:61 - Игровое событие: обновление_позиции - {"client_id": 0, "position": {"x": 990, "y": 0}, "inputs": {"left": false, "right": false, "up": true, "down": true}}
2025-09-23 20:12:25,258 - game_server - INFO - log_game_event:61 - Игровое событие: обновление_позиции - {"client_id": 0, "position": {"x": 990, "y": 0}, "inputs": {"left": false, "right": false, "up": true, "down": true}}
2025-09-23 20:12:25,293 - game_server - INFO - log_game_event:61 - Игровое событие: обновление_позиции - {"client_id": 0, "position": {"x": 990, "y": 0}, "inputs": {"left": false, "right": false, "up": true, "down": true}}
2025-09-23 20:12:25,328 - game_server - INFO - log_game_event:61 - Игровое событие: обновление_позиции - {"client_id": 0, "position": {"x": 990, "y": 0}, "inputs": {"left": false, "right": false, "up": true, "down": true}}
2025-09-23 20:12:25,362 - game_server - INFO - log_game_event:61 - Игровое событие: обновление_позиции - {"client_id": 0, "position": {"x": 990, "y": 0}, "inputs": {"left": false, "right": false, "up": true, "down": true}}
2025-09-23 20:12:25,396 - game_server - INFO - log_game_event:61 - Игровое событие: обновление_позиции - {"client_id": 0, "position": {"x": 990, "y": 0}, "inputs": {"left": false, "right": false, "up": true, "down": true}}
2025-09-23 20:12:25,430 - game_server - INFO - log_game_event:61 - Игровое событие: обновление_позиции - {"client_id": 0, "position": {"x": 990, "y": 0}, "inputs": {"left": false, "right": false, "up": true, "down": true}}
2025-09-23 20:12:25,465 - game_server - INFO - log_game_event:61 - Игровое событие: обновление_позиции - {"client_id": 0, "position": {"x": 990, "y": 0}, "inputs": {"left": false, "right": false, "up": true, "down": true}}
2025-09-23 20:12:25,498 - game_server - INFO - log_game_event:61 - Игровое событие: обновление_позиции - {"client_id": 0, "position": {"x": 990, "y": 0}, "inputs": {"left": false, "right": false, "up": true, "down": true}}
2025-09-23 20:12:25,533 - game_server - INFO - log_game_event:61 - Игровое событие: обновление_позиции - {"client_id": 0, "position": {"x": 990, "y": 5}, "inputs": {"left": false, "right": false, "up": false, "down": true}}
2025-09-23 20:12:25,568 - game_server - INFO - log_game_event:61 - Игровое событие: обновление_позиции - {"client_id": 0, "position": {"x": 990, "y": 10}, "inputs": {"left": false, "right": false, "up": false, "down": true}}
2025-09-23 20:12:25,603 - game_server - INFO - log_game_event:61 - Игровое событие: обновление_позиции - {"client_id": 0, "position": {"x": 990, "y": 15}, "inputs": {"left": false, "right": false, "up": false, "down": true}}
2025-09-23 20:12:25,638 - game_server - INFO - log_game_event:61 - Игровое событие: обновление_позиции - {"client_id": 0, "position": {"x": 990, "y": 20}, "inputs": {"left": false, "right": false, "up": false, "down": true}}
2025-09-23 20:12:25,671 - game_server - INFO - log_game_event:61 - Игровое событие: обновление_позиции - {"client_id": 0, "position": {"x": 990, "y": 25}, "inputs": {"left": false, "right": false, "up": false, "down": true}}
2025-09-23 20:12:25,705 - game_server - INFO - log_game_event:61 - Игровое событие: обновление_позиции - {"client_id": 0, "position": {"x": 990, "y": 30}, "inputs": {"left": false, "right": false, "up": false, "down": true}}
2025-09-23 20:12:25,739 - game_server - INFO - log_game_event:61 - Игровое событие: обновление_позиции - {"client_id": 0, "position": {"x": 990, "y": 35}, "inputs": {"left": false, "right": false, "up": false, "down": true}}
2025-09-23 20:12:25,772 - game_server - INFO - log_game_event:61 - Игровое событие: обновление_позиции - {"client_id": 0, "position": {"x": 990, "y": 40}, "inputs": {"left": false, "right": false, "up": false, "down": true}}
2025-09-23 20:12:25,804 - game_server - INFO - log_game_event:61 - Игровое событие: обновление_позиции - {"client_id": 0, "position": {"x": 990, "y": 45}, "inputs": {"left": false, "right": false, "up": false, "down": true}}
2025-09-23 20:12:25,837 - game_server - INFO - log_game_event:61 - Игровое событие: обновление_позиции - {"client_id": 0, "position": {"x": 990, "y": 50}, "inputs": {"left": false, "right": false, "up": false, "down": true}}
2025-09-23 20:12:25,872 - game_server - INFO - log_game_event:61 - Игровое событие: обновление_позиции - {"client_id": 0, "position": {"x": 990, "y": 55}, "inputs": {"left": false, "right": false, "up": false, "down": true}}
2025-09-23 20:12:25,907 - game_server - INFO - log_game_event:61 - Игровое событие: обновление_позиции - {"client_id": 0, "position": {"x": 990, "y": 60}, "inputs": {"left": false, "right": false, "up": false, "down": true}}
2025-09-23 20:12:25,941 - game_server - INFO - log_game_event:61 - Игровое событие: обновление_позиции - {"client_id": 0, "position": {"x": 990, "y": 65}, "inputs": {"left": false, "right": false, "up": false, "down": true}}
2025-09-23 20:12:25,977 - game_server - INFO - log_game_event:61 - Игровое событие: обновление_позиции - {"client_id": 0, "position": {"x": 990, "y": 70}, "inputs": {"left": false, "right": false, "up": false, "down": true}}
2025-09-23 20:12:26,009 - game_server - INFO - log_game_event:61 - Игровое событие: обновление_позиции - {"client_id": 0, "position": {"x": 990, "y": 75}, "inputs": {"left": false, "right": false, "up": false, "down": true}}
2025-09-23 20:12:26,046 - game_server - INFO - log_game_event:61 - Игровое событие: обновление_позиции - {"client_id": 0, "position": {"x": 990, "y": 80}, "inputs": {"left": false, "right": false, "up": false, "down": true}}
2025-09-23 20:12:26,080 - game_server - INFO - log_game_event:61 - Игровое событие: обновление_позиции - {"client_id": 0, "position": {"x": 990, "y": 85}, "inputs": {"left": false, "right": false, "up": false, "down": true}}
2025-09-23 20:12:26,116 - game_server - INFO - log_game_event:61 - Игровое событие: обновление_позиции - {"client_id": 0, "position": {"x": 990, "y": 90}, "inputs": {"left": false, "right": false, "up": false, "down": true}}
2025-09-23 20:12:26,154 - game_server - INFO - log_game_event:61 - Игровое событие: обновление_позиции - {"client_id": 0, "position": {"x": 990, "y": 95}, "inputs": {"left": false, "right": false, "up": false, "down": true}}
2025-09-23 20:12:26,190 - game_server - INFO - log_game_event:61 - Игровое событие: обновление_позиции - {"client_id": 0, "position": {"x": 990, "y": 100}, "inputs": {"left": false, "right": false, "up": false, "down": true}}
2025-09-23 20:12:26,225 - game_server - INFO - log_game_event:61 - Игровое событие: обновление_позиции - {"client_id": 0, "position": {"x": 990, "y": 105}, "inputs": {"left": false, "right": false, "up": false, "down": true}}
2025-09-23 20:12:26,259 - game_server - INFO - log_game_event:61 - Игровое событие: обновление_позиции - {"client_id": 0, "position": {"x": 990, "y": 110}, "inputs": {"left": false, "right": false, "up": false, "down": true}}
2025-09-23 20:12:26,298 - game_server - INFO - log_game_event:61 - Игровое событие: обновление_позиции - {"client_id": 0, "position": {"x": 990, "y": 115}, "inputs": {"left": false, "right": false, "up": false, "down": true}}
2025-09-23 20:12:26,332 - game_server - INFO - log_game_event:61 - Игровое событие: обновление_позиции - {"client_id": 0, "position": {"x": 990, "y": 120}, "inputs": {"left": false, "right": false, "up": false, "down": true}}
2025-09-23 20:12:26,366 - game_server - INFO - log_game_event:61 - Игровое событие: обновление_позиции - {"client_id": 0, "position": {"x": 990, "y": 120}, "inputs": {"left": false, "right": false, "up": true, "down": true}}
2025-09-23 20:12:26,400 - game_server - INFO - log_game_event:61 - Игровое событие: обновление_позиции - {"client_id": 0, "position": {"x": 990, "y": 120}, "inputs": {"left": false, "right": false, "up": true, "down": true}}
2025-09-23 20:12:26,435 - game_server - INFO - log_game_event:61 - Игровое событие: обновление_позиции - {"client_id": 0, "position": {"x": 990, "y": 120}, "inputs": {"left": false, "right": false, "up": true, "down": true}}
2025-09-23 20:12:26,469 - game_server - INFO - log_game_event:61 - Игровое событие: обновление_позиции - {"client_id": 0, "position": {"x": 990, "y": 120}, "inputs": {"left": false, "right": false, "up": true, "down": true}}
2025-09-23 20:12:26,502 - game_server - INFO - log_game_event:61 - Игровое событие: обновление_позиции - {"client_id": 0, "position": {"x": 990, "y": 120}, "inputs": {"left": false, "right": false, "up": true, "down": true}}
2025-09-23 20:12:26,536 - game_server - INFO - log_game_event:61 - Игровое событие: обновление_позиции - {"client_id": 0, "position": {"x": 990, "y": 120}, "inputs": {"left": false, "right": false, "up": true, "down": true}}
2025-09-23 20:12:26,569 - game_server - INFO - log_game_event:61 - Игровое событие: обновление_позиции - {"client_id": 0, "position": {"x": 990, "y": 120}, "inputs": {"left": false, "right": false, "up": true, "down": true}}
2025-09-23 20:12:26,605 - game_server - INFO - log_game_event:61 - Игровое событие: обновление_позиции - {"client_id": 0, "position": {"x": 990, "y": 120}, "inputs": {"left": false, "right": false, "up": true, "down": true}}
2025-09-23 20:12:26,638 - game_server - INFO - log_game_event:61 - Игровое событие: обновление_позиции - {"client_id": 0, "position": {"x": 990, "y": 120}, "inputs": {"left": false, "right": false, "up": true, "down": true}}
2025-09-23 20:12:26,673 - game_server - INFO - log_game_event:61 - Игровое событие: обновление_позиции - {"client_id": 0, "position": {"x": 990, "y": 120}, "inputs": {"left": false, "right": false, "up": true, "down": true}}
2025-09-23 20:12:26,708 - game_server - INFO - log_game_event:61 - Игровое событие: обновление_позиции - {"client_id": 0, "position": {"x": 990, "y": 120}, "inputs": {"left": false, "right": false, "up": true, "down": true}}
2025-09-23 20:12:26,743 - game_server - INFO - log_game_event:61 - Игровое событие: обновление_позиции - {"client_id": 0, "position": {"x": 990, "y": 120}, "inputs": {"left": false, "right": false, "up": true, "down": true}}
2025-09-23 20:12:26,777 - game_server - INFO - log_game_event:61 - Игровое событие: обновление_позиции - {"client_id": 0, "position": {"x": 990, "y": 120}, "inputs": {"left": false, "right": false, "up": true, "down": true}}
2025-09-23 20:12:26,812 - game_server - INFO - log_game_event:61 - Игровое событие: обновление_позиции - {"client_id": 0, "position": {"x": 990, "y": 120}, "inputs": {"left": false, "right": false, "up": true, "down": true}}
2025-09-23 20:12:26,846 - game_server - INFO - log_game_event:61 - Игровое событие: обновление_позиции - {"client_id": 0, "position": {"x": 990, "y": 120}, "inputs": {"left": false, "right": false, "up": true, "down": true}}
2025-09-23 20:12:26,881 - game_server - INFO - log_game_event:61 - Игровое событие: обновление_позиции - {"client_id": 0, "position": {"x": 990, "y": 120}, "inputs": {"left": false, "right": false, "up": true, "down": true}}
2025-09-23 20:12:26,917 - game_server - INFO - log_game_event:61 - Игровое событие: обновление_позиции - {"client_id": 0, "position": {"x": 990, "y": 120}, "inputs": {"left": false, "right": false, "up": true, "down": true}}
2025-09-23 20:12:26,952 - game_server - INFO - log_game_event:61 - Игровое событие: обновление_позиции - {"client_id": 0, "position": {"x": 990, "y": 120}, "inputs": {"left": false, "right": false, "up": true, "down": true}}
2025-09-23 20:12:26,985 - game_server - INFO - log_game_event:61 - Игровое событие: обновление_позиции - {"client_id": 0, "position": {"x": 990, "y": 120}, "inputs": {"left": false, "right": false, "up": true, "down": true}}
2025-09-23 20:12:27,020 - game_server - INFO - log_game_event:61 - Игровое событие: обновление_позиции - {"client_id": 0, "position": {"x": 990, "y": 120}, "inputs": {"left": false, "right": false, "up": true, "down": true}}
2025-09-23 20:12:27,054 - game_server - INFO - log_game_event:61 - Игровое событие: обновление_позиции - {"client_id": 0, "position": {"x": 990, "y": 120}, "inputs": {"left": false, "right": false, "up": true, "down": true}}
2025-09-23 20:12:27,088 - game_server - INFO - log_game_event:61 - Игровое событие: обновление_позиции - {"client_id": 0, "position": {"x": 990, "y": 115}, "inputs": {"left": false, "right": false, "up": true, "down": false}}
2025-09-23 20:12:27,120 - game_server - INFO - log_game_event:61 - Игровое событие: обновление_позиции - {"client_id": 0, "position": {"x": 990, "y": 110}, "inputs": {"left": false, "right": false, "up": true, "down": false}}
2025-09-23 20:12:27,154 - game_server - INFO - log_game_event:61 - Игровое событие: обновление_позиции - {"client_id": 0, "position": {"x": 990, "y": 105}, "inputs": {"left": false, "right": false, "up": true, "down": false}}
2025-09-23 20:12:27,189 - game_server - INFO - log_game_event:61 - Игровое событие: обновление_позиции - {"client_id": 0, "position": {"x": 990, "y": 100}, "inputs": {"left": false, "right": false, "up": true, "down": false}}
2025-09-23 20:12:27,224 - game_server - INFO - log_game_event:61 - Игровое событие: обновление_позиции - {"client_id": 0, "position": {"x": 990, "y": 95}, "inputs": {"left": false, "right": false, "up": true, "down": false}}
2025-09-23 20:12:27,257 - game_server - INFO - log_game_event:61 - Игровое событие: обновление_позиции - {"client_id": 0, "position": {"x": 990, "y": 90}, "inputs": {"left": false, "right": false, "up": true, "down": false}}
2025-09-23 20:12:27,291 - game_server - INFO - log_game_event:61 - Игровое событие: обновление_позиции - {"client_id": 0, "position": {"x": 990, "y": 85}, "inputs": {"left": false, "right": false, "up": true, "down": false}}
2025-09-23 20:12:27,326 - game_server - INFO - log_game_event:61 - Игровое событие: обновление_позиции - {"client_id": 0, "position": {"x": 990, "y": 80}, "inputs": {"left": false, "right": false, "up": true, "down": false}}
2025-09-23 20:12:27,362 - game_server - INFO - log_game_event:61 - Игровое событие: обновление_позиции - {"client_id": 0, "position": {"x": 990, "y": 75}, "inputs": {"left": false, "right": false, "up": true, "down": false}}
2025-09-23 20:12:27,397 - game_server - INFO - log_game_event:61 - Игровое событие: обновление_позиции - {"client_id": 0, "position": {"x": 990, "y": 70}, "inputs": {"left": false, "right": false, "up": true, "down": false}}
2025-09-23 20:12:27,432 - game_server - INFO - log_game_event:61 - Игровое событие: обновление_позиции - {"client_id": 0, "position": {"x": 990, "y": 65}, "inputs": {"left": false, "right": false, "up": true, "down": false}}
2025-09-23 20:12:27,466 - game_server - INFO - log_game_event:61 - Игровое событие: обновление_позиции - {"client_id": 0, "position": {"x": 990, "y": 60}, "inputs": {"left": false, "right": false, "up": true, "down": false}}
2025-09-23 20:12:27,500 - game_server - INFO - log_game_event:61 - Игровое событие: обновление_позиции - {"client_id": 0, "position": {"x": 990, "y": 55}, "inputs": {"left": false, "right": false, "up": true, "down": false}}
2025-09-23 20:12:27,535 - game_server - INFO - log_game_event:61 - Игровое событие: обновление_позиции - {"client_id": 0, "position": {"x": 990, "y": 50}, "inputs": {"left": false, "right": false, "up": true, "down": false}}
2025-09-23 20:12:27,570 - game_server - INFO - log_game_event:61 - Игровое событие: обновление_позиции - {"client_id": 0, "position": {"x": 990, "y": 45}, "inputs": {"left": false, "right": false, "up": true, "down": false}}
2025-09-23 20:12:27,604 - game_server - INFO - log_game_event:61 - Игровое событие: обновление_позиции - {"client_id": 0, "position": {"x": 990, "y": 40}, "inputs": {"left": false, "right": false, "up": true, "down": false}}
2025-09-23 20:12:27,638 - game_server - INFO - log_game_event:61 - Игровое событие: обновление_позиции - {"client_id": 0, "position": {"x": 990, "y": 35}, "inputs": {"left": false, "right": false, "up": true, "down": false}}
2025-09-23 20:12:27,671 - game_server - INFO - log_game_event:61 - Игровое событие: обновление_позиции - {"client_id": 0, "position": {"x": 990, "y": 30}, "inputs": {"left": false, "right": false, "up": true, "down": false}}
2025-09-23 20:12:27,705 - game_server - INFO - log_game_event:61 - Игровое событие: обновление_позиции - {"client_id": 0, "position": {"x": 990, "y": 25}, "inputs": {"left": false, "right": false, "up": true, "down": false}}
2025-09-23 20:12:27,738 - game_server - INFO - log_game_event:61 - Игровое событие: обновление_позиции - {"client_id": 0, "position": {"x": 990, "y": 20}, "inputs": {"left": false, "right": false, "up": true, "down": false}}
2025-09-23 20:12:27,760 - game_server - INFO - log_game_event:61 - Игровое событие: обновление_позиции - {"client_id": 0, "position": {"x": 990, "y": 15}, "inputs": {"left": false, "right": false, "up": true, "down": false}}
2025-09-23 20:12:27,787 - game_server - INFO - log_game_event:61 - Игровое событие: обновление_позиции - {"client_id": 0, "position": {"x": 990, "y": 10}, "inputs": {"left": false, "right": false, "up": true, "down": false}}
2025-09-23 20:12:27,819 - game_server - INFO - log_game_event:61 - Игровое событие: обновление_позиции - {"client_id": 0, "position": {"x": 990, "y": 5}, "inputs": {"left": false, "right": false, "up": true, "down": false}}
2025-09-23 20:12:27,852 - game_server - INFO - log_game_event:61 - Игровое событие: обновление_позиции - {"client_id": 0, "position": {"x": 990, "y": 0}, "inputs": {"left": false, "right": false, "up": true, "down": false}}
2025-09-23 20:12:27,885 - game_server - INFO - log_game_event:61 - Игровое событие: обновление_позиции - {"client_id": 0, "position": {"x": 990, "y": 0}, "inputs": {"left": false, "right": false, "up": true, "down": false}}
2025-09-23 20:12:27,920 - game_server - INFO - log_game_event:61 - Игровое событие: обновление_позиции - {"client_id": 0, "position": {"x": 990, "y": 0}, "inputs": {"left": false, "right": false, "up": true, "down": true}}
2025-09-23 20:12:27,955 - game_server - INFO - log_game_event:61 - Игровое событие: обновление_позиции - {"client_id": 0, "position": {"x": 990, "y": 0}, "inputs": {"left": false, "right": false, "up": true, "down": true}}
2025-09-23 20:12:27,988 - game_server - INFO - log_game_event:61 - Игровое событие: обновление_позиции - {"client_id": 0, "position": {"x": 990, "y": 0}, "inputs": {"left": false, "right": false, "up": true, "down": true}}
2025-09-23 20:12:28,022 - game_server - INFO - log_game_event:61 - Игровое событие: обновление_позиции - {"client_id": 0, "position": {"x": 990, "y": 0}, "inputs": {"left": false, "right": false, "up": true, "down": true}}
2025-09-23 20:12:28,060 - game_server - INFO - log_game_event:61 - Игровое событие: обновление_позиции - {"client_id": 0, "position": {"x": 990, "y": 5}, "inputs": {"left": false, "right": false, "up": false, "down": true}}
2025-09-23 20:12:28,094 - game_server - INFO - log_game_event:61 - Игровое событие: обновление_позиции - {"client_id": 0, "position": {"x": 990, "y": 10}, "inputs": {"left": false, "right": false, "up": false, "down": true}}
2025-09-23 20:12:28,127 - game_server - INFO - log_game_event:61 - Игровое событие: обновление_позиции - {"client_id": 0, "position": {"x": 990, "y": 15}, "inputs": {"left": false, "right": false, "up": false, "down": true}}
2025-09-23 20:12:28,162 - game_server - INFO - log_game_event:61 - Игровое событие: обновление_позиции - {"client_id": 0, "position": {"x": 990, "y": 20}, "inputs": {"left": false, "right": false, "up": false, "down": true}}
2025-09-23 20:12:28,196 - game_server - INFO - log_game_event:61 - Игровое событие: обновление_позиции - {"client_id": 0, "position": {"x": 990, "y": 25}, "inputs": {"left": false, "right": false, "up": false, "down": true}}
2025-09-23 20:12:28,229 - game_server - INFO - log_game_event:61 - Игровое событие: обновление_позиции - {"client_id": 0, "position": {"x": 990, "y": 30}, "inputs": {"left": false, "right": false, "up": false, "down": true}}
2025-09-23 20:12:28,263 - game_server - INFO - log_game_event:61 - Игровое событие: обновление_позиции - {"client_id": 0, "position": {"x": 990, "y": 35}, "inputs": {"left": false, "right": false, "up": false, "down": true}}
2025-09-23 20:12:28,297 - game_server - INFO - log_game_event:61 - Игровое событие: обновление_позиции - {"client_id": 0, "position": {"x": 990, "y": 40}, "inputs": {"left": false, "right": false, "up": false, "down": true}}
2025-09-23 20:12:28,334 - game_server - INFO - log_game_event:61 - Игровое событие: обновление_позиции - {"client_id": 0, "position": {"x": 990, "y": 45}, "inputs": {"left": false, "right": false, "up": false, "down": true}}
2025-09-23 20:12:28,367 - game_server - INFO - log_game_event:61 - Игровое событие: обновление_позиции - {"client_id": 0, "position": {"x": 990, "y": 50}, "inputs": {"left": false, "right": false, "up": false, "down": true}}
2025-09-23 20:12:28,403 - game_server - INFO - log_game_event:61 - Игровое событие: обновление_позиции - {"client_id": 0, "position": {"x": 990, "y": 55}, "inputs": {"left": false, "right": false, "up": false, "down": true}}
2025-09-23 20:12:28,436 - game_server - INFO - log_game_event:61 - Игровое событие: обновление_позиции - {"client_id": 0, "position": {"x": 990, "y": 60}, "inputs": {"left": false, "right": false, "up": false, "down": true}}
2025-09-23 20:12:28,468 - game_server - INFO - log_game_event:61 - Игровое событие: обновление_позиции - {"client_id": 0, "position": {"x": 990, "y": 65}, "inputs": {"left": false, "right": false, "up": false, "down": true}}
2025-09-23 20:12:28,503 - game_server - INFO - log_game_event:61 - Игровое событие: обновление_позиции - {"client_id": 0, "position": {"x": 990, "y": 70}, "inputs": {"left": false, "right": false, "up": false, "down": true}}
2025-09-23 20:12:28,536 - game_server - INFO - log_game_event:61 - Игровое событие: обновление_позиции - {"client_id": 0, "position": {"x": 990, "y": 75}, "inputs": {"left": false, "right": false, "up": false, "down": true}}
2025-09-23 20:12:28,571 - game_server - INFO - log_game_event:61 - Игровое событие: обновление_позиции - {"client_id": 0, "position": {"x": 990, "y": 80}, "inputs": {"left": false, "right": false, "up": false, "down": true}}
2025-09-23 20:12:28,605 - game_server - INFO - log_game_event:61 - Игровое событие: обновление_позиции - {"client_id": 0, "position": {"x": 990, "y": 85}, "inputs": {"left": false, "right": false, "up": false, "down": true}}
2025-09-23 20:12:28,640 - game_server - INFO - log_game_event:61 - Игровое событие: обновление_позиции - {"client_id": 0, "position": {"x": 990, "y": 90}, "inputs": {"left": false, "right": false, "up": false, "down": true}}
2025-09-23 20:12:28,676 - game_server - INFO - log_game_event:61 - Игровое событие: обновление_позиции - {"client_id": 0, "position": {"x": 990, "y": 95}, "inputs": {"left": false, "right": false, "up": false, "down": true}}
2025-09-23 20:12:28,711 - game_server - INFO - log_game_event:61 - Игровое событие: обновление_позиции - {"client_id": 0, "position": {"x": 990, "y": 100}, "inputs": {"left": false, "right": false, "up": false, "down": true}}
2025-09-23 20:12:28,747 - game_server - INFO - log_game_event:61 - Игровое событие: обновление_позиции - {"client_id": 0, "position": {"x": 990, "y": 105}, "inputs": {"left": false, "right": false, "up": false, "down": true}}
2025-09-23 20:12:28,782 - game_server - INFO - log_game_event:61 - Игровое событие: обновление_позиции - {"client_id": 0, "position": {"x": 990, "y": 110}, "inputs": {"left": false, "right": false, "up": false, "down": true}}
2025-09-23 20:12:28,815 - game_server - INFO - log_game_event:61 - Игровое событие: обновление_позиции - {"client_id": 0, "position": {"x": 990, "y": 115}, "inputs": {"left": false, "right": false, "up": false, "down": true}}
2025-09-23 20:12:28,850 - game_server - INFO - log_game_event:61 - Игровое событие: обновление_позиции - {"client_id": 0, "position": {"x": 990, "y": 120}, "inputs": {"left": false, "right": false, "up": false, "down": true}}
2025-09-23 20:12:28,885 - game_server - INFO - log_game_event:61 - Игровое событие: обновление_позиции - {"client_id": 0, "position": {"x": 990, "y": 125}, "inputs": {"left": false, "right": false, "up": false, "down": true}}
2025-09-23 20:12:28,920 - game_server - INFO - log_game_event:61 - Игровое событие: обновление_позиции - {"client_id": 0, "position": {"x": 990, "y": 130}, "inputs": {"left": false, "right": false, "up": false, "down": true}}
2025-09-23 20:12:28,955 - game_server - INFO - log_game_event:61 - Игровое событие: обновление_позиции - {"client_id": 0, "position": {"x": 990, "y": 135}, "inputs": {"left": false, "right": false, "up": false, "down": true}}
2025-09-23 20:12:28,992 - game_server - INFO - log_game_event:61 - Игровое событие: обновление_позиции - {"client_id": 0, "position": {"x": 990, "y": 140}, "inputs": {"left": false, "right": false, "up": false, "down": true}}
2025-09-23 20:12:29,025 - game_server - INFO - log_game_event:61 - Игровое событие: обновление_позиции - {"client_id": 0, "position": {"x": 990, "y": 145}, "inputs": {"left": false, "right": false, "up": false, "down": true}}
2025-09-23 20:12:29,061 - game_server - INFO - log_game_event:61 - Игровое событие: обновление_позиции - {"client_id": 0, "position": {"x": 990, "y": 150}, "inputs": {"left": false, "right": false, "up": false, "down": true}}
2025-09-23 20:12:29,096 - game_server - INFO - log_game_event:61 - Игровое событие: обновление_позиции - {"client_id": 0, "position": {"x": 990, "y": 155}, "inputs": {"left": false, "right": false, "up": false, "down": true}}
2025-09-23 20:12:29,130 - game_server - INFO - log_game_event:61 - Игровое событие: обновление_позиции - {"client_id": 0, "position": {"x": 990, "y": 160}, "inputs": {"left": false, "right": false, "up": false, "down": true}}
2025-09-23 20:12:29,167 - game_server - INFO - log_game_event:61 - Игровое событие: обновление_позиции - {"client_id": 0, "position": {"x": 990, "y": 165}, "inputs": {"left": false, "right": false, "up": false, "down": true}}
2025-09-23 20:12:29,202 - game_server - INFO - log_game_event:61 - Игровое событие: обновление_позиции - {"client_id": 0, "position": {"x": 990, "y": 170}, "inputs": {"left": false, "right": false, "up": false, "down": true}}
2025-09-23 20:12:29,237 - game_server - INFO - log_game_event:61 - Игровое событие: обновление_позиции - {"client_id": 0, "position": {"x": 990, "y": 175}, "inputs": {"left": false, "right": false, "up": false, "down": true}}
2025-09-23 20:12:29,272 - game_server - INFO - log_game_event:61 - Игровое событие: обновление_позиции - {"client_id": 0, "position": {"x": 990, "y": 180}, "inputs": {"left": false, "right": false, "up": false, "down": true}}
2025-09-23 20:12:29,306 - game_server - INFO - log_game_event:61 - Игровое событие: обновление_позиции - {"client_id": 0, "position": {"x": 990, "y": 185}, "inputs": {"left": false, "right": false, "up": false, "down": true}}
2025-09-23 20:12:29,343 - game_server - INFO - log_game_event:61 - Игровое событие: обновление_позиции - {"client_id": 0, "position": {"x": 990, "y": 190}, "inputs": {"left": false, "right": false, "up": false, "down": true}}
2025-09-23 20:12:29,379 - game_server - INFO - log_game_event:61 - Игровое событие: обновление_позиции - {"client_id": 0, "position": {"x": 990, "y": 195}, "inputs": {"left": false, "right": false, "up": false, "down": true}}
2025-09-23 20:12:29,414 - game_server - INFO - log_game_event:61 - Игровое событие: обновление_позиции - {"client_id": 0, "position": {"x": 990, "y": 200}, "inputs": {"left": false, "right": false, "up": false, "down": true}}
2025-09-23 20:12:29,450 - game_server - INFO - log_game_event:61 - Игровое событие: обновление_позиции - {"client_id": 0, "position": {"x": 990, "y": 205}, "inputs": {"left": false, "right": false, "up": false, "down": true}}
2025-09-23 20:12:29,484 - game_server - INFO - log_game_event:61 - Игровое событие: обновление_позиции - {"client_id": 0, "position": {"x": 990, "y": 210}, "inputs": {"left": false, "right": false, "up": false, "down": true}}
2025-09-23 20:12:29,520 - game_server - INFO - log_game_event:61 - Игровое событие: обновление_позиции - {"client_id": 0, "position": {"x": 990, "y": 215}, "inputs": {"left": false, "right": false, "up": false, "down": true}}
2025-09-23 20:12:29,554 - game_server - INFO - log_game_event:61 - Игровое событие: обновление_позиции - {"client_id": 0, "position": {"x": 990, "y": 220}, "inputs": {"left": false, "right": false, "up": false, "down": true}}
2025-09-23 20:12:29,587 - game_server - INFO - log_game_event:61 - Игровое событие: обновление_позиции - {"client_id": 0, "position": {"x": 995, "y": 225}, "inputs": {"left": false, "right": true, "up": false, "down": true}}
2025-09-23 20:12:29,622 - game_server - INFO - log_game_event:61 - Игровое событие: обновление_позиции - {"client_id": 0, "position": {"x": 1000, "y": 230}, "inputs": {"left": false, "right": true, "up": false, "down": true}}
2025-09-23 20:12:29,655 - game_server - INFO - log_game_event:61 - Игровое событие: обновление_позиции - {"client_id": 0, "position": {"x": 1005, "y": 235}, "inputs": {"left": false, "right": true, "up": false, "down": true}}
2025-09-23 20:12:29,690 - game_server - INFO - log_game_event:61 - Игровое событие: обновление_позиции - {"client_id": 0, "position": {"x": 1010, "y": 240}, "inputs": {"left": false, "right": true, "up": false, "down": true}}
2025-09-23 20:12:29,726 - game_server - INFO - log_game_event:61 - Игровое событие: обновление_позиции - {"client_id": 0, "position": {"x": 1015, "y": 245}, "inputs": {"left": false, "right": true, "up": false, "down": true}}
2025-09-23 20:12:29,760 - game_server - INFO - log_game_event:61 - Игровое событие: обновление_позиции - {"client_id": 0, "position": {"x": 1020, "y": 250}, "inputs": {"left": false, "right": true, "up": false, "down": true}}
2025-09-23 20:12:29,795 - game_server - INFO - log_game_event:61 - Игровое событие: обновление_позиции - {"client_id": 0, "position": {"x": 1025, "y": 255}, "inputs": {"left": false, "right": true, "up": false, "down": true}}
2025-09-23 20:12:29,830 - game_server - INFO - log_game_event:61 - Игровое событие: обновление_позиции - {"client_id": 0, "position": {"x": 1030, "y": 260}, "inputs": {"left": false, "right": true, "up": false, "down": true}}
2025-09-23 20:12:29,865 - game_server - INFO - log_game_event:61 - Игровое событие: обновление_позиции - {"client_id": 0, "position": {"x": 1035, "y": 265}, "inputs": {"left": false, "right": true, "up": false, "down": true}}
2025-09-23 20:12:29,900 - game_server - INFO - log_game_event:61 - Игровое событие: обновление_позиции - {"client_id": 0, "position": {"x": 1040, "y": 270}, "inputs": {"left": false, "right": true, "up": false, "down": true}}
2025-09-23 20:12:29,934 - game_server - INFO - log_game_event:61 - Игровое событие: обновление_позиции - {"client_id": 0, "position": {"x": 1045, "y": 275}, "inputs": {"left": false, "right": true, "up": false, "down": true}}
2025-09-23 20:12:29,967 - game_server - INFO - log_game_event:61 - Игровое событие: обновление_позиции - {"client_id": 0, "position": {"x": 1050, "y": 280}, "inputs": {"left": false, "right": true, "up": false, "down": true}}
2025-09-23 20:12:30,002 - game_server - INFO - log_game_event:61 - Игровое событие: обновление_позиции - {"client_id": 0, "position": {"x": 1055, "y": 285}, "inputs": {"left": false, "right": true, "up": false, "down": true}}
2025-09-23 20:12:30,036 - game_server - INFO - log_game_event:61 - Игровое событие: обновление_позиции - {"client_id": 0, "position": {"x": 1060, "y": 290}, "inputs": {"left": false, "right": true, "up": false, "down": true}}
2025-09-23 20:12:30,070 - game_server - INFO - log_game_event:61 - Игровое событие: обновление_позиции - {"client_id": 0, "position": {"x": 1065, "y": 295}, "inputs": {"left": false, "right": true, "up": false, "down": true}}
2025-09-23 20:12:30,103 - game_server - INFO - log_game_event:61 - Игровое событие: обновление_позиции - {"client_id": 0, "position": {"x": 1070, "y": 300}, "inputs": {"left": false, "right": true, "up": false, "down": true}}
2025-09-23 20:12:30,135 - game_server - INFO - log_game_event:61 - Игровое событие: обновление_позиции - {"client_id": 0, "position": {"x": 1075, "y": 305}, "inputs": {"left": false, "right": true, "up": false, "down": true}}
2025-09-23 20:12:30,170 - game_server - INFO - log_game_event:61 - Игровое событие: обновление_позиции - {"client_id": 0, "position": {"x": 1080, "y": 310}, "inputs": {"left": false, "right": true, "up": false, "down": true}}
2025-09-23 20:12:30,205 - game_server - INFO - log_game_event:61 - Игровое событие: обновление_позиции - {"client_id": 0, "position": {"x": 1085, "y": 315}, "inputs": {"left": false, "right": true, "up": false, "down": true}}
2025-09-23 20:12:30,241 - game_server - INFO - log_game_event:61 - Игровое событие: обновление_позиции - {"client_id": 0, "position": {"x": 1090, "y": 320}, "inputs": {"left": false, "right": true, "up": false, "down": true}}
2025-09-23 20:12:30,275 - game_server - INFO - log_game_event:61 - Игровое событие: обновление_позиции - {"client_id": 0, "position": {"x": 1095, "y": 325}, "inputs": {"left": false, "right": true, "up": false, "down": true}}
2025-09-23 20:12:30,311 - game_server - INFO - log_game_event:61 - Игровое событие: обновление_позиции - {"client_id": 0, "position": {"x": 1100, "y": 330}, "inputs": {"left": false, "right": true, "up": false, "down": true}}
2025-09-23 20:12:30,347 - game_server - INFO - log_game_event:61 - Игровое событие: обновление_позиции - {"client_id": 0, "position": {"x": 1105, "y": 335}, "inputs": {"left": false, "right": true, "up": false, "down": true}}
2025-09-23 20:12:30,382 - game_server - INFO - log_game_event:61 - Игровое событие: обновление_позиции - {"client_id": 0, "position": {"x": 1110, "y": 340}, "inputs": {"left": false, "right": true, "up": false, "down": true}}
2025-09-23 20:12:30,416 - game_server - INFO - log_game_event:61 - Игровое событие: обновление_позиции - {"client_id": 0, "position": {"x": 1110, "y": 345}, "inputs": {"left": false, "right": false, "up": false, "down": true}}
2025-09-23 20:12:30,451 - game_server - INFO - log_game_event:61 - Игровое событие: обновление_позиции - {"client_id": 0, "position": {"x": 1110, "y": 350}, "inputs": {"left": false, "right": false, "up": false, "down": true}}
2025-09-23 20:12:30,486 - game_server - INFO - log_game_event:61 - Игровое событие: обновление_позиции - {"client_id": 0, "position": {"x": 1110, "y": 355}, "inputs": {"left": false, "right": false, "up": false, "down": true}}
2025-09-23 20:12:30,520 - game_server - INFO - log_game_event:61 - Игровое событие: обновление_позиции - {"client_id": 0, "position": {"x": 1110, "y": 360}, "inputs": {"left": false, "right": false, "up": false, "down": true}}
2025-09-23 20:12:30,553 - game_server - INFO - log_game_event:61 - Игровое событие: обновление_позиции - {"client_id": 0, "position": {"x": 1110, "y": 365}, "inputs": {"left": false, "right": false, "up": false, "down": true}}
2025-09-23 20:12:30,586 - game_server - INFO - log_game_event:61 - Игровое событие: обновление_позиции - {"client_id": 0, "position": {"x": 1110, "y": 370}, "inputs": {"left": false, "right": false, "up": false, "down": true}}
2025-09-23 20:12:30,617 - game_server - INFO - log_game_event:61 - Игровое событие: обновление_позиции - {"client_id": 0, "position": {"x": 1110, "y": 375}, "inputs": {"left": false, "right": false, "up": false, "down": true}}
2025-09-23 20:12:30,650 - game_server - INFO - log_game_event:61 - Игровое событие: обновление_позиции - {"client_id": 0, "position": {"x": 1110, "y": 380}, "inputs": {"left": false, "right": false, "up": false, "down": true}}
2025-09-23 20:12:30,682 - game_server - INFO - log_game_event:61 - Игровое событие: обновление_позиции - {"client_id": 0, "position": {"x": 1110, "y": 385}, "inputs": {"left": false, "right": false, "up": false, "down": true}}
2025-09-23 20:12:30,712 - game_server - INFO - log_game_event:61 - Игровое событие: обновление_позиции - {"client_id": 0, "position": {"x": 1110, "y": 390}, "inputs": {"left": false, "right": false, "up": false, "down": true}}
2025-09-23 20:12:30,743 - game_server - INFO - log_game_event:61 - Игровое событие: обновление_позиции - {"client_id": 0, "position": {"x": 1110, "y": 395}, "inputs": {"left": false, "right": false, "up": false, "down": true}}
2025-09-23 20:12:30,773 - game_server - INFO - log_game_event:61 - Игровое событие: обновление_позиции - {"client_id": 0, "position": {"x": 1110, "y": 400}, "inputs": {"left": false, "right": false, "up": false, "down": true}}
2025-09-23 20:12:30,801 - game_server - INFO - log_game_event:61 - Игровое событие: обновление_позиции - {"client_id": 0, "position": {"x": 1110, "y": 405}, "inputs": {"left": false, "right": false, "up": false, "down": true}}
2025-09-23 20:12:30,831 - game_server - INFO - log_game_event:61 - Игровое событие: обновление_позиции - {"client_id": 0, "position": {"x": 1110, "y": 410}, "inputs": {"left": false, "right": false, "up": false, "down": true}}
2025-09-23 20:12:30,860 - game_server - INFO - log_game_event:61 - Игровое событие: обновление_позиции - {"client_id": 0, "position": {"x": 1110, "y": 415}, "inputs": {"left": false, "right": false, "up": false, "down": true}}
2025-09-23 20:12:30,891 - game_server - INFO - log_game_event:61 - Игровое событие: обновление_позиции - {"client_id": 0, "position": {"x": 1110, "y": 420}, "inputs": {"left": false, "right": false, "up": false, "down": true}}
2025-09-23 20:12:30,921 - game_server - INFO - log_game_event:61 - Игровое событие: обновление_позиции - {"client_id": 0, "position": {"x": 1110, "y": 425}, "inputs": {"left": false, "right": false, "up": false, "down": true}}
2025-09-23 20:12:30,952 - game_server - INFO - log_game_event:61 - Игровое событие: обновление_позиции - {"client_id": 0, "position": {"x": 1110, "y": 430}, "inputs": {"left": false, "right": false, "up": false, "down": true}}
2025-09-23 20:12:30,986 - game_server - INFO - log_game_event:61 - Игровое событие: обновление_позиции - {"client_id": 0, "position": {"x": 1110, "y": 435}, "inputs": {"left": false, "right": false, "up": false, "down": true}}
2025-09-23 20:12:31,020 - game_server - INFO - log_game_event:61 - Игровое событие: обновление_позиции - {"client_id": 0, "position": {"x": 1110, "y": 440}, "inputs": {"left": false, "right": false, "up": false, "down": true}}
2025-09-23 20:12:31,054 - game_server - INFO - log_game_event:61 - Игровое событие: обновление_позиции - {"client_id": 0, "position": {"x": 1110, "y": 445}, "inputs": {"left": false, "right": false, "up": false, "down": true}}
2025-09-23 20:12:31,087 - game_server - INFO - log_game_event:61 - Игровое событие: обновление_позиции - {"client_id": 0, "position": {"x": 1110, "y": 450}, "inputs": {"left": false, "right": false, "up": false, "down": true}}
2025-09-23 20:12:31,122 - game_server - INFO - log_game_event:61 - Игровое событие: обновление_позиции - {"client_id": 0, "position": {"x": 1110, "y": 455}, "inputs": {"left": false, "right": false, "up": false, "down": true}}
2025-09-23 20:12:31,157 - game_server - INFO - log_game_event:61 - Игровое событие: обновление_позиции - {"client_id": 0, "position": {"x": 1110, "y": 460}, "inputs": {"left": false, "right": false, "up": false, "down": true}}
2025-09-23 20:12:31,191 - game_server - INFO - log_game_event:61 - Игровое событие: обновление_позиции - {"client_id": 0, "position": {"x": 1110, "y": 465}, "inputs": {"left": false, "right": false, "up": false, "down": true}}
2025-09-23 20:12:31,224 - game_server - INFO - log_game_event:61 - Игровое событие: обновление_позиции - {"client_id": 0, "position": {"x": 1110, "y": 470}, "inputs": {"left": false, "right": false, "up": false, "down": true}}
2025-09-23 20:12:31,257 - game_server - INFO - log_game_event:61 - Игровое событие: обновление_позиции - {"client_id": 0, "position": {"x": 1110, "y": 475}, "inputs": {"left": false, "right": false, "up": false, "down": true}}
2025-09-23 20:12:31,291 - game_server - INFO - log_game_event:61 - Игровое событие: обновление_позиции - {"client_id": 0, "position": {"x": 1110, "y": 480}, "inputs": {"left": false, "right": false, "up": false, "down": true}}
2025-09-23 20:12:31,325 - game_server - INFO - log_game_event:61 - Игровое событие: обновление_позиции - {"client_id": 0, "position": {"x": 1110, "y": 485}, "inputs": {"left": false, "right": false, "up": false, "down": true}}
2025-09-23 20:12:31,362 - game_server - INFO - log_game_event:61 - Игровое событие: обновление_позиции - {"client_id": 0, "position": {"x": 1110, "y": 490}, "inputs": {"left": false, "right": false, "up": false, "down": true}}
2025-09-23 20:12:31,396 - game_server - INFO - log_game_event:61 - Игровое событие: обновление_позиции - {"client_id": 0, "position": {"x": 1110, "y": 495}, "inputs": {"left": false, "right": false, "up": false, "down": true}}
2025-09-23 20:12:31,432 - game_server - INFO - log_game_event:61 - Игровое событие: обновление_позиции - {"client_id": 0, "position": {"x": 1110, "y": 500}, "inputs": {"left": false, "right": false, "up": false, "down": true}}
2025-09-23 20:12:31,465 - game_server - INFO - log_game_event:61 - Игровое событие: обновление_позиции - {"client_id": 0, "position": {"x": 1110, "y": 505}, "inputs": {"left": false, "right": false, "up": false, "down": true}}
2025-09-23 20:12:31,500 - game_server - INFO - log_game_event:61 - Игровое событие: обновление_позиции - {"client_id": 0, "position": {"x": 1110, "y": 510}, "inputs": {"left": false, "right": false, "up": false, "down": true}}
2025-09-23 20:12:31,533 - game_server - INFO - log_game_event:61 - Игровое событие: обновление_позиции - {"client_id": 0, "position": {"x": 1110, "y": 515}, "inputs": {"left": false, "right": false, "up": false, "down": true}}
2025-09-23 20:12:31,569 - game_server - INFO - log_game_event:61 - Игровое событие: обновление_позиции - {"client_id": 0, "position": {"x": 1110, "y": 520}, "inputs": {"left": false, "right": false, "up": false, "down": true}}
2025-09-23 20:12:31,605 - game_server - INFO - log_game_event:61 - Игровое событие: обновление_позиции - {"client_id": 0, "position": {"x": 1110, "y": 525}, "inputs": {"left": false, "right": false, "up": false, "down": true}}
2025-09-23 20:12:31,639 - game_server - INFO - log_game_event:61 - Игровое событие: обновление_позиции - {"client_id": 0, "position": {"x": 1110, "y": 530}, "inputs": {"left": false, "right": false, "up": false, "down": true}}
2025-09-23 20:12:31,674 - game_server - INFO - log_game_event:61 - Игровое событие: обновление_позиции - {"client_id": 0, "position": {"x": 1110, "y": 535}, "inputs": {"left": false, "right": false, "up": false, "down": true}}
2025-09-23 20:12:31,710 - game_server - INFO - log_game_event:61 - Игровое событие: обновление_позиции - {"client_id": 0, "position": {"x": 1110, "y": 540}, "inputs": {"left": false, "right": false, "up": false, "down": true}}
2025-09-23 20:12:31,745 - game_server - INFO - log_game_event:61 - Игровое событие: обновление_позиции - {"client_id": 0, "position": {"x": 1110, "y": 545}, "inputs": {"left": false, "right": false, "up": false, "down": true}}
2025-09-23 20:12:31,781 - game_server - INFO - log_game_event:61 - Игровое событие: обновление_позиции - {"client_id": 0, "position": {"x": 1110, "y": 550}, "inputs": {"left": false, "right": false, "up": false, "down": true}}
2025-09-23 20:12:31,815 - game_server - INFO - log_game_event:61 - Игровое событие: обновление_позиции - {"client_id": 0, "position": {"x": 1110, "y": 555}, "inputs": {"left": false, "right": false, "up": false, "down": true}}
2025-09-23 20:12:31,848 - game_server - INFO - log_game_event:61 - Игровое событие: обновление_позиции - {"client_id": 0, "position": {"x": 1110, "y": 560}, "inputs": {"left": false, "right": false, "up": false, "down": true}}
2025-09-23 20:12:31,883 - game_server - INFO - log_game_event:61 - Игровое событие: обновление_позиции - {"client_id": 0, "position": {"x": 1110, "y": 565}, "inputs": {"left": false, "right": false, "up": false, "down": true}}
2025-09-23 20:12:31,917 - game_server - INFO - log_game_event:61 - Игровое событие: обновление_позиции - {"client_id": 0, "position": {"x": 1110, "y": 570}, "inputs": {"left": false, "right": false, "up": false, "down": true}}
2025-09-23 20:12:31,952 - game_server - INFO - log_game_event:61 - Игровое событие: обновление_позиции - {"client_id": 0, "position": {"x": 1110, "y": 575}, "inputs": {"left": false, "right": false, "up": false, "down": true}}
2025-09-23 20:12:31,985 - game_server - INFO - log_game_event:61 - Игровое событие: обновление_позиции - {"client_id": 0, "position": {"x": 1110, "y": 580}, "inputs": {"left": false, "right": false, "up": false, "down": true}}
2025-09-23 20:12:32,022 - game_server - INFO - log_game_event:61 - Игровое событие: обновление_позиции - {"client_id": 0, "position": {"x": 1110, "y": 585}, "inputs": {"left": false, "right": false, "up": false, "down": true}}
2025-09-23 20:12:32,058 - game_server - INFO - log_game_event:61 - Игровое событие: обновление_позиции - {"client_id": 0, "position": {"x": 1110, "y": 590}, "inputs": {"left": false, "right": false, "up": false, "down": true}}
2025-09-23 20:12:32,092 - game_server - INFO - log_game_event:61 - Игровое событие: обновление_позиции - {"client_id": 0, "position": {"x": 1110, "y": 595}, "inputs": {"left": false, "right": false, "up": false, "down": true}}
2025-09-23 20:12:32,127 - game_server - INFO - log_game_event:61 - Игровое событие: обновление_позиции - {"client_id": 0, "position": {"x": 1110, "y": 600}, "inputs": {"left": false, "right": false, "up": false, "down": true}}
2025-09-23 20:12:32,161 - game_server - INFO - log_game_event:61 - Игровое событие: обновление_позиции - {"client_id": 0, "position": {"x": 1110, "y": 605}, "inputs": {"left": false, "right": false, "up": false, "down": true}}
2025-09-23 20:12:32,196 - game_server - INFO - log_game_event:61 - Игровое событие: обновление_позиции - {"client_id": 0, "position": {"x": 1110, "y": 610}, "inputs": {"left": false, "right": false, "up": false, "down": true}}
2025-09-23 20:12:32,231 - game_server - INFO - log_game_event:61 - Игровое событие: обновление_позиции - {"client_id": 0, "position": {"x": 1110, "y": 615}, "inputs": {"left": false, "right": false, "up": false, "down": true}}
2025-09-23 20:12:32,265 - game_server - INFO - log_game_event:61 - Игровое событие: обновление_позиции - {"client_id": 0, "position": {"x": 1105, "y": 620}, "inputs": {"left": true, "right": false, "up": false, "down": true}}
2025-09-23 20:12:32,300 - game_server - INFO - log_game_event:61 - Игровое событие: обновление_позиции - {"client_id": 0, "position": {"x": 1100, "y": 625}, "inputs": {"left": true, "right": false, "up": false, "down": true}}
2025-09-23 20:12:32,334 - game_server - INFO - log_game_event:61 - Игровое событие: обновление_позиции - {"client_id": 0, "position": {"x": 1095, "y": 630}, "inputs": {"left": true, "right": false, "up": false, "down": true}}
2025-09-23 20:12:32,368 - game_server - INFO - log_game_event:61 - Игровое событие: обновление_позиции - {"client_id": 0, "position": {"x": 1090, "y": 635}, "inputs": {"left": true, "right": false, "up": false, "down": true}}
2025-09-23 20:12:32,403 - game_server - INFO - log_game_event:61 - Игровое событие: обновление_позиции - {"client_id": 0, "position": {"x": 1085, "y": 640}, "inputs": {"left": true, "right": false, "up": false, "down": true}}
2025-09-23 20:12:32,438 - game_server - INFO - log_game_event:61 - Игровое событие: обновление_позиции - {"client_id": 0, "position": {"x": 1080, "y": 645}, "inputs": {"left": true, "right": false, "up": false, "down": true}}
2025-09-23 20:12:32,472 - game_server - INFO - log_game_event:61 - Игровое событие: обновление_позиции - {"client_id": 0, "position": {"x": 1075, "y": 650}, "inputs": {"left": true, "right": false, "up": false, "down": true}}
2025-09-23 20:12:32,507 - game_server - INFO - log_game_event:61 - Игровое событие: обновление_позиции - {"client_id": 0, "position": {"x": 1070, "y": 655}, "inputs": {"left": true, "right": false, "up": false, "down": true}}
2025-09-23 20:12:32,542 - game_server - INFO - log_game_event:61 - Игровое событие: обновление_позиции - {"client_id": 0, "position": {"x": 1065, "y": 660}, "inputs": {"left": true, "right": false, "up": false, "down": true}}
2025-09-23 20:12:32,576 - game_server - INFO - log_game_event:61 - Игровое событие: обновление_позиции - {"client_id": 0, "position": {"x": 1060, "y": 665}, "inputs": {"left": true, "right": false, "up": false, "down": true}}
2025-09-23 20:12:32,609 - game_server - INFO - log_game_event:61 - Игровое событие: обновление_позиции - {"client_id": 0, "position": {"x": 1055, "y": 670}, "inputs": {"left": true, "right": false, "up": false, "down": true}}
2025-09-23 20:12:32,644 - game_server - INFO - log_game_event:61 - Игровое событие: обновление_позиции - {"client_id": 0, "position": {"x": 1050, "y": 675}, "inputs": {"left": true, "right": false, "up": false, "down": true}}
2025-09-23 20:12:32,679 - game_server - INFO - log_game_event:61 - Игровое событие: обновление_позиции - {"client_id": 0, "position": {"x": 1045, "y": 680}, "inputs": {"left": true, "right": false, "up": false, "down": true}}
2025-09-23 20:12:32,713 - game_server - INFO - log_game_event:61 - Игровое событие: обновление_позиции - {"client_id": 0, "position": {"x": 1040, "y": 685}, "inputs": {"left": true, "right": false, "up": false, "down": true}}
2025-09-23 20:12:32,747 - game_server - INFO - log_game_event:61 - Игровое событие: обновление_позиции - {"client_id": 0, "position": {"x": 1035, "y": 690}, "inputs": {"left": true, "right": false, "up": false, "down": true}}
2025-09-23 20:12:32,775 - game_server - INFO - log_game_event:61 - Игровое событие: обновление_позиции - {"client_id": 0, "position": {"x": 1030, "y": 695}, "inputs": {"left": true, "right": false, "up": false, "down": true}}
2025-09-23 20:12:32,804 - game_server - INFO - log_game_event:61 - Игровое событие: обновление_позиции - {"client_id": 0, "position": {"x": 1025, "y": 700}, "inputs": {"left": true, "right": false, "up": false, "down": true}}
2025-09-23 20:12:32,835 - game_server - INFO - log_game_event:61 - Игровое событие: обновление_позиции - {"client_id": 0, "position": {"x": 1020, "y": 705}, "inputs": {"left": true, "right": false, "up": false, "down": true}}
2025-09-23 20:12:32,870 - game_server - INFO - log_game_event:61 - Игровое событие: обновление_позиции - {"client_id": 0, "position": {"x": 1015, "y": 710}, "inputs": {"left": true, "right": false, "up": false, "down": true}}
2025-09-23 20:12:32,902 - game_server - INFO - log_game_event:61 - Игровое событие: обновление_позиции - {"client_id": 0, "position": {"x": 1010, "y": 715}, "inputs": {"left": true, "right": false, "up": false, "down": true}}
2025-09-23 20:12:32,936 - game_server - INFO - log_game_event:61 - Игровое событие: обновление_позиции - {"client_id": 0, "position": {"x": 1005, "y": 720}, "inputs": {"left": true, "right": false, "up": false, "down": true}}
2025-09-23 20:12:32,967 - game_server - INFO - log_game_event:61 - Игровое событие: обновление_позиции - {"client_id": 0, "position": {"x": 1000, "y": 725}, "inputs": {"left": true, "right": false, "up": false, "down": true}}
2025-09-23 20:12:33,000 - game_server - INFO - log_game_event:61 - Игровое событие: обновление_позиции - {"client_id": 0, "position": {"x": 995, "y": 730}, "inputs": {"left": true, "right": false, "up": false, "down": true}}
2025-09-23 20:12:33,032 - game_server - INFO - log_game_event:61 - Игровое событие: обновление_позиции - {"client_id": 0, "position": {"x": 990, "y": 735}, "inputs": {"left": true, "right": false, "up": false, "down": true}}
2025-09-23 20:12:33,065 - game_server - INFO - log_game_event:61 - Игровое событие: обновление_позиции - {"client_id": 0, "position": {"x": 985, "y": 740}, "inputs": {"left": true, "right": false, "up": false, "down": true}}
2025-09-23 20:12:33,096 - game_server - INFO - log_game_event:61 - Игровое событие: обновление_позиции - {"client_id": 0, "position": {"x": 980, "y": 745}, "inputs": {"left": true, "right": false, "up": false, "down": true}}
2025-09-23 20:12:33,124 - game_server - INFO - log_game_event:61 - Игровое событие: обновление_позиции - {"client_id": 0, "position": {"x": 975, "y": 750}, "inputs": {"left": true, "right": false, "up": false, "down": true}}
2025-09-23 20:12:33,157 - game_server - INFO - log_game_event:61 - Игровое событие: обновление_позиции - {"client_id": 0, "position": {"x": 970, "y": 755}, "inputs": {"left": true, "right": false, "up": false, "down": true}}
2025-09-23 20:12:33,188 - game_server - INFO - log_game_event:61 - Игровое событие: обновление_позиции - {"client_id": 0, "position": {"x": 965, "y": 760}, "inputs": {"left": true, "right": false, "up": false, "down": true}}
2025-09-23 20:12:33,219 - game_server - INFO - log_game_event:61 - Игровое событие: обновление_позиции - {"client_id": 0, "position": {"x": 960, "y": 765}, "inputs": {"left": true, "right": false, "up": false, "down": true}}
2025-09-23 20:12:33,247 - game_server - INFO - log_game_event:61 - Игровое событие: обновление_позиции - {"client_id": 0, "position": {"x": 955, "y": 770}, "inputs": {"left": true, "right": false, "up": false, "down": true}}
2025-09-23 20:12:33,276 - game_server - INFO - log_game_event:61 - Игровое событие: обновление_позиции - {"client_id": 0, "position": {"x": 950, "y": 775}, "inputs": {"left": true, "right": false, "up": false, "down": true}}
2025-09-23 20:12:33,304 - game_server - INFO - log_game_event:61 - Игровое событие: обновление_позиции - {"client_id": 0, "position": {"x": 945, "y": 780}, "inputs": {"left": true, "right": false, "up": false, "down": true}}
2025-09-23 20:12:33,336 - game_server - INFO - log_game_event:61 - Игровое событие: обновление_позиции - {"client_id": 0, "position": {"x": 940, "y": 785}, "inputs": {"left": true, "right": false, "up": false, "down": true}}
2025-09-23 20:12:33,367 - game_server - INFO - log_game_event:61 - Игровое событие: обновление_позиции - {"client_id": 0, "position": {"x": 935, "y": 790}, "inputs": {"left": true, "right": false, "up": false, "down": true}}
2025-09-23 20:12:33,395 - game_server - INFO - log_game_event:61 - Игровое событие: обновление_позиции - {"client_id": 0, "position": {"x": 930, "y": 795}, "inputs": {"left": true, "right": false, "up": false, "down": true}}
2025-09-23 20:12:33,420 - game_server - INFO - log_game_event:61 - Игровое событие: обновление_позиции - {"client_id": 0, "position": {"x": 925, "y": 800}, "inputs": {"left": true, "right": false, "up": false, "down": true}}
2025-09-23 20:12:33,452 - game_server - INFO - log_game_event:61 - Игровое событие: обновление_позиции - {"client_id": 0, "position": {"x": 920, "y": 805}, "inputs": {"left": true, "right": false, "up": false, "down": true}}
2025-09-23 20:12:33,476 - game_server - INFO - log_game_event:61 - Игровое событие: обновление_позиции - {"client_id": 0, "position": {"x": 915, "y": 810}, "inputs": {"left": true, "right": false, "up": false, "down": true}}
2025-09-23 20:12:33,512 - game_server - INFO - log_game_event:61 - Игровое событие: обновление_позиции - {"client_id": 0, "position": {"x": 910, "y": 815}, "inputs": {"left": true, "right": false, "up": false, "down": true}}
2025-09-23 20:12:33,541 - game_server - INFO - log_game_event:61 - Игровое событие: обновление_позиции - {"client_id": 0, "position": {"x": 910, "y": 820}, "inputs": {"left": true, "right": true, "up": false, "down": true}}
2025-09-23 20:12:33,570 - game_server - INFO - log_game_event:61 - Игровое событие: обновление_позиции - {"client_id": 0, "position": {"x": 910, "y": 825}, "inputs": {"left": true, "right": true, "up": false, "down": true}}
2025-09-23 20:12:33,602 - game_server - INFO - log_game_event:61 - Игровое событие: обновление_позиции - {"client_id": 0, "position": {"x": 910, "y": 830}, "inputs": {"left": true, "right": true, "up": false, "down": true}}
2025-09-23 20:12:33,635 - game_server - INFO - log_game_event:61 - Игровое событие: обновление_позиции - {"client_id": 0, "position": {"x": 910, "y": 835}, "inputs": {"left": true, "right": true, "up": false, "down": true}}
2025-09-23 20:12:33,668 - game_server - INFO - log_game_event:61 - Игровое событие: обновление_позиции - {"client_id": 0, "position": {"x": 910, "y": 840}, "inputs": {"left": true, "right": true, "up": false, "down": true}}
2025-09-23 20:12:33,702 - game_server - INFO - log_game_event:61 - Игровое событие: обновление_позиции - {"client_id": 0, "position": {"x": 910, "y": 845}, "inputs": {"left": true, "right": true, "up": false, "down": true}}
2025-09-23 20:12:33,732 - game_server - INFO - log_game_event:61 - Игровое событие: обновление_позиции - {"client_id": 0, "position": {"x": 910, "y": 850}, "inputs": {"left": true, "right": true, "up": false, "down": true}}
2025-09-23 20:12:33,765 - game_server - INFO - log_game_event:61 - Игровое событие: обновление_позиции - {"client_id": 0, "position": {"x": 915, "y": 855}, "inputs": {"left": false, "right": true, "up": false, "down": true}}
2025-09-23 20:12:33,800 - game_server - INFO - log_game_event:61 - Игровое событие: обновление_позиции - {"client_id": 0, "position": {"x": 920, "y": 860}, "inputs": {"left": false, "right": true, "up": false, "down": true}}
2025-09-23 20:12:33,833 - game_server - INFO - log_game_event:61 - Игровое событие: обновление_позиции - {"client_id": 0, "position": {"x": 925, "y": 865}, "inputs": {"left": false, "right": true, "up": false, "down": true}}
2025-09-23 20:12:33,867 - game_server - INFO - log_game_event:61 - Игровое событие: обновление_позиции - {"client_id": 0, "position": {"x": 930, "y": 870}, "inputs": {"left": false, "right": true, "up": false, "down": true}}
2025-09-23 20:12:33,901 - game_server - INFO - log_game_event:61 - Игровое событие: обновление_позиции - {"client_id": 0, "position": {"x": 935, "y": 875}, "inputs": {"left": false, "right": true, "up": false, "down": true}}
2025-09-23 20:12:33,935 - game_server - INFO - log_game_event:61 - Игровое событие: обновление_позиции - {"client_id": 0, "position": {"x": 940, "y": 880}, "inputs": {"left": false, "right": true, "up": false, "down": true}}
2025-09-23 20:12:33,970 - game_server - INFO - log_game_event:61 - Игровое событие: обновление_позиции - {"client_id": 0, "position": {"x": 945, "y": 885}, "inputs": {"left": false, "right": true, "up": false, "down": true}}
2025-09-23 20:12:34,005 - game_server - INFO - log_game_event:61 - Игровое событие: обновление_позиции - {"client_id": 0, "position": {"x": 950, "y": 890}, "inputs": {"left": false, "right": true, "up": false, "down": true}}
2025-09-23 20:12:34,039 - game_server - INFO - log_game_event:61 - Игровое событие: обновление_позиции - {"client_id": 0, "position": {"x": 955, "y": 895}, "inputs": {"left": false, "right": true, "up": false, "down": true}}
2025-09-23 20:12:34,074 - game_server - INFO - log_game_event:61 - Игровое событие: обновление_позиции - {"client_id": 0, "position": {"x": 960, "y": 900}, "inputs": {"left": false, "right": true, "up": false, "down": true}}
2025-09-23 20:12:34,107 - game_server - INFO - log_game_event:61 - Игровое событие: обновление_позиции - {"client_id": 0, "position": {"x": 965, "y": 905}, "inputs": {"left": false, "right": true, "up": false, "down": true}}
2025-09-23 20:12:34,144 - game_server - INFO - log_game_event:61 - Игровое событие: обновление_позиции - {"client_id": 0, "position": {"x": 970, "y": 910}, "inputs": {"left": false, "right": true, "up": false, "down": true}}
2025-09-23 20:12:34,180 - game_server - INFO - log_game_event:61 - Игровое событие: обновление_позиции - {"client_id": 0, "position": {"x": 975, "y": 915}, "inputs": {"left": false, "right": true, "up": false, "down": true}}
2025-09-23 20:12:34,216 - game_server - INFO - log_game_event:61 - Игровое событие: обновление_позиции - {"client_id": 0, "position": {"x": 980, "y": 920}, "inputs": {"left": false, "right": true, "up": false, "down": true}}
2025-09-23 20:12:34,250 - game_server - INFO - log_game_event:61 - Игровое событие: обновление_позиции - {"client_id": 0, "position": {"x": 985, "y": 925}, "inputs": {"left": false, "right": true, "up": false, "down": true}}
2025-09-23 20:12:34,286 - game_server - INFO - log_game_event:61 - Игровое событие: обновление_позиции - {"client_id": 0, "position": {"x": 990, "y": 925}, "inputs": {"left": false, "right": true, "up": false, "down": false}}
2025-09-23 20:12:34,318 - game_server - INFO - log_game_event:61 - Игровое событие: обновление_позиции - {"client_id": 0, "position": {"x": 995, "y": 925}, "inputs": {"left": false, "right": true, "up": false, "down": false}}
2025-09-23 20:12:34,352 - game_server - INFO - log_game_event:61 - Игровое событие: обновление_позиции - {"client_id": 0, "position": {"x": 1000, "y": 925}, "inputs": {"left": false, "right": true, "up": false, "down": false}}
2025-09-23 20:12:34,385 - game_server - INFO - log_game_event:61 - Игровое событие: обновление_позиции - {"client_id": 0, "position": {"x": 1005, "y": 925}, "inputs": {"left": false, "right": true, "up": false, "down": false}}
2025-09-23 20:12:34,420 - game_server - INFO - log_game_event:61 - Игровое событие: обновление_позиции - {"client_id": 0, "position": {"x": 1010, "y": 925}, "inputs": {"left": false, "right": true, "up": false, "down": false}}
2025-09-23 20:12:34,455 - game_server - INFO - log_game_event:61 - Игровое событие: обновление_позиции - {"client_id": 0, "position": {"x": 1015, "y": 925}, "inputs": {"left": false, "right": true, "up": false, "down": false}}
2025-09-23 20:12:34,490 - game_server - INFO - log_game_event:61 - Игровое событие: обновление_позиции - {"client_id": 0, "position": {"x": 1020, "y": 925}, "inputs": {"left": false, "right": true, "up": false, "down": false}}
2025-09-23 20:12:34,524 - game_server - INFO - log_game_event:61 - Игровое событие: обновление_позиции - {"client_id": 0, "position": {"x": 1025, "y": 925}, "inputs": {"left": false, "right": true, "up": false, "down": false}}
2025-09-23 20:12:34,560 - game_server - INFO - log_game_event:61 - Игровое событие: обновление_позиции - {"client_id": 0, "position": {"x": 1030, "y": 925}, "inputs": {"left": false, "right": true, "up": false, "down": false}}
2025-09-23 20:12:34,596 - game_server - INFO - log_game_event:61 - Игровое событие: обновление_позиции - {"client_id": 0, "position": {"x": 1035, "y": 925}, "inputs": {"left": false, "right": true, "up": false, "down": false}}
2025-09-23 20:12:34,631 - game_server - INFO - log_game_event:61 - Игровое событие: обновление_позиции - {"client_id": 0, "position": {"x": 1040, "y": 925}, "inputs": {"left": false, "right": true, "up": false, "down": false}}
2025-09-23 20:12:34,663 - game_server - INFO - log_game_event:61 - Игровое событие: обновление_позиции - {"client_id": 0, "position": {"x": 1045, "y": 925}, "inputs": {"left": false, "right": true, "up": false, "down": false}}
2025-09-23 20:12:34,694 - game_server - INFO - log_game_event:61 - Игровое событие: обновление_позиции - {"client_id": 0, "position": {"x": 1050, "y": 925}, "inputs": {"left": false, "right": true, "up": false, "down": false}}
2025-09-23 20:12:34,725 - game_server - INFO - log_game_event:61 - Игровое событие: обновление_позиции - {"client_id": 0, "position": {"x": 1055, "y": 925}, "inputs": {"left": false, "right": true, "up": false, "down": false}}
2025-09-23 20:12:34,760 - game_server - INFO - log_game_event:61 - Игровое событие: обновление_позиции - {"client_id": 0, "position": {"x": 1060, "y": 920}, "inputs": {"left": false, "right": true, "up": true, "down": false}}
2025-09-23 20:12:34,789 - game_server - INFO - log_game_event:61 - Игровое событие: обновление_позиции - {"client_id": 0, "position": {"x": 1065, "y": 915}, "inputs": {"left": false, "right": true, "up": true, "down": false}}
2025-09-23 20:12:34,821 - game_server - INFO - log_game_event:61 - Игровое событие: обновление_позиции - {"client_id": 0, "position": {"x": 1070, "y": 910}, "inputs": {"left": false, "right": true, "up": true, "down": false}}
2025-09-23 20:12:34,846 - game_server - INFO - log_game_event:61 - Игровое событие: обновление_позиции - {"client_id": 0, "position": {"x": 1075, "y": 905}, "inputs": {"left": false, "right": true, "up": true, "down": false}}
2025-09-23 20:12:34,879 - game_server - INFO - log_game_event:61 - Игровое событие: обновление_позиции - {"client_id": 0, "position": {"x": 1080, "y": 900}, "inputs": {"left": false, "right": true, "up": true, "down": false}}
2025-09-23 20:12:34,910 - game_server - INFO - log_game_event:61 - Игровое событие: обновление_позиции - {"client_id": 0, "position": {"x": 1085, "y": 895}, "inputs": {"left": false, "right": true, "up": true, "down": false}}
2025-09-23 20:12:34,942 - game_server - INFO - log_game_event:61 - Игровое событие: обновление_позиции - {"client_id": 0, "position": {"x": 1090, "y": 890}, "inputs": {"left": false, "right": true, "up": true, "down": false}}
2025-09-23 20:12:34,976 - game_server - INFO - log_game_event:61 - Игровое событие: обновление_позиции - {"client_id": 0, "position": {"x": 1090, "y": 885}, "inputs": {"left": false, "right": false, "up": true, "down": false}}
2025-09-23 20:12:35,010 - game_server - INFO - log_game_event:61 - Игровое событие: обновление_позиции - {"client_id": 0, "position": {"x": 1090, "y": 880}, "inputs": {"left": false, "right": false, "up": true, "down": false}}
2025-09-23 20:12:35,043 - game_server - INFO - log_game_event:61 - Игровое событие: обновление_позиции - {"client_id": 0, "position": {"x": 1090, "y": 875}, "inputs": {"left": false, "right": false, "up": true, "down": false}}
2025-09-23 20:12:35,070 - game_server - INFO - log_game_event:61 - Игровое событие: обновление_позиции - {"client_id": 0, "position": {"x": 1090, "y": 870}, "inputs": {"left": false, "right": false, "up": true, "down": false}}
2025-09-23 20:12:35,102 - game_server - INFO - log_game_event:61 - Игровое событие: обновление_позиции - {"client_id": 0, "position": {"x": 1090, "y": 865}, "inputs": {"left": false, "right": false, "up": true, "down": false}}
2025-09-23 20:12:35,134 - game_server - INFO - log_game_event:61 - Игровое событие: обновление_позиции - {"client_id": 0, "position": {"x": 1090, "y": 860}, "inputs": {"left": false, "right": false, "up": true, "down": false}}
2025-09-23 20:12:35,169 - game_server - INFO - log_game_event:61 - Игровое событие: обновление_позиции - {"client_id": 0, "position": {"x": 1090, "y": 855}, "inputs": {"left": false, "right": false, "up": true, "down": false}}
2025-09-23 20:12:35,203 - game_server - INFO - log_game_event:61 - Игровое событие: обновление_позиции - {"client_id": 0, "position": {"x": 1085, "y": 850}, "inputs": {"left": true, "right": false, "up": true, "down": false}}
2025-09-23 20:12:35,237 - game_server - INFO - log_game_event:61 - Игровое событие: обновление_позиции - {"client_id": 0, "position": {"x": 1080, "y": 845}, "inputs": {"left": true, "right": false, "up": true, "down": false}}
2025-09-23 20:12:35,272 - game_server - INFO - log_game_event:61 - Игровое событие: обновление_позиции - {"client_id": 0, "position": {"x": 1075, "y": 840}, "inputs": {"left": true, "right": false, "up": true, "down": false}}
2025-09-23 20:12:35,307 - game_server - INFO - log_game_event:61 - Игровое событие: обновление_позиции - {"client_id": 0, "position": {"x": 1070, "y": 835}, "inputs": {"left": true, "right": false, "up": true, "down": false}}
2025-09-23 20:12:35,344 - game_server - INFO - log_game_event:61 - Игровое событие: обновление_позиции - {"client_id": 0, "position": {"x": 1065, "y": 830}, "inputs": {"left": true, "right": false, "up": true, "down": false}}
2025-09-23 20:12:35,378 - game_server - INFO - log_game_event:61 - Игровое событие: обновление_позиции - {"client_id": 0, "position": {"x": 1060, "y": 825}, "inputs": {"left": true, "right": false, "up": true, "down": false}}
2025-09-23 20:12:35,412 - game_server - INFO - log_game_event:61 - Игровое событие: обновление_позиции - {"client_id": 0, "position": {"x": 1055, "y": 820}, "inputs": {"left": true, "right": false, "up": true, "down": false}}
2025-09-23 20:12:35,447 - game_server - INFO - log_game_event:61 - Игровое событие: обновление_позиции - {"client_id": 0, "position": {"x": 1050, "y": 815}, "inputs": {"left": true, "right": false, "up": true, "down": false}}
2025-09-23 20:12:35,483 - game_server - INFO - log_game_event:61 - Игровое событие: обновление_позиции - {"client_id": 0, "position": {"x": 1045, "y": 810}, "inputs": {"left": true, "right": false, "up": true, "down": false}}
2025-09-23 20:12:35,515 - game_server - INFO - log_game_event:61 - Игровое событие: обновление_позиции - {"client_id": 0, "position": {"x": 1040, "y": 805}, "inputs": {"left": true, "right": false, "up": true, "down": false}}
2025-09-23 20:12:35,550 - game_server - INFO - log_game_event:61 - Игровое событие: обновление_позиции - {"client_id": 0, "position": {"x": 1035, "y": 800}, "inputs": {"left": true, "right": false, "up": true, "down": false}}
2025-09-23 20:12:35,582 - game_server - INFO - log_game_event:61 - Игровое событие: обновление_позиции - {"client_id": 0, "position": {"x": 1030, "y": 795}, "inputs": {"left": true, "right": false, "up": true, "down": false}}
2025-09-23 20:12:35,615 - game_server - INFO - log_game_event:61 - Игровое событие: обновление_позиции - {"client_id": 0, "position": {"x": 1025, "y": 790}, "inputs": {"left": true, "right": false, "up": true, "down": false}}
2025-09-23 20:12:35,647 - game_server - INFO - log_game_event:61 - Игровое событие: обновление_позиции - {"client_id": 0, "position": {"x": 1020, "y": 785}, "inputs": {"left": true, "right": false, "up": true, "down": false}}
2025-09-23 20:12:35,682 - game_server - INFO - log_game_event:61 - Игровое событие: обновление_позиции - {"client_id": 0, "position": {"x": 1015, "y": 780}, "inputs": {"left": true, "right": false, "up": true, "down": false}}
2025-09-23 20:12:35,718 - game_server - INFO - log_game_event:61 - Игровое событие: обновление_позиции - {"client_id": 0, "position": {"x": 1010, "y": 775}, "inputs": {"left": true, "right": false, "up": true, "down": false}}
2025-09-23 20:12:35,751 - game_server - INFO - log_game_event:61 - Игровое событие: обновление_позиции - {"client_id": 0, "position": {"x": 1005, "y": 770}, "inputs": {"left": true, "right": false, "up": true, "down": false}}
2025-09-23 20:12:35,785 - game_server - INFO - log_game_event:61 - Игровое событие: обновление_позиции - {"client_id": 0, "position": {"x": 1000, "y": 765}, "inputs": {"left": true, "right": false, "up": true, "down": false}}
2025-09-23 20:12:35,817 - game_server - INFO - log_game_event:61 - Игровое событие: обновление_позиции - {"client_id": 0, "position": {"x": 995, "y": 765}, "inputs": {"left": true, "right": false, "up": false, "down": false}}
2025-09-23 20:12:35,847 - game_server - INFO - log_game_event:61 - Игровое событие: обновление_позиции - {"client_id": 0, "position": {"x": 990, "y": 765}, "inputs": {"left": true, "right": false, "up": false, "down": false}}
2025-09-23 20:12:35,879 - game_server - INFO - log_game_event:61 - Игровое событие: обновление_позиции - {"client_id": 0, "position": {"x": 985, "y": 765}, "inputs": {"left": true, "right": false, "up": false, "down": false}}
2025-09-23 20:12:35,914 - game_server - INFO - log_game_event:61 - Игровое событие: обновление_позиции - {"client_id": 0, "position": {"x": 980, "y": 765}, "inputs": {"left": true, "right": false, "up": false, "down": false}}
2025-09-23 20:12:35,950 - game_server - INFO - log_game_event:61 - Игровое событие: обновление_позиции - {"client_id": 0, "position": {"x": 975, "y": 765}, "inputs": {"left": true, "right": false, "up": false, "down": false}}
2025-09-23 20:12:35,982 - game_server - INFO - log_game_event:61 - Игровое событие: обновление_позиции - {"client_id": 0, "position": {"x": 970, "y": 765}, "inputs": {"left": true, "right": false, "up": false, "down": false}}
2025-09-23 20:12:36,016 - game_server - INFO - log_game_event:61 - Игровое событие: обновление_позиции - {"client_id": 0, "position": {"x": 965, "y": 765}, "inputs": {"left": true, "right": false, "up": false, "down": false}}
2025-09-23 20:12:36,049 - game_server - INFO - log_game_event:61 - Игровое событие: обновление_позиции - {"client_id": 0, "position": {"x": 960, "y": 765}, "inputs": {"left": true, "right": false, "up": false, "down": false}}
2025-09-23 20:12:36,081 - game_server - INFO - log_game_event:61 - Игровое событие: обновление_позиции - {"client_id": 0, "position": {"x": 955, "y": 765}, "inputs": {"left": true, "right": false, "up": false, "down": false}}
2025-09-23 20:12:36,114 - game_server - INFO - log_game_event:61 - Игровое событие: обновление_позиции - {"client_id": 0, "position": {"x": 950, "y": 765}, "inputs": {"left": true, "right": false, "up": false, "down": false}}
2025-09-23 20:12:36,150 - game_server - INFO - log_game_event:61 - Игровое событие: обновление_позиции - {"client_id": 0, "position": {"x": 945, "y": 765}, "inputs": {"left": true, "right": false, "up": false, "down": false}}
2025-09-23 20:12:36,184 - game_server - INFO - log_game_event:61 - Игровое событие: обновление_позиции - {"client_id": 0, "position": {"x": 940, "y": 765}, "inputs": {"left": true, "right": false, "up": false, "down": false}}
2025-09-23 20:12:36,218 - game_server - INFO - log_game_event:61 - Игровое событие: обновление_позиции - {"client_id": 0, "position": {"x": 935, "y": 765}, "inputs": {"left": true, "right": false, "up": false, "down": false}}
2025-09-23 20:12:36,251 - game_server - INFO - log_game_event:61 - Игровое событие: обновление_позиции - {"client_id": 0, "position": {"x": 930, "y": 765}, "inputs": {"left": true, "right": false, "up": false, "down": false}}
2025-09-23 20:12:36,285 - game_server - INFO - log_game_event:61 - Игровое событие: обновление_позиции - {"client_id": 0, "position": {"x": 925, "y": 765}, "inputs": {"left": true, "right": false, "up": false, "down": false}}
2025-09-23 20:12:36,319 - game_server - INFO - log_game_event:61 - Игровое событие: обновление_позиции - {"client_id": 0, "position": {"x": 920, "y": 765}, "inputs": {"left": true, "right": false, "up": false, "down": false}}
2025-09-23 20:12:36,351 - game_server - INFO - log_game_event:61 - Игровое событие: обновление_позиции - {"client_id": 0, "position": {"x": 915, "y": 765}, "inputs": {"left": true, "right": false, "up": false, "down": false}}
2025-09-23 20:12:36,384 - game_server - INFO - log_game_event:61 - Игровое событие: обновление_позиции - {"client_id": 0, "position": {"x": 910, "y": 765}, "inputs": {"left": true, "right": false, "up": false, "down": false}}
2025-09-23 20:12:36,417 - game_server - INFO - log_game_event:61 - Игровое событие: обновление_позиции - {"client_id": 0, "position": {"x": 905, "y": 765}, "inputs": {"left": true, "right": false, "up": false, "down": false}}
2025-09-23 20:12:36,450 - game_server - INFO - log_game_event:61 - Игровое событие: обновление_позиции - {"client_id": 0, "position": {"x": 900, "y": 765}, "inputs": {"left": true, "right": false, "up": false, "down": false}}
2025-09-23 20:12:36,486 - game_server - INFO - log_game_event:61 - Игровое событие: обновление_позиции - {"client_id": 0, "position": {"x": 895, "y": 765}, "inputs": {"left": true, "right": false, "up": false, "down": false}}
2025-09-23 20:12:36,520 - game_server - INFO - log_game_event:61 - Игровое событие: обновление_позиции - {"client_id": 0, "position": {"x": 890, "y": 765}, "inputs": {"left": true, "right": false, "up": false, "down": false}}
2025-09-23 20:12:36,554 - game_server - INFO - log_game_event:61 - Игровое событие: обновление_позиции - {"client_id": 0, "position": {"x": 885, "y": 765}, "inputs": {"left": true, "right": false, "up": false, "down": false}}
2025-09-23 20:12:36,586 - game_server - INFO - log_game_event:61 - Игровое событие: обновление_позиции - {"client_id": 0, "position": {"x": 880, "y": 765}, "inputs": {"left": true, "right": false, "up": false, "down": false}}
2025-09-23 20:12:36,616 - game_server - INFO - log_game_event:61 - Игровое событие: обновление_позиции - {"client_id": 0, "position": {"x": 875, "y": 765}, "inputs": {"left": true, "right": false, "up": false, "down": false}}
2025-09-23 20:12:36,652 - game_server - INFO - log_game_event:61 - Игровое событие: обновление_позиции - {"client_id": 0, "position": {"x": 870, "y": 765}, "inputs": {"left": true, "right": false, "up": false, "down": false}}
2025-09-23 20:12:36,685 - game_server - INFO - log_game_event:61 - Игровое событие: обновление_позиции - {"client_id": 0, "position": {"x": 865, "y": 765}, "inputs": {"left": true, "right": false, "up": false, "down": false}}
2025-09-23 20:12:36,719 - game_server - INFO - log_game_event:61 - Игровое событие: обновление_позиции - {"client_id": 0, "position": {"x": 860, "y": 765}, "inputs": {"left": true, "right": false, "up": false, "down": false}}
2025-09-23 20:12:36,751 - game_server - INFO - log_game_event:61 - Игровое событие: обновление_позиции - {"client_id": 0, "position": {"x": 855, "y": 765}, "inputs": {"left": true, "right": false, "up": false, "down": false}}
2025-09-23 20:12:36,784 - game_server - INFO - log_game_event:61 - Игровое событие: обновление_позиции - {"client_id": 0, "position": {"x": 850, "y": 765}, "inputs": {"left": true, "right": false, "up": false, "down": false}}
2025-09-23 20:12:36,819 - game_server - INFO - log_game_event:61 - Игровое событие: обновление_позиции - {"client_id": 0, "position": {"x": 845, "y": 765}, "inputs": {"left": true, "right": false, "up": false, "down": false}}
2025-09-23 20:12:36,853 - game_server - INFO - log_game_event:61 - Игровое событие: обновление_позиции - {"client_id": 0, "position": {"x": 840, "y": 765}, "inputs": {"left": true, "right": false, "up": false, "down": false}}
2025-09-23 20:12:36,885 - game_server - INFO - log_game_event:61 - Игровое событие: обновление_позиции - {"client_id": 0, "position": {"x": 835, "y": 765}, "inputs": {"left": true, "right": false, "up": false, "down": false}}
2025-09-23 20:12:36,918 - game_server - INFO - log_game_event:61 - Игровое событие: обновление_позиции - {"client_id": 0, "position": {"x": 830, "y": 765}, "inputs": {"left": true, "right": false, "up": false, "down": false}}
2025-09-23 20:12:36,953 - game_server - INFO - log_game_event:61 - Игровое событие: обновление_позиции - {"client_id": 0, "position": {"x": 825, "y": 765}, "inputs": {"left": true, "right": false, "up": false, "down": false}}
2025-09-23 20:12:36,987 - game_server - INFO - log_game_event:61 - Игровое событие: обновление_позиции - {"client_id": 0, "position": {"x": 820, "y": 765}, "inputs": {"left": true, "right": false, "up": false, "down": false}}
2025-09-23 20:12:37,022 - game_server - INFO - log_game_event:61 - Игровое событие: обновление_позиции - {"client_id": 0, "position": {"x": 815, "y": 765}, "inputs": {"left": true, "right": false, "up": false, "down": false}}
2025-09-23 20:12:37,057 - game_server - INFO - log_game_event:61 - Игровое событие: обновление_позиции - {"client_id": 0, "position": {"x": 810, "y": 765}, "inputs": {"left": true, "right": false, "up": false, "down": false}}
2025-09-23 20:12:37,093 - game_server - INFO - log_game_event:61 - Игровое событие: обновление_позиции - {"client_id": 0, "position": {"x": 805, "y": 765}, "inputs": {"left": true, "right": false, "up": false, "down": false}}
2025-09-23 20:12:37,127 - game_server - INFO - log_game_event:61 - Игровое событие: обновление_позиции - {"client_id": 0, "position": {"x": 800, "y": 765}, "inputs": {"left": true, "right": false, "up": false, "down": false}}
2025-09-23 20:12:37,163 - game_server - INFO - log_game_event:61 - Игровое событие: обновление_позиции - {"client_id": 0, "position": {"x": 795, "y": 765}, "inputs": {"left": true, "right": false, "up": false, "down": false}}
2025-09-23 20:12:37,198 - game_server - INFO - log_game_event:61 - Игровое событие: обновление_позиции - {"client_id": 0, "position": {"x": 790, "y": 765}, "inputs": {"left": true, "right": false, "up": false, "down": false}}
2025-09-23 20:12:37,233 - game_server - INFO - log_game_event:61 - Игровое событие: обновление_позиции - {"client_id": 0, "position": {"x": 785, "y": 765}, "inputs": {"left": true, "right": false, "up": false, "down": false}}
2025-09-23 20:12:37,266 - game_server - INFO - log_game_event:61 - Игровое событие: обновление_позиции - {"client_id": 0, "position": {"x": 780, "y": 765}, "inputs": {"left": true, "right": false, "up": false, "down": false}}
2025-09-23 20:12:37,301 - game_server - INFO - log_game_event:61 - Игровое событие: обновление_позиции - {"client_id": 0, "position": {"x": 775, "y": 765}, "inputs": {"left": true, "right": false, "up": false, "down": false}}
2025-09-23 20:12:37,334 - game_server - INFO - log_game_event:61 - Игровое событие: обновление_позиции - {"client_id": 0, "position": {"x": 770, "y": 765}, "inputs": {"left": true, "right": false, "up": false, "down": false}}
2025-09-23 20:12:37,370 - game_server - INFO - log_game_event:61 - Игровое событие: обновление_позиции - {"client_id": 0, "position": {"x": 765, "y": 765}, "inputs": {"left": true, "right": false, "up": false, "down": false}}
2025-09-23 20:12:37,404 - game_server - INFO - log_game_event:61 - Игровое событие: обновление_позиции - {"client_id": 0, "position": {"x": 760, "y": 765}, "inputs": {"left": true, "right": false, "up": false, "down": false}}
2025-09-23 20:12:37,437 - game_server - INFO - log_game_event:61 - Игровое событие: обновление_позиции - {"client_id": 0, "position": {"x": 755, "y": 765}, "inputs": {"left": true, "right": false, "up": false, "down": false}}
2025-09-23 20:12:37,471 - game_server - INFO - log_game_event:61 - Игровое событие: обновление_позиции - {"client_id": 0, "position": {"x": 750, "y": 765}, "inputs": {"left": true, "right": false, "up": false, "down": false}}
2025-09-23 20:12:37,505 - game_server - INFO - log_game_event:61 - Игровое событие: обновление_позиции - {"client_id": 0, "position": {"x": 745, "y": 765}, "inputs": {"left": true, "right": false, "up": false, "down": false}}
2025-09-23 20:12:37,542 - game_server - INFO - log_game_event:61 - Игровое событие: обновление_позиции - {"client_id": 0, "position": {"x": 740, "y": 765}, "inputs": {"left": true, "right": false, "up": false, "down": false}}
2025-09-23 20:12:37,579 - game_server - INFO - log_game_event:61 - Игровое событие: обновление_позиции - {"client_id": 0, "position": {"x": 735, "y": 765}, "inputs": {"left": true, "right": false, "up": false, "down": false}}
2025-09-23 20:12:37,614 - game_server - INFO - log_game_event:61 - Игровое событие: обновление_позиции - {"client_id": 0, "position": {"x": 730, "y": 765}, "inputs": {"left": true, "right": false, "up": false, "down": false}}
2025-09-23 20:12:37,650 - game_server - INFO - log_game_event:61 - Игровое событие: обновление_позиции - {"client_id": 0, "position": {"x": 725, "y": 765}, "inputs": {"left": true, "right": false, "up": false, "down": false}}
2025-09-23 20:12:37,685 - game_server - INFO - log_game_event:61 - Игровое событие: обновление_позиции - {"client_id": 0, "position": {"x": 720, "y": 765}, "inputs": {"left": true, "right": false, "up": false, "down": false}}
2025-09-23 20:12:37,720 - game_server - INFO - log_game_event:61 - Игровое событие: обновление_позиции - {"client_id": 0, "position": {"x": 715, "y": 765}, "inputs": {"left": true, "right": false, "up": false, "down": false}}
2025-09-23 20:12:37,755 - game_server - INFO - log_game_event:61 - Игровое событие: обновление_позиции - {"client_id": 0, "position": {"x": 710, "y": 765}, "inputs": {"left": true, "right": false, "up": false, "down": false}}
2025-09-23 20:12:37,794 - game_server - INFO - log_game_event:61 - Игровое событие: обновление_позиции - {"client_id": 0, "position": {"x": 705, "y": 765}, "inputs": {"left": true, "right": false, "up": false, "down": false}}
2025-09-23 20:12:37,829 - game_server - INFO - log_game_event:61 - Игровое событие: обновление_позиции - {"client_id": 0, "position": {"x": 700, "y": 765}, "inputs": {"left": true, "right": false, "up": false, "down": false}}
2025-09-23 20:12:37,864 - game_server - INFO - log_game_event:61 - Игровое событие: обновление_позиции - {"client_id": 0, "position": {"x": 695, "y": 765}, "inputs": {"left": true, "right": false, "up": false, "down": false}}
2025-09-23 20:12:37,897 - game_server - INFO - log_game_event:61 - Игровое событие: обновление_позиции - {"client_id": 0, "position": {"x": 690, "y": 765}, "inputs": {"left": true, "right": false, "up": false, "down": false}}
2025-09-23 20:12:37,933 - game_server - INFO - log_game_event:61 - Игровое событие: обновление_позиции - {"client_id": 0, "position": {"x": 685, "y": 765}, "inputs": {"left": true, "right": false, "up": false, "down": false}}
2025-09-23 20:12:37,967 - game_server - INFO - log_game_event:61 - Игровое событие: обновление_позиции - {"client_id": 0, "position": {"x": 680, "y": 765}, "inputs": {"left": true, "right": false, "up": false, "down": false}}
2025-09-23 20:12:37,999 - game_server - INFO - log_game_event:61 - Игровое событие: обновление_позиции - {"client_id": 0, "position": {"x": 675, "y": 765}, "inputs": {"left": true, "right": false, "up": false, "down": false}}
2025-09-23 20:12:38,032 - game_server - INFO - log_game_event:61 - Игровое событие: обновление_позиции - {"client_id": 0, "position": {"x": 670, "y": 765}, "inputs": {"left": true, "right": false, "up": false, "down": false}}
2025-09-23 20:12:38,065 - game_server - INFO - log_game_event:61 - Игровое событие: обновление_позиции - {"client_id": 0, "position": {"x": 665, "y": 765}, "inputs": {"left": true, "right": false, "up": false, "down": false}}
2025-09-23 20:12:38,101 - game_server - INFO - log_game_event:61 - Игровое событие: обновление_позиции - {"client_id": 0, "position": {"x": 660, "y": 765}, "inputs": {"left": true, "right": false, "up": false, "down": false}}
2025-09-23 20:12:38,136 - game_server - INFO - log_game_event:61 - Игровое событие: обновление_позиции - {"client_id": 0, "position": {"x": 655, "y": 765}, "inputs": {"left": true, "right": false, "up": false, "down": false}}
2025-09-23 20:12:38,171 - game_server - INFO - log_game_event:61 - Игровое событие: обновление_позиции - {"client_id": 0, "position": {"x": 650, "y": 765}, "inputs": {"left": true, "right": false, "up": false, "down": false}}
2025-09-23 20:12:38,206 - game_server - INFO - log_game_event:61 - Игровое событие: обновление_позиции - {"client_id": 0, "position": {"x": 645, "y": 765}, "inputs": {"left": true, "right": false, "up": false, "down": false}}
2025-09-23 20:12:38,241 - game_server - INFO - log_game_event:61 - Игровое событие: обновление_позиции - {"client_id": 0, "position": {"x": 640, "y": 765}, "inputs": {"left": true, "right": false, "up": false, "down": false}}
2025-09-23 20:12:38,275 - game_server - INFO - log_game_event:61 - Игровое событие: обновление_позиции - {"client_id": 0, "position": {"x": 635, "y": 765}, "inputs": {"left": true, "right": false, "up": false, "down": false}}
2025-09-23 20:12:38,311 - game_server - INFO - log_game_event:61 - Игровое событие: обновление_позиции - {"client_id": 0, "position": {"x": 630, "y": 765}, "inputs": {"left": true, "right": false, "up": false, "down": false}}
2025-09-23 20:12:38,345 - game_server - INFO - log_game_event:61 - Игровое событие: обновление_позиции - {"client_id": 0, "position": {"x": 625, "y": 765}, "inputs": {"left": true, "right": false, "up": false, "down": false}}
2025-09-23 20:12:38,380 - game_server - INFO - log_game_event:61 - Игровое событие: обновление_позиции - {"client_id": 0, "position": {"x": 620, "y": 765}, "inputs": {"left": true, "right": false, "up": false, "down": false}}
2025-09-23 20:12:38,415 - game_server - INFO - log_game_event:61 - Игровое событие: обновление_позиции - {"client_id": 0, "position": {"x": 615, "y": 765}, "inputs": {"left": true, "right": false, "up": false, "down": false}}
2025-09-23 20:12:38,450 - game_server - INFO - log_game_event:61 - Игровое событие: обновление_позиции - {"client_id": 0, "position": {"x": 610, "y": 765}, "inputs": {"left": true, "right": false, "up": false, "down": false}}
2025-09-23 20:12:38,485 - game_server - INFO - log_game_event:61 - Игровое событие: обновление_позиции - {"client_id": 0, "position": {"x": 605, "y": 765}, "inputs": {"left": true, "right": false, "up": false, "down": false}}
2025-09-23 20:12:38,519 - game_server - INFO - log_game_event:61 - Игровое событие: обновление_позиции - {"client_id": 0, "position": {"x": 600, "y": 765}, "inputs": {"left": true, "right": false, "up": false, "down": false}}
2025-09-23 20:12:38,552 - game_server - INFO - log_game_event:61 - Игровое событие: обновление_позиции - {"client_id": 0, "position": {"x": 595, "y": 765}, "inputs": {"left": true, "right": false, "up": false, "down": false}}
2025-09-23 20:12:38,585 - game_server - INFO - log_game_event:61 - Игровое событие: обновление_позиции - {"client_id": 0, "position": {"x": 590, "y": 765}, "inputs": {"left": true, "right": false, "up": false, "down": false}}
2025-09-23 20:12:38,623 - game_server - INFO - log_game_event:61 - Игровое событие: обновление_позиции - {"client_id": 0, "position": {"x": 585, "y": 765}, "inputs": {"left": true, "right": false, "up": false, "down": false}}
2025-09-23 20:12:38,657 - game_server - INFO - log_game_event:61 - Игровое событие: обновление_позиции - {"client_id": 0, "position": {"x": 580, "y": 765}, "inputs": {"left": true, "right": false, "up": false, "down": false}}
2025-09-23 20:12:38,691 - game_server - INFO - log_game_event:61 - Игровое событие: обновление_позиции - {"client_id": 0, "position": {"x": 575, "y": 765}, "inputs": {"left": true, "right": false, "up": false, "down": false}}
2025-09-23 20:12:38,725 - game_server - INFO - log_game_event:61 - Игровое событие: обновление_позиции - {"client_id": 0, "position": {"x": 570, "y": 765}, "inputs": {"left": true, "right": false, "up": false, "down": false}}
2025-09-23 20:12:38,760 - game_server - INFO - log_game_event:61 - Игровое событие: обновление_позиции - {"client_id": 0, "position": {"x": 565, "y": 765}, "inputs": {"left": true, "right": false, "up": false, "down": false}}
2025-09-23 20:12:38,796 - game_server - INFO - log_game_event:61 - Игровое событие: обновление_позиции - {"client_id": 0, "position": {"x": 560, "y": 765}, "inputs": {"left": true, "right": false, "up": false, "down": false}}
2025-09-23 20:12:38,832 - game_server - INFO - log_game_event:61 - Игровое событие: обновление_позиции - {"client_id": 0, "position": {"x": 555, "y": 765}, "inputs": {"left": true, "right": false, "up": false, "down": false}}
2025-09-23 20:12:38,867 - game_server - INFO - log_game_event:61 - Игровое событие: обновление_позиции - {"client_id": 0, "position": {"x": 550, "y": 765}, "inputs": {"left": true, "right": false, "up": false, "down": false}}
2025-09-23 20:12:38,900 - game_server - INFO - log_game_event:61 - Игровое событие: обновление_позиции - {"client_id": 0, "position": {"x": 550, "y": 765}, "inputs": {"left": false, "right": false, "up": false, "down": false}}
2025-09-23 20:12:38,935 - game_server - INFO - log_game_event:61 - Игровое событие: обновление_позиции - {"client_id": 0, "position": {"x": 550, "y": 765}, "inputs": {"left": false, "right": false, "up": false, "down": false}}
2025-09-23 20:12:38,968 - game_server - INFO - log_game_event:61 - Игровое событие: обновление_позиции - {"client_id": 0, "position": {"x": 550, "y": 765}, "inputs": {"left": false, "right": false, "up": false, "down": false}}
2025-09-23 20:12:39,000 - game_server - INFO - log_game_event:61 - Игровое событие: обновление_позиции - {"client_id": 0, "position": {"x": 550, "y": 765}, "inputs": {"left": false, "right": false, "up": false, "down": false}}
2025-09-23 20:12:39,033 - game_server - INFO - log_game_event:61 - Игровое событие: обновление_позиции - {"client_id": 0, "position": {"x": 550, "y": 765}, "inputs": {"left": false, "right": false, "up": false, "down": false}}
2025-09-23 20:12:39,068 - game_server - INFO - log_game_event:61 - Игровое событие: обновление_позиции - {"client_id": 0, "position": {"x": 550, "y": 765}, "inputs": {"left": false, "right": false, "up": false, "down": false}}
2025-09-23 20:12:39,101 - game_server - INFO - log_game_event:61 - Игровое событие: обновление_позиции - {"client_id": 0, "position": {"x": 550, "y": 765}, "inputs": {"left": false, "right": false, "up": false, "down": false}}
2025-09-23 20:12:39,134 - game_server - INFO - log_game_event:61 - Игровое событие: обновление_позиции - {"client_id": 0, "position": {"x": 550, "y": 765}, "inputs": {"left": false, "right": false, "up": false, "down": false}}
2025-09-23 20:12:39,167 - game_server - INFO - log_game_event:61 - Игровое событие: обновление_позиции - {"client_id": 0, "position": {"x": 550, "y": 765}, "inputs": {"left": false, "right": false, "up": false, "down": false}}
2025-09-23 20:12:39,202 - game_server - INFO - log_game_event:61 - Игровое событие: обновление_позиции - {"client_id": 0, "position": {"x": 550, "y": 765}, "inputs": {"left": false, "right": false, "up": false, "down": false}}
2025-09-23 20:12:39,235 - game_server - INFO - log_game_event:61 - Игровое событие: обновление_позиции - {"client_id": 0, "position": {"x": 550, "y": 765}, "inputs": {"left": false, "right": false, "up": false, "down": false}}
2025-09-23 20:12:39,270 - game_server - INFO - log_game_event:61 - Игровое событие: обновление_позиции - {"client_id": 0, "position": {"x": 550, "y": 765}, "inputs": {"left": false, "right": false, "up": false, "down": false}}
2025-09-23 20:12:39,303 - game_server - INFO - log_game_event:61 - Игровое событие: обновление_позиции - {"client_id": 0, "position": {"x": 550, "y": 765}, "inputs": {"left": false, "right": false, "up": false, "down": false}}
2025-09-23 20:12:39,337 - game_server - INFO - log_game_event:61 - Игровое событие: обновление_позиции - {"client_id": 0, "position": {"x": 550, "y": 765}, "inputs": {"left": false, "right": false, "up": false, "down": false}}
2025-09-23 20:12:39,371 - game_server - INFO - log_game_event:61 - Игровое событие: обновление_позиции - {"client_id": 0, "position": {"x": 550, "y": 765}, "inputs": {"left": false, "right": false, "up": false, "down": false}}
2025-09-23 20:12:39,405 - game_server - INFO - log_game_event:61 - Игровое событие: обновление_позиции - {"client_id": 0, "position": {"x": 550, "y": 765}, "inputs": {"left": false, "right": false, "up": false, "down": false}}
2025-09-23 20:12:39,440 - game_server - INFO - log_game_event:61 - Игровое событие: обновление_позиции - {"client_id": 0, "position": {"x": 550, "y": 765}, "inputs": {"left": false, "right": false, "up": false, "down": false}}
2025-09-23 20:12:39,475 - game_server - INFO - log_game_event:61 - Игровое событие: обновление_позиции - {"client_id": 0, "position": {"x": 550, "y": 765}, "inputs": {"left": false, "right": false, "up": false, "down": false}}
2025-09-23 20:12:39,510 - game_server - INFO - log_game_event:61 - Игровое событие: обновление_позиции - {"client_id": 0, "position": {"x": 550, "y": 765}, "inputs": {"left": false, "right": false, "up": false, "down": false}}
2025-09-23 20:12:39,544 - game_server - INFO - log_game_event:61 - Игровое событие: обновление_позиции - {"client_id": 0, "position": {"x": 550, "y": 765}, "inputs": {"left": false, "right": false, "up": false, "down": false}}
2025-09-23 20:12:39,577 - game_server - INFO - log_game_event:61 - Игровое событие: обновление_позиции - {"client_id": 0, "position": {"x": 550, "y": 765}, "inputs": {"left": false, "right": false, "up": false, "down": false}}
2025-09-23 20:12:39,612 - game_server - INFO - log_game_event:61 - Игровое событие: обновление_позиции - {"client_id": 0, "position": {"x": 550, "y": 765}, "inputs": {"left": false, "right": false, "up": false, "down": false}}
2025-09-23 20:12:39,646 - game_server - INFO - log_game_event:61 - Игровое событие: обновление_позиции - {"client_id": 0, "position": {"x": 550, "y": 765}, "inputs": {"left": false, "right": false, "up": false, "down": false}}
2025-09-23 20:12:39,684 - game_server - INFO - log_game_event:61 - Игровое событие: обновление_позиции - {"client_id": 0, "position": {"x": 550, "y": 765}, "inputs": {"left": false, "right": false, "up": false, "down": false}}
2025-09-23 20:12:39,717 - game_server - INFO - log_game_event:61 - Игровое событие: обновление_позиции - {"client_id": 0, "position": {"x": 550, "y": 765}, "inputs": {"left": false, "right": false, "up": false, "down": false}}
2025-09-23 20:12:39,753 - game_server - INFO - log_game_event:61 - Игровое событие: обновление_позиции - {"client_id": 0, "position": {"x": 550, "y": 765}, "inputs": {"left": false, "right": false, "up": false, "down": false}}
2025-09-23 20:12:39,786 - game_server - INFO - log_game_event:61 - Игровое событие: обновление_позиции - {"client_id": 0, "position": {"x": 550, "y": 765}, "inputs": {"left": false, "right": false, "up": false, "down": false}}
2025-09-23 20:12:39,818 - game_server - INFO - log_game_event:61 - Игровое событие: обновление_позиции - {"client_id": 0, "position": {"x": 550, "y": 765}, "inputs": {"left": false, "right": false, "up": false, "down": false}}
2025-09-23 20:12:39,852 - game_server - INFO - log_game_event:61 - Игровое событие: обновление_позиции - {"client_id": 0, "position": {"x": 550, "y": 765}, "inputs": {"left": false, "right": false, "up": false, "down": false}}
2025-09-23 20:12:39,886 - game_server - INFO - log_game_event:61 - Игровое событие: обновление_позиции - {"client_id": 0, "position": {"x": 550, "y": 765}, "inputs": {"left": false, "right": false, "up": false, "down": false}}
2025-09-23 20:12:39,920 - game_server - INFO - log_game_event:61 - Игровое событие: обновление_позиции - {"client_id": 0, "position": {"x": 550, "y": 765}, "inputs": {"left": false, "right": false, "up": false, "down": false}}
2025-09-23 20:12:39,954 - game_server - INFO - log_game_event:61 - Игровое событие: обновление_позиции - {"client_id": 0, "position": {"x": 550, "y": 765}, "inputs": {"left": false, "right": false, "up": false, "down": false}}
2025-09-23 20:12:39,989 - game_server - INFO - log_game_event:61 - Игровое событие: обновление_позиции - {"client_id": 0, "position": {"x": 550, "y": 765}, "inputs": {"left": false, "right": false, "up": false, "down": false}}
2025-09-23 20:12:40,021 - game_server - INFO - log_game_event:61 - Игровое событие: обновление_позиции - {"client_id": 0, "position": {"x": 550, "y": 765}, "inputs": {"left": false, "right": false, "up": false, "down": false}}
2025-09-23 20:12:40,055 - game_server - INFO - log_game_event:61 - Игровое событие: обновление_позиции - {"client_id": 0, "position": {"x": 550, "y": 765}, "inputs": {"left": false, "right": false, "up": false, "down": false}}
2025-09-23 20:12:40,089 - game_server - INFO - log_game_event:61 - Игровое событие: обновление_позиции - {"client_id": 0, "position": {"x": 550, "y": 765}, "inputs": {"left": false, "right": false, "up": false, "down": false}}
2025-09-23 20:12:40,124 - game_server - INFO - log_game_event:61 - Игровое событие: обновление_позиции - {"client_id": 0, "position": {"x": 550, "y": 765}, "inputs": {"left": false, "right": false, "up": false, "down": false}}
2025-09-23 20:12:40,156 - game_server - INFO - log_game_event:61 - Игровое событие: обновление_позиции - {"client_id": 0, "position": {"x": 550, "y": 765}, "inputs": {"left": false, "right": false, "up": false, "down": false}}
2025-09-23 20:12:40,192 - game_server - INFO - log_game_event:61 - Игровое событие: обновление_позиции - {"client_id": 0, "position": {"x": 550, "y": 765}, "inputs": {"left": false, "right": false, "up": false, "down": false}}
2025-09-23 20:12:40,228 - game_server - INFO - log_game_event:61 - Игровое событие: обновление_позиции - {"client_id": 0, "position": {"x": 550, "y": 765}, "inputs": {"left": false, "right": false, "up": false, "down": false}}
2025-09-23 20:12:40,263 - game_server - INFO - log_game_event:61 - Игровое событие: обновление_позиции - {"client_id": 0, "position": {"x": 550, "y": 765}, "inputs": {"left": false, "right": false, "up": false, "down": false}}
2025-09-23 20:12:40,299 - game_server - INFO - log_game_event:61 - Игровое событие: обновление_позиции - {"client_id": 0, "position": {"x": 550, "y": 765}, "inputs": {"left": false, "right": false, "up": false, "down": false}}
2025-09-23 20:12:40,332 - game_server - INFO - log_game_event:61 - Игровое событие: обновление_позиции - {"client_id": 0, "position": {"x": 550, "y": 765}, "inputs": {"left": false, "right": false, "up": false, "down": false}}
2025-09-23 20:12:40,367 - game_server - INFO - log_game_event:61 - Игровое событие: обновление_позиции - {"client_id": 0, "position": {"x": 550, "y": 765}, "inputs": {"left": false, "right": false, "up": false, "down": false}}
2025-09-23 20:12:40,400 - game_server - INFO - log_game_event:61 - Игровое событие: обновление_позиции - {"client_id": 0, "position": {"x": 550, "y": 765}, "inputs": {"left": false, "right": false, "up": false, "down": false}}
2025-09-23 20:12:40,435 - game_server - INFO - log_game_event:61 - Игровое событие: обновление_позиции - {"client_id": 0, "position": {"x": 550, "y": 765}, "inputs": {"left": false, "right": false, "up": false, "down": false}}
2025-09-23 20:12:40,471 - game_server - INFO - log_game_event:61 - Игровое событие: обновление_позиции - {"client_id": 0, "position": {"x": 550, "y": 765}, "inputs": {"left": false, "right": false, "up": false, "down": false}}
2025-09-23 20:12:40,506 - game_server - INFO - log_game_event:61 - Игровое событие: обновление_позиции - {"client_id": 0, "position": {"x": 550, "y": 765}, "inputs": {"left": false, "right": false, "up": false, "down": false}}
2025-09-23 20:12:40,541 - game_server - INFO - log_game_event:61 - Игровое событие: обновление_позиции - {"client_id": 0, "position": {"x": 550, "y": 765}, "inputs": {"left": false, "right": false, "up": false, "down": false}}
2025-09-23 20:12:40,573 - game_server - INFO - log_game_event:61 - Игровое событие: обновление_позиции - {"client_id": 0, "position": {"x": 550, "y": 765}, "inputs": {"left": false, "right": false, "up": false, "down": false}}
2025-09-23 20:12:40,608 - game_server - INFO - log_game_event:61 - Игровое событие: обновление_позиции - {"client_id": 0, "position": {"x": 550, "y": 765}, "inputs": {"left": false, "right": false, "up": false, "down": false}}
2025-09-23 20:12:40,644 - game_server - INFO - log_game_event:61 - Игровое событие: обновление_позиции - {"client_id": 0, "position": {"x": 550, "y": 765}, "inputs": {"left": false, "right": false, "up": false, "down": false}}
2025-09-23 20:12:40,679 - game_server - INFO - log_game_event:61 - Игровое событие: обновление_позиции - {"client_id": 0, "position": {"x": 550, "y": 765}, "inputs": {"left": false, "right": false, "up": false, "down": false}}
2025-09-23 20:12:40,715 - game_server - INFO - log_game_event:61 - Игровое событие: обновление_позиции - {"client_id": 0, "position": {"x": 550, "y": 765}, "inputs": {"left": false, "right": false, "up": false, "down": false}}
2025-09-23 20:12:40,750 - game_server - INFO - log_game_event:61 - Игровое событие: обновление_позиции - {"client_id": 0, "position": {"x": 550, "y": 765}, "inputs": {"left": false, "right": false, "up": false, "down": false}}
2025-09-23 20:12:40,783 - game_server - INFO - log_game_event:61 - Игровое событие: обновление_позиции - {"client_id": 0, "position": {"x": 550, "y": 765}, "inputs": {"left": false, "right": false, "up": false, "down": false}}
2025-09-23 20:12:40,815 - game_server - INFO - log_game_event:61 - Игровое событие: обновление_позиции - {"client_id": 0, "position": {"x": 550, "y": 765}, "inputs": {"left": false, "right": false, "up": false, "down": false}}
2025-09-23 20:12:40,851 - game_server - INFO - log_game_event:61 - Игровое событие: обновление_позиции - {"client_id": 0, "position": {"x": 550, "y": 765}, "inputs": {"left": false, "right": false, "up": false, "down": false}}
2025-09-23 20:12:40,883 - game_server - INFO - log_game_event:61 - Игровое событие: обновление_позиции - {"client_id": 0, "position": {"x": 550, "y": 765}, "inputs": {"left": false, "right": false, "up": false, "down": false}}
2025-09-23 20:12:40,918 - game_server - INFO - log_game_event:61 - Игровое событие: обновление_позиции - {"client_id": 0, "position": {"x": 550, "y": 765}, "inputs": {"left": false, "right": false, "up": false, "down": false}}
2025-09-23 20:12:40,954 - game_server - INFO - log_game_event:61 - Игровое событие: обновление_позиции - {"client_id": 0, "position": {"x": 550, "y": 765}, "inputs": {"left": false, "right": false, "up": false, "down": false}}
2025-09-23 20:12:40,971 - game_server - INFO - log_connection:56 - Клиент 0: отключен
