2025-10-09 19:21:07,101 - game_server - INFO - <module>:99 - Сервер запущен на 192.168.1.4:5555 (привязан к 0.0.0.0)
2025-10-09 19:21:19,932 - game_server - INFO - log_connection:56 - Клиент 0: подключен - {"ip": "192.168.1.4", "port": 55274, "admin": false}
2025-10-09 19:21:19,949 - game_server - INFO - log_game_event:61 - Игровое событие: обновление_позиции - {"client_id": 0, "position": {"x": 960, "y": 540}, "inputs": {"left": false, "right": false, "up": false, "down": false}}
2025-10-09 19:21:19,975 - game_server - INFO - log_game_event:61 - Игровое событие: обновление_позиции - {"client_id": 0, "position": {"x": 960, "y": 540}, "inputs": {"left": false, "right": false, "up": false, "down": false}}
2025-10-09 19:21:20,009 - game_server - INFO - log_game_event:61 - Игровое событие: обновление_позиции - {"client_id": 0, "position": {"x": 960, "y": 540}, "inputs": {"left": false, "right": false, "up": false, "down": false}}
2025-10-09 19:21:20,052 - game_server - INFO - log_game_event:61 - Игровое событие: обновление_позиции - {"client_id": 0, "position": {"x": 960, "y": 540}, "inputs": {"left": false, "right": false, "up": false, "down": false}}
2025-10-09 19:21:20,091 - game_server - INFO - log_game_event:61 - Игровое событие: обновление_позиции - {"client_id": 0, "position": {"x": 960, "y": 540}, "inputs": {"left": false, "right": false, "up": false, "down": false}}
2025-10-09 19:21:20,136 - game_server - INFO - log_game_event:61 - Игровое событие: обновление_позиции - {"client_id": 0, "position": {"x": 960, "y": 540}, "inputs": {"left": false, "right": false, "up": false, "down": false}}
2025-10-09 19:21:20,180 - game_server - INFO - log_game_event:61 - Игровое событие: обновление_позиции - {"client_id": 0, "position": {"x": 960, "y": 540}, "inputs": {"left": false, "right": false, "up": false, "down": false}}
2025-10-09 19:21:20,222 - game_server - INFO - log_game_event:61 - Игровое событие: обновление_позиции - {"client_id": 0, "position": {"x": 960, "y": 540}, "inputs": {"left": false, "right": false, "up": false, "down": false}}
2025-10-09 19:21:20,267 - game_server - INFO - log_game_event:61 - Игровое событие: обновление_позиции - {"client_id": 0, "position": {"x": 960, "y": 540}, "inputs": {"left": false, "right": false, "up": false, "down": false}}
2025-10-09 19:21:20,318 - game_server - INFO - log_game_event:61 - Игровое событие: обновление_позиции - {"client_id": 0, "position": {"x": 960, "y": 540}, "inputs": {"left": false, "right": false, "up": false, "down": false}}
2025-10-09 19:21:20,358 - game_server - INFO - log_game_event:61 - Игровое событие: обновление_позиции - {"client_id": 0, "position": {"x": 960, "y": 540}, "inputs": {"left": false, "right": false, "up": false, "down": false}}
2025-10-09 19:21:20,395 - game_server - INFO - log_game_event:61 - Игровое событие: обновление_позиции - {"client_id": 0, "position": {"x": 960, "y": 540}, "inputs": {"left": false, "right": false, "up": false, "down": false}}
2025-10-09 19:21:20,440 - game_server - INFO - log_game_event:61 - Игровое событие: обновление_позиции - {"client_id": 0, "position": {"x": 960, "y": 540}, "inputs": {"left": false, "right": false, "up": false, "down": false}}
2025-10-09 19:21:20,484 - game_server - INFO - log_game_event:61 - Игровое событие: обновление_позиции - {"client_id": 0, "position": {"x": 960, "y": 540}, "inputs": {"left": false, "right": false, "up": false, "down": false}}
2025-10-09 19:21:20,524 - game_server - INFO - log_game_event:61 - Игровое событие: обновление_позиции - {"client_id": 0, "position": {"x": 960, "y": 540}, "inputs": {"left": false, "right": false, "up": false, "down": false}}
2025-10-09 19:21:20,572 - game_server - INFO - log_game_event:61 - Игровое событие: обновление_позиции - {"client_id": 0, "position": {"x": 960, "y": 540}, "inputs": {"left": false, "right": false, "up": false, "down": false}}
2025-10-09 19:21:20,613 - game_server - INFO - log_game_event:61 - Игровое событие: обновление_позиции - {"client_id": 0, "position": {"x": 960, "y": 540}, "inputs": {"left": false, "right": false, "up": false, "down": false}}
2025-10-09 19:21:20,656 - game_server - INFO - log_game_event:61 - Игровое событие: обновление_позиции - {"client_id": 0, "position": {"x": 960, "y": 540}, "inputs": {"left": false, "right": false, "up": false, "down": false}}
2025-10-09 19:21:20,701 - game_server - INFO - log_game_event:61 - Игровое событие: обновление_позиции - {"client_id": 0, "position": {"x": 960, "y": 540}, "inputs": {"left": false, "right": false, "up": false, "down": false}}
2025-10-09 19:21:20,737 - game_server - INFO - log_game_event:61 - Игровое событие: обновление_позиции - {"client_id": 0, "position": {"x": 960, "y": 540}, "inputs": {"left": false, "right": false, "up": false, "down": false}}
2025-10-09 19:21:20,774 - game_server - INFO - log_game_event:61 - Игровое событие: обновление_позиции - {"client_id": 0, "position": {"x": 960, "y": 540}, "inputs": {"left": false, "right": false, "up": false, "down": false}}
2025-10-09 19:21:20,819 - game_server - INFO - log_game_event:61 - Игровое событие: обновление_позиции - {"client_id": 0, "position": {"x": 960, "y": 540}, "inputs": {"left": false, "right": false, "up": false, "down": false}}
2025-10-09 19:21:20,862 - game_server - INFO - log_game_event:61 - Игровое событие: обновление_позиции - {"client_id": 0, "position": {"x": 960, "y": 540}, "inputs": {"left": false, "right": false, "up": false, "down": false}}
2025-10-09 19:21:20,903 - game_server - INFO - log_game_event:61 - Игровое событие: обновление_позиции - {"client_id": 0, "position": {"x": 960, "y": 540}, "inputs": {"left": false, "right": false, "up": false, "down": false}}
2025-10-09 19:21:20,949 - game_server - INFO - log_game_event:61 - Игровое событие: обновление_позиции - {"client_id": 0, "position": {"x": 960, "y": 540}, "inputs": {"left": false, "right": false, "up": false, "down": false}}
2025-10-09 19:21:20,991 - game_server - INFO - log_game_event:61 - Игровое событие: обновление_позиции - {"client_id": 0, "position": {"x": 960, "y": 540}, "inputs": {"left": false, "right": false, "up": false, "down": false}}
2025-10-09 19:21:21,034 - game_server - INFO - log_game_event:61 - Игровое событие: обновление_позиции - {"client_id": 0, "position": {"x": 960, "y": 540}, "inputs": {"left": false, "right": false, "up": false, "down": false}}
2025-10-09 19:21:21,077 - game_server - INFO - log_game_event:61 - Игровое событие: обновление_позиции - {"client_id": 0, "position": {"x": 960, "y": 540}, "inputs": {"left": false, "right": false, "up": false, "down": false}}
2025-10-09 19:21:21,120 - game_server - INFO - log_game_event:61 - Игровое событие: обновление_позиции - {"client_id": 0, "position": {"x": 960, "y": 540}, "inputs": {"left": false, "right": false, "up": false, "down": false}}
2025-10-09 19:21:21,166 - game_server - INFO - log_game_event:61 - Игровое событие: обновление_позиции - {"client_id": 0, "position": {"x": 960, "y": 540}, "inputs": {"left": false, "right": false, "up": false, "down": false}}
2025-10-09 19:21:21,204 - game_server - INFO - log_game_event:61 - Игровое событие: обновление_позиции - {"client_id": 0, "position": {"x": 960, "y": 540}, "inputs": {"left": false, "right": false, "up": false, "down": false}}
2025-10-09 19:21:21,246 - game_server - INFO - log_game_event:61 - Игровое событие: обновление_позиции - {"client_id": 0, "position": {"x": 960, "y": 540}, "inputs": {"left": false, "right": false, "up": false, "down": false}}
2025-10-09 19:21:21,294 - game_server - INFO - log_game_event:61 - Игровое событие: обновление_позиции - {"client_id": 0, "position": {"x": 960, "y": 540}, "inputs": {"left": false, "right": false, "up": false, "down": false}}
2025-10-09 19:21:21,341 - game_server - INFO - log_game_event:61 - Игровое событие: обновление_позиции - {"client_id": 0, "position": {"x": 960, "y": 540}, "inputs": {"left": false, "right": false, "up": false, "down": false}}
2025-10-09 19:21:21,388 - game_server - INFO - log_game_event:61 - Игровое событие: обновление_позиции - {"client_id": 0, "position": {"x": 960, "y": 540}, "inputs": {"left": false, "right": false, "up": false, "down": false}}
2025-10-09 19:21:21,432 - game_server - INFO - log_game_event:61 - Игровое событие: обновление_позиции - {"client_id": 0, "position": {"x": 960, "y": 540}, "inputs": {"left": false, "right": false, "up": false, "down": false}}
2025-10-09 19:21:21,472 - game_server - INFO - log_game_event:61 - Игровое событие: обновление_позиции - {"client_id": 0, "position": {"x": 960, "y": 540}, "inputs": {"left": false, "right": false, "up": false, "down": false}}
2025-10-09 19:21:21,506 - game_server - INFO - log_game_event:61 - Игровое событие: обновление_позиции - {"client_id": 0, "position": {"x": 960, "y": 540}, "inputs": {"left": false, "right": false, "up": false, "down": false}}
2025-10-09 19:21:21,536 - game_server - INFO - log_game_event:61 - Игровое событие: обновление_позиции - {"client_id": 0, "position": {"x": 960, "y": 540}, "inputs": {"left": false, "right": false, "up": false, "down": false}}
2025-10-09 19:21:21,581 - game_server - INFO - log_game_event:61 - Игровое событие: обновление_позиции - {"client_id": 0, "position": {"x": 960, "y": 540}, "inputs": {"left": false, "right": false, "up": false, "down": false}}
2025-10-09 19:21:21,625 - game_server - INFO - log_game_event:61 - Игровое событие: обновление_позиции - {"client_id": 0, "position": {"x": 960, "y": 540}, "inputs": {"left": false, "right": false, "up": false, "down": false}}
2025-10-09 19:21:21,671 - game_server - INFO - log_game_event:61 - Игровое событие: обновление_позиции - {"client_id": 0, "position": {"x": 960, "y": 540}, "inputs": {"left": false, "right": false, "up": false, "down": false}}
2025-10-09 19:21:21,718 - game_server - INFO - log_game_event:61 - Игровое событие: обновление_позиции - {"client_id": 0, "position": {"x": 960, "y": 540}, "inputs": {"left": false, "right": false, "up": false, "down": false}}
2025-10-09 19:21:21,760 - game_server - INFO - log_game_event:61 - Игровое событие: обновление_позиции - {"client_id": 0, "position": {"x": 960, "y": 540}, "inputs": {"left": false, "right": false, "up": false, "down": false}}
2025-10-09 19:21:21,802 - game_server - INFO - log_game_event:61 - Игровое событие: обновление_позиции - {"client_id": 0, "position": {"x": 960, "y": 540}, "inputs": {"left": false, "right": false, "up": false, "down": false}}
2025-10-09 19:21:21,846 - game_server - INFO - log_game_event:61 - Игровое событие: обновление_позиции - {"client_id": 0, "position": {"x": 960, "y": 540}, "inputs": {"left": false, "right": false, "up": false, "down": false}}
2025-10-09 19:21:21,891 - game_server - INFO - log_game_event:61 - Игровое событие: обновление_позиции - {"client_id": 0, "position": {"x": 960, "y": 540}, "inputs": {"left": false, "right": false, "up": false, "down": false}}
2025-10-09 19:21:21,966 - game_server - INFO - log_game_event:61 - Игровое событие: обновление_позиции - {"client_id": 0, "position": {"x": 960, "y": 540}, "inputs": {"left": false, "right": false, "up": false, "down": false}}
2025-10-09 19:21:21,999 - game_server - INFO - log_game_event:61 - Игровое событие: обновление_позиции - {"client_id": 0, "position": {"x": 960, "y": 540}, "inputs": {"left": false, "right": false, "up": false, "down": false}}
2025-10-09 19:21:22,042 - game_server - INFO - log_game_event:61 - Игровое событие: обновление_позиции - {"client_id": 0, "position": {"x": 960, "y": 540}, "inputs": {"left": false, "right": false, "up": false, "down": false}}
2025-10-09 19:21:22,074 - game_server - INFO - log_game_event:61 - Игровое событие: обновление_позиции - {"client_id": 0, "position": {"x": 960, "y": 540}, "inputs": {"left": false, "right": false, "up": false, "down": false}}
2025-10-09 19:21:22,118 - game_server - INFO - log_game_event:61 - Игровое событие: обновление_позиции - {"client_id": 0, "position": {"x": 960, "y": 540}, "inputs": {"left": false, "right": false, "up": false, "down": false}}
2025-10-09 19:21:22,166 - game_server - INFO - log_game_event:61 - Игровое событие: обновление_позиции - {"client_id": 0, "position": {"x": 955, "y": 540}, "inputs": {"left": true, "right": false, "up": false, "down": false}}
2025-10-09 19:21:22,219 - game_server - INFO - log_game_event:61 - Игровое событие: обновление_позиции - {"client_id": 0, "position": {"x": 950, "y": 545}, "inputs": {"left": true, "right": false, "up": false, "down": true}}
2025-10-09 19:21:22,264 - game_server - INFO - log_game_event:61 - Игровое событие: обновление_позиции - {"client_id": 0, "position": {"x": 945, "y": 550}, "inputs": {"left": true, "right": false, "up": false, "down": true}}
2025-10-09 19:21:22,311 - game_server - INFO - log_game_event:61 - Игровое событие: обновление_позиции - {"client_id": 0, "position": {"x": 940, "y": 555}, "inputs": {"left": true, "right": false, "up": false, "down": true}}
2025-10-09 19:21:22,356 - game_server - INFO - log_game_event:61 - Игровое событие: обновление_позиции - {"client_id": 0, "position": {"x": 940, "y": 560}, "inputs": {"left": false, "right": false, "up": false, "down": true}}
2025-10-09 19:21:22,399 - game_server - INFO - log_game_event:61 - Игровое событие: обновление_позиции - {"client_id": 0, "position": {"x": 945, "y": 565}, "inputs": {"left": false, "right": true, "up": false, "down": true}}
2025-10-09 19:21:22,440 - game_server - INFO - log_game_event:61 - Игровое событие: обновление_позиции - {"client_id": 0, "position": {"x": 950, "y": 570}, "inputs": {"left": false, "right": true, "up": false, "down": true}}
2025-10-09 19:21:22,482 - game_server - INFO - log_game_event:61 - Игровое событие: обновление_позиции - {"client_id": 0, "position": {"x": 955, "y": 575}, "inputs": {"left": false, "right": true, "up": false, "down": true}}
2025-10-09 19:21:22,526 - game_server - INFO - log_game_event:61 - Игровое событие: обновление_позиции - {"client_id": 0, "position": {"x": 960, "y": 580}, "inputs": {"left": false, "right": true, "up": false, "down": true}}
2025-10-09 19:21:22,572 - game_server - INFO - log_game_event:61 - Игровое событие: обновление_позиции - {"client_id": 0, "position": {"x": 965, "y": 585}, "inputs": {"left": false, "right": true, "up": false, "down": true}}
2025-10-09 19:21:22,617 - game_server - INFO - log_game_event:61 - Игровое событие: обновление_позиции - {"client_id": 0, "position": {"x": 970, "y": 590}, "inputs": {"left": false, "right": true, "up": false, "down": true}}
2025-10-09 19:21:22,661 - game_server - INFO - log_game_event:61 - Игровое событие: обновление_позиции - {"client_id": 0, "position": {"x": 975, "y": 595}, "inputs": {"left": false, "right": true, "up": false, "down": true}}
2025-10-09 19:21:22,707 - game_server - INFO - log_game_event:61 - Игровое событие: обновление_позиции - {"client_id": 0, "position": {"x": 980, "y": 600}, "inputs": {"left": false, "right": true, "up": false, "down": true}}
2025-10-09 19:21:22,750 - game_server - INFO - log_game_event:61 - Игровое событие: обновление_позиции - {"client_id": 0, "position": {"x": 985, "y": 605}, "inputs": {"left": false, "right": true, "up": false, "down": true}}
2025-10-09 19:21:22,797 - game_server - INFO - log_game_event:61 - Игровое событие: обновление_позиции - {"client_id": 0, "position": {"x": 985, "y": 610}, "inputs": {"left": false, "right": false, "up": false, "down": true}}
2025-10-09 19:21:22,842 - game_server - INFO - log_game_event:61 - Игровое событие: обновление_позиции - {"client_id": 0, "position": {"x": 985, "y": 610}, "inputs": {"left": false, "right": false, "up": false, "down": false}}
2025-10-09 19:21:22,885 - game_server - INFO - log_game_event:61 - Игровое событие: обновление_позиции - {"client_id": 0, "position": {"x": 985, "y": 610}, "inputs": {"left": false, "right": false, "up": false, "down": false}}
2025-10-09 19:21:22,930 - game_server - INFO - log_game_event:61 - Игровое событие: обновление_позиции - {"client_id": 0, "position": {"x": 985, "y": 610}, "inputs": {"left": false, "right": false, "up": false, "down": false}}
2025-10-09 19:21:22,974 - game_server - INFO - log_game_event:61 - Игровое событие: обновление_позиции - {"client_id": 0, "position": {"x": 985, "y": 610}, "inputs": {"left": false, "right": false, "up": false, "down": false}}
2025-10-09 19:21:23,019 - game_server - INFO - log_game_event:61 - Игровое событие: обновление_позиции - {"client_id": 0, "position": {"x": 985, "y": 610}, "inputs": {"left": false, "right": false, "up": false, "down": false}}
2025-10-09 19:21:23,062 - game_server - INFO - log_game_event:61 - Игровое событие: обновление_позиции - {"client_id": 0, "position": {"x": 985, "y": 610}, "inputs": {"left": false, "right": false, "up": false, "down": false}}
2025-10-09 19:21:23,100 - game_server - INFO - log_game_event:61 - Игровое событие: обновление_позиции - {"client_id": 0, "position": {"x": 985, "y": 610}, "inputs": {"left": false, "right": false, "up": false, "down": false}}
2025-10-09 19:21:23,132 - game_server - INFO - log_game_event:61 - Игровое событие: обновление_позиции - {"client_id": 0, "position": {"x": 985, "y": 610}, "inputs": {"left": false, "right": false, "up": false, "down": false}}
2025-10-09 19:21:23,164 - game_server - INFO - log_game_event:61 - Игровое событие: обновление_позиции - {"client_id": 0, "position": {"x": 985, "y": 610}, "inputs": {"left": false, "right": false, "up": false, "down": false}}
2025-10-09 19:21:23,209 - game_server - INFO - log_game_event:61 - Игровое событие: обновление_позиции - {"client_id": 0, "position": {"x": 985, "y": 610}, "inputs": {"left": false, "right": false, "up": false, "down": false}}
2025-10-09 19:21:23,255 - game_server - INFO - log_game_event:61 - Игровое событие: обновление_позиции - {"client_id": 0, "position": {"x": 985, "y": 610}, "inputs": {"left": false, "right": false, "up": false, "down": false}}
2025-10-09 19:21:23,297 - game_server - INFO - log_game_event:61 - Игровое событие: обновление_позиции - {"client_id": 0, "position": {"x": 985, "y": 610}, "inputs": {"left": false, "right": false, "up": false, "down": false}}
2025-10-09 19:21:23,339 - game_server - INFO - log_game_event:61 - Игровое событие: обновление_позиции - {"client_id": 0, "position": {"x": 985, "y": 610}, "inputs": {"left": false, "right": false, "up": false, "down": false}}
2025-10-09 19:21:23,381 - game_server - INFO - log_game_event:61 - Игровое событие: обновление_позиции - {"client_id": 0, "position": {"x": 985, "y": 610}, "inputs": {"left": false, "right": false, "up": false, "down": false}}
2025-10-09 19:21:23,428 - game_server - INFO - log_game_event:61 - Игровое событие: обновление_позиции - {"client_id": 0, "position": {"x": 985, "y": 610}, "inputs": {"left": false, "right": false, "up": false, "down": false}}
2025-10-09 19:21:23,471 - game_server - INFO - log_game_event:61 - Игровое событие: обновление_позиции - {"client_id": 0, "position": {"x": 985, "y": 610}, "inputs": {"left": false, "right": false, "up": false, "down": false}}
2025-10-09 19:21:23,515 - game_server - INFO - log_game_event:61 - Игровое событие: обновление_позиции - {"client_id": 0, "position": {"x": 985, "y": 610}, "inputs": {"left": false, "right": false, "up": false, "down": false}}
2025-10-09 19:21:23,551 - game_server - INFO - log_game_event:61 - Игровое событие: обновление_позиции - {"client_id": 0, "position": {"x": 985, "y": 610}, "inputs": {"left": false, "right": false, "up": false, "down": false}}
2025-10-09 19:21:23,590 - game_server - INFO - log_game_event:61 - Игровое событие: обновление_позиции - {"client_id": 0, "position": {"x": 985, "y": 610}, "inputs": {"left": false, "right": false, "up": false, "down": false}}
2025-10-09 19:21:23,636 - game_server - INFO - log_game_event:61 - Игровое событие: обновление_позиции - {"client_id": 0, "position": {"x": 985, "y": 610}, "inputs": {"left": false, "right": false, "up": false, "down": false}}
2025-10-09 19:21:23,682 - game_server - INFO - log_game_event:61 - Игровое событие: обновление_позиции - {"client_id": 0, "position": {"x": 985, "y": 610}, "inputs": {"left": false, "right": false, "up": false, "down": false}}
2025-10-09 19:21:23,724 - game_server - INFO - log_game_event:61 - Игровое событие: обновление_позиции - {"client_id": 0, "position": {"x": 985, "y": 610}, "inputs": {"left": false, "right": false, "up": false, "down": false}}
2025-10-09 19:21:23,768 - game_server - INFO - log_game_event:61 - Игровое событие: обновление_позиции - {"client_id": 0, "position": {"x": 985, "y": 610}, "inputs": {"left": false, "right": false, "up": false, "down": false}}
2025-10-09 19:21:24,070 - game_server - INFO - log_game_event:61 - Игровое событие: обновление_позиции - {"client_id": 0, "position": {"x": 985, "y": 610}, "inputs": {"left": false, "right": false, "up": false, "down": false}}
2025-10-09 19:21:24,109 - game_server - INFO - log_game_event:61 - Игровое событие: обновление_позиции - {"client_id": 0, "position": {"x": 985, "y": 610}, "inputs": {"left": false, "right": false, "up": false, "down": false}}
2025-10-09 19:21:24,135 - game_server - INFO - log_game_event:61 - Игровое событие: обновление_позиции - {"client_id": 0, "position": {"x": 985, "y": 610}, "inputs": {"left": false, "right": false, "up": false, "down": false}}
2025-10-09 19:21:24,161 - game_server - INFO - log_game_event:61 - Игровое событие: обновление_позиции - {"client_id": 0, "position": {"x": 985, "y": 610}, "inputs": {"left": false, "right": false, "up": false, "down": false}}
2025-10-09 19:21:24,187 - game_server - INFO - log_game_event:61 - Игровое событие: обновление_позиции - {"client_id": 0, "position": {"x": 985, "y": 610}, "inputs": {"left": false, "right": false, "up": false, "down": false}}
2025-10-09 19:21:24,218 - game_server - INFO - log_game_event:61 - Игровое событие: обновление_позиции - {"client_id": 0, "position": {"x": 985, "y": 610}, "inputs": {"left": false, "right": false, "up": false, "down": false}}
2025-10-09 19:21:24,251 - game_server - INFO - log_game_event:61 - Игровое событие: обновление_позиции - {"client_id": 0, "position": {"x": 985, "y": 610}, "inputs": {"left": false, "right": false, "up": false, "down": false}}
2025-10-09 19:21:24,281 - game_server - INFO - log_game_event:61 - Игровое событие: обновление_позиции - {"client_id": 0, "position": {"x": 985, "y": 610}, "inputs": {"left": false, "right": false, "up": false, "down": false}}
2025-10-09 19:21:24,312 - game_server - INFO - log_game_event:61 - Игровое событие: обновление_позиции - {"client_id": 0, "position": {"x": 985, "y": 610}, "inputs": {"left": false, "right": false, "up": false, "down": false}}
2025-10-09 19:21:24,352 - game_server - INFO - log_game_event:61 - Игровое событие: обновление_позиции - {"client_id": 0, "position": {"x": 985, "y": 610}, "inputs": {"left": false, "right": false, "up": false, "down": false}}
2025-10-09 19:21:24,400 - game_server - INFO - log_game_event:61 - Игровое событие: обновление_позиции - {"client_id": 0, "position": {"x": 985, "y": 610}, "inputs": {"left": false, "right": false, "up": false, "down": false}}
2025-10-09 19:21:24,446 - game_server - INFO - log_game_event:61 - Игровое событие: обновление_позиции - {"client_id": 0, "position": {"x": 985, "y": 610}, "inputs": {"left": false, "right": false, "up": false, "down": false}}
2025-10-09 19:21:24,476 - game_server - INFO - log_game_event:61 - Игровое событие: обновление_позиции - {"client_id": 0, "position": {"x": 985, "y": 610}, "inputs": {"left": false, "right": false, "up": false, "down": false}}
2025-10-09 19:21:24,507 - game_server - INFO - log_game_event:61 - Игровое событие: обновление_позиции - {"client_id": 0, "position": {"x": 985, "y": 610}, "inputs": {"left": false, "right": false, "up": false, "down": false}}
2025-10-09 19:21:24,539 - game_server - INFO - log_game_event:61 - Игровое событие: обновление_позиции - {"client_id": 0, "position": {"x": 985, "y": 610}, "inputs": {"left": false, "right": false, "up": false, "down": false}}
2025-10-09 19:21:24,574 - game_server - INFO - log_game_event:61 - Игровое событие: обновление_позиции - {"client_id": 0, "position": {"x": 985, "y": 610}, "inputs": {"left": false, "right": false, "up": false, "down": false}}
2025-10-09 19:21:24,606 - game_server - INFO - log_game_event:61 - Игровое событие: обновление_позиции - {"client_id": 0, "position": {"x": 985, "y": 610}, "inputs": {"left": false, "right": false, "up": false, "down": false}}
2025-10-09 19:21:24,659 - game_server - INFO - log_game_event:61 - Игровое событие: обновление_позиции - {"client_id": 0, "position": {"x": 985, "y": 610}, "inputs": {"left": false, "right": false, "up": false, "down": false}}
2025-10-09 19:21:24,696 - game_server - INFO - log_game_event:61 - Игровое событие: обновление_позиции - {"client_id": 0, "position": {"x": 985, "y": 610}, "inputs": {"left": false, "right": false, "up": false, "down": false}}
2025-10-09 19:21:24,721 - game_server - INFO - log_game_event:61 - Игровое событие: обновление_позиции - {"client_id": 0, "position": {"x": 985, "y": 610}, "inputs": {"left": false, "right": false, "up": false, "down": false}}
2025-10-09 19:21:24,749 - game_server - INFO - log_game_event:61 - Игровое событие: обновление_позиции - {"client_id": 0, "position": {"x": 985, "y": 610}, "inputs": {"left": false, "right": false, "up": false, "down": false}}
2025-10-09 19:21:24,784 - game_server - INFO - log_game_event:61 - Игровое событие: обновление_позиции - {"client_id": 0, "position": {"x": 985, "y": 610}, "inputs": {"left": false, "right": false, "up": false, "down": false}}
2025-10-09 19:21:24,818 - game_server - INFO - log_game_event:61 - Игровое событие: обновление_позиции - {"client_id": 0, "position": {"x": 985, "y": 610}, "inputs": {"left": false, "right": false, "up": false, "down": false}}
2025-10-09 19:21:24,851 - game_server - INFO - log_game_event:61 - Игровое событие: обновление_позиции - {"client_id": 0, "position": {"x": 985, "y": 610}, "inputs": {"left": false, "right": false, "up": false, "down": false}}
2025-10-09 19:21:24,889 - game_server - INFO - log_game_event:61 - Игровое событие: обновление_позиции - {"client_id": 0, "position": {"x": 985, "y": 610}, "inputs": {"left": false, "right": false, "up": false, "down": false}}
2025-10-09 19:21:24,929 - game_server - INFO - log_game_event:61 - Игровое событие: обновление_позиции - {"client_id": 0, "position": {"x": 985, "y": 610}, "inputs": {"left": false, "right": false, "up": false, "down": false}}
2025-10-09 19:21:24,968 - game_server - INFO - log_game_event:61 - Игровое событие: обновление_позиции - {"client_id": 0, "position": {"x": 985, "y": 610}, "inputs": {"left": false, "right": false, "up": false, "down": false}}
2025-10-09 19:21:25,001 - game_server - INFO - log_game_event:61 - Игровое событие: обновление_позиции - {"client_id": 0, "position": {"x": 985, "y": 610}, "inputs": {"left": false, "right": false, "up": false, "down": false}}
2025-10-09 19:21:25,037 - game_server - INFO - log_game_event:61 - Игровое событие: обновление_позиции - {"client_id": 0, "position": {"x": 985, "y": 610}, "inputs": {"left": false, "right": false, "up": false, "down": false}}
2025-10-09 19:21:25,078 - game_server - INFO - log_game_event:61 - Игровое событие: обновление_позиции - {"client_id": 0, "position": {"x": 985, "y": 610}, "inputs": {"left": false, "right": false, "up": false, "down": false}}
2025-10-09 19:21:25,121 - game_server - INFO - log_game_event:61 - Игровое событие: обновление_позиции - {"client_id": 0, "position": {"x": 985, "y": 610}, "inputs": {"left": false, "right": false, "up": false, "down": false}}
2025-10-09 19:21:25,167 - game_server - INFO - log_game_event:61 - Игровое событие: обновление_позиции - {"client_id": 0, "position": {"x": 985, "y": 610}, "inputs": {"left": false, "right": false, "up": false, "down": false}}
2025-10-09 19:21:25,205 - game_server - INFO - log_game_event:61 - Игровое событие: обновление_позиции - {"client_id": 0, "position": {"x": 985, "y": 610}, "inputs": {"left": false, "right": false, "up": false, "down": false}}
2025-10-09 19:21:25,250 - game_server - INFO - log_game_event:61 - Игровое событие: обновление_позиции - {"client_id": 0, "position": {"x": 985, "y": 610}, "inputs": {"left": false, "right": false, "up": false, "down": false}}
2025-10-09 19:21:25,294 - game_server - INFO - log_game_event:61 - Игровое событие: обновление_позиции - {"client_id": 0, "position": {"x": 985, "y": 610}, "inputs": {"left": false, "right": false, "up": false, "down": false}}
2025-10-09 19:21:25,341 - game_server - INFO - log_game_event:61 - Игровое событие: обновление_позиции - {"client_id": 0, "position": {"x": 985, "y": 610}, "inputs": {"left": false, "right": false, "up": false, "down": false}}
2025-10-09 19:21:25,385 - game_server - INFO - log_game_event:61 - Игровое событие: обновление_позиции - {"client_id": 0, "position": {"x": 985, "y": 610}, "inputs": {"left": false, "right": false, "up": false, "down": false}}
2025-10-09 19:21:25,427 - game_server - INFO - log_game_event:61 - Игровое событие: обновление_позиции - {"client_id": 0, "position": {"x": 985, "y": 610}, "inputs": {"left": false, "right": false, "up": false, "down": false}}
2025-10-09 19:21:25,470 - game_server - INFO - log_game_event:61 - Игровое событие: обновление_позиции - {"client_id": 0, "position": {"x": 985, "y": 610}, "inputs": {"left": false, "right": false, "up": false, "down": false}}
2025-10-09 19:21:25,504 - game_server - INFO - log_game_event:61 - Игровое событие: обновление_позиции - {"client_id": 0, "position": {"x": 985, "y": 610}, "inputs": {"left": false, "right": false, "up": false, "down": false}}
2025-10-09 19:21:25,544 - game_server - INFO - log_game_event:61 - Игровое событие: обновление_позиции - {"client_id": 0, "position": {"x": 985, "y": 610}, "inputs": {"left": false, "right": false, "up": false, "down": false}}
2025-10-09 19:21:25,590 - game_server - INFO - log_game_event:61 - Игровое событие: обновление_позиции - {"client_id": 0, "position": {"x": 985, "y": 610}, "inputs": {"left": false, "right": false, "up": false, "down": false}}
2025-10-09 19:21:25,632 - game_server - INFO - log_game_event:61 - Игровое событие: обновление_позиции - {"client_id": 0, "position": {"x": 985, "y": 610}, "inputs": {"left": false, "right": false, "up": false, "down": false}}
2025-10-09 19:21:25,671 - game_server - INFO - log_game_event:61 - Игровое событие: обновление_позиции - {"client_id": 0, "position": {"x": 985, "y": 610}, "inputs": {"left": false, "right": false, "up": false, "down": false}}
2025-10-09 19:21:25,709 - game_server - INFO - log_game_event:61 - Игровое событие: обновление_позиции - {"client_id": 0, "position": {"x": 985, "y": 610}, "inputs": {"left": false, "right": false, "up": false, "down": false}}
2025-10-09 19:21:25,755 - game_server - INFO - log_game_event:61 - Игровое событие: обновление_позиции - {"client_id": 0, "position": {"x": 985, "y": 610}, "inputs": {"left": false, "right": false, "up": false, "down": false}}
2025-10-09 19:21:25,800 - game_server - INFO - log_game_event:61 - Игровое событие: обновление_позиции - {"client_id": 0, "position": {"x": 985, "y": 610}, "inputs": {"left": false, "right": false, "up": false, "down": false}}
2025-10-09 19:21:25,846 - game_server - INFO - log_game_event:61 - Игровое событие: обновление_позиции - {"client_id": 0, "position": {"x": 985, "y": 610}, "inputs": {"left": false, "right": false, "up": false, "down": false}}
2025-10-09 19:21:25,889 - game_server - INFO - log_game_event:61 - Игровое событие: обновление_позиции - {"client_id": 0, "position": {"x": 985, "y": 610}, "inputs": {"left": false, "right": false, "up": false, "down": false}}
2025-10-09 19:21:25,932 - game_server - INFO - log_game_event:61 - Игровое событие: обновление_позиции - {"client_id": 0, "position": {"x": 985, "y": 610}, "inputs": {"left": false, "right": false, "up": false, "down": false}}
2025-10-09 19:21:25,972 - game_server - INFO - log_game_event:61 - Игровое событие: обновление_позиции - {"client_id": 0, "position": {"x": 985, "y": 610}, "inputs": {"left": false, "right": false, "up": false, "down": false}}
2025-10-09 19:21:26,017 - game_server - INFO - log_game_event:61 - Игровое событие: обновление_позиции - {"client_id": 0, "position": {"x": 985, "y": 610}, "inputs": {"left": false, "right": false, "up": false, "down": false}}
2025-10-09 19:21:26,058 - game_server - INFO - log_game_event:61 - Игровое событие: обновление_позиции - {"client_id": 0, "position": {"x": 985, "y": 610}, "inputs": {"left": false, "right": false, "up": false, "down": false}}
2025-10-09 19:21:26,086 - game_server - INFO - log_game_event:61 - Игровое событие: обновление_позиции - {"client_id": 0, "position": {"x": 985, "y": 610}, "inputs": {"left": false, "right": false, "up": false, "down": false}}
2025-10-09 19:21:26,115 - game_server - INFO - log_game_event:61 - Игровое событие: обновление_позиции - {"client_id": 0, "position": {"x": 985, "y": 610}, "inputs": {"left": false, "right": false, "up": false, "down": false}}
2025-10-09 19:21:26,141 - game_server - INFO - log_game_event:61 - Игровое событие: обновление_позиции - {"client_id": 0, "position": {"x": 985, "y": 610}, "inputs": {"left": false, "right": false, "up": false, "down": false}}
2025-10-09 19:21:26,170 - game_server - INFO - log_game_event:61 - Игровое событие: обновление_позиции - {"client_id": 0, "position": {"x": 985, "y": 610}, "inputs": {"left": false, "right": false, "up": false, "down": false}}
2025-10-09 19:21:26,199 - game_server - INFO - log_game_event:61 - Игровое событие: обновление_позиции - {"client_id": 0, "position": {"x": 985, "y": 610}, "inputs": {"left": false, "right": false, "up": false, "down": false}}
2025-10-09 19:21:26,224 - game_server - INFO - log_game_event:61 - Игровое событие: обновление_позиции - {"client_id": 0, "position": {"x": 985, "y": 610}, "inputs": {"left": false, "right": false, "up": false, "down": false}}
2025-10-09 19:21:26,258 - game_server - INFO - log_game_event:61 - Игровое событие: обновление_позиции - {"client_id": 0, "position": {"x": 985, "y": 610}, "inputs": {"left": false, "right": false, "up": false, "down": false}}
2025-10-09 19:21:26,299 - game_server - INFO - log_game_event:61 - Игровое событие: обновление_позиции - {"client_id": 0, "position": {"x": 985, "y": 610}, "inputs": {"left": false, "right": false, "up": false, "down": false}}
2025-10-09 19:21:26,334 - game_server - INFO - log_game_event:61 - Игровое событие: обновление_позиции - {"client_id": 0, "position": {"x": 985, "y": 610}, "inputs": {"left": false, "right": false, "up": false, "down": false}}
2025-10-09 19:21:26,371 - game_server - INFO - log_game_event:61 - Игровое событие: обновление_позиции - {"client_id": 0, "position": {"x": 985, "y": 610}, "inputs": {"left": false, "right": false, "up": false, "down": false}}
2025-10-09 19:21:26,408 - game_server - INFO - log_game_event:61 - Игровое событие: обновление_позиции - {"client_id": 0, "position": {"x": 985, "y": 610}, "inputs": {"left": false, "right": false, "up": false, "down": false}}
2025-10-09 19:21:26,453 - game_server - INFO - log_game_event:61 - Игровое событие: обновление_позиции - {"client_id": 0, "position": {"x": 985, "y": 610}, "inputs": {"left": false, "right": false, "up": false, "down": false}}
2025-10-09 19:21:26,498 - game_server - INFO - log_game_event:61 - Игровое событие: обновление_позиции - {"client_id": 0, "position": {"x": 985, "y": 610}, "inputs": {"left": false, "right": false, "up": false, "down": false}}
2025-10-09 19:21:26,541 - game_server - INFO - log_game_event:61 - Игровое событие: обновление_позиции - {"client_id": 0, "position": {"x": 985, "y": 610}, "inputs": {"left": false, "right": false, "up": false, "down": false}}
2025-10-09 19:21:26,580 - game_server - INFO - log_game_event:61 - Игровое событие: обновление_позиции - {"client_id": 0, "position": {"x": 985, "y": 610}, "inputs": {"left": false, "right": false, "up": false, "down": false}}
2025-10-09 19:21:26,609 - game_server - INFO - log_game_event:61 - Игровое событие: обновление_позиции - {"client_id": 0, "position": {"x": 985, "y": 610}, "inputs": {"left": false, "right": false, "up": false, "down": false}}
2025-10-09 19:21:26,640 - game_server - INFO - log_game_event:61 - Игровое событие: обновление_позиции - {"client_id": 0, "position": {"x": 985, "y": 610}, "inputs": {"left": false, "right": false, "up": false, "down": false}}
2025-10-09 19:21:26,679 - game_server - INFO - log_game_event:61 - Игровое событие: обновление_позиции - {"client_id": 0, "position": {"x": 985, "y": 610}, "inputs": {"left": false, "right": false, "up": false, "down": false}}
2025-10-09 19:21:26,723 - game_server - INFO - log_game_event:61 - Игровое событие: обновление_позиции - {"client_id": 0, "position": {"x": 985, "y": 610}, "inputs": {"left": false, "right": false, "up": false, "down": false}}
2025-10-09 19:21:26,764 - game_server - INFO - log_game_event:61 - Игровое событие: обновление_позиции - {"client_id": 0, "position": {"x": 985, "y": 610}, "inputs": {"left": false, "right": false, "up": false, "down": false}}
2025-10-09 19:21:26,809 - game_server - INFO - log_game_event:61 - Игровое событие: обновление_позиции - {"client_id": 0, "position": {"x": 985, "y": 610}, "inputs": {"left": false, "right": false, "up": false, "down": false}}
2025-10-09 19:21:26,857 - game_server - INFO - log_game_event:61 - Игровое событие: обновление_позиции - {"client_id": 0, "position": {"x": 985, "y": 610}, "inputs": {"left": false, "right": false, "up": false, "down": false}}
2025-10-09 19:21:26,886 - game_server - INFO - log_game_event:61 - Игровое событие: обновление_позиции - {"client_id": 0, "position": {"x": 985, "y": 610}, "inputs": {"left": false, "right": false, "up": false, "down": false}}
2025-10-09 19:21:26,925 - game_server - INFO - log_game_event:61 - Игровое событие: обновление_позиции - {"client_id": 0, "position": {"x": 985, "y": 610}, "inputs": {"left": false, "right": false, "up": false, "down": false}}
2025-10-09 19:21:26,961 - game_server - INFO - log_game_event:61 - Игровое событие: обновление_позиции - {"client_id": 0, "position": {"x": 985, "y": 610}, "inputs": {"left": false, "right": false, "up": false, "down": false}}
2025-10-09 19:21:27,004 - game_server - INFO - log_game_event:61 - Игровое событие: обновление_позиции - {"client_id": 0, "position": {"x": 985, "y": 610}, "inputs": {"left": false, "right": false, "up": false, "down": false}}
2025-10-09 19:21:27,042 - game_server - INFO - log_game_event:61 - Игровое событие: обновление_позиции - {"client_id": 0, "position": {"x": 985, "y": 610}, "inputs": {"left": false, "right": false, "up": false, "down": false}}
2025-10-09 19:21:27,084 - game_server - INFO - log_game_event:61 - Игровое событие: обновление_позиции - {"client_id": 0, "position": {"x": 985, "y": 610}, "inputs": {"left": false, "right": false, "up": false, "down": false}}
2025-10-09 19:21:27,122 - game_server - INFO - log_game_event:61 - Игровое событие: обновление_позиции - {"client_id": 0, "position": {"x": 985, "y": 610}, "inputs": {"left": false, "right": false, "up": false, "down": false}}
2025-10-09 19:21:27,155 - game_server - INFO - log_game_event:61 - Игровое событие: обновление_позиции - {"client_id": 0, "position": {"x": 985, "y": 610}, "inputs": {"left": false, "right": false, "up": false, "down": false}}
2025-10-09 19:21:27,185 - game_server - INFO - log_game_event:61 - Игровое событие: обновление_позиции - {"client_id": 0, "position": {"x": 985, "y": 610}, "inputs": {"left": false, "right": false, "up": false, "down": false}}
2025-10-09 19:21:27,215 - game_server - INFO - log_game_event:61 - Игровое событие: обновление_позиции - {"client_id": 0, "position": {"x": 985, "y": 610}, "inputs": {"left": false, "right": false, "up": false, "down": false}}
2025-10-09 19:21:27,269 - game_server - INFO - log_game_event:61 - Игровое событие: обновление_позиции - {"client_id": 0, "position": {"x": 985, "y": 610}, "inputs": {"left": false, "right": false, "up": false, "down": false}}
2025-10-09 19:21:27,305 - game_server - INFO - log_game_event:61 - Игровое событие: обновление_позиции - {"client_id": 0, "position": {"x": 985, "y": 610}, "inputs": {"left": false, "right": false, "up": false, "down": false}}
2025-10-09 19:21:27,332 - game_server - INFO - log_game_event:61 - Игровое событие: обновление_позиции - {"client_id": 0, "position": {"x": 985, "y": 610}, "inputs": {"left": false, "right": false, "up": false, "down": false}}
2025-10-09 19:21:27,357 - game_server - INFO - log_game_event:61 - Игровое событие: обновление_позиции - {"client_id": 0, "position": {"x": 985, "y": 610}, "inputs": {"left": false, "right": false, "up": false, "down": false}}
2025-10-09 19:21:27,391 - game_server - INFO - log_game_event:61 - Игровое событие: обновление_позиции - {"client_id": 0, "position": {"x": 985, "y": 610}, "inputs": {"left": false, "right": false, "up": false, "down": false}}
2025-10-09 19:21:27,444 - game_server - INFO - log_game_event:61 - Игровое событие: обновление_позиции - {"client_id": 0, "position": {"x": 985, "y": 610}, "inputs": {"left": false, "right": false, "up": false, "down": false}}
2025-10-09 19:21:27,475 - game_server - INFO - log_game_event:61 - Игровое событие: обновление_позиции - {"client_id": 0, "position": {"x": 985, "y": 610}, "inputs": {"left": false, "right": false, "up": false, "down": false}}
2025-10-09 19:21:27,502 - game_server - INFO - log_game_event:61 - Игровое событие: обновление_позиции - {"client_id": 0, "position": {"x": 985, "y": 610}, "inputs": {"left": false, "right": false, "up": false, "down": false}}
2025-10-09 19:21:27,531 - game_server - INFO - log_game_event:61 - Игровое событие: обновление_позиции - {"client_id": 0, "position": {"x": 985, "y": 610}, "inputs": {"left": false, "right": false, "up": false, "down": false}}
2025-10-09 19:21:27,569 - game_server - INFO - log_game_event:61 - Игровое событие: обновление_позиции - {"client_id": 0, "position": {"x": 985, "y": 610}, "inputs": {"left": false, "right": false, "up": false, "down": false}}
2025-10-09 19:21:27,608 - game_server - INFO - log_game_event:61 - Игровое событие: обновление_позиции - {"client_id": 0, "position": {"x": 985, "y": 610}, "inputs": {"left": false, "right": false, "up": false, "down": false}}
2025-10-09 19:21:27,652 - game_server - INFO - log_game_event:61 - Игровое событие: обновление_позиции - {"client_id": 0, "position": {"x": 985, "y": 610}, "inputs": {"left": false, "right": false, "up": false, "down": false}}
2025-10-09 19:21:27,688 - game_server - INFO - log_game_event:61 - Игровое событие: обновление_позиции - {"client_id": 0, "position": {"x": 985, "y": 610}, "inputs": {"left": false, "right": false, "up": false, "down": false}}
2025-10-09 19:21:27,729 - game_server - INFO - log_game_event:61 - Игровое событие: обновление_позиции - {"client_id": 0, "position": {"x": 985, "y": 610}, "inputs": {"left": false, "right": false, "up": false, "down": false}}
2025-10-09 19:21:27,772 - game_server - INFO - log_game_event:61 - Игровое событие: обновление_позиции - {"client_id": 0, "position": {"x": 985, "y": 610}, "inputs": {"left": false, "right": false, "up": false, "down": false}}
2025-10-09 19:21:27,820 - game_server - INFO - log_game_event:61 - Игровое событие: обновление_позиции - {"client_id": 0, "position": {"x": 985, "y": 610}, "inputs": {"left": false, "right": false, "up": false, "down": false}}
2025-10-09 19:21:27,856 - game_server - INFO - log_game_event:61 - Игровое событие: обновление_позиции - {"client_id": 0, "position": {"x": 985, "y": 610}, "inputs": {"left": false, "right": false, "up": false, "down": false}}
2025-10-09 19:21:27,901 - game_server - INFO - log_game_event:61 - Игровое событие: обновление_позиции - {"client_id": 0, "position": {"x": 985, "y": 610}, "inputs": {"left": false, "right": false, "up": false, "down": false}}
2025-10-09 19:21:27,941 - game_server - INFO - log_game_event:61 - Игровое событие: обновление_позиции - {"client_id": 0, "position": {"x": 985, "y": 610}, "inputs": {"left": false, "right": false, "up": false, "down": false}}
2025-10-09 19:21:27,980 - game_server - INFO - log_game_event:61 - Игровое событие: обновление_позиции - {"client_id": 0, "position": {"x": 985, "y": 610}, "inputs": {"left": false, "right": false, "up": false, "down": false}}
2025-10-09 19:21:28,022 - game_server - INFO - log_game_event:61 - Игровое событие: обновление_позиции - {"client_id": 0, "position": {"x": 985, "y": 610}, "inputs": {"left": false, "right": false, "up": false, "down": false}}
2025-10-09 19:21:28,065 - game_server - INFO - log_game_event:61 - Игровое событие: обновление_позиции - {"client_id": 0, "position": {"x": 985, "y": 610}, "inputs": {"left": false, "right": false, "up": false, "down": false}}
2025-10-09 19:21:28,099 - game_server - INFO - log_game_event:61 - Игровое событие: обновление_позиции - {"client_id": 0, "position": {"x": 985, "y": 610}, "inputs": {"left": false, "right": false, "up": false, "down": false}}
2025-10-09 19:21:28,129 - game_server - INFO - log_game_event:61 - Игровое событие: обновление_позиции - {"client_id": 0, "position": {"x": 985, "y": 610}, "inputs": {"left": false, "right": false, "up": false, "down": false}}
2025-10-09 19:21:28,165 - game_server - INFO - log_game_event:61 - Игровое событие: обновление_позиции - {"client_id": 0, "position": {"x": 985, "y": 610}, "inputs": {"left": false, "right": false, "up": false, "down": false}}
2025-10-09 19:21:28,200 - game_server - INFO - log_game_event:61 - Игровое событие: обновление_позиции - {"client_id": 0, "position": {"x": 985, "y": 610}, "inputs": {"left": false, "right": false, "up": false, "down": false}}
2025-10-09 19:21:28,242 - game_server - INFO - log_game_event:61 - Игровое событие: обновление_позиции - {"client_id": 0, "position": {"x": 985, "y": 610}, "inputs": {"left": false, "right": false, "up": false, "down": false}}
2025-10-09 19:21:28,282 - game_server - INFO - log_game_event:61 - Игровое событие: обновление_позиции - {"client_id": 0, "position": {"x": 985, "y": 610}, "inputs": {"left": false, "right": false, "up": false, "down": false}}
2025-10-09 19:21:28,318 - game_server - INFO - log_game_event:61 - Игровое событие: обновление_позиции - {"client_id": 0, "position": {"x": 985, "y": 610}, "inputs": {"left": false, "right": false, "up": false, "down": false}}
2025-10-09 19:21:28,362 - game_server - INFO - log_game_event:61 - Игровое событие: обновление_позиции - {"client_id": 0, "position": {"x": 985, "y": 610}, "inputs": {"left": false, "right": false, "up": false, "down": false}}
2025-10-09 19:21:28,402 - game_server - INFO - log_game_event:61 - Игровое событие: обновление_позиции - {"client_id": 0, "position": {"x": 985, "y": 610}, "inputs": {"left": false, "right": false, "up": false, "down": false}}
2025-10-09 19:21:28,447 - game_server - INFO - log_game_event:61 - Игровое событие: обновление_позиции - {"client_id": 0, "position": {"x": 985, "y": 610}, "inputs": {"left": false, "right": false, "up": false, "down": false}}
2025-10-09 19:21:28,488 - game_server - INFO - log_game_event:61 - Игровое событие: обновление_позиции - {"client_id": 0, "position": {"x": 985, "y": 610}, "inputs": {"left": false, "right": false, "up": false, "down": false}}
2025-10-09 19:21:28,528 - game_server - INFO - log_game_event:61 - Игровое событие: обновление_позиции - {"client_id": 0, "position": {"x": 985, "y": 610}, "inputs": {"left": false, "right": false, "up": false, "down": false}}
2025-10-09 19:21:28,565 - game_server - INFO - log_game_event:61 - Игровое событие: обновление_позиции - {"client_id": 0, "position": {"x": 985, "y": 610}, "inputs": {"left": false, "right": false, "up": false, "down": false}}
2025-10-09 19:21:28,610 - game_server - INFO - log_game_event:61 - Игровое событие: обновление_позиции - {"client_id": 0, "position": {"x": 985, "y": 610}, "inputs": {"left": false, "right": false, "up": false, "down": false}}
2025-10-09 19:21:28,650 - game_server - INFO - log_game_event:61 - Игровое событие: обновление_позиции - {"client_id": 0, "position": {"x": 985, "y": 610}, "inputs": {"left": false, "right": false, "up": false, "down": false}}
2025-10-09 19:21:28,695 - game_server - INFO - log_game_event:61 - Игровое событие: обновление_позиции - {"client_id": 0, "position": {"x": 985, "y": 610}, "inputs": {"left": false, "right": false, "up": false, "down": false}}
2025-10-09 19:21:28,739 - game_server - INFO - log_game_event:61 - Игровое событие: обновление_позиции - {"client_id": 0, "position": {"x": 985, "y": 610}, "inputs": {"left": false, "right": false, "up": false, "down": false}}
2025-10-09 19:21:28,781 - game_server - INFO - log_game_event:61 - Игровое событие: обновление_позиции - {"client_id": 0, "position": {"x": 985, "y": 610}, "inputs": {"left": false, "right": false, "up": false, "down": false}}
2025-10-09 19:21:28,813 - game_server - INFO - log_game_event:61 - Игровое событие: обновление_позиции - {"client_id": 0, "position": {"x": 985, "y": 610}, "inputs": {"left": false, "right": false, "up": false, "down": false}}
2025-10-09 19:21:28,851 - game_server - INFO - log_game_event:61 - Игровое событие: обновление_позиции - {"client_id": 0, "position": {"x": 985, "y": 610}, "inputs": {"left": false, "right": false, "up": false, "down": false}}
2025-10-09 19:21:28,884 - game_server - INFO - log_game_event:61 - Игровое событие: обновление_позиции - {"client_id": 0, "position": {"x": 985, "y": 610}, "inputs": {"left": false, "right": false, "up": false, "down": false}}
2025-10-09 19:21:28,913 - game_server - INFO - log_game_event:61 - Игровое событие: обновление_позиции - {"client_id": 0, "position": {"x": 985, "y": 610}, "inputs": {"left": false, "right": false, "up": false, "down": false}}
2025-10-09 19:21:28,953 - game_server - INFO - log_game_event:61 - Игровое событие: обновление_позиции - {"client_id": 0, "position": {"x": 985, "y": 610}, "inputs": {"left": false, "right": false, "up": false, "down": false}}
2025-10-09 19:21:28,992 - game_server - INFO - log_game_event:61 - Игровое событие: обновление_позиции - {"client_id": 0, "position": {"x": 985, "y": 610}, "inputs": {"left": false, "right": false, "up": false, "down": false}}
2025-10-09 19:21:29,031 - game_server - INFO - log_game_event:61 - Игровое событие: обновление_позиции - {"client_id": 0, "position": {"x": 985, "y": 610}, "inputs": {"left": false, "right": false, "up": false, "down": false}}
2025-10-09 19:21:29,077 - game_server - INFO - log_game_event:61 - Игровое событие: обновление_позиции - {"client_id": 0, "position": {"x": 985, "y": 610}, "inputs": {"left": false, "right": false, "up": false, "down": false}}
2025-10-09 19:21:29,121 - game_server - INFO - log_game_event:61 - Игровое событие: обновление_позиции - {"client_id": 0, "position": {"x": 985, "y": 610}, "inputs": {"left": false, "right": false, "up": false, "down": false}}
2025-10-09 19:21:29,162 - game_server - INFO - log_game_event:61 - Игровое событие: обновление_позиции - {"client_id": 0, "position": {"x": 985, "y": 610}, "inputs": {"left": false, "right": false, "up": false, "down": false}}
2025-10-09 19:21:29,198 - game_server - INFO - log_game_event:61 - Игровое событие: обновление_позиции - {"client_id": 0, "position": {"x": 985, "y": 610}, "inputs": {"left": false, "right": false, "up": false, "down": false}}
2025-10-09 19:21:29,242 - game_server - INFO - log_game_event:61 - Игровое событие: обновление_позиции - {"client_id": 0, "position": {"x": 985, "y": 610}, "inputs": {"left": false, "right": false, "up": false, "down": false}}
2025-10-09 19:21:29,286 - game_server - INFO - log_game_event:61 - Игровое событие: обновление_позиции - {"client_id": 0, "position": {"x": 985, "y": 610}, "inputs": {"left": false, "right": false, "up": false, "down": false}}
2025-10-09 19:21:29,327 - game_server - INFO - log_game_event:61 - Игровое событие: обновление_позиции - {"client_id": 0, "position": {"x": 985, "y": 610}, "inputs": {"left": false, "right": false, "up": false, "down": false}}
2025-10-09 19:21:29,366 - game_server - INFO - log_game_event:61 - Игровое событие: обновление_позиции - {"client_id": 0, "position": {"x": 985, "y": 610}, "inputs": {"left": false, "right": false, "up": false, "down": false}}
2025-10-09 19:21:29,409 - game_server - INFO - log_game_event:61 - Игровое событие: обновление_позиции - {"client_id": 0, "position": {"x": 985, "y": 610}, "inputs": {"left": false, "right": false, "up": false, "down": false}}
2025-10-09 19:21:29,448 - game_server - INFO - log_game_event:61 - Игровое событие: обновление_позиции - {"client_id": 0, "position": {"x": 985, "y": 610}, "inputs": {"left": false, "right": false, "up": false, "down": false}}
2025-10-09 19:21:29,489 - game_server - INFO - log_game_event:61 - Игровое событие: обновление_позиции - {"client_id": 0, "position": {"x": 985, "y": 610}, "inputs": {"left": false, "right": false, "up": false, "down": false}}
2025-10-09 19:21:29,530 - game_server - INFO - log_game_event:61 - Игровое событие: обновление_позиции - {"client_id": 0, "position": {"x": 985, "y": 610}, "inputs": {"left": false, "right": false, "up": false, "down": false}}
2025-10-09 19:21:29,571 - game_server - INFO - log_game_event:61 - Игровое событие: обновление_позиции - {"client_id": 0, "position": {"x": 985, "y": 610}, "inputs": {"left": false, "right": false, "up": false, "down": false}}
2025-10-09 19:21:29,607 - game_server - INFO - log_game_event:61 - Игровое событие: обновление_позиции - {"client_id": 0, "position": {"x": 985, "y": 610}, "inputs": {"left": false, "right": false, "up": false, "down": false}}
2025-10-09 19:21:29,642 - game_server - INFO - log_game_event:61 - Игровое событие: обновление_позиции - {"client_id": 0, "position": {"x": 985, "y": 610}, "inputs": {"left": false, "right": false, "up": false, "down": false}}
2025-10-09 19:21:29,678 - game_server - INFO - log_game_event:61 - Игровое событие: обновление_позиции - {"client_id": 0, "position": {"x": 985, "y": 610}, "inputs": {"left": false, "right": false, "up": false, "down": false}}
2025-10-09 19:21:29,722 - game_server - INFO - log_game_event:61 - Игровое событие: обновление_позиции - {"client_id": 0, "position": {"x": 985, "y": 610}, "inputs": {"left": false, "right": false, "up": false, "down": false}}
2025-10-09 19:21:29,768 - game_server - INFO - log_game_event:61 - Игровое событие: обновление_позиции - {"client_id": 0, "position": {"x": 985, "y": 610}, "inputs": {"left": false, "right": false, "up": false, "down": false}}
2025-10-09 19:21:29,807 - game_server - INFO - log_game_event:61 - Игровое событие: обновление_позиции - {"client_id": 0, "position": {"x": 985, "y": 610}, "inputs": {"left": false, "right": false, "up": false, "down": false}}
2025-10-09 19:21:29,840 - game_server - INFO - log_game_event:61 - Игровое событие: обновление_позиции - {"client_id": 0, "position": {"x": 985, "y": 610}, "inputs": {"left": false, "right": false, "up": false, "down": false}}
2025-10-09 19:21:29,883 - game_server - INFO - log_game_event:61 - Игровое событие: обновление_позиции - {"client_id": 0, "position": {"x": 985, "y": 610}, "inputs": {"left": false, "right": false, "up": false, "down": false}}
2025-10-09 19:21:29,927 - game_server - INFO - log_game_event:61 - Игровое событие: обновление_позиции - {"client_id": 0, "position": {"x": 985, "y": 610}, "inputs": {"left": false, "right": false, "up": false, "down": false}}
2025-10-09 19:21:29,970 - game_server - INFO - log_game_event:61 - Игровое событие: обновление_позиции - {"client_id": 0, "position": {"x": 985, "y": 610}, "inputs": {"left": false, "right": false, "up": false, "down": false}}
2025-10-09 19:21:30,010 - game_server - INFO - log_game_event:61 - Игровое событие: обновление_позиции - {"client_id": 0, "position": {"x": 985, "y": 610}, "inputs": {"left": false, "right": false, "up": false, "down": false}}
2025-10-09 19:21:30,045 - game_server - INFO - log_game_event:61 - Игровое событие: обновление_позиции - {"client_id": 0, "position": {"x": 985, "y": 610}, "inputs": {"left": false, "right": false, "up": false, "down": false}}
2025-10-09 19:21:30,093 - game_server - INFO - log_game_event:61 - Игровое событие: обновление_позиции - {"client_id": 0, "position": {"x": 985, "y": 610}, "inputs": {"left": false, "right": false, "up": false, "down": false}}
2025-10-09 19:21:30,140 - game_server - INFO - log_game_event:61 - Игровое событие: обновление_позиции - {"client_id": 0, "position": {"x": 985, "y": 610}, "inputs": {"left": false, "right": false, "up": false, "down": false}}
2025-10-09 19:21:30,168 - game_server - INFO - log_game_event:61 - Игровое событие: обновление_позиции - {"client_id": 0, "position": {"x": 985, "y": 610}, "inputs": {"left": false, "right": false, "up": false, "down": false}}
2025-10-09 19:21:30,195 - game_server - INFO - log_game_event:61 - Игровое событие: обновление_позиции - {"client_id": 0, "position": {"x": 985, "y": 610}, "inputs": {"left": false, "right": false, "up": false, "down": false}}
2025-10-09 19:21:30,225 - game_server - INFO - log_game_event:61 - Игровое событие: обновление_позиции - {"client_id": 0, "position": {"x": 985, "y": 610}, "inputs": {"left": false, "right": false, "up": false, "down": false}}
2025-10-09 19:21:30,268 - game_server - INFO - log_game_event:61 - Игровое событие: обновление_позиции - {"client_id": 0, "position": {"x": 985, "y": 610}, "inputs": {"left": false, "right": false, "up": false, "down": false}}
2025-10-09 19:21:30,304 - game_server - INFO - log_game_event:61 - Игровое событие: обновление_позиции - {"client_id": 0, "position": {"x": 985, "y": 610}, "inputs": {"left": false, "right": false, "up": false, "down": false}}
2025-10-09 19:21:30,346 - game_server - INFO - log_game_event:61 - Игровое событие: обновление_позиции - {"client_id": 0, "position": {"x": 985, "y": 610}, "inputs": {"left": false, "right": false, "up": false, "down": false}}
2025-10-09 19:21:30,383 - game_server - INFO - log_game_event:61 - Игровое событие: обновление_позиции - {"client_id": 0, "position": {"x": 985, "y": 610}, "inputs": {"left": false, "right": false, "up": false, "down": false}}
2025-10-09 19:21:30,414 - game_server - INFO - log_game_event:61 - Игровое событие: обновление_позиции - {"client_id": 0, "position": {"x": 985, "y": 610}, "inputs": {"left": false, "right": false, "up": false, "down": false}}
2025-10-09 19:21:30,447 - game_server - INFO - log_game_event:61 - Игровое событие: обновление_позиции - {"client_id": 0, "position": {"x": 985, "y": 610}, "inputs": {"left": false, "right": false, "up": false, "down": false}}
2025-10-09 19:21:30,485 - game_server - INFO - log_game_event:61 - Игровое событие: обновление_позиции - {"client_id": 0, "position": {"x": 985, "y": 610}, "inputs": {"left": false, "right": false, "up": false, "down": false}}
2025-10-09 19:21:30,525 - game_server - INFO - log_game_event:61 - Игровое событие: обновление_позиции - {"client_id": 0, "position": {"x": 985, "y": 610}, "inputs": {"left": false, "right": false, "up": false, "down": false}}
2025-10-09 19:21:30,561 - game_server - INFO - log_game_event:61 - Игровое событие: обновление_позиции - {"client_id": 0, "position": {"x": 985, "y": 610}, "inputs": {"left": false, "right": false, "up": false, "down": false}}
2025-10-09 19:21:30,600 - game_server - INFO - log_game_event:61 - Игровое событие: обновление_позиции - {"client_id": 0, "position": {"x": 985, "y": 610}, "inputs": {"left": false, "right": false, "up": false, "down": false}}
2025-10-09 19:21:30,637 - game_server - INFO - log_game_event:61 - Игровое событие: обновление_позиции - {"client_id": 0, "position": {"x": 985, "y": 610}, "inputs": {"left": false, "right": false, "up": false, "down": false}}
2025-10-09 19:21:30,672 - game_server - INFO - log_game_event:61 - Игровое событие: обновление_позиции - {"client_id": 0, "position": {"x": 985, "y": 610}, "inputs": {"left": false, "right": false, "up": false, "down": false}}
2025-10-09 19:21:30,711 - game_server - INFO - log_game_event:61 - Игровое событие: обновление_позиции - {"client_id": 0, "position": {"x": 985, "y": 610}, "inputs": {"left": false, "right": false, "up": false, "down": false}}
2025-10-09 19:21:30,759 - game_server - INFO - log_game_event:61 - Игровое событие: обновление_позиции - {"client_id": 0, "position": {"x": 985, "y": 610}, "inputs": {"left": false, "right": false, "up": false, "down": false}}
2025-10-09 19:21:30,801 - game_server - INFO - log_game_event:61 - Игровое событие: обновление_позиции - {"client_id": 0, "position": {"x": 985, "y": 610}, "inputs": {"left": false, "right": false, "up": false, "down": false}}
2025-10-09 19:21:30,840 - game_server - INFO - log_game_event:61 - Игровое событие: обновление_позиции - {"client_id": 0, "position": {"x": 985, "y": 610}, "inputs": {"left": false, "right": false, "up": false, "down": false}}
2025-10-09 19:21:30,880 - game_server - INFO - log_game_event:61 - Игровое событие: обновление_позиции - {"client_id": 0, "position": {"x": 985, "y": 610}, "inputs": {"left": false, "right": false, "up": false, "down": false}}
2025-10-09 19:21:30,914 - game_server - INFO - log_game_event:61 - Игровое событие: обновление_позиции - {"client_id": 0, "position": {"x": 985, "y": 610}, "inputs": {"left": false, "right": false, "up": false, "down": false}}
2025-10-09 19:21:30,950 - game_server - INFO - log_game_event:61 - Игровое событие: обновление_позиции - {"client_id": 0, "position": {"x": 985, "y": 610}, "inputs": {"left": false, "right": false, "up": false, "down": false}}
2025-10-09 19:21:30,990 - game_server - INFO - log_game_event:61 - Игровое событие: обновление_позиции - {"client_id": 0, "position": {"x": 985, "y": 610}, "inputs": {"left": false, "right": false, "up": false, "down": false}}
2025-10-09 19:21:31,027 - game_server - INFO - log_game_event:61 - Игровое событие: обновление_позиции - {"client_id": 0, "position": {"x": 985, "y": 610}, "inputs": {"left": false, "right": false, "up": false, "down": false}}
2025-10-09 19:21:31,068 - game_server - INFO - log_game_event:61 - Игровое событие: обновление_позиции - {"client_id": 0, "position": {"x": 985, "y": 610}, "inputs": {"left": false, "right": false, "up": false, "down": false}}
2025-10-09 19:21:31,108 - game_server - INFO - log_game_event:61 - Игровое событие: обновление_позиции - {"client_id": 0, "position": {"x": 985, "y": 610}, "inputs": {"left": false, "right": false, "up": false, "down": false}}
2025-10-09 19:21:31,154 - game_server - INFO - log_game_event:61 - Игровое событие: обновление_позиции - {"client_id": 0, "position": {"x": 985, "y": 610}, "inputs": {"left": false, "right": false, "up": false, "down": false}}
2025-10-09 19:21:31,192 - game_server - INFO - log_game_event:61 - Игровое событие: обновление_позиции - {"client_id": 0, "position": {"x": 985, "y": 610}, "inputs": {"left": false, "right": false, "up": false, "down": false}}
2025-10-09 19:21:31,231 - game_server - INFO - log_game_event:61 - Игровое событие: обновление_позиции - {"client_id": 0, "position": {"x": 985, "y": 610}, "inputs": {"left": false, "right": false, "up": false, "down": false}}
2025-10-09 19:21:31,265 - game_server - INFO - log_game_event:61 - Игровое событие: обновление_позиции - {"client_id": 0, "position": {"x": 985, "y": 610}, "inputs": {"left": false, "right": false, "up": false, "down": false}}
2025-10-09 19:21:31,298 - game_server - INFO - log_game_event:61 - Игровое событие: обновление_позиции - {"client_id": 0, "position": {"x": 985, "y": 610}, "inputs": {"left": false, "right": false, "up": false, "down": false}}
2025-10-09 19:21:31,335 - game_server - INFO - log_game_event:61 - Игровое событие: обновление_позиции - {"client_id": 0, "position": {"x": 985, "y": 610}, "inputs": {"left": false, "right": false, "up": false, "down": false}}
2025-10-09 19:21:31,379 - game_server - INFO - log_game_event:61 - Игровое событие: обновление_позиции - {"client_id": 0, "position": {"x": 985, "y": 610}, "inputs": {"left": false, "right": false, "up": false, "down": false}}
2025-10-09 19:21:31,420 - game_server - INFO - log_game_event:61 - Игровое событие: обновление_позиции - {"client_id": 0, "position": {"x": 985, "y": 610}, "inputs": {"left": false, "right": false, "up": false, "down": false}}
2025-10-09 19:21:31,456 - game_server - INFO - log_game_event:61 - Игровое событие: обновление_позиции - {"client_id": 0, "position": {"x": 985, "y": 610}, "inputs": {"left": false, "right": false, "up": false, "down": false}}
2025-10-09 19:21:31,491 - game_server - INFO - log_game_event:61 - Игровое событие: обновление_позиции - {"client_id": 0, "position": {"x": 985, "y": 610}, "inputs": {"left": false, "right": false, "up": false, "down": false}}
2025-10-09 19:21:31,526 - game_server - INFO - log_game_event:61 - Игровое событие: обновление_позиции - {"client_id": 0, "position": {"x": 985, "y": 610}, "inputs": {"left": false, "right": false, "up": false, "down": false}}
2025-10-09 19:21:31,566 - game_server - INFO - log_game_event:61 - Игровое событие: обновление_позиции - {"client_id": 0, "position": {"x": 985, "y": 610}, "inputs": {"left": false, "right": false, "up": false, "down": false}}
2025-10-09 19:21:31,606 - game_server - INFO - log_game_event:61 - Игровое событие: обновление_позиции - {"client_id": 0, "position": {"x": 985, "y": 610}, "inputs": {"left": false, "right": false, "up": false, "down": false}}
2025-10-09 19:21:31,651 - game_server - INFO - log_game_event:61 - Игровое событие: обновление_позиции - {"client_id": 0, "position": {"x": 985, "y": 610}, "inputs": {"left": false, "right": false, "up": false, "down": false}}
2025-10-09 19:21:31,692 - game_server - INFO - log_game_event:61 - Игровое событие: обновление_позиции - {"client_id": 0, "position": {"x": 985, "y": 610}, "inputs": {"left": false, "right": false, "up": false, "down": false}}
2025-10-09 19:21:31,734 - game_server - INFO - log_game_event:61 - Игровое событие: обновление_позиции - {"client_id": 0, "position": {"x": 985, "y": 610}, "inputs": {"left": false, "right": false, "up": false, "down": false}}
2025-10-09 19:21:31,770 - game_server - INFO - log_game_event:61 - Игровое событие: обновление_позиции - {"client_id": 0, "position": {"x": 985, "y": 610}, "inputs": {"left": false, "right": false, "up": false, "down": false}}
2025-10-09 19:21:31,814 - game_server - INFO - log_game_event:61 - Игровое событие: обновление_позиции - {"client_id": 0, "position": {"x": 985, "y": 610}, "inputs": {"left": false, "right": false, "up": false, "down": false}}
2025-10-09 19:21:31,848 - game_server - INFO - log_game_event:61 - Игровое событие: обновление_позиции - {"client_id": 0, "position": {"x": 985, "y": 610}, "inputs": {"left": false, "right": false, "up": false, "down": false}}
2025-10-09 19:21:31,884 - game_server - INFO - log_game_event:61 - Игровое событие: обновление_позиции - {"client_id": 0, "position": {"x": 985, "y": 610}, "inputs": {"left": false, "right": false, "up": false, "down": false}}
2025-10-09 19:21:31,923 - game_server - INFO - log_game_event:61 - Игровое событие: обновление_позиции - {"client_id": 0, "position": {"x": 985, "y": 610}, "inputs": {"left": false, "right": false, "up": false, "down": false}}
2025-10-09 19:21:31,967 - game_server - INFO - log_game_event:61 - Игровое событие: обновление_позиции - {"client_id": 0, "position": {"x": 985, "y": 610}, "inputs": {"left": false, "right": false, "up": false, "down": false}}
2025-10-09 19:21:32,003 - game_server - INFO - log_game_event:61 - Игровое событие: обновление_позиции - {"client_id": 0, "position": {"x": 985, "y": 610}, "inputs": {"left": false, "right": false, "up": false, "down": false}}
2025-10-09 19:21:32,040 - game_server - INFO - log_game_event:61 - Игровое событие: обновление_позиции - {"client_id": 0, "position": {"x": 985, "y": 610}, "inputs": {"left": false, "right": false, "up": false, "down": false}}
2025-10-09 19:21:32,087 - game_server - INFO - log_game_event:61 - Игровое событие: обновление_позиции - {"client_id": 0, "position": {"x": 985, "y": 610}, "inputs": {"left": false, "right": false, "up": false, "down": false}}
2025-10-09 19:21:32,124 - game_server - INFO - log_game_event:61 - Игровое событие: обновление_позиции - {"client_id": 0, "position": {"x": 985, "y": 610}, "inputs": {"left": false, "right": false, "up": false, "down": false}}
2025-10-09 19:21:32,159 - game_server - INFO - log_game_event:61 - Игровое событие: обновление_позиции - {"client_id": 0, "position": {"x": 985, "y": 610}, "inputs": {"left": false, "right": false, "up": false, "down": false}}
2025-10-09 19:21:32,192 - game_server - INFO - log_game_event:61 - Игровое событие: обновление_позиции - {"client_id": 0, "position": {"x": 985, "y": 610}, "inputs": {"left": false, "right": false, "up": false, "down": false}}
2025-10-09 19:21:32,234 - game_server - INFO - log_game_event:61 - Игровое событие: обновление_позиции - {"client_id": 0, "position": {"x": 985, "y": 610}, "inputs": {"left": false, "right": false, "up": false, "down": false}}
2025-10-09 19:21:32,279 - game_server - INFO - log_game_event:61 - Игровое событие: обновление_позиции - {"client_id": 0, "position": {"x": 985, "y": 610}, "inputs": {"left": false, "right": false, "up": false, "down": false}}
2025-10-09 19:21:32,320 - game_server - INFO - log_game_event:61 - Игровое событие: обновление_позиции - {"client_id": 0, "position": {"x": 985, "y": 610}, "inputs": {"left": false, "right": false, "up": false, "down": false}}
2025-10-09 19:21:32,362 - game_server - INFO - log_game_event:61 - Игровое событие: обновление_позиции - {"client_id": 0, "position": {"x": 985, "y": 610}, "inputs": {"left": false, "right": false, "up": false, "down": false}}
2025-10-09 19:21:32,402 - game_server - INFO - log_game_event:61 - Игровое событие: обновление_позиции - {"client_id": 0, "position": {"x": 985, "y": 610}, "inputs": {"left": false, "right": false, "up": false, "down": false}}
2025-10-09 19:21:32,441 - game_server - INFO - log_game_event:61 - Игровое событие: обновление_позиции - {"client_id": 0, "position": {"x": 985, "y": 610}, "inputs": {"left": false, "right": false, "up": false, "down": false}}
2025-10-09 19:21:32,484 - game_server - INFO - log_game_event:61 - Игровое событие: обновление_позиции - {"client_id": 0, "position": {"x": 985, "y": 610}, "inputs": {"left": false, "right": false, "up": false, "down": false}}
2025-10-09 19:21:32,516 - game_server - INFO - log_game_event:61 - Игровое событие: обновление_позиции - {"client_id": 0, "position": {"x": 985, "y": 610}, "inputs": {"left": false, "right": false, "up": false, "down": false}}
2025-10-09 19:21:32,554 - game_server - INFO - log_game_event:61 - Игровое событие: обновление_позиции - {"client_id": 0, "position": {"x": 985, "y": 610}, "inputs": {"left": false, "right": false, "up": false, "down": false}}
2025-10-09 19:21:32,591 - game_server - INFO - log_game_event:61 - Игровое событие: обновление_позиции - {"client_id": 0, "position": {"x": 985, "y": 610}, "inputs": {"left": false, "right": false, "up": false, "down": false}}
2025-10-09 19:21:32,636 - game_server - INFO - log_game_event:61 - Игровое событие: обновление_позиции - {"client_id": 0, "position": {"x": 985, "y": 610}, "inputs": {"left": false, "right": false, "up": false, "down": false}}
2025-10-09 19:21:32,681 - game_server - INFO - log_game_event:61 - Игровое событие: обновление_позиции - {"client_id": 0, "position": {"x": 985, "y": 610}, "inputs": {"left": false, "right": false, "up": false, "down": false}}
2025-10-09 19:21:32,720 - game_server - INFO - log_game_event:61 - Игровое событие: обновление_позиции - {"client_id": 0, "position": {"x": 985, "y": 610}, "inputs": {"left": false, "right": false, "up": false, "down": false}}
2025-10-09 19:21:32,758 - game_server - INFO - log_game_event:61 - Игровое событие: обновление_позиции - {"client_id": 0, "position": {"x": 985, "y": 610}, "inputs": {"left": false, "right": false, "up": false, "down": false}}
2025-10-09 19:21:32,804 - game_server - INFO - log_game_event:61 - Игровое событие: обновление_позиции - {"client_id": 0, "position": {"x": 985, "y": 610}, "inputs": {"left": false, "right": false, "up": false, "down": false}}
2025-10-09 19:21:32,848 - game_server - INFO - log_game_event:61 - Игровое событие: обновление_позиции - {"client_id": 0, "position": {"x": 985, "y": 610}, "inputs": {"left": false, "right": false, "up": false, "down": false}}
2025-10-09 19:21:32,883 - game_server - INFO - log_game_event:61 - Игровое событие: обновление_позиции - {"client_id": 0, "position": {"x": 985, "y": 610}, "inputs": {"left": false, "right": false, "up": false, "down": false}}
2025-10-09 19:21:32,915 - game_server - INFO - log_game_event:61 - Игровое событие: обновление_позиции - {"client_id": 0, "position": {"x": 985, "y": 610}, "inputs": {"left": false, "right": false, "up": false, "down": false}}
2025-10-09 19:21:32,952 - game_server - INFO - log_game_event:61 - Игровое событие: обновление_позиции - {"client_id": 0, "position": {"x": 985, "y": 610}, "inputs": {"left": false, "right": false, "up": false, "down": false}}
2025-10-09 19:21:32,998 - game_server - INFO - log_game_event:61 - Игровое событие: обновление_позиции - {"client_id": 0, "position": {"x": 985, "y": 610}, "inputs": {"left": false, "right": false, "up": false, "down": false}}
2025-10-09 19:21:33,034 - game_server - INFO - log_game_event:61 - Игровое событие: обновление_позиции - {"client_id": 0, "position": {"x": 985, "y": 610}, "inputs": {"left": false, "right": false, "up": false, "down": false}}
2025-10-09 19:21:33,064 - game_server - INFO - log_game_event:61 - Игровое событие: обновление_позиции - {"client_id": 0, "position": {"x": 985, "y": 610}, "inputs": {"left": false, "right": false, "up": false, "down": false}}
2025-10-09 19:21:33,100 - game_server - INFO - log_game_event:61 - Игровое событие: обновление_позиции - {"client_id": 0, "position": {"x": 985, "y": 610}, "inputs": {"left": false, "right": false, "up": false, "down": false}}
2025-10-09 19:21:33,130 - game_server - INFO - log_game_event:61 - Игровое событие: обновление_позиции - {"client_id": 0, "position": {"x": 985, "y": 610}, "inputs": {"left": false, "right": false, "up": false, "down": false}}
2025-10-09 19:21:33,160 - game_server - INFO - log_game_event:61 - Игровое событие: обновление_позиции - {"client_id": 0, "position": {"x": 985, "y": 610}, "inputs": {"left": false, "right": false, "up": false, "down": false}}
2025-10-09 19:21:33,191 - game_server - INFO - log_game_event:61 - Игровое событие: обновление_позиции - {"client_id": 0, "position": {"x": 985, "y": 610}, "inputs": {"left": false, "right": false, "up": false, "down": false}}
2025-10-09 19:21:33,220 - game_server - INFO - log_game_event:61 - Игровое событие: обновление_позиции - {"client_id": 0, "position": {"x": 985, "y": 610}, "inputs": {"left": false, "right": false, "up": false, "down": false}}
2025-10-09 19:21:33,252 - game_server - INFO - log_game_event:61 - Игровое событие: обновление_позиции - {"client_id": 0, "position": {"x": 985, "y": 610}, "inputs": {"left": false, "right": false, "up": false, "down": false}}
2025-10-09 19:21:33,289 - game_server - INFO - log_game_event:61 - Игровое событие: обновление_позиции - {"client_id": 0, "position": {"x": 985, "y": 610}, "inputs": {"left": false, "right": false, "up": false, "down": false}}
2025-10-09 19:21:33,332 - game_server - INFO - log_game_event:61 - Игровое событие: обновление_позиции - {"client_id": 0, "position": {"x": 985, "y": 610}, "inputs": {"left": false, "right": false, "up": false, "down": false}}
2025-10-09 19:21:33,370 - game_server - INFO - log_game_event:61 - Игровое событие: обновление_позиции - {"client_id": 0, "position": {"x": 985, "y": 610}, "inputs": {"left": false, "right": false, "up": false, "down": false}}
2025-10-09 19:21:33,409 - game_server - INFO - log_game_event:61 - Игровое событие: обновление_позиции - {"client_id": 0, "position": {"x": 985, "y": 610}, "inputs": {"left": false, "right": false, "up": false, "down": false}}
2025-10-09 19:21:33,448 - game_server - INFO - log_game_event:61 - Игровое событие: обновление_позиции - {"client_id": 0, "position": {"x": 985, "y": 610}, "inputs": {"left": false, "right": false, "up": false, "down": false}}
2025-10-09 19:21:33,489 - game_server - INFO - log_game_event:61 - Игровое событие: обновление_позиции - {"client_id": 0, "position": {"x": 985, "y": 610}, "inputs": {"left": false, "right": false, "up": false, "down": false}}
2025-10-09 19:21:33,519 - game_server - INFO - log_game_event:61 - Игровое событие: обновление_позиции - {"client_id": 0, "position": {"x": 985, "y": 610}, "inputs": {"left": false, "right": false, "up": false, "down": false}}
2025-10-09 19:21:33,548 - game_server - INFO - log_game_event:61 - Игровое событие: обновление_позиции - {"client_id": 0, "position": {"x": 985, "y": 610}, "inputs": {"left": false, "right": false, "up": false, "down": false}}
2025-10-09 19:21:33,588 - game_server - INFO - log_game_event:61 - Игровое событие: обновление_позиции - {"client_id": 0, "position": {"x": 985, "y": 610}, "inputs": {"left": false, "right": false, "up": false, "down": false}}
2025-10-09 19:21:33,635 - game_server - INFO - log_game_event:61 - Игровое событие: обновление_позиции - {"client_id": 0, "position": {"x": 985, "y": 610}, "inputs": {"left": false, "right": false, "up": false, "down": false}}
2025-10-09 19:21:33,680 - game_server - INFO - log_game_event:61 - Игровое событие: обновление_позиции - {"client_id": 0, "position": {"x": 985, "y": 610}, "inputs": {"left": false, "right": false, "up": false, "down": false}}
2025-10-09 19:21:33,718 - game_server - INFO - log_game_event:61 - Игровое событие: обновление_позиции - {"client_id": 0, "position": {"x": 985, "y": 610}, "inputs": {"left": false, "right": false, "up": false, "down": false}}
2025-10-09 19:21:33,759 - game_server - INFO - log_game_event:61 - Игровое событие: обновление_позиции - {"client_id": 0, "position": {"x": 985, "y": 610}, "inputs": {"left": false, "right": false, "up": false, "down": false}}
2025-10-09 19:21:33,800 - game_server - INFO - log_game_event:61 - Игровое событие: обновление_позиции - {"client_id": 0, "position": {"x": 985, "y": 610}, "inputs": {"left": false, "right": false, "up": false, "down": false}}
2025-10-09 19:21:33,840 - game_server - INFO - log_game_event:61 - Игровое событие: обновление_позиции - {"client_id": 0, "position": {"x": 985, "y": 610}, "inputs": {"left": false, "right": false, "up": false, "down": false}}
2025-10-09 19:21:33,882 - game_server - INFO - log_game_event:61 - Игровое событие: обновление_позиции - {"client_id": 0, "position": {"x": 985, "y": 610}, "inputs": {"left": false, "right": false, "up": false, "down": false}}
2025-10-09 19:21:33,924 - game_server - INFO - log_game_event:61 - Игровое событие: обновление_позиции - {"client_id": 0, "position": {"x": 985, "y": 610}, "inputs": {"left": false, "right": false, "up": false, "down": false}}
2025-10-09 19:21:33,967 - game_server - INFO - log_game_event:61 - Игровое событие: обновление_позиции - {"client_id": 0, "position": {"x": 985, "y": 610}, "inputs": {"left": false, "right": false, "up": false, "down": false}}
2025-10-09 19:21:34,002 - game_server - INFO - log_game_event:61 - Игровое событие: обновление_позиции - {"client_id": 0, "position": {"x": 985, "y": 610}, "inputs": {"left": false, "right": false, "up": false, "down": false}}
2025-10-09 19:21:34,040 - game_server - INFO - log_game_event:61 - Игровое событие: обновление_позиции - {"client_id": 0, "position": {"x": 985, "y": 610}, "inputs": {"left": false, "right": false, "up": false, "down": false}}
2025-10-09 19:21:34,085 - game_server - INFO - log_game_event:61 - Игровое событие: обновление_позиции - {"client_id": 0, "position": {"x": 985, "y": 610}, "inputs": {"left": false, "right": false, "up": false, "down": false}}
2025-10-09 19:21:34,130 - game_server - INFO - log_game_event:61 - Игровое событие: обновление_позиции - {"client_id": 0, "position": {"x": 985, "y": 610}, "inputs": {"left": false, "right": false, "up": false, "down": false}}
2025-10-09 19:21:34,174 - game_server - INFO - log_game_event:61 - Игровое событие: обновление_позиции - {"client_id": 0, "position": {"x": 985, "y": 610}, "inputs": {"left": false, "right": false, "up": false, "down": false}}
2025-10-09 19:21:34,220 - game_server - INFO - log_game_event:61 - Игровое событие: обновление_позиции - {"client_id": 0, "position": {"x": 985, "y": 610}, "inputs": {"left": false, "right": false, "up": false, "down": false}}
2025-10-09 19:21:34,265 - game_server - INFO - log_game_event:61 - Игровое событие: обновление_позиции - {"client_id": 0, "position": {"x": 985, "y": 610}, "inputs": {"left": false, "right": false, "up": false, "down": false}}
2025-10-09 19:21:34,309 - game_server - INFO - log_game_event:61 - Игровое событие: обновление_позиции - {"client_id": 0, "position": {"x": 985, "y": 610}, "inputs": {"left": false, "right": false, "up": false, "down": false}}
2025-10-09 19:21:34,352 - game_server - INFO - log_game_event:61 - Игровое событие: обновление_позиции - {"client_id": 0, "position": {"x": 985, "y": 610}, "inputs": {"left": false, "right": false, "up": false, "down": false}}
2025-10-09 19:21:34,401 - game_server - INFO - log_game_event:61 - Игровое событие: обновление_позиции - {"client_id": 0, "position": {"x": 985, "y": 610}, "inputs": {"left": false, "right": false, "up": false, "down": false}}
2025-10-09 19:21:34,447 - game_server - INFO - log_game_event:61 - Игровое событие: обновление_позиции - {"client_id": 0, "position": {"x": 985, "y": 610}, "inputs": {"left": false, "right": false, "up": false, "down": false}}
2025-10-09 19:21:34,487 - game_server - INFO - log_game_event:61 - Игровое событие: обновление_позиции - {"client_id": 0, "position": {"x": 985, "y": 610}, "inputs": {"left": false, "right": false, "up": false, "down": false}}
2025-10-09 19:21:34,534 - game_server - INFO - log_game_event:61 - Игровое событие: обновление_позиции - {"client_id": 0, "position": {"x": 985, "y": 610}, "inputs": {"left": false, "right": false, "up": false, "down": false}}
2025-10-09 19:21:34,566 - game_server - INFO - log_game_event:61 - Игровое событие: обновление_позиции - {"client_id": 0, "position": {"x": 985, "y": 610}, "inputs": {"left": false, "right": false, "up": false, "down": false}}
2025-10-09 19:21:34,598 - game_server - INFO - log_game_event:61 - Игровое событие: обновление_позиции - {"client_id": 0, "position": {"x": 985, "y": 610}, "inputs": {"left": false, "right": false, "up": false, "down": false}}
2025-10-09 19:21:34,632 - game_server - INFO - log_game_event:61 - Игровое событие: обновление_позиции - {"client_id": 0, "position": {"x": 985, "y": 610}, "inputs": {"left": false, "right": false, "up": false, "down": false}}
2025-10-09 19:21:34,662 - game_server - INFO - log_game_event:61 - Игровое событие: обновление_позиции - {"client_id": 0, "position": {"x": 985, "y": 610}, "inputs": {"left": false, "right": false, "up": false, "down": false}}
2025-10-09 19:21:34,689 - game_server - INFO - log_game_event:61 - Игровое событие: обновление_позиции - {"client_id": 0, "position": {"x": 985, "y": 610}, "inputs": {"left": false, "right": false, "up": false, "down": false}}
2025-10-09 19:21:34,724 - game_server - INFO - log_game_event:61 - Игровое событие: обновление_позиции - {"client_id": 0, "position": {"x": 985, "y": 610}, "inputs": {"left": false, "right": false, "up": false, "down": false}}
2025-10-09 19:21:34,764 - game_server - INFO - log_game_event:61 - Игровое событие: обновление_позиции - {"client_id": 0, "position": {"x": 985, "y": 610}, "inputs": {"left": false, "right": false, "up": false, "down": false}}
2025-10-09 19:21:34,807 - game_server - INFO - log_game_event:61 - Игровое событие: обновление_позиции - {"client_id": 0, "position": {"x": 985, "y": 610}, "inputs": {"left": false, "right": false, "up": false, "down": false}}
2025-10-09 19:21:34,849 - game_server - INFO - log_game_event:61 - Игровое событие: обновление_позиции - {"client_id": 0, "position": {"x": 985, "y": 610}, "inputs": {"left": false, "right": false, "up": false, "down": false}}
2025-10-09 19:21:34,910 - game_server - INFO - log_game_event:61 - Игровое событие: обновление_позиции - {"client_id": 0, "position": {"x": 985, "y": 610}, "inputs": {"left": false, "right": false, "up": false, "down": false}}
2025-10-09 19:21:34,944 - game_server - INFO - log_game_event:61 - Игровое событие: обновление_позиции - {"client_id": 0, "position": {"x": 985, "y": 610}, "inputs": {"left": false, "right": false, "up": false, "down": false}}
2025-10-09 19:21:34,968 - game_server - INFO - log_game_event:61 - Игровое событие: обновление_позиции - {"client_id": 0, "position": {"x": 985, "y": 610}, "inputs": {"left": false, "right": false, "up": false, "down": false}}
2025-10-09 19:21:34,995 - game_server - INFO - log_game_event:61 - Игровое событие: обновление_позиции - {"client_id": 0, "position": {"x": 985, "y": 610}, "inputs": {"left": false, "right": false, "up": false, "down": false}}
2025-10-09 19:21:35,026 - game_server - INFO - log_game_event:61 - Игровое событие: обновление_позиции - {"client_id": 0, "position": {"x": 985, "y": 610}, "inputs": {"left": false, "right": false, "up": false, "down": false}}
2025-10-09 19:21:35,066 - game_server - INFO - log_game_event:61 - Игровое событие: обновление_позиции - {"client_id": 0, "position": {"x": 985, "y": 610}, "inputs": {"left": false, "right": false, "up": false, "down": false}}
2025-10-09 19:21:35,099 - game_server - INFO - log_game_event:61 - Игровое событие: обновление_позиции - {"client_id": 0, "position": {"x": 985, "y": 610}, "inputs": {"left": false, "right": false, "up": false, "down": false}}
2025-10-09 19:21:35,128 - game_server - INFO - log_game_event:61 - Игровое событие: обновление_позиции - {"client_id": 0, "position": {"x": 985, "y": 610}, "inputs": {"left": false, "right": false, "up": false, "down": false}}
2025-10-09 19:21:35,161 - game_server - INFO - log_game_event:61 - Игровое событие: обновление_позиции - {"client_id": 0, "position": {"x": 985, "y": 610}, "inputs": {"left": false, "right": false, "up": false, "down": false}}
2025-10-09 19:21:35,207 - game_server - INFO - log_game_event:61 - Игровое событие: обновление_позиции - {"client_id": 0, "position": {"x": 985, "y": 610}, "inputs": {"left": false, "right": false, "up": false, "down": false}}
2025-10-09 19:21:35,242 - game_server - INFO - log_game_event:61 - Игровое событие: обновление_позиции - {"client_id": 0, "position": {"x": 985, "y": 610}, "inputs": {"left": false, "right": false, "up": false, "down": false}}
2025-10-09 19:21:35,274 - game_server - INFO - log_game_event:61 - Игровое событие: обновление_позиции - {"client_id": 0, "position": {"x": 985, "y": 610}, "inputs": {"left": false, "right": false, "up": false, "down": false}}
2025-10-09 19:21:35,315 - game_server - INFO - log_game_event:61 - Игровое событие: обновление_позиции - {"client_id": 0, "position": {"x": 985, "y": 610}, "inputs": {"left": false, "right": false, "up": false, "down": false}}
2025-10-09 19:21:35,349 - game_server - INFO - log_game_event:61 - Игровое событие: обновление_позиции - {"client_id": 0, "position": {"x": 985, "y": 610}, "inputs": {"left": false, "right": false, "up": false, "down": false}}
2025-10-09 19:21:35,383 - game_server - INFO - log_game_event:61 - Игровое событие: обновление_позиции - {"client_id": 0, "position": {"x": 985, "y": 610}, "inputs": {"left": false, "right": false, "up": false, "down": false}}
2025-10-09 19:21:35,425 - game_server - INFO - log_game_event:61 - Игровое событие: обновление_позиции - {"client_id": 0, "position": {"x": 985, "y": 610}, "inputs": {"left": false, "right": false, "up": false, "down": false}}
2025-10-09 19:21:35,471 - game_server - INFO - log_game_event:61 - Игровое событие: обновление_позиции - {"client_id": 0, "position": {"x": 985, "y": 610}, "inputs": {"left": false, "right": false, "up": false, "down": false}}
2025-10-09 19:21:35,518 - game_server - INFO - log_game_event:61 - Игровое событие: обновление_позиции - {"client_id": 0, "position": {"x": 985, "y": 610}, "inputs": {"left": false, "right": false, "up": false, "down": false}}
2025-10-09 19:21:35,559 - game_server - INFO - log_game_event:61 - Игровое событие: обновление_позиции - {"client_id": 0, "position": {"x": 985, "y": 610}, "inputs": {"left": false, "right": false, "up": false, "down": false}}
2025-10-09 19:21:35,608 - game_server - INFO - log_game_event:61 - Игровое событие: обновление_позиции - {"client_id": 0, "position": {"x": 985, "y": 610}, "inputs": {"left": false, "right": false, "up": false, "down": false}}
2025-10-09 19:21:35,638 - game_server - INFO - log_game_event:61 - Игровое событие: обновление_позиции - {"client_id": 0, "position": {"x": 985, "y": 610}, "inputs": {"left": false, "right": false, "up": false, "down": false}}
2025-10-09 19:21:35,664 - game_server - INFO - log_game_event:61 - Игровое событие: обновление_позиции - {"client_id": 0, "position": {"x": 985, "y": 610}, "inputs": {"left": false, "right": false, "up": false, "down": false}}
2025-10-09 19:21:35,689 - game_server - INFO - log_game_event:61 - Игровое событие: обновление_позиции - {"client_id": 0, "position": {"x": 985, "y": 610}, "inputs": {"left": false, "right": false, "up": false, "down": false}}
2025-10-09 19:21:35,727 - game_server - INFO - log_game_event:61 - Игровое событие: обновление_позиции - {"client_id": 0, "position": {"x": 985, "y": 610}, "inputs": {"left": false, "right": false, "up": false, "down": false}}
2025-10-09 19:21:35,768 - game_server - INFO - log_game_event:61 - Игровое событие: обновление_позиции - {"client_id": 0, "position": {"x": 985, "y": 610}, "inputs": {"left": false, "right": false, "up": false, "down": false}}
2025-10-09 19:21:35,813 - game_server - INFO - log_game_event:61 - Игровое событие: обновление_позиции - {"client_id": 0, "position": {"x": 985, "y": 610}, "inputs": {"left": false, "right": false, "up": false, "down": false}}
2025-10-09 19:21:35,856 - game_server - INFO - log_game_event:61 - Игровое событие: обновление_позиции - {"client_id": 0, "position": {"x": 985, "y": 610}, "inputs": {"left": false, "right": false, "up": false, "down": false}}
2025-10-09 19:21:35,898 - game_server - INFO - log_game_event:61 - Игровое событие: обновление_позиции - {"client_id": 0, "position": {"x": 985, "y": 610}, "inputs": {"left": false, "right": false, "up": false, "down": false}}
2025-10-09 19:21:35,940 - game_server - INFO - log_game_event:61 - Игровое событие: обновление_позиции - {"client_id": 0, "position": {"x": 985, "y": 610}, "inputs": {"left": false, "right": false, "up": false, "down": false}}
2025-10-09 19:21:35,982 - game_server - INFO - log_game_event:61 - Игровое событие: обновление_позиции - {"client_id": 0, "position": {"x": 985, "y": 610}, "inputs": {"left": false, "right": false, "up": false, "down": false}}
2025-10-09 19:21:36,016 - game_server - INFO - log_game_event:61 - Игровое событие: обновление_позиции - {"client_id": 0, "position": {"x": 985, "y": 610}, "inputs": {"left": false, "right": false, "up": false, "down": false}}
2025-10-09 19:21:36,057 - game_server - INFO - log_game_event:61 - Игровое событие: обновление_позиции - {"client_id": 0, "position": {"x": 985, "y": 610}, "inputs": {"left": false, "right": false, "up": false, "down": false}}
2025-10-09 19:21:36,097 - game_server - INFO - log_game_event:61 - Игровое событие: обновление_позиции - {"client_id": 0, "position": {"x": 985, "y": 610}, "inputs": {"left": false, "right": false, "up": false, "down": false}}
2025-10-09 19:21:36,131 - game_server - INFO - log_game_event:61 - Игровое событие: обновление_позиции - {"client_id": 0, "position": {"x": 985, "y": 610}, "inputs": {"left": false, "right": false, "up": false, "down": false}}
2025-10-09 19:21:36,166 - game_server - INFO - log_game_event:61 - Игровое событие: обновление_позиции - {"client_id": 0, "position": {"x": 985, "y": 610}, "inputs": {"left": false, "right": false, "up": false, "down": false}}
2025-10-09 19:21:36,199 - game_server - INFO - log_game_event:61 - Игровое событие: обновление_позиции - {"client_id": 0, "position": {"x": 985, "y": 610}, "inputs": {"left": false, "right": false, "up": false, "down": false}}
2025-10-09 19:21:36,233 - game_server - INFO - log_game_event:61 - Игровое событие: обновление_позиции - {"client_id": 0, "position": {"x": 985, "y": 610}, "inputs": {"left": false, "right": false, "up": false, "down": false}}
2025-10-09 19:21:36,267 - game_server - INFO - log_game_event:61 - Игровое событие: обновление_позиции - {"client_id": 0, "position": {"x": 985, "y": 610}, "inputs": {"left": false, "right": false, "up": false, "down": false}}
2025-10-09 19:21:36,302 - game_server - INFO - log_game_event:61 - Игровое событие: обновление_позиции - {"client_id": 0, "position": {"x": 985, "y": 610}, "inputs": {"left": false, "right": false, "up": false, "down": false}}
2025-10-09 19:21:36,333 - game_server - INFO - log_game_event:61 - Игровое событие: обновление_позиции - {"client_id": 0, "position": {"x": 985, "y": 610}, "inputs": {"left": false, "right": false, "up": false, "down": false}}
2025-10-09 19:21:36,369 - game_server - INFO - log_game_event:61 - Игровое событие: обновление_позиции - {"client_id": 0, "position": {"x": 985, "y": 610}, "inputs": {"left": false, "right": false, "up": false, "down": false}}
2025-10-09 19:21:36,400 - game_server - INFO - log_game_event:61 - Игровое событие: обновление_позиции - {"client_id": 0, "position": {"x": 985, "y": 610}, "inputs": {"left": false, "right": false, "up": false, "down": false}}
2025-10-09 19:21:36,430 - game_server - INFO - log_game_event:61 - Игровое событие: обновление_позиции - {"client_id": 0, "position": {"x": 985, "y": 610}, "inputs": {"left": false, "right": false, "up": false, "down": false}}
2025-10-09 19:21:36,464 - game_server - INFO - log_game_event:61 - Игровое событие: обновление_позиции - {"client_id": 0, "position": {"x": 985, "y": 610}, "inputs": {"left": false, "right": false, "up": false, "down": false}}
2025-10-09 19:21:36,497 - game_server - INFO - log_game_event:61 - Игровое событие: обновление_позиции - {"client_id": 0, "position": {"x": 985, "y": 610}, "inputs": {"left": false, "right": false, "up": false, "down": false}}
2025-10-09 19:21:36,524 - game_server - INFO - log_game_event:61 - Игровое событие: обновление_позиции - {"client_id": 0, "position": {"x": 985, "y": 610}, "inputs": {"left": false, "right": false, "up": false, "down": false}}
2025-10-09 19:21:36,555 - game_server - INFO - log_game_event:61 - Игровое событие: обновление_позиции - {"client_id": 0, "position": {"x": 985, "y": 610}, "inputs": {"left": false, "right": false, "up": false, "down": false}}
2025-10-09 19:21:36,584 - game_server - INFO - log_game_event:61 - Игровое событие: обновление_позиции - {"client_id": 0, "position": {"x": 985, "y": 610}, "inputs": {"left": false, "right": false, "up": false, "down": false}}
2025-10-09 19:21:36,616 - game_server - INFO - log_game_event:61 - Игровое событие: обновление_позиции - {"client_id": 0, "position": {"x": 985, "y": 610}, "inputs": {"left": false, "right": false, "up": false, "down": false}}
2025-10-09 19:21:36,648 - game_server - INFO - log_game_event:61 - Игровое событие: обновление_позиции - {"client_id": 0, "position": {"x": 985, "y": 610}, "inputs": {"left": false, "right": false, "up": false, "down": false}}
2025-10-09 19:21:36,680 - game_server - INFO - log_game_event:61 - Игровое событие: обновление_позиции - {"client_id": 0, "position": {"x": 985, "y": 610}, "inputs": {"left": false, "right": false, "up": false, "down": false}}
2025-10-09 19:21:36,712 - game_server - INFO - log_game_event:61 - Игровое событие: обновление_позиции - {"client_id": 0, "position": {"x": 985, "y": 610}, "inputs": {"left": false, "right": false, "up": false, "down": false}}
2025-10-09 19:21:36,758 - game_server - INFO - log_game_event:61 - Игровое событие: обновление_позиции - {"client_id": 0, "position": {"x": 985, "y": 610}, "inputs": {"left": false, "right": false, "up": false, "down": false}}
2025-10-09 19:21:36,799 - game_server - INFO - log_game_event:61 - Игровое событие: обновление_позиции - {"client_id": 0, "position": {"x": 985, "y": 610}, "inputs": {"left": false, "right": false, "up": false, "down": false}}
2025-10-09 19:21:36,838 - game_server - INFO - log_game_event:61 - Игровое событие: обновление_позиции - {"client_id": 0, "position": {"x": 985, "y": 610}, "inputs": {"left": false, "right": false, "up": false, "down": false}}
2025-10-09 19:21:36,869 - game_server - INFO - log_game_event:61 - Игровое событие: обновление_позиции - {"client_id": 0, "position": {"x": 985, "y": 610}, "inputs": {"left": false, "right": false, "up": false, "down": false}}
2025-10-09 19:21:36,901 - game_server - INFO - log_game_event:61 - Игровое событие: обновление_позиции - {"client_id": 0, "position": {"x": 985, "y": 610}, "inputs": {"left": false, "right": false, "up": false, "down": false}}
2025-10-09 19:21:36,937 - game_server - INFO - log_game_event:61 - Игровое событие: обновление_позиции - {"client_id": 0, "position": {"x": 985, "y": 610}, "inputs": {"left": false, "right": false, "up": false, "down": false}}
2025-10-09 19:21:36,979 - game_server - INFO - log_game_event:61 - Игровое событие: обновление_позиции - {"client_id": 0, "position": {"x": 985, "y": 610}, "inputs": {"left": false, "right": false, "up": false, "down": false}}
2025-10-09 19:21:37,022 - game_server - INFO - log_game_event:61 - Игровое событие: обновление_позиции - {"client_id": 0, "position": {"x": 985, "y": 610}, "inputs": {"left": false, "right": false, "up": false, "down": false}}
2025-10-09 19:21:37,067 - game_server - INFO - log_game_event:61 - Игровое событие: обновление_позиции - {"client_id": 0, "position": {"x": 985, "y": 610}, "inputs": {"left": false, "right": false, "up": false, "down": false}}
2025-10-09 19:21:37,107 - game_server - INFO - log_game_event:61 - Игровое событие: обновление_позиции - {"client_id": 0, "position": {"x": 985, "y": 610}, "inputs": {"left": false, "right": false, "up": false, "down": false}}
2025-10-09 19:21:37,154 - game_server - INFO - log_game_event:61 - Игровое событие: обновление_позиции - {"client_id": 0, "position": {"x": 985, "y": 610}, "inputs": {"left": false, "right": false, "up": false, "down": false}}
2025-10-09 19:21:37,197 - game_server - INFO - log_game_event:61 - Игровое событие: обновление_позиции - {"client_id": 0, "position": {"x": 985, "y": 610}, "inputs": {"left": false, "right": false, "up": false, "down": false}}
2025-10-09 19:21:37,236 - game_server - INFO - log_game_event:61 - Игровое событие: обновление_позиции - {"client_id": 0, "position": {"x": 985, "y": 610}, "inputs": {"left": false, "right": false, "up": false, "down": false}}
2025-10-09 19:21:37,271 - game_server - INFO - log_game_event:61 - Игровое событие: обновление_позиции - {"client_id": 0, "position": {"x": 985, "y": 610}, "inputs": {"left": false, "right": false, "up": false, "down": false}}
2025-10-09 19:21:37,307 - game_server - INFO - log_game_event:61 - Игровое событие: обновление_позиции - {"client_id": 0, "position": {"x": 985, "y": 610}, "inputs": {"left": false, "right": false, "up": false, "down": false}}
2025-10-09 19:21:37,347 - game_server - INFO - log_game_event:61 - Игровое событие: обновление_позиции - {"client_id": 0, "position": {"x": 985, "y": 610}, "inputs": {"left": false, "right": false, "up": false, "down": false}}
2025-10-09 19:21:37,382 - game_server - INFO - log_game_event:61 - Игровое событие: обновление_позиции - {"client_id": 0, "position": {"x": 985, "y": 610}, "inputs": {"left": false, "right": false, "up": false, "down": false}}
2025-10-09 19:21:37,416 - game_server - INFO - log_game_event:61 - Игровое событие: обновление_позиции - {"client_id": 0, "position": {"x": 985, "y": 610}, "inputs": {"left": false, "right": false, "up": false, "down": false}}
2025-10-09 19:21:37,451 - game_server - INFO - log_game_event:61 - Игровое событие: обновление_позиции - {"client_id": 0, "position": {"x": 985, "y": 610}, "inputs": {"left": false, "right": false, "up": false, "down": false}}
2025-10-09 19:21:37,493 - game_server - INFO - log_game_event:61 - Игровое событие: обновление_позиции - {"client_id": 0, "position": {"x": 985, "y": 610}, "inputs": {"left": false, "right": false, "up": false, "down": false}}
2025-10-09 19:21:37,535 - game_server - INFO - log_game_event:61 - Игровое событие: обновление_позиции - {"client_id": 0, "position": {"x": 985, "y": 610}, "inputs": {"left": false, "right": false, "up": false, "down": false}}
2025-10-09 19:21:37,570 - game_server - INFO - log_game_event:61 - Игровое событие: обновление_позиции - {"client_id": 0, "position": {"x": 985, "y": 610}, "inputs": {"left": false, "right": false, "up": false, "down": false}}
2025-10-09 19:21:37,603 - game_server - INFO - log_game_event:61 - Игровое событие: обновление_позиции - {"client_id": 0, "position": {"x": 985, "y": 610}, "inputs": {"left": false, "right": false, "up": false, "down": false}}
2025-10-09 19:21:37,640 - game_server - INFO - log_game_event:61 - Игровое событие: обновление_позиции - {"client_id": 0, "position": {"x": 985, "y": 610}, "inputs": {"left": false, "right": false, "up": false, "down": false}}
2025-10-09 19:21:37,682 - game_server - INFO - log_game_event:61 - Игровое событие: обновление_позиции - {"client_id": 0, "position": {"x": 985, "y": 610}, "inputs": {"left": false, "right": false, "up": false, "down": false}}
2025-10-09 19:21:37,716 - game_server - INFO - log_game_event:61 - Игровое событие: обновление_позиции - {"client_id": 0, "position": {"x": 985, "y": 610}, "inputs": {"left": false, "right": false, "up": false, "down": false}}
2025-10-09 19:21:37,760 - game_server - INFO - log_game_event:61 - Игровое событие: обновление_позиции - {"client_id": 0, "position": {"x": 985, "y": 610}, "inputs": {"left": false, "right": false, "up": false, "down": false}}
2025-10-09 19:21:37,799 - game_server - INFO - log_game_event:61 - Игровое событие: обновление_позиции - {"client_id": 0, "position": {"x": 985, "y": 610}, "inputs": {"left": false, "right": false, "up": false, "down": false}}
2025-10-09 19:21:37,839 - game_server - INFO - log_game_event:61 - Игровое событие: обновление_позиции - {"client_id": 0, "position": {"x": 985, "y": 610}, "inputs": {"left": false, "right": false, "up": false, "down": false}}
2025-10-09 19:21:37,878 - game_server - INFO - log_game_event:61 - Игровое событие: обновление_позиции - {"client_id": 0, "position": {"x": 985, "y": 610}, "inputs": {"left": false, "right": false, "up": false, "down": false}}
2025-10-09 19:21:37,906 - game_server - INFO - log_game_event:61 - Игровое событие: обновление_позиции - {"client_id": 0, "position": {"x": 985, "y": 610}, "inputs": {"left": false, "right": false, "up": false, "down": false}}
2025-10-09 19:21:37,939 - game_server - INFO - log_game_event:61 - Игровое событие: обновление_позиции - {"client_id": 0, "position": {"x": 985, "y": 610}, "inputs": {"left": false, "right": false, "up": false, "down": false}}
2025-10-09 19:21:37,983 - game_server - INFO - log_game_event:61 - Игровое событие: обновление_позиции - {"client_id": 0, "position": {"x": 985, "y": 610}, "inputs": {"left": false, "right": false, "up": false, "down": false}}
2025-10-09 19:21:38,024 - game_server - INFO - log_game_event:61 - Игровое событие: обновление_позиции - {"client_id": 0, "position": {"x": 985, "y": 610}, "inputs": {"left": false, "right": false, "up": false, "down": false}}
2025-10-09 19:21:38,060 - game_server - INFO - log_game_event:61 - Игровое событие: обновление_позиции - {"client_id": 0, "position": {"x": 985, "y": 610}, "inputs": {"left": false, "right": false, "up": false, "down": false}}
2025-10-09 19:21:38,092 - game_server - INFO - log_game_event:61 - Игровое событие: обновление_позиции - {"client_id": 0, "position": {"x": 985, "y": 610}, "inputs": {"left": false, "right": false, "up": false, "down": false}}
2025-10-09 19:21:38,121 - game_server - INFO - log_game_event:61 - Игровое событие: обновление_позиции - {"client_id": 0, "position": {"x": 985, "y": 610}, "inputs": {"left": false, "right": false, "up": false, "down": false}}
2025-10-09 19:21:38,154 - game_server - INFO - log_game_event:61 - Игровое событие: обновление_позиции - {"client_id": 0, "position": {"x": 985, "y": 610}, "inputs": {"left": false, "right": false, "up": false, "down": false}}
2025-10-09 19:21:38,196 - game_server - INFO - log_game_event:61 - Игровое событие: обновление_позиции - {"client_id": 0, "position": {"x": 985, "y": 610}, "inputs": {"left": false, "right": false, "up": false, "down": false}}
2025-10-09 19:21:38,225 - game_server - INFO - log_game_event:61 - Игровое событие: обновление_позиции - {"client_id": 0, "position": {"x": 985, "y": 610}, "inputs": {"left": false, "right": false, "up": false, "down": false}}
2025-10-09 19:21:38,266 - game_server - INFO - log_game_event:61 - Игровое событие: обновление_позиции - {"client_id": 0, "position": {"x": 985, "y": 610}, "inputs": {"left": false, "right": false, "up": false, "down": false}}
2025-10-09 19:21:38,304 - game_server - INFO - log_game_event:61 - Игровое событие: обновление_позиции - {"client_id": 0, "position": {"x": 985, "y": 610}, "inputs": {"left": false, "right": false, "up": false, "down": false}}
2025-10-09 19:21:38,338 - game_server - INFO - log_game_event:61 - Игровое событие: обновление_позиции - {"client_id": 0, "position": {"x": 985, "y": 610}, "inputs": {"left": false, "right": false, "up": false, "down": false}}
2025-10-09 19:21:38,372 - game_server - INFO - log_game_event:61 - Игровое событие: обновление_позиции - {"client_id": 0, "position": {"x": 985, "y": 610}, "inputs": {"left": false, "right": false, "up": false, "down": false}}
2025-10-09 19:21:38,409 - game_server - INFO - log_game_event:61 - Игровое событие: обновление_позиции - {"client_id": 0, "position": {"x": 985, "y": 610}, "inputs": {"left": false, "right": false, "up": false, "down": false}}
2025-10-09 19:21:38,450 - game_server - INFO - log_game_event:61 - Игровое событие: обновление_позиции - {"client_id": 0, "position": {"x": 985, "y": 610}, "inputs": {"left": false, "right": false, "up": false, "down": false}}
2025-10-09 19:21:38,486 - game_server - INFO - log_game_event:61 - Игровое событие: обновление_позиции - {"client_id": 0, "position": {"x": 985, "y": 610}, "inputs": {"left": false, "right": false, "up": false, "down": false}}
2025-10-09 19:21:38,527 - game_server - INFO - log_game_event:61 - Игровое событие: обновление_позиции - {"client_id": 0, "position": {"x": 985, "y": 610}, "inputs": {"left": false, "right": false, "up": false, "down": false}}
2025-10-09 19:21:38,572 - game_server - INFO - log_game_event:61 - Игровое событие: обновление_позиции - {"client_id": 0, "position": {"x": 985, "y": 610}, "inputs": {"left": false, "right": false, "up": false, "down": false}}
2025-10-09 19:21:38,622 - game_server - INFO - log_game_event:61 - Игровое событие: обновление_позиции - {"client_id": 0, "position": {"x": 985, "y": 610}, "inputs": {"left": false, "right": false, "up": false, "down": false}}
2025-10-09 19:21:38,661 - game_server - INFO - log_game_event:61 - Игровое событие: обновление_позиции - {"client_id": 0, "position": {"x": 985, "y": 610}, "inputs": {"left": false, "right": false, "up": false, "down": false}}
2025-10-09 19:21:38,692 - game_server - INFO - log_game_event:61 - Игровое событие: обновление_позиции - {"client_id": 0, "position": {"x": 985, "y": 610}, "inputs": {"left": false, "right": false, "up": false, "down": false}}
2025-10-09 19:21:38,732 - game_server - INFO - log_game_event:61 - Игровое событие: обновление_позиции - {"client_id": 0, "position": {"x": 985, "y": 610}, "inputs": {"left": false, "right": false, "up": false, "down": false}}
2025-10-09 19:21:38,771 - game_server - INFO - log_game_event:61 - Игровое событие: обновление_позиции - {"client_id": 0, "position": {"x": 985, "y": 610}, "inputs": {"left": false, "right": false, "up": false, "down": false}}
2025-10-09 19:21:38,816 - game_server - INFO - log_game_event:61 - Игровое событие: обновление_позиции - {"client_id": 0, "position": {"x": 985, "y": 610}, "inputs": {"left": false, "right": false, "up": false, "down": false}}
2025-10-09 19:21:38,850 - game_server - INFO - log_game_event:61 - Игровое событие: обновление_позиции - {"client_id": 0, "position": {"x": 985, "y": 610}, "inputs": {"left": false, "right": false, "up": false, "down": false}}
2025-10-09 19:21:38,891 - game_server - INFO - log_game_event:61 - Игровое событие: обновление_позиции - {"client_id": 0, "position": {"x": 985, "y": 610}, "inputs": {"left": false, "right": false, "up": false, "down": false}}
2025-10-09 19:21:38,935 - game_server - INFO - log_game_event:61 - Игровое событие: обновление_позиции - {"client_id": 0, "position": {"x": 985, "y": 610}, "inputs": {"left": false, "right": false, "up": false, "down": false}}
2025-10-09 19:21:38,978 - game_server - INFO - log_game_event:61 - Игровое событие: обновление_позиции - {"client_id": 0, "position": {"x": 985, "y": 610}, "inputs": {"left": false, "right": false, "up": false, "down": false}}
2025-10-09 19:21:39,028 - game_server - INFO - log_game_event:61 - Игровое событие: обновление_позиции - {"client_id": 0, "position": {"x": 985, "y": 610}, "inputs": {"left": false, "right": false, "up": false, "down": false}}
2025-10-09 19:21:39,069 - game_server - INFO - log_game_event:61 - Игровое событие: обновление_позиции - {"client_id": 0, "position": {"x": 985, "y": 610}, "inputs": {"left": false, "right": false, "up": false, "down": false}}
2025-10-09 19:21:39,094 - game_server - INFO - log_game_event:61 - Игровое событие: обновление_позиции - {"client_id": 0, "position": {"x": 985, "y": 610}, "inputs": {"left": false, "right": false, "up": false, "down": false}}
2025-10-09 19:21:39,127 - game_server - INFO - log_game_event:61 - Игровое событие: обновление_позиции - {"client_id": 0, "position": {"x": 985, "y": 610}, "inputs": {"left": false, "right": false, "up": false, "down": false}}
2025-10-09 19:21:39,164 - game_server - INFO - log_game_event:61 - Игровое событие: обновление_позиции - {"client_id": 0, "position": {"x": 985, "y": 610}, "inputs": {"left": false, "right": false, "up": false, "down": false}}
2025-10-09 19:21:39,195 - game_server - INFO - log_game_event:61 - Игровое событие: обновление_позиции - {"client_id": 0, "position": {"x": 985, "y": 610}, "inputs": {"left": false, "right": false, "up": false, "down": false}}
2025-10-09 19:21:39,227 - game_server - INFO - log_game_event:61 - Игровое событие: обновление_позиции - {"client_id": 0, "position": {"x": 985, "y": 610}, "inputs": {"left": false, "right": false, "up": false, "down": false}}
2025-10-09 19:21:39,270 - game_server - INFO - log_game_event:61 - Игровое событие: обновление_позиции - {"client_id": 0, "position": {"x": 985, "y": 610}, "inputs": {"left": false, "right": false, "up": false, "down": false}}
2025-10-09 19:21:39,312 - game_server - INFO - log_game_event:61 - Игровое событие: обновление_позиции - {"client_id": 0, "position": {"x": 985, "y": 610}, "inputs": {"left": false, "right": false, "up": false, "down": false}}
2025-10-09 19:21:39,357 - game_server - INFO - log_game_event:61 - Игровое событие: обновление_позиции - {"client_id": 0, "position": {"x": 985, "y": 610}, "inputs": {"left": false, "right": false, "up": false, "down": false}}
2025-10-09 19:21:39,405 - game_server - INFO - log_game_event:61 - Игровое событие: обновление_позиции - {"client_id": 0, "position": {"x": 985, "y": 610}, "inputs": {"left": false, "right": false, "up": false, "down": false}}
2025-10-09 19:21:39,454 - game_server - INFO - log_game_event:61 - Игровое событие: обновление_позиции - {"client_id": 0, "position": {"x": 985, "y": 610}, "inputs": {"left": false, "right": false, "up": false, "down": false}}
2025-10-09 19:21:39,492 - game_server - INFO - log_game_event:61 - Игровое событие: обновление_позиции - {"client_id": 0, "position": {"x": 985, "y": 610}, "inputs": {"left": false, "right": false, "up": false, "down": false}}
2025-10-09 19:21:39,531 - game_server - INFO - log_game_event:61 - Игровое событие: обновление_позиции - {"client_id": 0, "position": {"x": 985, "y": 610}, "inputs": {"left": false, "right": false, "up": false, "down": false}}
2025-10-09 19:21:39,568 - game_server - INFO - log_game_event:61 - Игровое событие: обновление_позиции - {"client_id": 0, "position": {"x": 985, "y": 610}, "inputs": {"left": false, "right": false, "up": false, "down": false}}
2025-10-09 19:21:39,602 - game_server - INFO - log_game_event:61 - Игровое событие: обновление_позиции - {"client_id": 0, "position": {"x": 985, "y": 610}, "inputs": {"left": false, "right": false, "up": false, "down": false}}
2025-10-09 19:21:39,634 - game_server - INFO - log_game_event:61 - Игровое событие: обновление_позиции - {"client_id": 0, "position": {"x": 985, "y": 610}, "inputs": {"left": false, "right": false, "up": false, "down": false}}
2025-10-09 19:21:39,666 - game_server - INFO - log_game_event:61 - Игровое событие: обновление_позиции - {"client_id": 0, "position": {"x": 985, "y": 610}, "inputs": {"left": false, "right": false, "up": false, "down": false}}
2025-10-09 19:21:39,694 - game_server - INFO - log_game_event:61 - Игровое событие: обновление_позиции - {"client_id": 0, "position": {"x": 985, "y": 610}, "inputs": {"left": false, "right": false, "up": false, "down": false}}
2025-10-09 19:21:39,723 - game_server - INFO - log_game_event:61 - Игровое событие: обновление_позиции - {"client_id": 0, "position": {"x": 985, "y": 610}, "inputs": {"left": false, "right": false, "up": false, "down": false}}
2025-10-09 19:21:39,762 - game_server - INFO - log_game_event:61 - Игровое событие: обновление_позиции - {"client_id": 0, "position": {"x": 985, "y": 610}, "inputs": {"left": false, "right": false, "up": false, "down": false}}
2025-10-09 19:21:39,800 - game_server - INFO - log_game_event:61 - Игровое событие: обновление_позиции - {"client_id": 0, "position": {"x": 985, "y": 610}, "inputs": {"left": false, "right": false, "up": false, "down": false}}
2025-10-09 19:21:39,840 - game_server - INFO - log_game_event:61 - Игровое событие: обновление_позиции - {"client_id": 0, "position": {"x": 985, "y": 610}, "inputs": {"left": false, "right": false, "up": false, "down": false}}
2025-10-09 19:21:39,882 - game_server - INFO - log_game_event:61 - Игровое событие: обновление_позиции - {"client_id": 0, "position": {"x": 985, "y": 610}, "inputs": {"left": false, "right": false, "up": false, "down": false}}
2025-10-09 19:21:39,929 - game_server - INFO - log_game_event:61 - Игровое событие: обновление_позиции - {"client_id": 0, "position": {"x": 985, "y": 610}, "inputs": {"left": false, "right": false, "up": false, "down": false}}
2025-10-09 19:21:39,977 - game_server - INFO - log_game_event:61 - Игровое событие: обновление_позиции - {"client_id": 0, "position": {"x": 985, "y": 610}, "inputs": {"left": false, "right": false, "up": false, "down": false}}
2025-10-09 19:21:40,017 - game_server - INFO - log_game_event:61 - Игровое событие: обновление_позиции - {"client_id": 0, "position": {"x": 985, "y": 610}, "inputs": {"left": false, "right": false, "up": false, "down": false}}
2025-10-09 19:21:40,052 - game_server - INFO - log_game_event:61 - Игровое событие: обновление_позиции - {"client_id": 0, "position": {"x": 985, "y": 610}, "inputs": {"left": false, "right": false, "up": false, "down": false}}
2025-10-09 19:21:40,087 - game_server - INFO - log_game_event:61 - Игровое событие: обновление_позиции - {"client_id": 0, "position": {"x": 985, "y": 610}, "inputs": {"left": false, "right": false, "up": false, "down": false}}
2025-10-09 19:21:40,122 - game_server - INFO - log_game_event:61 - Игровое событие: обновление_позиции - {"client_id": 0, "position": {"x": 985, "y": 610}, "inputs": {"left": false, "right": false, "up": false, "down": false}}
2025-10-09 19:21:40,167 - game_server - INFO - log_game_event:61 - Игровое событие: обновление_позиции - {"client_id": 0, "position": {"x": 985, "y": 610}, "inputs": {"left": false, "right": false, "up": false, "down": false}}
2025-10-09 19:21:40,210 - game_server - INFO - log_game_event:61 - Игровое событие: обновление_позиции - {"client_id": 0, "position": {"x": 985, "y": 610}, "inputs": {"left": false, "right": false, "up": false, "down": false}}
2025-10-09 19:21:40,252 - game_server - INFO - log_game_event:61 - Игровое событие: обновление_позиции - {"client_id": 0, "position": {"x": 985, "y": 610}, "inputs": {"left": false, "right": false, "up": false, "down": false}}
2025-10-09 19:21:40,297 - game_server - INFO - log_game_event:61 - Игровое событие: обновление_позиции - {"client_id": 0, "position": {"x": 985, "y": 610}, "inputs": {"left": false, "right": false, "up": false, "down": false}}
2025-10-09 19:21:40,341 - game_server - INFO - log_game_event:61 - Игровое событие: обновление_позиции - {"client_id": 0, "position": {"x": 985, "y": 610}, "inputs": {"left": false, "right": false, "up": false, "down": false}}
2025-10-09 19:21:40,382 - game_server - INFO - log_game_event:61 - Игровое событие: обновление_позиции - {"client_id": 0, "position": {"x": 985, "y": 610}, "inputs": {"left": false, "right": false, "up": false, "down": false}}
2025-10-09 19:21:40,431 - game_server - INFO - log_game_event:61 - Игровое событие: обновление_позиции - {"client_id": 0, "position": {"x": 985, "y": 610}, "inputs": {"left": false, "right": false, "up": false, "down": false}}
2025-10-09 19:21:40,474 - game_server - INFO - log_game_event:61 - Игровое событие: обновление_позиции - {"client_id": 0, "position": {"x": 985, "y": 610}, "inputs": {"left": false, "right": false, "up": false, "down": false}}
2025-10-09 19:21:40,521 - game_server - INFO - log_game_event:61 - Игровое событие: обновление_позиции - {"client_id": 0, "position": {"x": 985, "y": 610}, "inputs": {"left": false, "right": false, "up": false, "down": false}}
2025-10-09 19:21:40,567 - game_server - INFO - log_game_event:61 - Игровое событие: обновление_позиции - {"client_id": 0, "position": {"x": 985, "y": 610}, "inputs": {"left": false, "right": false, "up": false, "down": false}}
2025-10-09 19:21:40,612 - game_server - INFO - log_game_event:61 - Игровое событие: обновление_позиции - {"client_id": 0, "position": {"x": 985, "y": 610}, "inputs": {"left": false, "right": false, "up": false, "down": false}}
2025-10-09 19:21:40,656 - game_server - INFO - log_game_event:61 - Игровое событие: обновление_позиции - {"client_id": 0, "position": {"x": 985, "y": 610}, "inputs": {"left": false, "right": false, "up": false, "down": false}}
2025-10-09 19:21:40,692 - game_server - INFO - log_game_event:61 - Игровое событие: обновление_позиции - {"client_id": 0, "position": {"x": 985, "y": 610}, "inputs": {"left": false, "right": false, "up": false, "down": false}}
2025-10-09 19:21:40,735 - game_server - INFO - log_game_event:61 - Игровое событие: обновление_позиции - {"client_id": 0, "position": {"x": 985, "y": 610}, "inputs": {"left": false, "right": false, "up": false, "down": false}}
2025-10-09 19:21:40,777 - game_server - INFO - log_game_event:61 - Игровое событие: обновление_позиции - {"client_id": 0, "position": {"x": 985, "y": 610}, "inputs": {"left": false, "right": false, "up": false, "down": false}}
2025-10-09 19:21:40,821 - game_server - INFO - log_game_event:61 - Игровое событие: обновление_позиции - {"client_id": 0, "position": {"x": 985, "y": 610}, "inputs": {"left": false, "right": false, "up": false, "down": false}}
2025-10-09 19:21:40,861 - game_server - INFO - log_game_event:61 - Игровое событие: обновление_позиции - {"client_id": 0, "position": {"x": 985, "y": 610}, "inputs": {"left": false, "right": false, "up": false, "down": false}}
2025-10-09 19:21:40,905 - game_server - INFO - log_game_event:61 - Игровое событие: обновление_позиции - {"client_id": 0, "position": {"x": 985, "y": 610}, "inputs": {"left": false, "right": false, "up": false, "down": false}}
2025-10-09 19:21:40,948 - game_server - INFO - log_game_event:61 - Игровое событие: обновление_позиции - {"client_id": 0, "position": {"x": 985, "y": 610}, "inputs": {"left": false, "right": false, "up": false, "down": false}}
2025-10-09 19:21:40,989 - game_server - INFO - log_game_event:61 - Игровое событие: обновление_позиции - {"client_id": 0, "position": {"x": 985, "y": 610}, "inputs": {"left": false, "right": false, "up": false, "down": false}}
2025-10-09 19:21:41,027 - game_server - INFO - log_game_event:61 - Игровое событие: обновление_позиции - {"client_id": 0, "position": {"x": 985, "y": 610}, "inputs": {"left": false, "right": false, "up": false, "down": false}}
2025-10-09 19:21:41,069 - game_server - INFO - log_game_event:61 - Игровое событие: обновление_позиции - {"client_id": 0, "position": {"x": 985, "y": 610}, "inputs": {"left": false, "right": false, "up": false, "down": false}}
2025-10-09 19:21:41,110 - game_server - INFO - log_game_event:61 - Игровое событие: обновление_позиции - {"client_id": 0, "position": {"x": 985, "y": 610}, "inputs": {"left": false, "right": false, "up": false, "down": false}}
2025-10-09 19:21:41,154 - game_server - INFO - log_game_event:61 - Игровое событие: обновление_позиции - {"client_id": 0, "position": {"x": 985, "y": 610}, "inputs": {"left": false, "right": false, "up": false, "down": false}}
2025-10-09 19:21:41,200 - game_server - INFO - log_game_event:61 - Игровое событие: обновление_позиции - {"client_id": 0, "position": {"x": 985, "y": 610}, "inputs": {"left": false, "right": false, "up": false, "down": false}}
2025-10-09 19:21:41,232 - game_server - INFO - log_game_event:61 - Игровое событие: обновление_позиции - {"client_id": 0, "position": {"x": 985, "y": 610}, "inputs": {"left": false, "right": false, "up": false, "down": false}}
2025-10-09 19:21:41,268 - game_server - INFO - log_game_event:61 - Игровое событие: обновление_позиции - {"client_id": 0, "position": {"x": 985, "y": 610}, "inputs": {"left": false, "right": false, "up": false, "down": false}}
2025-10-09 19:21:41,298 - game_server - INFO - log_game_event:61 - Игровое событие: обновление_позиции - {"client_id": 0, "position": {"x": 985, "y": 610}, "inputs": {"left": false, "right": false, "up": false, "down": false}}
2025-10-09 19:21:41,340 - game_server - INFO - log_game_event:61 - Игровое событие: обновление_позиции - {"client_id": 0, "position": {"x": 985, "y": 610}, "inputs": {"left": false, "right": false, "up": false, "down": false}}
2025-10-09 19:21:41,383 - game_server - INFO - log_game_event:61 - Игровое событие: обновление_позиции - {"client_id": 0, "position": {"x": 985, "y": 610}, "inputs": {"left": false, "right": false, "up": false, "down": false}}
2025-10-09 19:21:41,427 - game_server - INFO - log_game_event:61 - Игровое событие: обновление_позиции - {"client_id": 0, "position": {"x": 985, "y": 610}, "inputs": {"left": false, "right": false, "up": false, "down": false}}
2025-10-09 19:21:41,482 - game_server - INFO - log_game_event:61 - Игровое событие: обновление_позиции - {"client_id": 0, "position": {"x": 985, "y": 610}, "inputs": {"left": false, "right": false, "up": false, "down": false}}
2025-10-09 19:21:41,508 - game_server - INFO - log_game_event:61 - Игровое событие: обновление_позиции - {"client_id": 0, "position": {"x": 985, "y": 610}, "inputs": {"left": false, "right": false, "up": false, "down": false}}
2025-10-09 19:21:41,535 - game_server - INFO - log_game_event:61 - Игровое событие: обновление_позиции - {"client_id": 0, "position": {"x": 985, "y": 610}, "inputs": {"left": false, "right": false, "up": false, "down": false}}
2025-10-09 19:21:41,565 - game_server - INFO - log_game_event:61 - Игровое событие: обновление_позиции - {"client_id": 0, "position": {"x": 985, "y": 610}, "inputs": {"left": false, "right": false, "up": false, "down": false}}
2025-10-09 19:21:41,598 - game_server - INFO - log_game_event:61 - Игровое событие: обновление_позиции - {"client_id": 0, "position": {"x": 985, "y": 610}, "inputs": {"left": false, "right": false, "up": false, "down": false}}
2025-10-09 19:21:41,630 - game_server - INFO - log_game_event:61 - Игровое событие: обновление_позиции - {"client_id": 0, "position": {"x": 985, "y": 610}, "inputs": {"left": false, "right": false, "up": false, "down": false}}
2025-10-09 19:21:41,662 - game_server - INFO - log_game_event:61 - Игровое событие: обновление_позиции - {"client_id": 0, "position": {"x": 985, "y": 610}, "inputs": {"left": false, "right": false, "up": false, "down": false}}
2025-10-09 19:21:41,699 - game_server - INFO - log_game_event:61 - Игровое событие: обновление_позиции - {"client_id": 0, "position": {"x": 985, "y": 610}, "inputs": {"left": false, "right": false, "up": false, "down": false}}
2025-10-09 19:21:41,739 - game_server - INFO - log_game_event:61 - Игровое событие: обновление_позиции - {"client_id": 0, "position": {"x": 985, "y": 610}, "inputs": {"left": false, "right": false, "up": false, "down": false}}
2025-10-09 19:21:41,782 - game_server - INFO - log_game_event:61 - Игровое событие: обновление_позиции - {"client_id": 0, "position": {"x": 985, "y": 610}, "inputs": {"left": false, "right": false, "up": false, "down": false}}
2025-10-09 19:21:41,819 - game_server - INFO - log_game_event:61 - Игровое событие: обновление_позиции - {"client_id": 0, "position": {"x": 985, "y": 610}, "inputs": {"left": false, "right": false, "up": false, "down": false}}
2025-10-09 19:21:41,856 - game_server - INFO - log_game_event:61 - Игровое событие: обновление_позиции - {"client_id": 0, "position": {"x": 985, "y": 610}, "inputs": {"left": false, "right": false, "up": false, "down": false}}
2025-10-09 19:21:41,892 - game_server - INFO - log_game_event:61 - Игровое событие: обновление_позиции - {"client_id": 0, "position": {"x": 985, "y": 610}, "inputs": {"left": false, "right": false, "up": false, "down": false}}
2025-10-09 19:21:41,929 - game_server - INFO - log_game_event:61 - Игровое событие: обновление_позиции - {"client_id": 0, "position": {"x": 985, "y": 610}, "inputs": {"left": false, "right": false, "up": false, "down": false}}
2025-10-09 19:21:41,971 - game_server - INFO - log_game_event:61 - Игровое событие: обновление_позиции - {"client_id": 0, "position": {"x": 985, "y": 610}, "inputs": {"left": false, "right": false, "up": false, "down": false}}
2025-10-09 19:21:42,019 - game_server - INFO - log_game_event:61 - Игровое событие: обновление_позиции - {"client_id": 0, "position": {"x": 985, "y": 610}, "inputs": {"left": false, "right": false, "up": false, "down": false}}
2025-10-09 19:21:42,054 - game_server - INFO - log_game_event:61 - Игровое событие: обновление_позиции - {"client_id": 0, "position": {"x": 985, "y": 610}, "inputs": {"left": false, "right": false, "up": false, "down": false}}
2025-10-09 19:21:42,100 - game_server - INFO - log_game_event:61 - Игровое событие: обновление_позиции - {"client_id": 0, "position": {"x": 985, "y": 610}, "inputs": {"left": false, "right": false, "up": false, "down": false}}
2025-10-09 19:21:42,140 - game_server - INFO - log_game_event:61 - Игровое событие: обновление_позиции - {"client_id": 0, "position": {"x": 985, "y": 610}, "inputs": {"left": false, "right": false, "up": false, "down": false}}
2025-10-09 19:21:42,185 - game_server - INFO - log_game_event:61 - Игровое событие: обновление_позиции - {"client_id": 0, "position": {"x": 985, "y": 610}, "inputs": {"left": false, "right": false, "up": false, "down": false}}
2025-10-09 19:21:42,229 - game_server - INFO - log_game_event:61 - Игровое событие: обновление_позиции - {"client_id": 0, "position": {"x": 985, "y": 610}, "inputs": {"left": false, "right": false, "up": false, "down": false}}
2025-10-09 19:21:42,268 - game_server - INFO - log_game_event:61 - Игровое событие: обновление_позиции - {"client_id": 0, "position": {"x": 985, "y": 610}, "inputs": {"left": false, "right": false, "up": false, "down": false}}
2025-10-09 19:21:42,312 - game_server - INFO - log_game_event:61 - Игровое событие: обновление_позиции - {"client_id": 0, "position": {"x": 985, "y": 610}, "inputs": {"left": false, "right": false, "up": false, "down": false}}
2025-10-09 19:21:42,359 - game_server - INFO - log_game_event:61 - Игровое событие: обновление_позиции - {"client_id": 0, "position": {"x": 985, "y": 610}, "inputs": {"left": false, "right": false, "up": false, "down": false}}
2025-10-09 19:21:42,399 - game_server - INFO - log_game_event:61 - Игровое событие: обновление_позиции - {"client_id": 0, "position": {"x": 985, "y": 610}, "inputs": {"left": false, "right": false, "up": false, "down": false}}
2025-10-09 19:21:42,432 - game_server - INFO - log_game_event:61 - Игровое событие: обновление_позиции - {"client_id": 0, "position": {"x": 985, "y": 610}, "inputs": {"left": false, "right": false, "up": false, "down": false}}
2025-10-09 19:21:42,461 - game_server - INFO - log_game_event:61 - Игровое событие: обновление_позиции - {"client_id": 0, "position": {"x": 985, "y": 610}, "inputs": {"left": false, "right": false, "up": false, "down": false}}
2025-10-09 19:21:42,490 - game_server - INFO - log_game_event:61 - Игровое событие: обновление_позиции - {"client_id": 0, "position": {"x": 985, "y": 610}, "inputs": {"left": false, "right": false, "up": false, "down": false}}
2025-10-09 19:21:42,537 - game_server - INFO - log_game_event:61 - Игровое событие: обновление_позиции - {"client_id": 0, "position": {"x": 985, "y": 610}, "inputs": {"left": false, "right": false, "up": false, "down": false}}
2025-10-09 19:21:42,575 - game_server - INFO - log_game_event:61 - Игровое событие: обновление_позиции - {"client_id": 0, "position": {"x": 985, "y": 610}, "inputs": {"left": false, "right": false, "up": false, "down": false}}
2025-10-09 19:21:42,620 - game_server - INFO - log_game_event:61 - Игровое событие: обновление_позиции - {"client_id": 0, "position": {"x": 985, "y": 610}, "inputs": {"left": false, "right": false, "up": false, "down": false}}
2025-10-09 19:21:42,665 - game_server - INFO - log_game_event:61 - Игровое событие: обновление_позиции - {"client_id": 0, "position": {"x": 985, "y": 610}, "inputs": {"left": false, "right": false, "up": false, "down": false}}
2025-10-09 19:21:42,712 - game_server - INFO - log_game_event:61 - Игровое событие: обновление_позиции - {"client_id": 0, "position": {"x": 985, "y": 610}, "inputs": {"left": false, "right": false, "up": false, "down": false}}
2025-10-09 19:21:42,745 - game_server - INFO - log_game_event:61 - Игровое событие: обновление_позиции - {"client_id": 0, "position": {"x": 985, "y": 610}, "inputs": {"left": false, "right": false, "up": false, "down": false}}
2025-10-09 19:21:42,785 - game_server - INFO - log_game_event:61 - Игровое событие: обновление_позиции - {"client_id": 0, "position": {"x": 985, "y": 610}, "inputs": {"left": false, "right": false, "up": false, "down": false}}
2025-10-09 19:21:42,828 - game_server - INFO - log_game_event:61 - Игровое событие: обновление_позиции - {"client_id": 0, "position": {"x": 985, "y": 610}, "inputs": {"left": false, "right": false, "up": false, "down": false}}
2025-10-09 19:21:42,871 - game_server - INFO - log_game_event:61 - Игровое событие: обновление_позиции - {"client_id": 0, "position": {"x": 985, "y": 610}, "inputs": {"left": false, "right": false, "up": false, "down": false}}
2025-10-09 19:21:42,912 - game_server - INFO - log_game_event:61 - Игровое событие: обновление_позиции - {"client_id": 0, "position": {"x": 985, "y": 610}, "inputs": {"left": false, "right": false, "up": false, "down": false}}
2025-10-09 19:21:42,950 - game_server - INFO - log_game_event:61 - Игровое событие: обновление_позиции - {"client_id": 0, "position": {"x": 985, "y": 610}, "inputs": {"left": false, "right": false, "up": false, "down": false}}
2025-10-09 19:21:42,992 - game_server - INFO - log_game_event:61 - Игровое событие: обновление_позиции - {"client_id": 0, "position": {"x": 985, "y": 610}, "inputs": {"left": false, "right": false, "up": false, "down": false}}
2025-10-09 19:21:43,034 - game_server - INFO - log_game_event:61 - Игровое событие: обновление_позиции - {"client_id": 0, "position": {"x": 985, "y": 610}, "inputs": {"left": false, "right": false, "up": false, "down": false}}
2025-10-09 19:21:43,077 - game_server - INFO - log_game_event:61 - Игровое событие: обновление_позиции - {"client_id": 0, "position": {"x": 985, "y": 610}, "inputs": {"left": false, "right": false, "up": false, "down": false}}
2025-10-09 19:21:43,118 - game_server - INFO - log_game_event:61 - Игровое событие: обновление_позиции - {"client_id": 0, "position": {"x": 985, "y": 610}, "inputs": {"left": false, "right": false, "up": false, "down": false}}
2025-10-09 19:21:43,151 - game_server - INFO - log_game_event:61 - Игровое событие: обновление_позиции - {"client_id": 0, "position": {"x": 985, "y": 610}, "inputs": {"left": false, "right": false, "up": false, "down": false}}
2025-10-09 19:21:43,194 - game_server - INFO - log_game_event:61 - Игровое событие: обновление_позиции - {"client_id": 0, "position": {"x": 985, "y": 610}, "inputs": {"left": false, "right": false, "up": false, "down": false}}
2025-10-09 19:21:43,237 - game_server - INFO - log_game_event:61 - Игровое событие: обновление_позиции - {"client_id": 0, "position": {"x": 985, "y": 610}, "inputs": {"left": false, "right": false, "up": false, "down": false}}
2025-10-09 19:21:43,280 - game_server - INFO - log_game_event:61 - Игровое событие: обновление_позиции - {"client_id": 0, "position": {"x": 985, "y": 610}, "inputs": {"left": false, "right": false, "up": false, "down": false}}
2025-10-09 19:21:43,314 - game_server - INFO - log_game_event:61 - Игровое событие: обновление_позиции - {"client_id": 0, "position": {"x": 985, "y": 610}, "inputs": {"left": false, "right": false, "up": false, "down": false}}
2025-10-09 19:21:43,357 - game_server - INFO - log_game_event:61 - Игровое событие: обновление_позиции - {"client_id": 0, "position": {"x": 985, "y": 610}, "inputs": {"left": false, "right": false, "up": false, "down": false}}
2025-10-09 19:21:43,402 - game_server - INFO - log_game_event:61 - Игровое событие: обновление_позиции - {"client_id": 0, "position": {"x": 985, "y": 610}, "inputs": {"left": false, "right": false, "up": false, "down": false}}
2025-10-09 19:21:43,448 - game_server - INFO - log_game_event:61 - Игровое событие: обновление_позиции - {"client_id": 0, "position": {"x": 985, "y": 610}, "inputs": {"left": false, "right": false, "up": false, "down": false}}
2025-10-09 19:21:43,500 - game_server - INFO - log_game_event:61 - Игровое событие: обновление_позиции - {"client_id": 0, "position": {"x": 985, "y": 610}, "inputs": {"left": false, "right": false, "up": false, "down": false}}
2025-10-09 19:21:43,541 - game_server - INFO - log_game_event:61 - Игровое событие: обновление_позиции - {"client_id": 0, "position": {"x": 985, "y": 610}, "inputs": {"left": false, "right": false, "up": false, "down": false}}
2025-10-09 19:21:43,585 - game_server - INFO - log_game_event:61 - Игровое событие: обновление_позиции - {"client_id": 0, "position": {"x": 985, "y": 610}, "inputs": {"left": false, "right": false, "up": false, "down": false}}
2025-10-09 19:21:43,630 - game_server - INFO - log_game_event:61 - Игровое событие: обновление_позиции - {"client_id": 0, "position": {"x": 985, "y": 610}, "inputs": {"left": false, "right": false, "up": false, "down": false}}
2025-10-09 19:21:43,675 - game_server - INFO - log_game_event:61 - Игровое событие: обновление_позиции - {"client_id": 0, "position": {"x": 985, "y": 610}, "inputs": {"left": false, "right": false, "up": false, "down": false}}
2025-10-09 19:21:43,716 - game_server - INFO - log_game_event:61 - Игровое событие: обновление_позиции - {"client_id": 0, "position": {"x": 985, "y": 610}, "inputs": {"left": false, "right": false, "up": false, "down": false}}
2025-10-09 19:21:43,744 - game_server - INFO - log_game_event:61 - Игровое событие: обновление_позиции - {"client_id": 0, "position": {"x": 985, "y": 610}, "inputs": {"left": false, "right": false, "up": false, "down": false}}
2025-10-09 19:21:43,783 - game_server - INFO - log_game_event:61 - Игровое событие: обновление_позиции - {"client_id": 0, "position": {"x": 985, "y": 610}, "inputs": {"left": false, "right": false, "up": false, "down": false}}
2025-10-09 19:21:43,823 - game_server - INFO - log_game_event:61 - Игровое событие: обновление_позиции - {"client_id": 0, "position": {"x": 985, "y": 610}, "inputs": {"left": false, "right": false, "up": false, "down": false}}
2025-10-09 19:21:43,864 - game_server - INFO - log_game_event:61 - Игровое событие: обновление_позиции - {"client_id": 0, "position": {"x": 985, "y": 610}, "inputs": {"left": false, "right": false, "up": false, "down": false}}
2025-10-09 19:21:43,906 - game_server - INFO - log_game_event:61 - Игровое событие: обновление_позиции - {"client_id": 0, "position": {"x": 985, "y": 610}, "inputs": {"left": false, "right": false, "up": false, "down": false}}
2025-10-09 19:21:43,938 - game_server - INFO - log_game_event:61 - Игровое событие: обновление_позиции - {"client_id": 0, "position": {"x": 985, "y": 610}, "inputs": {"left": false, "right": false, "up": false, "down": false}}
2025-10-09 19:21:43,982 - game_server - INFO - log_game_event:61 - Игровое событие: обновление_позиции - {"client_id": 0, "position": {"x": 985, "y": 610}, "inputs": {"left": false, "right": false, "up": false, "down": false}}
2025-10-09 19:21:44,025 - game_server - INFO - log_game_event:61 - Игровое событие: обновление_позиции - {"client_id": 0, "position": {"x": 985, "y": 610}, "inputs": {"left": false, "right": false, "up": false, "down": false}}
2025-10-09 19:21:44,068 - game_server - INFO - log_game_event:61 - Игровое событие: обновление_позиции - {"client_id": 0, "position": {"x": 985, "y": 610}, "inputs": {"left": false, "right": false, "up": false, "down": false}}
2025-10-09 19:21:44,104 - game_server - INFO - log_game_event:61 - Игровое событие: обновление_позиции - {"client_id": 0, "position": {"x": 985, "y": 610}, "inputs": {"left": false, "right": false, "up": false, "down": false}}
2025-10-09 19:21:44,143 - game_server - INFO - log_game_event:61 - Игровое событие: обновление_позиции - {"client_id": 0, "position": {"x": 985, "y": 610}, "inputs": {"left": false, "right": false, "up": false, "down": false}}
2025-10-09 19:21:44,184 - game_server - INFO - log_game_event:61 - Игровое событие: обновление_позиции - {"client_id": 0, "position": {"x": 985, "y": 610}, "inputs": {"left": false, "right": false, "up": false, "down": false}}
2025-10-09 19:21:44,226 - game_server - INFO - log_game_event:61 - Игровое событие: обновление_позиции - {"client_id": 0, "position": {"x": 985, "y": 610}, "inputs": {"left": false, "right": false, "up": false, "down": false}}
2025-10-09 19:21:44,272 - game_server - INFO - log_game_event:61 - Игровое событие: обновление_позиции - {"client_id": 0, "position": {"x": 985, "y": 610}, "inputs": {"left": false, "right": false, "up": false, "down": false}}
2025-10-09 19:21:44,308 - game_server - INFO - log_game_event:61 - Игровое событие: обновление_позиции - {"client_id": 0, "position": {"x": 985, "y": 610}, "inputs": {"left": false, "right": false, "up": false, "down": false}}
2025-10-09 19:21:44,340 - game_server - INFO - log_game_event:61 - Игровое событие: обновление_позиции - {"client_id": 0, "position": {"x": 985, "y": 610}, "inputs": {"left": false, "right": false, "up": false, "down": false}}
2025-10-09 19:21:44,384 - game_server - INFO - log_game_event:61 - Игровое событие: обновление_позиции - {"client_id": 0, "position": {"x": 985, "y": 610}, "inputs": {"left": false, "right": false, "up": false, "down": false}}
2025-10-09 19:21:44,418 - game_server - INFO - log_game_event:61 - Игровое событие: обновление_позиции - {"client_id": 0, "position": {"x": 985, "y": 610}, "inputs": {"left": false, "right": false, "up": false, "down": false}}
2025-10-09 19:21:44,459 - game_server - INFO - log_game_event:61 - Игровое событие: обновление_позиции - {"client_id": 0, "position": {"x": 985, "y": 610}, "inputs": {"left": false, "right": false, "up": false, "down": false}}
2025-10-09 19:21:44,499 - game_server - INFO - log_game_event:61 - Игровое событие: обновление_позиции - {"client_id": 0, "position": {"x": 985, "y": 610}, "inputs": {"left": false, "right": false, "up": false, "down": false}}
2025-10-09 19:21:44,531 - game_server - INFO - log_game_event:61 - Игровое событие: обновление_позиции - {"client_id": 0, "position": {"x": 985, "y": 610}, "inputs": {"left": false, "right": false, "up": false, "down": false}}
2025-10-09 19:21:44,574 - game_server - INFO - log_game_event:61 - Игровое событие: обновление_позиции - {"client_id": 0, "position": {"x": 985, "y": 610}, "inputs": {"left": false, "right": false, "up": false, "down": false}}
2025-10-09 19:21:44,619 - game_server - INFO - log_game_event:61 - Игровое событие: обновление_позиции - {"client_id": 0, "position": {"x": 985, "y": 610}, "inputs": {"left": false, "right": false, "up": false, "down": false}}
2025-10-09 19:21:44,665 - game_server - INFO - log_game_event:61 - Игровое событие: обновление_позиции - {"client_id": 0, "position": {"x": 985, "y": 610}, "inputs": {"left": false, "right": false, "up": false, "down": false}}
2025-10-09 19:21:44,707 - game_server - INFO - log_game_event:61 - Игровое событие: обновление_позиции - {"client_id": 0, "position": {"x": 985, "y": 610}, "inputs": {"left": false, "right": false, "up": false, "down": false}}
2025-10-09 19:21:44,749 - game_server - INFO - log_game_event:61 - Игровое событие: обновление_позиции - {"client_id": 0, "position": {"x": 985, "y": 610}, "inputs": {"left": false, "right": false, "up": false, "down": false}}
2025-10-09 19:21:44,779 - game_server - INFO - log_game_event:61 - Игровое событие: обновление_позиции - {"client_id": 0, "position": {"x": 985, "y": 610}, "inputs": {"left": false, "right": false, "up": false, "down": false}}
2025-10-09 19:21:44,804 - game_server - INFO - log_game_event:61 - Игровое событие: обновление_позиции - {"client_id": 0, "position": {"x": 985, "y": 610}, "inputs": {"left": false, "right": false, "up": false, "down": false}}
2025-10-09 19:21:44,835 - game_server - INFO - log_game_event:61 - Игровое событие: обновление_позиции - {"client_id": 0, "position": {"x": 985, "y": 610}, "inputs": {"left": false, "right": false, "up": false, "down": false}}
2025-10-09 19:21:44,877 - game_server - INFO - log_game_event:61 - Игровое событие: обновление_позиции - {"client_id": 0, "position": {"x": 985, "y": 610}, "inputs": {"left": false, "right": false, "up": false, "down": false}}
2025-10-09 19:21:44,918 - game_server - INFO - log_game_event:61 - Игровое событие: обновление_позиции - {"client_id": 0, "position": {"x": 985, "y": 610}, "inputs": {"left": false, "right": false, "up": false, "down": false}}
2025-10-09 19:21:44,966 - game_server - INFO - log_game_event:61 - Игровое событие: обновление_позиции - {"client_id": 0, "position": {"x": 985, "y": 610}, "inputs": {"left": false, "right": false, "up": false, "down": false}}
2025-10-09 19:21:45,009 - game_server - INFO - log_game_event:61 - Игровое событие: обновление_позиции - {"client_id": 0, "position": {"x": 985, "y": 610}, "inputs": {"left": false, "right": false, "up": false, "down": false}}
2025-10-09 19:21:45,053 - game_server - INFO - log_game_event:61 - Игровое событие: обновление_позиции - {"client_id": 0, "position": {"x": 985, "y": 610}, "inputs": {"left": false, "right": false, "up": false, "down": false}}
2025-10-09 19:21:45,096 - game_server - INFO - log_game_event:61 - Игровое событие: обновление_позиции - {"client_id": 0, "position": {"x": 985, "y": 610}, "inputs": {"left": false, "right": false, "up": false, "down": false}}
2025-10-09 19:21:45,135 - game_server - INFO - log_game_event:61 - Игровое событие: обновление_позиции - {"client_id": 0, "position": {"x": 985, "y": 610}, "inputs": {"left": false, "right": false, "up": false, "down": false}}
2025-10-09 19:21:45,174 - game_server - INFO - log_game_event:61 - Игровое событие: обновление_позиции - {"client_id": 0, "position": {"x": 985, "y": 610}, "inputs": {"left": false, "right": false, "up": false, "down": false}}
2025-10-09 19:21:45,220 - game_server - INFO - log_game_event:61 - Игровое событие: обновление_позиции - {"client_id": 0, "position": {"x": 985, "y": 610}, "inputs": {"left": false, "right": false, "up": false, "down": false}}
2025-10-09 19:21:45,257 - game_server - INFO - log_game_event:61 - Игровое событие: обновление_позиции - {"client_id": 0, "position": {"x": 985, "y": 610}, "inputs": {"left": false, "right": false, "up": false, "down": false}}
2025-10-09 19:21:45,300 - game_server - INFO - log_game_event:61 - Игровое событие: обновление_позиции - {"client_id": 0, "position": {"x": 985, "y": 610}, "inputs": {"left": false, "right": false, "up": false, "down": false}}
2025-10-09 19:21:45,340 - game_server - INFO - log_game_event:61 - Игровое событие: обновление_позиции - {"client_id": 0, "position": {"x": 985, "y": 610}, "inputs": {"left": false, "right": false, "up": false, "down": false}}
2025-10-09 19:21:45,382 - game_server - INFO - log_game_event:61 - Игровое событие: обновление_позиции - {"client_id": 0, "position": {"x": 985, "y": 610}, "inputs": {"left": false, "right": false, "up": false, "down": false}}
2025-10-09 19:21:45,431 - game_server - INFO - log_game_event:61 - Игровое событие: обновление_позиции - {"client_id": 0, "position": {"x": 985, "y": 610}, "inputs": {"left": false, "right": false, "up": false, "down": false}}
2025-10-09 19:21:45,476 - game_server - INFO - log_game_event:61 - Игровое событие: обновление_позиции - {"client_id": 0, "position": {"x": 985, "y": 610}, "inputs": {"left": false, "right": false, "up": false, "down": false}}
2025-10-09 19:21:45,515 - game_server - INFO - log_game_event:61 - Игровое событие: обновление_позиции - {"client_id": 0, "position": {"x": 985, "y": 610}, "inputs": {"left": false, "right": false, "up": false, "down": false}}
2025-10-09 19:21:45,550 - game_server - INFO - log_game_event:61 - Игровое событие: обновление_позиции - {"client_id": 0, "position": {"x": 985, "y": 610}, "inputs": {"left": false, "right": false, "up": false, "down": false}}
2025-10-09 19:21:45,587 - game_server - INFO - log_game_event:61 - Игровое событие: обновление_позиции - {"client_id": 0, "position": {"x": 985, "y": 610}, "inputs": {"left": false, "right": false, "up": false, "down": false}}
2025-10-09 19:21:45,631 - game_server - INFO - log_game_event:61 - Игровое событие: обновление_позиции - {"client_id": 0, "position": {"x": 985, "y": 610}, "inputs": {"left": false, "right": false, "up": false, "down": false}}
2025-10-09 19:21:45,672 - game_server - INFO - log_game_event:61 - Игровое событие: обновление_позиции - {"client_id": 0, "position": {"x": 985, "y": 610}, "inputs": {"left": false, "right": false, "up": false, "down": false}}
2025-10-09 19:21:45,714 - game_server - INFO - log_game_event:61 - Игровое событие: обновление_позиции - {"client_id": 0, "position": {"x": 985, "y": 610}, "inputs": {"left": false, "right": false, "up": false, "down": false}}
2025-10-09 19:21:45,755 - game_server - INFO - log_game_event:61 - Игровое событие: обновление_позиции - {"client_id": 0, "position": {"x": 985, "y": 610}, "inputs": {"left": false, "right": false, "up": false, "down": false}}
2025-10-09 19:21:45,797 - game_server - INFO - log_game_event:61 - Игровое событие: обновление_позиции - {"client_id": 0, "position": {"x": 985, "y": 610}, "inputs": {"left": false, "right": false, "up": false, "down": false}}
2025-10-09 19:21:45,833 - game_server - INFO - log_game_event:61 - Игровое событие: обновление_позиции - {"client_id": 0, "position": {"x": 985, "y": 610}, "inputs": {"left": false, "right": false, "up": false, "down": false}}
2025-10-09 19:21:45,873 - game_server - INFO - log_game_event:61 - Игровое событие: обновление_позиции - {"client_id": 0, "position": {"x": 985, "y": 610}, "inputs": {"left": false, "right": false, "up": false, "down": false}}
2025-10-09 19:21:45,915 - game_server - INFO - log_game_event:61 - Игровое событие: обновление_позиции - {"client_id": 0, "position": {"x": 985, "y": 610}, "inputs": {"left": false, "right": false, "up": false, "down": false}}
2025-10-09 19:21:45,953 - game_server - INFO - log_game_event:61 - Игровое событие: обновление_позиции - {"client_id": 0, "position": {"x": 985, "y": 610}, "inputs": {"left": false, "right": false, "up": false, "down": false}}
2025-10-09 19:21:46,001 - game_server - INFO - log_game_event:61 - Игровое событие: обновление_позиции - {"client_id": 0, "position": {"x": 985, "y": 610}, "inputs": {"left": false, "right": false, "up": false, "down": false}}
2025-10-09 19:21:46,040 - game_server - INFO - log_game_event:61 - Игровое событие: обновление_позиции - {"client_id": 0, "position": {"x": 985, "y": 610}, "inputs": {"left": false, "right": false, "up": false, "down": false}}
2025-10-09 19:21:46,086 - game_server - INFO - log_game_event:61 - Игровое событие: обновление_позиции - {"client_id": 0, "position": {"x": 985, "y": 610}, "inputs": {"left": false, "right": false, "up": false, "down": false}}
2025-10-09 19:21:46,129 - game_server - INFO - log_game_event:61 - Игровое событие: обновление_позиции - {"client_id": 0, "position": {"x": 985, "y": 610}, "inputs": {"left": false, "right": false, "up": false, "down": false}}
2025-10-09 19:21:46,167 - game_server - INFO - log_game_event:61 - Игровое событие: обновление_позиции - {"client_id": 0, "position": {"x": 985, "y": 610}, "inputs": {"left": false, "right": false, "up": false, "down": false}}
2025-10-09 19:21:46,206 - game_server - INFO - log_game_event:61 - Игровое событие: обновление_позиции - {"client_id": 0, "position": {"x": 985, "y": 610}, "inputs": {"left": false, "right": false, "up": false, "down": false}}
2025-10-09 19:21:46,244 - game_server - INFO - log_game_event:61 - Игровое событие: обновление_позиции - {"client_id": 0, "position": {"x": 985, "y": 610}, "inputs": {"left": false, "right": false, "up": false, "down": false}}
2025-10-09 19:21:46,288 - game_server - INFO - log_game_event:61 - Игровое событие: обновление_позиции - {"client_id": 0, "position": {"x": 985, "y": 610}, "inputs": {"left": false, "right": false, "up": false, "down": false}}
2025-10-09 19:21:46,331 - game_server - INFO - log_game_event:61 - Игровое событие: обновление_позиции - {"client_id": 0, "position": {"x": 985, "y": 610}, "inputs": {"left": false, "right": false, "up": false, "down": false}}
2025-10-09 19:21:46,373 - game_server - INFO - log_game_event:61 - Игровое событие: обновление_позиции - {"client_id": 0, "position": {"x": 985, "y": 610}, "inputs": {"left": false, "right": false, "up": false, "down": false}}
2025-10-09 19:21:46,418 - game_server - INFO - log_game_event:61 - Игровое событие: обновление_позиции - {"client_id": 0, "position": {"x": 985, "y": 610}, "inputs": {"left": false, "right": false, "up": false, "down": false}}
2025-10-09 19:21:46,455 - game_server - INFO - log_game_event:61 - Игровое событие: обновление_позиции - {"client_id": 0, "position": {"x": 985, "y": 610}, "inputs": {"left": false, "right": false, "up": false, "down": false}}
2025-10-09 19:21:46,499 - game_server - INFO - log_game_event:61 - Игровое событие: обновление_позиции - {"client_id": 0, "position": {"x": 985, "y": 610}, "inputs": {"left": false, "right": false, "up": false, "down": false}}
2025-10-09 19:21:46,542 - game_server - INFO - log_game_event:61 - Игровое событие: обновление_позиции - {"client_id": 0, "position": {"x": 985, "y": 610}, "inputs": {"left": false, "right": false, "up": false, "down": false}}
2025-10-09 19:21:46,584 - game_server - INFO - log_game_event:61 - Игровое событие: обновление_позиции - {"client_id": 0, "position": {"x": 985, "y": 610}, "inputs": {"left": false, "right": false, "up": false, "down": false}}
2025-10-09 19:21:46,623 - game_server - INFO - log_game_event:61 - Игровое событие: обновление_позиции - {"client_id": 0, "position": {"x": 985, "y": 610}, "inputs": {"left": false, "right": false, "up": false, "down": false}}
2025-10-09 19:21:46,660 - game_server - INFO - log_game_event:61 - Игровое событие: обновление_позиции - {"client_id": 0, "position": {"x": 985, "y": 610}, "inputs": {"left": false, "right": false, "up": false, "down": false}}
2025-10-09 19:21:46,700 - game_server - INFO - log_game_event:61 - Игровое событие: обновление_позиции - {"client_id": 0, "position": {"x": 985, "y": 610}, "inputs": {"left": false, "right": false, "up": false, "down": false}}
2025-10-09 19:21:46,738 - game_server - INFO - log_game_event:61 - Игровое событие: обновление_позиции - {"client_id": 0, "position": {"x": 985, "y": 610}, "inputs": {"left": false, "right": false, "up": false, "down": false}}
2025-10-09 19:21:46,784 - game_server - INFO - log_game_event:61 - Игровое событие: обновление_позиции - {"client_id": 0, "position": {"x": 985, "y": 610}, "inputs": {"left": false, "right": false, "up": false, "down": false}}
2025-10-09 19:21:46,822 - game_server - INFO - log_game_event:61 - Игровое событие: обновление_позиции - {"client_id": 0, "position": {"x": 985, "y": 610}, "inputs": {"left": false, "right": false, "up": false, "down": false}}
2025-10-09 19:21:46,863 - game_server - INFO - log_game_event:61 - Игровое событие: обновление_позиции - {"client_id": 0, "position": {"x": 985, "y": 610}, "inputs": {"left": false, "right": false, "up": false, "down": false}}
2025-10-09 19:21:46,902 - game_server - INFO - log_game_event:61 - Игровое событие: обновление_позиции - {"client_id": 0, "position": {"x": 985, "y": 610}, "inputs": {"left": false, "right": false, "up": false, "down": false}}
2025-10-09 19:21:46,938 - game_server - INFO - log_game_event:61 - Игровое событие: обновление_позиции - {"client_id": 0, "position": {"x": 985, "y": 610}, "inputs": {"left": false, "right": false, "up": false, "down": false}}
2025-10-09 19:21:46,981 - game_server - INFO - log_game_event:61 - Игровое событие: обновление_позиции - {"client_id": 0, "position": {"x": 985, "y": 610}, "inputs": {"left": false, "right": false, "up": false, "down": false}}
2025-10-09 19:21:47,017 - game_server - INFO - log_game_event:61 - Игровое событие: обновление_позиции - {"client_id": 0, "position": {"x": 985, "y": 610}, "inputs": {"left": false, "right": false, "up": false, "down": false}}
2025-10-09 19:21:47,054 - game_server - INFO - log_game_event:61 - Игровое событие: обновление_позиции - {"client_id": 0, "position": {"x": 985, "y": 610}, "inputs": {"left": false, "right": false, "up": false, "down": false}}
2025-10-09 19:21:47,091 - game_server - INFO - log_game_event:61 - Игровое событие: обновление_позиции - {"client_id": 0, "position": {"x": 985, "y": 610}, "inputs": {"left": false, "right": false, "up": false, "down": false}}
2025-10-09 19:21:47,134 - game_server - INFO - log_game_event:61 - Игровое событие: обновление_позиции - {"client_id": 0, "position": {"x": 985, "y": 610}, "inputs": {"left": false, "right": false, "up": false, "down": false}}
2025-10-09 19:21:47,181 - game_server - INFO - log_game_event:61 - Игровое событие: обновление_позиции - {"client_id": 0, "position": {"x": 985, "y": 610}, "inputs": {"left": false, "right": false, "up": false, "down": false}}
2025-10-09 19:21:47,217 - game_server - INFO - log_game_event:61 - Игровое событие: обновление_позиции - {"client_id": 0, "position": {"x": 985, "y": 610}, "inputs": {"left": false, "right": false, "up": false, "down": false}}
2025-10-09 19:21:47,259 - game_server - INFO - log_game_event:61 - Игровое событие: обновление_позиции - {"client_id": 0, "position": {"x": 985, "y": 610}, "inputs": {"left": false, "right": false, "up": false, "down": false}}
2025-10-09 19:21:47,305 - game_server - INFO - log_game_event:61 - Игровое событие: обновление_позиции - {"client_id": 0, "position": {"x": 985, "y": 610}, "inputs": {"left": false, "right": false, "up": false, "down": false}}
2025-10-09 19:21:47,348 - game_server - INFO - log_game_event:61 - Игровое событие: обновление_позиции - {"client_id": 0, "position": {"x": 985, "y": 610}, "inputs": {"left": false, "right": false, "up": false, "down": false}}
2025-10-09 19:21:47,383 - game_server - INFO - log_game_event:61 - Игровое событие: обновление_позиции - {"client_id": 0, "position": {"x": 985, "y": 610}, "inputs": {"left": false, "right": false, "up": false, "down": false}}
2025-10-09 19:21:47,419 - game_server - INFO - log_game_event:61 - Игровое событие: обновление_позиции - {"client_id": 0, "position": {"x": 985, "y": 610}, "inputs": {"left": false, "right": false, "up": false, "down": false}}
2025-10-09 19:21:47,458 - game_server - INFO - log_game_event:61 - Игровое событие: обновление_позиции - {"client_id": 0, "position": {"x": 985, "y": 610}, "inputs": {"left": false, "right": false, "up": false, "down": false}}
2025-10-09 19:21:47,497 - game_server - INFO - log_game_event:61 - Игровое событие: обновление_позиции - {"client_id": 0, "position": {"x": 985, "y": 610}, "inputs": {"left": false, "right": false, "up": false, "down": false}}
2025-10-09 19:21:47,541 - game_server - INFO - log_game_event:61 - Игровое событие: обновление_позиции - {"client_id": 0, "position": {"x": 985, "y": 610}, "inputs": {"left": false, "right": false, "up": false, "down": false}}
2025-10-09 19:21:47,579 - game_server - INFO - log_game_event:61 - Игровое событие: обновление_позиции - {"client_id": 0, "position": {"x": 985, "y": 610}, "inputs": {"left": false, "right": false, "up": false, "down": false}}
2025-10-09 19:21:47,621 - game_server - INFO - log_game_event:61 - Игровое событие: обновление_позиции - {"client_id": 0, "position": {"x": 985, "y": 610}, "inputs": {"left": false, "right": false, "up": false, "down": false}}
2025-10-09 19:21:47,665 - game_server - INFO - log_game_event:61 - Игровое событие: обновление_позиции - {"client_id": 0, "position": {"x": 985, "y": 610}, "inputs": {"left": false, "right": false, "up": false, "down": false}}
2025-10-09 19:21:47,705 - game_server - INFO - log_game_event:61 - Игровое событие: обновление_позиции - {"client_id": 0, "position": {"x": 985, "y": 610}, "inputs": {"left": false, "right": false, "up": false, "down": false}}
2025-10-09 19:21:47,749 - game_server - INFO - log_game_event:61 - Игровое событие: обновление_позиции - {"client_id": 0, "position": {"x": 985, "y": 610}, "inputs": {"left": false, "right": false, "up": false, "down": false}}
2025-10-09 19:21:47,789 - game_server - INFO - log_game_event:61 - Игровое событие: обновление_позиции - {"client_id": 0, "position": {"x": 985, "y": 610}, "inputs": {"left": false, "right": false, "up": false, "down": false}}
2025-10-09 19:21:47,834 - game_server - INFO - log_game_event:61 - Игровое событие: обновление_позиции - {"client_id": 0, "position": {"x": 985, "y": 610}, "inputs": {"left": false, "right": false, "up": false, "down": false}}
2025-10-09 19:21:47,869 - game_server - INFO - log_game_event:61 - Игровое событие: обновление_позиции - {"client_id": 0, "position": {"x": 985, "y": 610}, "inputs": {"left": false, "right": false, "up": false, "down": false}}
2025-10-09 19:21:47,906 - game_server - INFO - log_game_event:61 - Игровое событие: обновление_позиции - {"client_id": 0, "position": {"x": 985, "y": 610}, "inputs": {"left": false, "right": false, "up": false, "down": false}}
2025-10-09 19:21:47,949 - game_server - INFO - log_game_event:61 - Игровое событие: обновление_позиции - {"client_id": 0, "position": {"x": 985, "y": 610}, "inputs": {"left": false, "right": false, "up": false, "down": false}}
2025-10-09 19:21:47,990 - game_server - INFO - log_game_event:61 - Игровое событие: обновление_позиции - {"client_id": 0, "position": {"x": 985, "y": 610}, "inputs": {"left": false, "right": false, "up": false, "down": false}}
2025-10-09 19:21:48,038 - game_server - INFO - log_game_event:61 - Игровое событие: обновление_позиции - {"client_id": 0, "position": {"x": 985, "y": 610}, "inputs": {"left": false, "right": false, "up": false, "down": false}}
2025-10-09 19:21:48,064 - game_server - INFO - log_game_event:61 - Игровое событие: обновление_позиции - {"client_id": 0, "position": {"x": 985, "y": 610}, "inputs": {"left": false, "right": false, "up": false, "down": false}}
2025-10-09 19:21:48,089 - game_server - INFO - log_game_event:61 - Игровое событие: обновление_позиции - {"client_id": 0, "position": {"x": 985, "y": 610}, "inputs": {"left": false, "right": false, "up": false, "down": false}}
2025-10-09 19:21:48,127 - game_server - INFO - log_game_event:61 - Игровое событие: обновление_позиции - {"client_id": 0, "position": {"x": 985, "y": 610}, "inputs": {"left": false, "right": false, "up": false, "down": false}}
2025-10-09 19:21:48,162 - game_server - INFO - log_game_event:61 - Игровое событие: обновление_позиции - {"client_id": 0, "position": {"x": 985, "y": 610}, "inputs": {"left": false, "right": false, "up": false, "down": false}}
2025-10-09 19:21:48,205 - game_server - INFO - log_game_event:61 - Игровое событие: обновление_позиции - {"client_id": 0, "position": {"x": 985, "y": 610}, "inputs": {"left": false, "right": false, "up": false, "down": false}}
2025-10-09 19:21:48,251 - game_server - INFO - log_game_event:61 - Игровое событие: обновление_позиции - {"client_id": 0, "position": {"x": 985, "y": 610}, "inputs": {"left": false, "right": false, "up": false, "down": false}}
2025-10-09 19:21:48,296 - game_server - INFO - log_game_event:61 - Игровое событие: обновление_позиции - {"client_id": 0, "position": {"x": 985, "y": 610}, "inputs": {"left": false, "right": false, "up": false, "down": false}}
2025-10-09 19:21:48,327 - game_server - INFO - log_game_event:61 - Игровое событие: обновление_позиции - {"client_id": 0, "position": {"x": 985, "y": 610}, "inputs": {"left": false, "right": false, "up": false, "down": false}}
2025-10-09 19:21:48,365 - game_server - INFO - log_game_event:61 - Игровое событие: обновление_позиции - {"client_id": 0, "position": {"x": 985, "y": 610}, "inputs": {"left": false, "right": false, "up": false, "down": false}}
2025-10-09 19:21:48,409 - game_server - INFO - log_game_event:61 - Игровое событие: обновление_позиции - {"client_id": 0, "position": {"x": 985, "y": 610}, "inputs": {"left": false, "right": false, "up": false, "down": false}}
2025-10-09 19:21:48,449 - game_server - INFO - log_game_event:61 - Игровое событие: обновление_позиции - {"client_id": 0, "position": {"x": 985, "y": 610}, "inputs": {"left": false, "right": false, "up": false, "down": false}}
2025-10-09 19:21:48,490 - game_server - INFO - log_game_event:61 - Игровое событие: обновление_позиции - {"client_id": 0, "position": {"x": 985, "y": 610}, "inputs": {"left": false, "right": false, "up": false, "down": false}}
2025-10-09 19:21:48,533 - game_server - INFO - log_game_event:61 - Игровое событие: обновление_позиции - {"client_id": 0, "position": {"x": 985, "y": 610}, "inputs": {"left": false, "right": false, "up": false, "down": false}}
2025-10-09 19:21:48,572 - game_server - INFO - log_game_event:61 - Игровое событие: обновление_позиции - {"client_id": 0, "position": {"x": 985, "y": 610}, "inputs": {"left": false, "right": false, "up": false, "down": false}}
2025-10-09 19:21:48,619 - game_server - INFO - log_game_event:61 - Игровое событие: обновление_позиции - {"client_id": 0, "position": {"x": 985, "y": 610}, "inputs": {"left": false, "right": false, "up": false, "down": false}}
2025-10-09 19:21:48,666 - game_server - INFO - log_game_event:61 - Игровое событие: обновление_позиции - {"client_id": 0, "position": {"x": 985, "y": 610}, "inputs": {"left": false, "right": false, "up": false, "down": false}}
2025-10-09 19:21:48,709 - game_server - INFO - log_game_event:61 - Игровое событие: обновление_позиции - {"client_id": 0, "position": {"x": 985, "y": 610}, "inputs": {"left": false, "right": false, "up": false, "down": false}}
2025-10-09 19:21:48,752 - game_server - INFO - log_game_event:61 - Игровое событие: обновление_позиции - {"client_id": 0, "position": {"x": 985, "y": 610}, "inputs": {"left": false, "right": false, "up": false, "down": false}}
2025-10-09 19:21:48,800 - game_server - INFO - log_game_event:61 - Игровое событие: обновление_позиции - {"client_id": 0, "position": {"x": 985, "y": 610}, "inputs": {"left": false, "right": false, "up": false, "down": false}}
2025-10-09 19:21:48,842 - game_server - INFO - log_game_event:61 - Игровое событие: обновление_позиции - {"client_id": 0, "position": {"x": 985, "y": 610}, "inputs": {"left": false, "right": false, "up": false, "down": false}}
2025-10-09 19:21:48,884 - game_server - INFO - log_game_event:61 - Игровое событие: обновление_позиции - {"client_id": 0, "position": {"x": 985, "y": 610}, "inputs": {"left": false, "right": false, "up": false, "down": false}}
2025-10-09 19:21:48,920 - game_server - INFO - log_game_event:61 - Игровое событие: обновление_позиции - {"client_id": 0, "position": {"x": 985, "y": 610}, "inputs": {"left": false, "right": false, "up": false, "down": false}}
2025-10-09 19:21:48,954 - game_server - INFO - log_game_event:61 - Игровое событие: обновление_позиции - {"client_id": 0, "position": {"x": 985, "y": 610}, "inputs": {"left": false, "right": false, "up": false, "down": false}}
2025-10-09 19:21:48,979 - game_server - INFO - log_game_event:61 - Игровое событие: обновление_позиции - {"client_id": 0, "position": {"x": 985, "y": 610}, "inputs": {"left": false, "right": false, "up": false, "down": false}}
2025-10-09 19:21:49,004 - game_server - INFO - log_game_event:61 - Игровое событие: обновление_позиции - {"client_id": 0, "position": {"x": 985, "y": 610}, "inputs": {"left": false, "right": false, "up": false, "down": false}}
2025-10-09 19:21:49,030 - game_server - INFO - log_game_event:61 - Игровое событие: обновление_позиции - {"client_id": 0, "position": {"x": 985, "y": 610}, "inputs": {"left": false, "right": false, "up": false, "down": false}}
2025-10-09 19:21:49,070 - game_server - INFO - log_game_event:61 - Игровое событие: обновление_позиции - {"client_id": 0, "position": {"x": 985, "y": 610}, "inputs": {"left": false, "right": false, "up": false, "down": false}}
2025-10-09 19:21:49,098 - game_server - INFO - log_game_event:61 - Игровое событие: обновление_позиции - {"client_id": 0, "position": {"x": 985, "y": 610}, "inputs": {"left": false, "right": false, "up": false, "down": false}}
2025-10-09 19:21:49,122 - game_server - INFO - log_game_event:61 - Игровое событие: обновление_позиции - {"client_id": 0, "position": {"x": 985, "y": 610}, "inputs": {"left": false, "right": false, "up": false, "down": false}}
2025-10-09 19:21:49,149 - game_server - INFO - log_game_event:61 - Игровое событие: обновление_позиции - {"client_id": 0, "position": {"x": 985, "y": 610}, "inputs": {"left": false, "right": false, "up": false, "down": false}}
2025-10-09 19:21:49,177 - game_server - INFO - log_game_event:61 - Игровое событие: обновление_позиции - {"client_id": 0, "position": {"x": 985, "y": 610}, "inputs": {"left": false, "right": false, "up": false, "down": false}}
2025-10-09 19:21:49,203 - game_server - INFO - log_game_event:61 - Игровое событие: обновление_позиции - {"client_id": 0, "position": {"x": 985, "y": 610}, "inputs": {"left": false, "right": false, "up": false, "down": false}}
2025-10-09 19:21:49,230 - game_server - INFO - log_game_event:61 - Игровое событие: обновление_позиции - {"client_id": 0, "position": {"x": 985, "y": 610}, "inputs": {"left": false, "right": false, "up": false, "down": false}}
2025-10-09 19:21:49,256 - game_server - INFO - log_game_event:61 - Игровое событие: обновление_позиции - {"client_id": 0, "position": {"x": 985, "y": 610}, "inputs": {"left": false, "right": false, "up": false, "down": false}}
2025-10-09 19:21:49,288 - game_server - INFO - log_game_event:61 - Игровое событие: обновление_позиции - {"client_id": 0, "position": {"x": 985, "y": 610}, "inputs": {"left": false, "right": false, "up": false, "down": false}}
2025-10-09 19:21:49,336 - game_server - INFO - log_game_event:61 - Игровое событие: обновление_позиции - {"client_id": 0, "position": {"x": 985, "y": 610}, "inputs": {"left": false, "right": false, "up": false, "down": false}}
2025-10-09 19:21:49,368 - game_server - INFO - log_game_event:61 - Игровое событие: обновление_позиции - {"client_id": 0, "position": {"x": 985, "y": 610}, "inputs": {"left": false, "right": false, "up": false, "down": false}}
2025-10-09 19:21:49,394 - game_server - INFO - log_game_event:61 - Игровое событие: обновление_позиции - {"client_id": 0, "position": {"x": 985, "y": 610}, "inputs": {"left": false, "right": false, "up": false, "down": false}}
2025-10-09 19:21:49,427 - game_server - INFO - log_game_event:61 - Игровое событие: обновление_позиции - {"client_id": 0, "position": {"x": 985, "y": 610}, "inputs": {"left": false, "right": false, "up": false, "down": false}}
2025-10-09 19:21:49,453 - game_server - INFO - log_game_event:61 - Игровое событие: обновление_позиции - {"client_id": 0, "position": {"x": 985, "y": 610}, "inputs": {"left": false, "right": false, "up": false, "down": false}}
2025-10-09 19:21:49,482 - game_server - INFO - log_game_event:61 - Игровое событие: обновление_позиции - {"client_id": 0, "position": {"x": 985, "y": 610}, "inputs": {"left": false, "right": false, "up": false, "down": false}}
2025-10-09 19:21:49,517 - game_server - INFO - log_game_event:61 - Игровое событие: обновление_позиции - {"client_id": 0, "position": {"x": 985, "y": 610}, "inputs": {"left": false, "right": false, "up": false, "down": false}}
2025-10-09 19:21:49,549 - game_server - INFO - log_game_event:61 - Игровое событие: обновление_позиции - {"client_id": 0, "position": {"x": 985, "y": 610}, "inputs": {"left": false, "right": false, "up": false, "down": false}}
2025-10-09 19:21:49,576 - game_server - INFO - log_game_event:61 - Игровое событие: обновление_позиции - {"client_id": 0, "position": {"x": 985, "y": 610}, "inputs": {"left": false, "right": false, "up": false, "down": false}}
2025-10-09 19:21:49,605 - game_server - INFO - log_game_event:61 - Игровое событие: обновление_позиции - {"client_id": 0, "position": {"x": 985, "y": 610}, "inputs": {"left": false, "right": false, "up": false, "down": false}}
2025-10-09 19:21:49,646 - game_server - INFO - log_game_event:61 - Игровое событие: обновление_позиции - {"client_id": 0, "position": {"x": 985, "y": 610}, "inputs": {"left": false, "right": false, "up": false, "down": false}}
2025-10-09 19:21:49,688 - game_server - INFO - log_game_event:61 - Игровое событие: обновление_позиции - {"client_id": 0, "position": {"x": 985, "y": 610}, "inputs": {"left": false, "right": false, "up": false, "down": false}}
2025-10-09 19:21:49,733 - game_server - INFO - log_game_event:61 - Игровое событие: обновление_позиции - {"client_id": 0, "position": {"x": 985, "y": 610}, "inputs": {"left": false, "right": false, "up": false, "down": false}}
2025-10-09 19:21:49,780 - game_server - INFO - log_game_event:61 - Игровое событие: обновление_позиции - {"client_id": 0, "position": {"x": 985, "y": 610}, "inputs": {"left": false, "right": false, "up": false, "down": false}}
2025-10-09 19:21:49,824 - game_server - INFO - log_game_event:61 - Игровое событие: обновление_позиции - {"client_id": 0, "position": {"x": 985, "y": 610}, "inputs": {"left": false, "right": false, "up": false, "down": false}}
2025-10-09 19:21:49,871 - game_server - INFO - log_game_event:61 - Игровое событие: обновление_позиции - {"client_id": 0, "position": {"x": 985, "y": 610}, "inputs": {"left": false, "right": false, "up": false, "down": false}}
2025-10-09 19:21:49,915 - game_server - INFO - log_game_event:61 - Игровое событие: обновление_позиции - {"client_id": 0, "position": {"x": 985, "y": 610}, "inputs": {"left": false, "right": false, "up": false, "down": false}}
2025-10-09 19:21:49,946 - game_server - INFO - log_game_event:61 - Игровое событие: обновление_позиции - {"client_id": 0, "position": {"x": 985, "y": 610}, "inputs": {"left": false, "right": false, "up": false, "down": false}}
2025-10-09 19:21:49,972 - game_server - INFO - log_game_event:61 - Игровое событие: обновление_позиции - {"client_id": 0, "position": {"x": 985, "y": 610}, "inputs": {"left": false, "right": false, "up": false, "down": false}}
2025-10-09 19:21:50,014 - game_server - INFO - log_game_event:61 - Игровое событие: обновление_позиции - {"client_id": 0, "position": {"x": 985, "y": 610}, "inputs": {"left": false, "right": false, "up": false, "down": false}}
2025-10-09 19:21:50,053 - game_server - INFO - log_game_event:61 - Игровое событие: обновление_позиции - {"client_id": 0, "position": {"x": 985, "y": 610}, "inputs": {"left": false, "right": false, "up": false, "down": false}}
2025-10-09 19:21:50,094 - game_server - INFO - log_game_event:61 - Игровое событие: обновление_позиции - {"client_id": 0, "position": {"x": 985, "y": 610}, "inputs": {"left": false, "right": false, "up": false, "down": false}}
2025-10-09 19:21:50,138 - game_server - INFO - log_game_event:61 - Игровое событие: обновление_позиции - {"client_id": 0, "position": {"x": 985, "y": 610}, "inputs": {"left": false, "right": false, "up": false, "down": false}}
2025-10-09 19:21:50,185 - game_server - INFO - log_game_event:61 - Игровое событие: обновление_позиции - {"client_id": 0, "position": {"x": 985, "y": 610}, "inputs": {"left": false, "right": false, "up": false, "down": false}}
2025-10-09 19:21:50,231 - game_server - INFO - log_game_event:61 - Игровое событие: обновление_позиции - {"client_id": 0, "position": {"x": 985, "y": 610}, "inputs": {"left": false, "right": false, "up": false, "down": false}}
2025-10-09 19:21:50,268 - game_server - INFO - log_game_event:61 - Игровое событие: обновление_позиции - {"client_id": 0, "position": {"x": 985, "y": 610}, "inputs": {"left": false, "right": false, "up": false, "down": false}}
2025-10-09 19:21:50,301 - game_server - INFO - log_game_event:61 - Игровое событие: обновление_позиции - {"client_id": 0, "position": {"x": 985, "y": 610}, "inputs": {"left": false, "right": false, "up": false, "down": false}}
2025-10-09 19:21:50,335 - game_server - INFO - log_game_event:61 - Игровое событие: обновление_позиции - {"client_id": 0, "position": {"x": 985, "y": 610}, "inputs": {"left": false, "right": false, "up": false, "down": false}}
2025-10-09 19:21:50,368 - game_server - INFO - log_game_event:61 - Игровое событие: обновление_позиции - {"client_id": 0, "position": {"x": 985, "y": 610}, "inputs": {"left": false, "right": false, "up": false, "down": false}}
2025-10-09 19:21:50,403 - game_server - INFO - log_game_event:61 - Игровое событие: обновление_позиции - {"client_id": 0, "position": {"x": 985, "y": 610}, "inputs": {"left": false, "right": false, "up": false, "down": false}}
2025-10-09 19:21:50,439 - game_server - INFO - log_game_event:61 - Игровое событие: обновление_позиции - {"client_id": 0, "position": {"x": 985, "y": 610}, "inputs": {"left": false, "right": false, "up": false, "down": false}}
2025-10-09 19:21:50,481 - game_server - INFO - log_game_event:61 - Игровое событие: обновление_позиции - {"client_id": 0, "position": {"x": 985, "y": 610}, "inputs": {"left": false, "right": false, "up": false, "down": false}}
2025-10-09 19:21:50,518 - game_server - INFO - log_game_event:61 - Игровое событие: обновление_позиции - {"client_id": 0, "position": {"x": 985, "y": 610}, "inputs": {"left": false, "right": false, "up": false, "down": false}}
2025-10-09 19:21:50,550 - game_server - INFO - log_game_event:61 - Игровое событие: обновление_позиции - {"client_id": 0, "position": {"x": 985, "y": 610}, "inputs": {"left": false, "right": false, "up": false, "down": false}}
2025-10-09 19:21:50,591 - game_server - INFO - log_game_event:61 - Игровое событие: обновление_позиции - {"client_id": 0, "position": {"x": 985, "y": 610}, "inputs": {"left": false, "right": false, "up": false, "down": false}}
2025-10-09 19:21:50,636 - game_server - INFO - log_game_event:61 - Игровое событие: обновление_позиции - {"client_id": 0, "position": {"x": 985, "y": 610}, "inputs": {"left": false, "right": false, "up": false, "down": false}}
2025-10-09 19:21:50,676 - game_server - INFO - log_game_event:61 - Игровое событие: обновление_позиции - {"client_id": 0, "position": {"x": 985, "y": 610}, "inputs": {"left": false, "right": false, "up": false, "down": false}}
2025-10-09 19:21:50,715 - game_server - INFO - log_game_event:61 - Игровое событие: обновление_позиции - {"client_id": 0, "position": {"x": 985, "y": 610}, "inputs": {"left": false, "right": false, "up": false, "down": false}}
2025-10-09 19:21:50,751 - game_server - INFO - log_game_event:61 - Игровое событие: обновление_позиции - {"client_id": 0, "position": {"x": 985, "y": 610}, "inputs": {"left": false, "right": false, "up": false, "down": false}}
2025-10-09 19:21:50,788 - game_server - INFO - log_game_event:61 - Игровое событие: обновление_позиции - {"client_id": 0, "position": {"x": 985, "y": 610}, "inputs": {"left": false, "right": false, "up": false, "down": false}}
2025-10-09 19:21:50,825 - game_server - INFO - log_game_event:61 - Игровое событие: обновление_позиции - {"client_id": 0, "position": {"x": 985, "y": 610}, "inputs": {"left": false, "right": false, "up": false, "down": false}}
2025-10-09 19:21:50,867 - game_server - INFO - log_game_event:61 - Игровое событие: обновление_позиции - {"client_id": 0, "position": {"x": 985, "y": 610}, "inputs": {"left": false, "right": false, "up": false, "down": false}}
2025-10-09 19:21:50,905 - game_server - INFO - log_game_event:61 - Игровое событие: обновление_позиции - {"client_id": 0, "position": {"x": 985, "y": 610}, "inputs": {"left": false, "right": false, "up": false, "down": false}}
2025-10-09 19:21:50,936 - game_server - INFO - log_game_event:61 - Игровое событие: обновление_позиции - {"client_id": 0, "position": {"x": 985, "y": 610}, "inputs": {"left": false, "right": false, "up": false, "down": false}}
2025-10-09 19:21:50,976 - game_server - INFO - log_game_event:61 - Игровое событие: обновление_позиции - {"client_id": 0, "position": {"x": 985, "y": 610}, "inputs": {"left": false, "right": false, "up": false, "down": false}}
2025-10-09 19:21:51,018 - game_server - INFO - log_game_event:61 - Игровое событие: обновление_позиции - {"client_id": 0, "position": {"x": 985, "y": 610}, "inputs": {"left": false, "right": false, "up": false, "down": false}}
2025-10-09 19:21:51,057 - game_server - INFO - log_game_event:61 - Игровое событие: обновление_позиции - {"client_id": 0, "position": {"x": 985, "y": 610}, "inputs": {"left": false, "right": false, "up": false, "down": false}}
2025-10-09 19:21:51,098 - game_server - INFO - log_game_event:61 - Игровое событие: обновление_позиции - {"client_id": 0, "position": {"x": 985, "y": 610}, "inputs": {"left": false, "right": false, "up": false, "down": false}}
2025-10-09 19:21:51,140 - game_server - INFO - log_game_event:61 - Игровое событие: обновление_позиции - {"client_id": 0, "position": {"x": 985, "y": 610}, "inputs": {"left": false, "right": false, "up": false, "down": false}}
2025-10-09 19:21:51,186 - game_server - INFO - log_game_event:61 - Игровое событие: обновление_позиции - {"client_id": 0, "position": {"x": 985, "y": 610}, "inputs": {"left": false, "right": false, "up": false, "down": false}}
2025-10-09 19:21:51,232 - game_server - INFO - log_game_event:61 - Игровое событие: обновление_позиции - {"client_id": 0, "position": {"x": 985, "y": 610}, "inputs": {"left": false, "right": false, "up": false, "down": false}}
2025-10-09 19:21:51,272 - game_server - INFO - log_game_event:61 - Игровое событие: обновление_позиции - {"client_id": 0, "position": {"x": 985, "y": 610}, "inputs": {"left": false, "right": false, "up": false, "down": false}}
2025-10-09 19:21:51,322 - game_server - INFO - log_game_event:61 - Игровое событие: обновление_позиции - {"client_id": 0, "position": {"x": 985, "y": 610}, "inputs": {"left": false, "right": false, "up": false, "down": false}}
2025-10-09 19:21:51,366 - game_server - INFO - log_game_event:61 - Игровое событие: обновление_позиции - {"client_id": 0, "position": {"x": 985, "y": 610}, "inputs": {"left": false, "right": false, "up": false, "down": false}}
2025-10-09 19:21:51,400 - game_server - INFO - log_game_event:61 - Игровое событие: обновление_позиции - {"client_id": 0, "position": {"x": 985, "y": 610}, "inputs": {"left": false, "right": false, "up": false, "down": false}}
2025-10-09 19:21:51,436 - game_server - INFO - log_game_event:61 - Игровое событие: обновление_позиции - {"client_id": 0, "position": {"x": 985, "y": 610}, "inputs": {"left": false, "right": false, "up": false, "down": false}}
2025-10-09 19:21:51,469 - game_server - INFO - log_game_event:61 - Игровое событие: обновление_позиции - {"client_id": 0, "position": {"x": 985, "y": 610}, "inputs": {"left": false, "right": false, "up": false, "down": false}}
2025-10-09 19:21:51,507 - game_server - INFO - log_game_event:61 - Игровое событие: обновление_позиции - {"client_id": 0, "position": {"x": 985, "y": 610}, "inputs": {"left": false, "right": false, "up": false, "down": false}}
2025-10-09 19:21:51,551 - game_server - INFO - log_game_event:61 - Игровое событие: обновление_позиции - {"client_id": 0, "position": {"x": 985, "y": 610}, "inputs": {"left": false, "right": false, "up": false, "down": false}}
2025-10-09 19:21:51,599 - game_server - INFO - log_game_event:61 - Игровое событие: обновление_позиции - {"client_id": 0, "position": {"x": 985, "y": 610}, "inputs": {"left": false, "right": false, "up": false, "down": false}}
2025-10-09 19:21:51,636 - game_server - INFO - log_game_event:61 - Игровое событие: обновление_позиции - {"client_id": 0, "position": {"x": 985, "y": 610}, "inputs": {"left": false, "right": false, "up": false, "down": false}}
2025-10-09 19:21:51,669 - game_server - INFO - log_game_event:61 - Игровое событие: обновление_позиции - {"client_id": 0, "position": {"x": 985, "y": 610}, "inputs": {"left": false, "right": false, "up": false, "down": false}}
2025-10-09 19:21:51,701 - game_server - INFO - log_game_event:61 - Игровое событие: обновление_позиции - {"client_id": 0, "position": {"x": 985, "y": 610}, "inputs": {"left": false, "right": false, "up": false, "down": false}}
2025-10-09 19:21:51,740 - game_server - INFO - log_game_event:61 - Игровое событие: обновление_позиции - {"client_id": 0, "position": {"x": 985, "y": 610}, "inputs": {"left": false, "right": false, "up": false, "down": false}}
2025-10-09 19:21:51,776 - game_server - INFO - log_game_event:61 - Игровое событие: обновление_позиции - {"client_id": 0, "position": {"x": 985, "y": 610}, "inputs": {"left": false, "right": false, "up": false, "down": false}}
2025-10-09 19:21:51,812 - game_server - INFO - log_game_event:61 - Игровое событие: обновление_позиции - {"client_id": 0, "position": {"x": 985, "y": 610}, "inputs": {"left": false, "right": false, "up": false, "down": false}}
2025-10-09 19:21:51,854 - game_server - INFO - log_game_event:61 - Игровое событие: обновление_позиции - {"client_id": 0, "position": {"x": 985, "y": 610}, "inputs": {"left": false, "right": false, "up": false, "down": false}}
2025-10-09 19:21:51,889 - game_server - INFO - log_game_event:61 - Игровое событие: обновление_позиции - {"client_id": 0, "position": {"x": 985, "y": 610}, "inputs": {"left": false, "right": false, "up": false, "down": false}}
2025-10-09 19:21:51,935 - game_server - INFO - log_game_event:61 - Игровое событие: обновление_позиции - {"client_id": 0, "position": {"x": 985, "y": 610}, "inputs": {"left": false, "right": false, "up": false, "down": false}}
2025-10-09 19:21:51,986 - game_server - INFO - log_game_event:61 - Игровое событие: обновление_позиции - {"client_id": 0, "position": {"x": 985, "y": 610}, "inputs": {"left": false, "right": false, "up": false, "down": false}}
2025-10-09 19:21:52,032 - game_server - INFO - log_game_event:61 - Игровое событие: обновление_позиции - {"client_id": 0, "position": {"x": 985, "y": 610}, "inputs": {"left": false, "right": false, "up": false, "down": false}}
2025-10-09 19:21:52,059 - game_server - INFO - log_game_event:61 - Игровое событие: обновление_позиции - {"client_id": 0, "position": {"x": 985, "y": 610}, "inputs": {"left": false, "right": false, "up": false, "down": false}}
2025-10-09 19:21:52,086 - game_server - INFO - log_game_event:61 - Игровое событие: обновление_позиции - {"client_id": 0, "position": {"x": 985, "y": 610}, "inputs": {"left": false, "right": false, "up": false, "down": false}}
2025-10-09 19:21:52,117 - game_server - INFO - log_game_event:61 - Игровое событие: обновление_позиции - {"client_id": 0, "position": {"x": 985, "y": 610}, "inputs": {"left": false, "right": false, "up": false, "down": false}}
2025-10-09 19:21:52,148 - game_server - INFO - log_game_event:61 - Игровое событие: обновление_позиции - {"client_id": 0, "position": {"x": 985, "y": 610}, "inputs": {"left": false, "right": false, "up": false, "down": false}}
2025-10-09 19:21:52,179 - game_server - INFO - log_game_event:61 - Игровое событие: обновление_позиции - {"client_id": 0, "position": {"x": 985, "y": 610}, "inputs": {"left": false, "right": false, "up": false, "down": false}}
2025-10-09 19:21:52,216 - game_server - INFO - log_game_event:61 - Игровое событие: обновление_позиции - {"client_id": 0, "position": {"x": 985, "y": 610}, "inputs": {"left": false, "right": false, "up": false, "down": false}}
2025-10-09 19:21:52,256 - game_server - INFO - log_game_event:61 - Игровое событие: обновление_позиции - {"client_id": 0, "position": {"x": 985, "y": 610}, "inputs": {"left": false, "right": false, "up": false, "down": false}}
2025-10-09 19:21:52,301 - game_server - INFO - log_game_event:61 - Игровое событие: обновление_позиции - {"client_id": 0, "position": {"x": 985, "y": 610}, "inputs": {"left": false, "right": false, "up": false, "down": false}}
2025-10-09 19:21:52,342 - game_server - INFO - log_game_event:61 - Игровое событие: обновление_позиции - {"client_id": 0, "position": {"x": 985, "y": 610}, "inputs": {"left": false, "right": false, "up": false, "down": false}}
2025-10-09 19:21:52,381 - game_server - INFO - log_game_event:61 - Игровое событие: обновление_позиции - {"client_id": 0, "position": {"x": 985, "y": 610}, "inputs": {"left": false, "right": false, "up": false, "down": false}}
2025-10-09 19:21:52,420 - game_server - INFO - log_game_event:61 - Игровое событие: обновление_позиции - {"client_id": 0, "position": {"x": 985, "y": 610}, "inputs": {"left": false, "right": false, "up": false, "down": false}}
2025-10-09 19:21:52,456 - game_server - INFO - log_game_event:61 - Игровое событие: обновление_позиции - {"client_id": 0, "position": {"x": 985, "y": 610}, "inputs": {"left": false, "right": false, "up": false, "down": false}}
2025-10-09 19:21:52,492 - game_server - INFO - log_game_event:61 - Игровое событие: обновление_позиции - {"client_id": 0, "position": {"x": 985, "y": 610}, "inputs": {"left": false, "right": false, "up": false, "down": false}}
2025-10-09 19:21:52,535 - game_server - INFO - log_game_event:61 - Игровое событие: обновление_позиции - {"client_id": 0, "position": {"x": 985, "y": 610}, "inputs": {"left": false, "right": false, "up": false, "down": false}}
2025-10-09 19:21:52,580 - game_server - INFO - log_game_event:61 - Игровое событие: обновление_позиции - {"client_id": 0, "position": {"x": 985, "y": 610}, "inputs": {"left": false, "right": false, "up": false, "down": false}}
2025-10-09 19:21:52,625 - game_server - INFO - log_game_event:61 - Игровое событие: обновление_позиции - {"client_id": 0, "position": {"x": 985, "y": 610}, "inputs": {"left": false, "right": false, "up": false, "down": false}}
2025-10-09 19:21:52,663 - game_server - INFO - log_game_event:61 - Игровое событие: обновление_позиции - {"client_id": 0, "position": {"x": 985, "y": 610}, "inputs": {"left": false, "right": false, "up": false, "down": false}}
2025-10-09 19:21:52,700 - game_server - INFO - log_game_event:61 - Игровое событие: обновление_позиции - {"client_id": 0, "position": {"x": 985, "y": 610}, "inputs": {"left": false, "right": false, "up": false, "down": false}}
2025-10-09 19:21:52,737 - game_server - INFO - log_game_event:61 - Игровое событие: обновление_позиции - {"client_id": 0, "position": {"x": 985, "y": 610}, "inputs": {"left": false, "right": false, "up": false, "down": false}}
2025-10-09 19:21:52,782 - game_server - INFO - log_game_event:61 - Игровое событие: обновление_позиции - {"client_id": 0, "position": {"x": 985, "y": 610}, "inputs": {"left": false, "right": false, "up": false, "down": false}}
2025-10-09 19:21:52,826 - game_server - INFO - log_game_event:61 - Игровое событие: обновление_позиции - {"client_id": 0, "position": {"x": 985, "y": 610}, "inputs": {"left": false, "right": false, "up": false, "down": false}}
2025-10-09 19:21:52,869 - game_server - INFO - log_game_event:61 - Игровое событие: обновление_позиции - {"client_id": 0, "position": {"x": 985, "y": 610}, "inputs": {"left": false, "right": false, "up": false, "down": false}}
2025-10-09 19:21:52,909 - game_server - INFO - log_game_event:61 - Игровое событие: обновление_позиции - {"client_id": 0, "position": {"x": 985, "y": 610}, "inputs": {"left": false, "right": false, "up": false, "down": false}}
2025-10-09 19:21:52,947 - game_server - INFO - log_game_event:61 - Игровое событие: обновление_позиции - {"client_id": 0, "position": {"x": 985, "y": 610}, "inputs": {"left": false, "right": false, "up": false, "down": false}}
2025-10-09 19:21:52,986 - game_server - INFO - log_game_event:61 - Игровое событие: обновление_позиции - {"client_id": 0, "position": {"x": 985, "y": 610}, "inputs": {"left": false, "right": false, "up": false, "down": false}}
2025-10-09 19:21:53,029 - game_server - INFO - log_game_event:61 - Игровое событие: обновление_позиции - {"client_id": 0, "position": {"x": 985, "y": 610}, "inputs": {"left": false, "right": false, "up": false, "down": false}}
2025-10-09 19:21:53,070 - game_server - INFO - log_game_event:61 - Игровое событие: обновление_позиции - {"client_id": 0, "position": {"x": 985, "y": 610}, "inputs": {"left": false, "right": false, "up": false, "down": false}}
2025-10-09 19:21:53,115 - game_server - INFO - log_game_event:61 - Игровое событие: обновление_позиции - {"client_id": 0, "position": {"x": 985, "y": 610}, "inputs": {"left": false, "right": false, "up": false, "down": false}}
2025-10-09 19:21:53,159 - game_server - INFO - log_game_event:61 - Игровое событие: обновление_позиции - {"client_id": 0, "position": {"x": 985, "y": 610}, "inputs": {"left": false, "right": false, "up": false, "down": false}}
2025-10-09 19:21:53,198 - game_server - INFO - log_game_event:61 - Игровое событие: обновление_позиции - {"client_id": 0, "position": {"x": 985, "y": 610}, "inputs": {"left": false, "right": false, "up": false, "down": false}}
2025-10-09 19:21:53,227 - game_server - INFO - log_game_event:61 - Игровое событие: обновление_позиции - {"client_id": 0, "position": {"x": 985, "y": 610}, "inputs": {"left": false, "right": false, "up": false, "down": false}}
2025-10-09 19:21:53,260 - game_server - INFO - log_game_event:61 - Игровое событие: обновление_позиции - {"client_id": 0, "position": {"x": 985, "y": 610}, "inputs": {"left": false, "right": false, "up": false, "down": false}}
2025-10-09 19:21:53,299 - game_server - INFO - log_game_event:61 - Игровое событие: обновление_позиции - {"client_id": 0, "position": {"x": 985, "y": 610}, "inputs": {"left": false, "right": false, "up": false, "down": false}}
2025-10-09 19:21:53,337 - game_server - INFO - log_game_event:61 - Игровое событие: обновление_позиции - {"client_id": 0, "position": {"x": 985, "y": 610}, "inputs": {"left": false, "right": false, "up": false, "down": false}}
2025-10-09 19:21:53,382 - game_server - INFO - log_game_event:61 - Игровое событие: обновление_позиции - {"client_id": 0, "position": {"x": 985, "y": 610}, "inputs": {"left": false, "right": false, "up": false, "down": false}}
2025-10-09 19:21:53,429 - game_server - INFO - log_game_event:61 - Игровое событие: обновление_позиции - {"client_id": 0, "position": {"x": 985, "y": 610}, "inputs": {"left": false, "right": false, "up": false, "down": false}}
2025-10-09 19:21:53,470 - game_server - INFO - log_game_event:61 - Игровое событие: обновление_позиции - {"client_id": 0, "position": {"x": 985, "y": 610}, "inputs": {"left": false, "right": false, "up": false, "down": false}}
2025-10-09 19:21:53,517 - game_server - INFO - log_game_event:61 - Игровое событие: обновление_позиции - {"client_id": 0, "position": {"x": 985, "y": 610}, "inputs": {"left": false, "right": false, "up": false, "down": false}}
2025-10-09 19:21:53,558 - game_server - INFO - log_game_event:61 - Игровое событие: обновление_позиции - {"client_id": 0, "position": {"x": 985, "y": 610}, "inputs": {"left": false, "right": false, "up": false, "down": false}}
2025-10-09 19:21:53,602 - game_server - INFO - log_game_event:61 - Игровое событие: обновление_позиции - {"client_id": 0, "position": {"x": 985, "y": 610}, "inputs": {"left": false, "right": false, "up": false, "down": false}}
2025-10-09 19:21:53,646 - game_server - INFO - log_game_event:61 - Игровое событие: обновление_позиции - {"client_id": 0, "position": {"x": 985, "y": 610}, "inputs": {"left": false, "right": false, "up": false, "down": false}}
2025-10-09 19:21:53,683 - game_server - INFO - log_game_event:61 - Игровое событие: обновление_позиции - {"client_id": 0, "position": {"x": 985, "y": 610}, "inputs": {"left": false, "right": false, "up": false, "down": false}}
2025-10-09 19:21:53,732 - game_server - INFO - log_game_event:61 - Игровое событие: обновление_позиции - {"client_id": 0, "position": {"x": 985, "y": 610}, "inputs": {"left": false, "right": false, "up": false, "down": false}}
2025-10-09 19:21:53,770 - game_server - INFO - log_game_event:61 - Игровое событие: обновление_позиции - {"client_id": 0, "position": {"x": 985, "y": 610}, "inputs": {"left": false, "right": false, "up": false, "down": false}}
2025-10-09 19:21:53,806 - game_server - INFO - log_game_event:61 - Игровое событие: обновление_позиции - {"client_id": 0, "position": {"x": 985, "y": 610}, "inputs": {"left": false, "right": false, "up": false, "down": false}}
2025-10-09 19:21:53,840 - game_server - INFO - log_game_event:61 - Игровое событие: обновление_позиции - {"client_id": 0, "position": {"x": 985, "y": 610}, "inputs": {"left": false, "right": false, "up": false, "down": false}}
2025-10-09 19:21:53,875 - game_server - INFO - log_game_event:61 - Игровое событие: обновление_позиции - {"client_id": 0, "position": {"x": 985, "y": 610}, "inputs": {"left": false, "right": false, "up": false, "down": false}}
2025-10-09 19:21:53,907 - game_server - INFO - log_game_event:61 - Игровое событие: обновление_позиции - {"client_id": 0, "position": {"x": 985, "y": 610}, "inputs": {"left": false, "right": false, "up": false, "down": false}}
2025-10-09 19:21:53,947 - game_server - INFO - log_game_event:61 - Игровое событие: обновление_позиции - {"client_id": 0, "position": {"x": 985, "y": 610}, "inputs": {"left": false, "right": false, "up": false, "down": false}}
2025-10-09 19:21:53,987 - game_server - INFO - log_game_event:61 - Игровое событие: обновление_позиции - {"client_id": 0, "position": {"x": 985, "y": 610}, "inputs": {"left": false, "right": false, "up": false, "down": false}}
2025-10-09 19:21:54,022 - game_server - INFO - log_game_event:61 - Игровое событие: обновление_позиции - {"client_id": 0, "position": {"x": 985, "y": 610}, "inputs": {"left": false, "right": false, "up": false, "down": false}}
2025-10-09 19:21:54,060 - game_server - INFO - log_game_event:61 - Игровое событие: обновление_позиции - {"client_id": 0, "position": {"x": 985, "y": 610}, "inputs": {"left": false, "right": false, "up": false, "down": false}}
2025-10-09 19:21:54,105 - game_server - INFO - log_game_event:61 - Игровое событие: обновление_позиции - {"client_id": 0, "position": {"x": 985, "y": 610}, "inputs": {"left": false, "right": false, "up": false, "down": false}}
2025-10-09 19:21:54,135 - game_server - INFO - log_game_event:61 - Игровое событие: обновление_позиции - {"client_id": 0, "position": {"x": 985, "y": 610}, "inputs": {"left": false, "right": false, "up": false, "down": false}}
2025-10-09 19:21:54,174 - game_server - INFO - log_game_event:61 - Игровое событие: обновление_позиции - {"client_id": 0, "position": {"x": 985, "y": 610}, "inputs": {"left": false, "right": false, "up": false, "down": false}}
2025-10-09 19:21:54,221 - game_server - INFO - log_game_event:61 - Игровое событие: обновление_позиции - {"client_id": 0, "position": {"x": 985, "y": 610}, "inputs": {"left": false, "right": false, "up": false, "down": false}}
2025-10-09 19:21:54,252 - game_server - INFO - log_game_event:61 - Игровое событие: обновление_позиции - {"client_id": 0, "position": {"x": 985, "y": 610}, "inputs": {"left": false, "right": false, "up": false, "down": false}}
2025-10-09 19:21:54,281 - game_server - INFO - log_game_event:61 - Игровое событие: обновление_позиции - {"client_id": 0, "position": {"x": 985, "y": 610}, "inputs": {"left": false, "right": false, "up": false, "down": false}}
2025-10-09 19:21:54,310 - game_server - INFO - log_game_event:61 - Игровое событие: обновление_позиции - {"client_id": 0, "position": {"x": 985, "y": 610}, "inputs": {"left": false, "right": false, "up": false, "down": false}}
2025-10-09 19:21:54,336 - game_server - INFO - log_game_event:61 - Игровое событие: обновление_позиции - {"client_id": 0, "position": {"x": 985, "y": 610}, "inputs": {"left": false, "right": false, "up": false, "down": false}}
2025-10-09 19:21:54,367 - game_server - INFO - log_game_event:61 - Игровое событие: обновление_позиции - {"client_id": 0, "position": {"x": 985, "y": 610}, "inputs": {"left": false, "right": false, "up": false, "down": false}}
2025-10-09 19:21:54,397 - game_server - INFO - log_game_event:61 - Игровое событие: обновление_позиции - {"client_id": 0, "position": {"x": 985, "y": 610}, "inputs": {"left": false, "right": false, "up": false, "down": false}}
2025-10-09 19:21:54,432 - game_server - INFO - log_game_event:61 - Игровое событие: обновление_позиции - {"client_id": 0, "position": {"x": 985, "y": 610}, "inputs": {"left": false, "right": false, "up": false, "down": false}}
2025-10-09 19:21:54,467 - game_server - INFO - log_game_event:61 - Игровое событие: обновление_позиции - {"client_id": 0, "position": {"x": 985, "y": 610}, "inputs": {"left": false, "right": false, "up": false, "down": false}}
2025-10-09 19:21:54,508 - game_server - INFO - log_game_event:61 - Игровое событие: обновление_позиции - {"client_id": 0, "position": {"x": 985, "y": 610}, "inputs": {"left": false, "right": false, "up": false, "down": false}}
2025-10-09 19:21:54,544 - game_server - INFO - log_game_event:61 - Игровое событие: обновление_позиции - {"client_id": 0, "position": {"x": 985, "y": 610}, "inputs": {"left": false, "right": false, "up": false, "down": false}}
2025-10-09 19:21:54,584 - game_server - INFO - log_game_event:61 - Игровое событие: обновление_позиции - {"client_id": 0, "position": {"x": 985, "y": 610}, "inputs": {"left": false, "right": false, "up": false, "down": false}}
2025-10-09 19:21:54,623 - game_server - INFO - log_game_event:61 - Игровое событие: обновление_позиции - {"client_id": 0, "position": {"x": 985, "y": 610}, "inputs": {"left": false, "right": false, "up": false, "down": false}}
2025-10-09 19:21:54,668 - game_server - INFO - log_game_event:61 - Игровое событие: обновление_позиции - {"client_id": 0, "position": {"x": 985, "y": 610}, "inputs": {"left": false, "right": false, "up": false, "down": false}}
2025-10-09 19:21:54,710 - game_server - INFO - log_game_event:61 - Игровое событие: обновление_позиции - {"client_id": 0, "position": {"x": 985, "y": 610}, "inputs": {"left": false, "right": false, "up": false, "down": false}}
2025-10-09 19:21:54,756 - game_server - INFO - log_game_event:61 - Игровое событие: обновление_позиции - {"client_id": 0, "position": {"x": 985, "y": 610}, "inputs": {"left": false, "right": false, "up": false, "down": false}}
2025-10-09 19:21:54,805 - game_server - INFO - log_game_event:61 - Игровое событие: обновление_позиции - {"client_id": 0, "position": {"x": 985, "y": 610}, "inputs": {"left": false, "right": false, "up": false, "down": false}}
2025-10-09 19:21:54,851 - game_server - INFO - log_game_event:61 - Игровое событие: обновление_позиции - {"client_id": 0, "position": {"x": 985, "y": 610}, "inputs": {"left": false, "right": false, "up": false, "down": false}}
2025-10-09 19:21:54,880 - game_server - INFO - log_game_event:61 - Игровое событие: обновление_позиции - {"client_id": 0, "position": {"x": 985, "y": 610}, "inputs": {"left": false, "right": false, "up": false, "down": false}}
2025-10-09 19:21:54,907 - game_server - INFO - log_game_event:61 - Игровое событие: обновление_позиции - {"client_id": 0, "position": {"x": 985, "y": 610}, "inputs": {"left": false, "right": false, "up": false, "down": false}}
2025-10-09 19:21:54,934 - game_server - INFO - log_game_event:61 - Игровое событие: обновление_позиции - {"client_id": 0, "position": {"x": 985, "y": 610}, "inputs": {"left": false, "right": false, "up": false, "down": false}}
2025-10-09 19:21:54,960 - game_server - INFO - log_game_event:61 - Игровое событие: обновление_позиции - {"client_id": 0, "position": {"x": 985, "y": 610}, "inputs": {"left": false, "right": false, "up": false, "down": false}}
2025-10-09 19:21:54,985 - game_server - INFO - log_game_event:61 - Игровое событие: обновление_позиции - {"client_id": 0, "position": {"x": 985, "y": 610}, "inputs": {"left": false, "right": false, "up": false, "down": false}}
2025-10-09 19:21:55,014 - game_server - INFO - log_game_event:61 - Игровое событие: обновление_позиции - {"client_id": 0, "position": {"x": 985, "y": 610}, "inputs": {"left": false, "right": false, "up": false, "down": false}}
2025-10-09 19:21:55,047 - game_server - INFO - log_game_event:61 - Игровое событие: обновление_позиции - {"client_id": 0, "position": {"x": 985, "y": 610}, "inputs": {"left": false, "right": false, "up": false, "down": false}}
2025-10-09 19:21:55,081 - game_server - INFO - log_game_event:61 - Игровое событие: обновление_позиции - {"client_id": 0, "position": {"x": 985, "y": 610}, "inputs": {"left": false, "right": false, "up": false, "down": false}}
2025-10-09 19:21:55,112 - game_server - INFO - log_game_event:61 - Игровое событие: обновление_позиции - {"client_id": 0, "position": {"x": 985, "y": 610}, "inputs": {"left": false, "right": false, "up": false, "down": false}}
2025-10-09 19:21:55,139 - game_server - INFO - log_game_event:61 - Игровое событие: обновление_позиции - {"client_id": 0, "position": {"x": 985, "y": 610}, "inputs": {"left": false, "right": false, "up": false, "down": false}}
2025-10-09 19:21:55,171 - game_server - INFO - log_game_event:61 - Игровое событие: обновление_позиции - {"client_id": 0, "position": {"x": 985, "y": 610}, "inputs": {"left": false, "right": false, "up": false, "down": false}}
2025-10-09 19:21:55,199 - game_server - INFO - log_game_event:61 - Игровое событие: обновление_позиции - {"client_id": 0, "position": {"x": 985, "y": 610}, "inputs": {"left": false, "right": false, "up": false, "down": false}}
2025-10-09 19:21:55,225 - game_server - INFO - log_game_event:61 - Игровое событие: обновление_позиции - {"client_id": 0, "position": {"x": 985, "y": 610}, "inputs": {"left": false, "right": false, "up": false, "down": false}}
2025-10-09 19:21:55,258 - game_server - INFO - log_game_event:61 - Игровое событие: обновление_позиции - {"client_id": 0, "position": {"x": 985, "y": 610}, "inputs": {"left": false, "right": false, "up": false, "down": false}}
2025-10-09 19:21:55,285 - game_server - INFO - log_game_event:61 - Игровое событие: обновление_позиции - {"client_id": 0, "position": {"x": 985, "y": 610}, "inputs": {"left": false, "right": false, "up": false, "down": false}}
2025-10-09 19:21:55,316 - game_server - INFO - log_game_event:61 - Игровое событие: обновление_позиции - {"client_id": 0, "position": {"x": 985, "y": 610}, "inputs": {"left": false, "right": false, "up": false, "down": false}}
2025-10-09 19:21:55,348 - game_server - INFO - log_game_event:61 - Игровое событие: обновление_позиции - {"client_id": 0, "position": {"x": 985, "y": 610}, "inputs": {"left": false, "right": false, "up": false, "down": false}}
2025-10-09 19:21:55,379 - game_server - INFO - log_game_event:61 - Игровое событие: обновление_позиции - {"client_id": 0, "position": {"x": 985, "y": 610}, "inputs": {"left": false, "right": false, "up": false, "down": false}}
2025-10-09 19:21:55,407 - game_server - INFO - log_game_event:61 - Игровое событие: обновление_позиции - {"client_id": 0, "position": {"x": 985, "y": 610}, "inputs": {"left": false, "right": false, "up": false, "down": false}}
2025-10-09 19:21:55,442 - game_server - INFO - log_game_event:61 - Игровое событие: обновление_позиции - {"client_id": 0, "position": {"x": 985, "y": 610}, "inputs": {"left": false, "right": false, "up": false, "down": false}}
2025-10-09 19:21:55,481 - game_server - INFO - log_game_event:61 - Игровое событие: обновление_позиции - {"client_id": 0, "position": {"x": 985, "y": 610}, "inputs": {"left": false, "right": false, "up": false, "down": false}}
2025-10-09 19:21:55,511 - game_server - INFO - log_game_event:61 - Игровое событие: обновление_позиции - {"client_id": 0, "position": {"x": 985, "y": 610}, "inputs": {"left": false, "right": false, "up": false, "down": false}}
2025-10-09 19:21:55,545 - game_server - INFO - log_game_event:61 - Игровое событие: обновление_позиции - {"client_id": 0, "position": {"x": 985, "y": 610}, "inputs": {"left": false, "right": false, "up": false, "down": false}}
2025-10-09 19:21:55,578 - game_server - INFO - log_game_event:61 - Игровое событие: обновление_позиции - {"client_id": 0, "position": {"x": 985, "y": 610}, "inputs": {"left": false, "right": false, "up": false, "down": false}}
2025-10-09 19:21:55,606 - game_server - INFO - log_game_event:61 - Игровое событие: обновление_позиции - {"client_id": 0, "position": {"x": 985, "y": 610}, "inputs": {"left": false, "right": false, "up": false, "down": false}}
2025-10-09 19:21:55,636 - game_server - INFO - log_game_event:61 - Игровое событие: обновление_позиции - {"client_id": 0, "position": {"x": 985, "y": 610}, "inputs": {"left": false, "right": false, "up": false, "down": false}}
2025-10-09 19:21:55,664 - game_server - INFO - log_game_event:61 - Игровое событие: обновление_позиции - {"client_id": 0, "position": {"x": 985, "y": 610}, "inputs": {"left": false, "right": false, "up": false, "down": false}}
2025-10-09 19:21:55,691 - game_server - INFO - log_game_event:61 - Игровое событие: обновление_позиции - {"client_id": 0, "position": {"x": 985, "y": 610}, "inputs": {"left": false, "right": false, "up": false, "down": false}}
2025-10-09 19:21:55,719 - game_server - INFO - log_game_event:61 - Игровое событие: обновление_позиции - {"client_id": 0, "position": {"x": 985, "y": 610}, "inputs": {"left": false, "right": false, "up": false, "down": false}}
2025-10-09 19:21:55,747 - game_server - INFO - log_game_event:61 - Игровое событие: обновление_позиции - {"client_id": 0, "position": {"x": 985, "y": 610}, "inputs": {"left": false, "right": false, "up": false, "down": false}}
2025-10-09 19:21:55,777 - game_server - INFO - log_game_event:61 - Игровое событие: обновление_позиции - {"client_id": 0, "position": {"x": 985, "y": 610}, "inputs": {"left": false, "right": false, "up": false, "down": false}}
2025-10-09 19:21:55,804 - game_server - INFO - log_game_event:61 - Игровое событие: обновление_позиции - {"client_id": 0, "position": {"x": 985, "y": 610}, "inputs": {"left": false, "right": false, "up": false, "down": false}}
2025-10-09 19:21:55,847 - game_server - INFO - log_game_event:61 - Игровое событие: обновление_позиции - {"client_id": 0, "position": {"x": 985, "y": 610}, "inputs": {"left": false, "right": false, "up": false, "down": false}}
2025-10-09 19:21:55,880 - game_server - INFO - log_game_event:61 - Игровое событие: обновление_позиции - {"client_id": 0, "position": {"x": 985, "y": 610}, "inputs": {"left": false, "right": false, "up": false, "down": false}}
2025-10-09 19:21:55,911 - game_server - INFO - log_game_event:61 - Игровое событие: обновление_позиции - {"client_id": 0, "position": {"x": 985, "y": 610}, "inputs": {"left": false, "right": false, "up": false, "down": false}}
2025-10-09 19:21:55,945 - game_server - INFO - log_game_event:61 - Игровое событие: обновление_позиции - {"client_id": 0, "position": {"x": 985, "y": 610}, "inputs": {"left": false, "right": false, "up": false, "down": false}}
2025-10-09 19:21:55,977 - game_server - INFO - log_game_event:61 - Игровое событие: обновление_позиции - {"client_id": 0, "position": {"x": 985, "y": 610}, "inputs": {"left": false, "right": false, "up": false, "down": false}}
2025-10-09 19:21:56,007 - game_server - INFO - log_game_event:61 - Игровое событие: обновление_позиции - {"client_id": 0, "position": {"x": 985, "y": 610}, "inputs": {"left": false, "right": false, "up": false, "down": false}}
2025-10-09 19:21:56,035 - game_server - INFO - log_game_event:61 - Игровое событие: обновление_позиции - {"client_id": 0, "position": {"x": 985, "y": 610}, "inputs": {"left": false, "right": false, "up": false, "down": false}}
2025-10-09 19:21:56,064 - game_server - INFO - log_game_event:61 - Игровое событие: обновление_позиции - {"client_id": 0, "position": {"x": 985, "y": 610}, "inputs": {"left": false, "right": false, "up": false, "down": false}}
2025-10-09 19:21:56,095 - game_server - INFO - log_game_event:61 - Игровое событие: обновление_позиции - {"client_id": 0, "position": {"x": 985, "y": 610}, "inputs": {"left": false, "right": false, "up": false, "down": false}}
2025-10-09 19:21:56,124 - game_server - INFO - log_game_event:61 - Игровое событие: обновление_позиции - {"client_id": 0, "position": {"x": 985, "y": 610}, "inputs": {"left": false, "right": false, "up": false, "down": false}}
2025-10-09 19:21:56,151 - game_server - INFO - log_game_event:61 - Игровое событие: обновление_позиции - {"client_id": 0, "position": {"x": 985, "y": 610}, "inputs": {"left": false, "right": false, "up": false, "down": false}}
2025-10-09 19:21:56,178 - game_server - INFO - log_game_event:61 - Игровое событие: обновление_позиции - {"client_id": 0, "position": {"x": 985, "y": 610}, "inputs": {"left": false, "right": false, "up": false, "down": false}}
2025-10-09 19:21:56,204 - game_server - INFO - log_game_event:61 - Игровое событие: обновление_позиции - {"client_id": 0, "position": {"x": 985, "y": 610}, "inputs": {"left": false, "right": false, "up": false, "down": false}}
2025-10-09 19:21:56,233 - game_server - INFO - log_game_event:61 - Игровое событие: обновление_позиции - {"client_id": 0, "position": {"x": 985, "y": 610}, "inputs": {"left": false, "right": false, "up": false, "down": false}}
2025-10-09 19:21:56,261 - game_server - INFO - log_game_event:61 - Игровое событие: обновление_позиции - {"client_id": 0, "position": {"x": 985, "y": 610}, "inputs": {"left": false, "right": false, "up": false, "down": false}}
2025-10-09 19:21:56,286 - game_server - INFO - log_game_event:61 - Игровое событие: обновление_позиции - {"client_id": 0, "position": {"x": 985, "y": 610}, "inputs": {"left": false, "right": false, "up": false, "down": false}}
2025-10-09 19:21:56,313 - game_server - INFO - log_game_event:61 - Игровое событие: обновление_позиции - {"client_id": 0, "position": {"x": 985, "y": 610}, "inputs": {"left": false, "right": false, "up": false, "down": false}}
2025-10-09 19:21:56,340 - game_server - INFO - log_game_event:61 - Игровое событие: обновление_позиции - {"client_id": 0, "position": {"x": 985, "y": 610}, "inputs": {"left": false, "right": false, "up": false, "down": false}}
2025-10-09 19:21:56,366 - game_server - INFO - log_game_event:61 - Игровое событие: обновление_позиции - {"client_id": 0, "position": {"x": 985, "y": 610}, "inputs": {"left": false, "right": false, "up": false, "down": false}}
2025-10-09 19:21:56,392 - game_server - INFO - log_game_event:61 - Игровое событие: обновление_позиции - {"client_id": 0, "position": {"x": 985, "y": 610}, "inputs": {"left": false, "right": false, "up": false, "down": false}}
2025-10-09 19:21:56,418 - game_server - INFO - log_game_event:61 - Игровое событие: обновление_позиции - {"client_id": 0, "position": {"x": 985, "y": 610}, "inputs": {"left": false, "right": false, "up": false, "down": false}}
2025-10-09 19:21:56,447 - game_server - INFO - log_game_event:61 - Игровое событие: обновление_позиции - {"client_id": 0, "position": {"x": 985, "y": 610}, "inputs": {"left": false, "right": false, "up": false, "down": false}}
2025-10-09 19:21:56,474 - game_server - INFO - log_game_event:61 - Игровое событие: обновление_позиции - {"client_id": 0, "position": {"x": 985, "y": 610}, "inputs": {"left": false, "right": false, "up": false, "down": false}}
2025-10-09 19:21:56,510 - game_server - INFO - log_game_event:61 - Игровое событие: обновление_позиции - {"client_id": 0, "position": {"x": 985, "y": 610}, "inputs": {"left": false, "right": false, "up": false, "down": false}}
2025-10-09 19:21:56,546 - game_server - INFO - log_game_event:61 - Игровое событие: обновление_позиции - {"client_id": 0, "position": {"x": 985, "y": 610}, "inputs": {"left": false, "right": false, "up": false, "down": false}}
2025-10-09 19:21:56,586 - game_server - INFO - log_game_event:61 - Игровое событие: обновление_позиции - {"client_id": 0, "position": {"x": 985, "y": 610}, "inputs": {"left": false, "right": false, "up": false, "down": false}}
2025-10-09 19:21:56,628 - game_server - INFO - log_game_event:61 - Игровое событие: обновление_позиции - {"client_id": 0, "position": {"x": 985, "y": 610}, "inputs": {"left": false, "right": false, "up": false, "down": false}}
2025-10-09 19:21:56,666 - game_server - INFO - log_game_event:61 - Игровое событие: обновление_позиции - {"client_id": 0, "position": {"x": 985, "y": 610}, "inputs": {"left": false, "right": false, "up": false, "down": false}}
2025-10-09 19:21:56,708 - game_server - INFO - log_game_event:61 - Игровое событие: обновление_позиции - {"client_id": 0, "position": {"x": 985, "y": 610}, "inputs": {"left": false, "right": false, "up": false, "down": false}}
2025-10-09 19:21:56,754 - game_server - INFO - log_game_event:61 - Игровое событие: обновление_позиции - {"client_id": 0, "position": {"x": 985, "y": 610}, "inputs": {"left": false, "right": false, "up": false, "down": false}}
2025-10-09 19:21:56,798 - game_server - INFO - log_game_event:61 - Игровое событие: обновление_позиции - {"client_id": 0, "position": {"x": 985, "y": 610}, "inputs": {"left": false, "right": false, "up": false, "down": false}}
2025-10-09 19:21:56,844 - game_server - INFO - log_game_event:61 - Игровое событие: обновление_позиции - {"client_id": 0, "position": {"x": 985, "y": 610}, "inputs": {"left": false, "right": false, "up": false, "down": false}}
2025-10-09 19:21:56,882 - game_server - INFO - log_game_event:61 - Игровое событие: обновление_позиции - {"client_id": 0, "position": {"x": 985, "y": 610}, "inputs": {"left": false, "right": false, "up": false, "down": false}}
2025-10-09 19:21:56,928 - game_server - INFO - log_game_event:61 - Игровое событие: обновление_позиции - {"client_id": 0, "position": {"x": 985, "y": 610}, "inputs": {"left": false, "right": false, "up": false, "down": false}}
2025-10-09 19:21:56,964 - game_server - INFO - log_game_event:61 - Игровое событие: обновление_позиции - {"client_id": 0, "position": {"x": 985, "y": 610}, "inputs": {"left": false, "right": false, "up": false, "down": false}}
2025-10-09 19:21:57,004 - game_server - INFO - log_game_event:61 - Игровое событие: обновление_позиции - {"client_id": 0, "position": {"x": 985, "y": 610}, "inputs": {"left": false, "right": false, "up": false, "down": false}}
2025-10-09 19:21:57,043 - game_server - INFO - log_game_event:61 - Игровое событие: обновление_позиции - {"client_id": 0, "position": {"x": 985, "y": 610}, "inputs": {"left": false, "right": false, "up": false, "down": false}}
2025-10-09 19:21:57,078 - game_server - INFO - log_game_event:61 - Игровое событие: обновление_позиции - {"client_id": 0, "position": {"x": 985, "y": 610}, "inputs": {"left": false, "right": false, "up": false, "down": false}}
2025-10-09 19:21:57,120 - game_server - INFO - log_game_event:61 - Игровое событие: обновление_позиции - {"client_id": 0, "position": {"x": 985, "y": 610}, "inputs": {"left": false, "right": false, "up": false, "down": false}}
2025-10-09 19:21:57,162 - game_server - INFO - log_game_event:61 - Игровое событие: обновление_позиции - {"client_id": 0, "position": {"x": 985, "y": 610}, "inputs": {"left": false, "right": false, "up": false, "down": false}}
2025-10-09 19:21:57,206 - game_server - INFO - log_game_event:61 - Игровое событие: обновление_позиции - {"client_id": 0, "position": {"x": 985, "y": 610}, "inputs": {"left": false, "right": false, "up": false, "down": false}}
2025-10-09 19:21:57,245 - game_server - INFO - log_game_event:61 - Игровое событие: обновление_позиции - {"client_id": 0, "position": {"x": 985, "y": 610}, "inputs": {"left": false, "right": false, "up": false, "down": false}}
2025-10-09 19:21:57,282 - game_server - INFO - log_game_event:61 - Игровое событие: обновление_позиции - {"client_id": 0, "position": {"x": 985, "y": 610}, "inputs": {"left": false, "right": false, "up": false, "down": false}}
2025-10-09 19:21:57,320 - game_server - INFO - log_game_event:61 - Игровое событие: обновление_позиции - {"client_id": 0, "position": {"x": 985, "y": 610}, "inputs": {"left": false, "right": false, "up": false, "down": false}}
2025-10-09 19:21:57,357 - game_server - INFO - log_game_event:61 - Игровое событие: обновление_позиции - {"client_id": 0, "position": {"x": 985, "y": 610}, "inputs": {"left": false, "right": false, "up": false, "down": false}}
2025-10-09 19:21:57,394 - game_server - INFO - log_game_event:61 - Игровое событие: обновление_позиции - {"client_id": 0, "position": {"x": 985, "y": 610}, "inputs": {"left": false, "right": false, "up": false, "down": false}}
2025-10-09 19:21:57,432 - game_server - INFO - log_game_event:61 - Игровое событие: обновление_позиции - {"client_id": 0, "position": {"x": 985, "y": 610}, "inputs": {"left": false, "right": false, "up": false, "down": false}}
2025-10-09 19:21:57,474 - game_server - INFO - log_game_event:61 - Игровое событие: обновление_позиции - {"client_id": 0, "position": {"x": 985, "y": 610}, "inputs": {"left": false, "right": false, "up": false, "down": false}}
2025-10-09 19:21:57,512 - game_server - INFO - log_game_event:61 - Игровое событие: обновление_позиции - {"client_id": 0, "position": {"x": 985, "y": 610}, "inputs": {"left": false, "right": false, "up": false, "down": false}}
2025-10-09 19:21:57,548 - game_server - INFO - log_game_event:61 - Игровое событие: обновление_позиции - {"client_id": 0, "position": {"x": 985, "y": 610}, "inputs": {"left": false, "right": false, "up": false, "down": false}}
2025-10-09 19:21:57,588 - game_server - INFO - log_game_event:61 - Игровое событие: обновление_позиции - {"client_id": 0, "position": {"x": 985, "y": 610}, "inputs": {"left": false, "right": false, "up": false, "down": false}}
2025-10-09 19:21:57,628 - game_server - INFO - log_game_event:61 - Игровое событие: обновление_позиции - {"client_id": 0, "position": {"x": 985, "y": 610}, "inputs": {"left": false, "right": false, "up": false, "down": false}}
2025-10-09 19:21:57,668 - game_server - INFO - log_game_event:61 - Игровое событие: обновление_позиции - {"client_id": 0, "position": {"x": 985, "y": 610}, "inputs": {"left": false, "right": false, "up": false, "down": false}}
2025-10-09 19:21:57,708 - game_server - INFO - log_game_event:61 - Игровое событие: обновление_позиции - {"client_id": 0, "position": {"x": 985, "y": 610}, "inputs": {"left": false, "right": false, "up": false, "down": false}}
2025-10-09 19:21:57,753 - game_server - INFO - log_game_event:61 - Игровое событие: обновление_позиции - {"client_id": 0, "position": {"x": 985, "y": 610}, "inputs": {"left": false, "right": false, "up": false, "down": false}}
2025-10-09 19:21:57,792 - game_server - INFO - log_game_event:61 - Игровое событие: обновление_позиции - {"client_id": 0, "position": {"x": 985, "y": 610}, "inputs": {"left": false, "right": false, "up": false, "down": false}}
2025-10-09 19:21:57,828 - game_server - INFO - log_game_event:61 - Игровое событие: обновление_позиции - {"client_id": 0, "position": {"x": 985, "y": 610}, "inputs": {"left": false, "right": false, "up": false, "down": false}}
2025-10-09 19:21:57,869 - game_server - INFO - log_game_event:61 - Игровое событие: обновление_позиции - {"client_id": 0, "position": {"x": 985, "y": 610}, "inputs": {"left": false, "right": false, "up": false, "down": false}}
2025-10-09 19:21:57,912 - game_server - INFO - log_game_event:61 - Игровое событие: обновление_позиции - {"client_id": 0, "position": {"x": 985, "y": 610}, "inputs": {"left": false, "right": false, "up": false, "down": false}}
2025-10-09 19:21:57,954 - game_server - INFO - log_game_event:61 - Игровое событие: обновление_позиции - {"client_id": 0, "position": {"x": 985, "y": 610}, "inputs": {"left": false, "right": false, "up": false, "down": false}}
2025-10-09 19:21:57,997 - game_server - INFO - log_game_event:61 - Игровое событие: обновление_позиции - {"client_id": 0, "position": {"x": 985, "y": 610}, "inputs": {"left": false, "right": false, "up": false, "down": false}}
2025-10-09 19:21:58,032 - game_server - INFO - log_game_event:61 - Игровое событие: обновление_позиции - {"client_id": 0, "position": {"x": 985, "y": 610}, "inputs": {"left": false, "right": false, "up": false, "down": false}}
2025-10-09 19:21:58,077 - game_server - INFO - log_game_event:61 - Игровое событие: обновление_позиции - {"client_id": 0, "position": {"x": 985, "y": 610}, "inputs": {"left": false, "right": false, "up": false, "down": false}}
2025-10-09 19:21:58,108 - game_server - INFO - log_game_event:61 - Игровое событие: обновление_позиции - {"client_id": 0, "position": {"x": 985, "y": 610}, "inputs": {"left": false, "right": false, "up": false, "down": false}}
2025-10-09 19:21:58,139 - game_server - INFO - log_game_event:61 - Игровое событие: обновление_позиции - {"client_id": 0, "position": {"x": 985, "y": 610}, "inputs": {"left": false, "right": false, "up": false, "down": false}}
2025-10-09 19:21:58,181 - game_server - INFO - log_game_event:61 - Игровое событие: обновление_позиции - {"client_id": 0, "position": {"x": 985, "y": 610}, "inputs": {"left": false, "right": false, "up": false, "down": false}}
2025-10-09 19:21:58,220 - game_server - INFO - log_game_event:61 - Игровое событие: обновление_позиции - {"client_id": 0, "position": {"x": 985, "y": 610}, "inputs": {"left": false, "right": false, "up": false, "down": false}}
2025-10-09 19:21:58,262 - game_server - INFO - log_game_event:61 - Игровое событие: обновление_позиции - {"client_id": 0, "position": {"x": 985, "y": 610}, "inputs": {"left": false, "right": false, "up": false, "down": false}}
2025-10-09 19:21:58,306 - game_server - INFO - log_game_event:61 - Игровое событие: обновление_позиции - {"client_id": 0, "position": {"x": 985, "y": 610}, "inputs": {"left": false, "right": false, "up": false, "down": false}}
2025-10-09 19:21:58,350 - game_server - INFO - log_game_event:61 - Игровое событие: обновление_позиции - {"client_id": 0, "position": {"x": 985, "y": 610}, "inputs": {"left": false, "right": false, "up": false, "down": false}}
2025-10-09 19:21:58,389 - game_server - INFO - log_game_event:61 - Игровое событие: обновление_позиции - {"client_id": 0, "position": {"x": 985, "y": 610}, "inputs": {"left": false, "right": false, "up": false, "down": false}}
2025-10-09 19:21:58,428 - game_server - INFO - log_game_event:61 - Игровое событие: обновление_позиции - {"client_id": 0, "position": {"x": 985, "y": 610}, "inputs": {"left": false, "right": false, "up": false, "down": false}}
2025-10-09 19:21:58,469 - game_server - INFO - log_game_event:61 - Игровое событие: обновление_позиции - {"client_id": 0, "position": {"x": 985, "y": 610}, "inputs": {"left": false, "right": false, "up": false, "down": false}}
2025-10-09 19:21:58,509 - game_server - INFO - log_game_event:61 - Игровое событие: обновление_позиции - {"client_id": 0, "position": {"x": 985, "y": 610}, "inputs": {"left": false, "right": false, "up": false, "down": false}}
2025-10-09 19:21:58,547 - game_server - INFO - log_game_event:61 - Игровое событие: обновление_позиции - {"client_id": 0, "position": {"x": 985, "y": 610}, "inputs": {"left": false, "right": false, "up": false, "down": false}}
2025-10-09 19:21:58,591 - game_server - INFO - log_game_event:61 - Игровое событие: обновление_позиции - {"client_id": 0, "position": {"x": 985, "y": 610}, "inputs": {"left": false, "right": false, "up": false, "down": false}}
2025-10-09 19:21:58,630 - game_server - INFO - log_game_event:61 - Игровое событие: обновление_позиции - {"client_id": 0, "position": {"x": 985, "y": 610}, "inputs": {"left": false, "right": false, "up": false, "down": false}}
2025-10-09 19:21:58,667 - game_server - INFO - log_game_event:61 - Игровое событие: обновление_позиции - {"client_id": 0, "position": {"x": 985, "y": 610}, "inputs": {"left": false, "right": false, "up": false, "down": false}}
2025-10-09 19:21:58,709 - game_server - INFO - log_game_event:61 - Игровое событие: обновление_позиции - {"client_id": 0, "position": {"x": 985, "y": 610}, "inputs": {"left": false, "right": false, "up": false, "down": false}}
2025-10-09 19:21:58,749 - game_server - INFO - log_game_event:61 - Игровое событие: обновление_позиции - {"client_id": 0, "position": {"x": 985, "y": 610}, "inputs": {"left": false, "right": false, "up": false, "down": false}}
2025-10-09 19:21:58,789 - game_server - INFO - log_game_event:61 - Игровое событие: обновление_позиции - {"client_id": 0, "position": {"x": 985, "y": 610}, "inputs": {"left": false, "right": false, "up": false, "down": false}}
2025-10-09 19:21:58,830 - game_server - INFO - log_game_event:61 - Игровое событие: обновление_позиции - {"client_id": 0, "position": {"x": 985, "y": 610}, "inputs": {"left": false, "right": false, "up": false, "down": false}}
2025-10-09 19:21:58,871 - game_server - INFO - log_game_event:61 - Игровое событие: обновление_позиции - {"client_id": 0, "position": {"x": 985, "y": 610}, "inputs": {"left": false, "right": false, "up": false, "down": false}}
2025-10-09 19:21:58,909 - game_server - INFO - log_game_event:61 - Игровое событие: обновление_позиции - {"client_id": 0, "position": {"x": 985, "y": 610}, "inputs": {"left": false, "right": false, "up": false, "down": false}}
2025-10-09 19:21:58,950 - game_server - INFO - log_game_event:61 - Игровое событие: обновление_позиции - {"client_id": 0, "position": {"x": 985, "y": 610}, "inputs": {"left": false, "right": false, "up": false, "down": false}}
2025-10-09 19:21:58,991 - game_server - INFO - log_game_event:61 - Игровое событие: обновление_позиции - {"client_id": 0, "position": {"x": 985, "y": 610}, "inputs": {"left": false, "right": false, "up": false, "down": false}}
2025-10-09 19:21:59,031 - game_server - INFO - log_game_event:61 - Игровое событие: обновление_позиции - {"client_id": 0, "position": {"x": 985, "y": 610}, "inputs": {"left": false, "right": false, "up": false, "down": false}}
2025-10-09 19:21:59,073 - game_server - INFO - log_game_event:61 - Игровое событие: обновление_позиции - {"client_id": 0, "position": {"x": 985, "y": 610}, "inputs": {"left": false, "right": false, "up": false, "down": false}}
2025-10-09 19:21:59,116 - game_server - INFO - log_game_event:61 - Игровое событие: обновление_позиции - {"client_id": 0, "position": {"x": 985, "y": 610}, "inputs": {"left": false, "right": false, "up": false, "down": false}}
2025-10-09 19:21:59,155 - game_server - INFO - log_game_event:61 - Игровое событие: обновление_позиции - {"client_id": 0, "position": {"x": 985, "y": 610}, "inputs": {"left": false, "right": false, "up": false, "down": false}}
2025-10-09 19:21:59,195 - game_server - INFO - log_game_event:61 - Игровое событие: обновление_позиции - {"client_id": 0, "position": {"x": 985, "y": 610}, "inputs": {"left": false, "right": false, "up": false, "down": false}}
2025-10-09 19:21:59,232 - game_server - INFO - log_game_event:61 - Игровое событие: обновление_позиции - {"client_id": 0, "position": {"x": 985, "y": 610}, "inputs": {"left": false, "right": false, "up": false, "down": false}}
2025-10-09 19:21:59,272 - game_server - INFO - log_game_event:61 - Игровое событие: обновление_позиции - {"client_id": 0, "position": {"x": 985, "y": 610}, "inputs": {"left": false, "right": false, "up": false, "down": false}}
2025-10-09 19:21:59,315 - game_server - INFO - log_game_event:61 - Игровое событие: обновление_позиции - {"client_id": 0, "position": {"x": 985, "y": 610}, "inputs": {"left": false, "right": false, "up": false, "down": false}}
2025-10-09 19:21:59,355 - game_server - INFO - log_game_event:61 - Игровое событие: обновление_позиции - {"client_id": 0, "position": {"x": 985, "y": 610}, "inputs": {"left": false, "right": false, "up": false, "down": false}}
2025-10-09 19:21:59,397 - game_server - INFO - log_game_event:61 - Игровое событие: обновление_позиции - {"client_id": 0, "position": {"x": 985, "y": 610}, "inputs": {"left": false, "right": false, "up": false, "down": false}}
2025-10-09 19:21:59,439 - game_server - INFO - log_game_event:61 - Игровое событие: обновление_позиции - {"client_id": 0, "position": {"x": 985, "y": 610}, "inputs": {"left": false, "right": false, "up": false, "down": false}}
2025-10-09 19:21:59,479 - game_server - INFO - log_game_event:61 - Игровое событие: обновление_позиции - {"client_id": 0, "position": {"x": 985, "y": 610}, "inputs": {"left": false, "right": false, "up": false, "down": false}}
2025-10-09 19:21:59,520 - game_server - INFO - log_game_event:61 - Игровое событие: обновление_позиции - {"client_id": 0, "position": {"x": 985, "y": 610}, "inputs": {"left": false, "right": false, "up": false, "down": false}}
2025-10-09 19:21:59,561 - game_server - INFO - log_game_event:61 - Игровое событие: обновление_позиции - {"client_id": 0, "position": {"x": 985, "y": 610}, "inputs": {"left": false, "right": false, "up": false, "down": false}}
2025-10-09 19:21:59,602 - game_server - INFO - log_game_event:61 - Игровое событие: обновление_позиции - {"client_id": 0, "position": {"x": 985, "y": 610}, "inputs": {"left": false, "right": false, "up": false, "down": false}}
2025-10-09 19:21:59,644 - game_server - INFO - log_game_event:61 - Игровое событие: обновление_позиции - {"client_id": 0, "position": {"x": 985, "y": 610}, "inputs": {"left": false, "right": false, "up": false, "down": false}}
2025-10-09 19:21:59,686 - game_server - INFO - log_game_event:61 - Игровое событие: обновление_позиции - {"client_id": 0, "position": {"x": 985, "y": 610}, "inputs": {"left": false, "right": false, "up": false, "down": false}}
2025-10-09 19:21:59,728 - game_server - INFO - log_game_event:61 - Игровое событие: обновление_позиции - {"client_id": 0, "position": {"x": 985, "y": 610}, "inputs": {"left": false, "right": false, "up": false, "down": false}}
2025-10-09 19:21:59,768 - game_server - INFO - log_game_event:61 - Игровое событие: обновление_позиции - {"client_id": 0, "position": {"x": 985, "y": 610}, "inputs": {"left": false, "right": false, "up": false, "down": false}}
2025-10-09 19:21:59,810 - game_server - INFO - log_game_event:61 - Игровое событие: обновление_позиции - {"client_id": 0, "position": {"x": 985, "y": 610}, "inputs": {"left": false, "right": false, "up": false, "down": false}}
2025-10-09 19:21:59,850 - game_server - INFO - log_game_event:61 - Игровое событие: обновление_позиции - {"client_id": 0, "position": {"x": 985, "y": 610}, "inputs": {"left": false, "right": false, "up": false, "down": false}}
2025-10-09 19:21:59,892 - game_server - INFO - log_game_event:61 - Игровое событие: обновление_позиции - {"client_id": 0, "position": {"x": 985, "y": 610}, "inputs": {"left": false, "right": false, "up": false, "down": false}}
2025-10-09 19:21:59,932 - game_server - INFO - log_game_event:61 - Игровое событие: обновление_позиции - {"client_id": 0, "position": {"x": 985, "y": 610}, "inputs": {"left": false, "right": false, "up": false, "down": false}}
2025-10-09 19:21:59,972 - game_server - INFO - log_game_event:61 - Игровое событие: обновление_позиции - {"client_id": 0, "position": {"x": 985, "y": 610}, "inputs": {"left": false, "right": false, "up": false, "down": false}}
2025-10-09 19:22:00,016 - game_server - INFO - log_game_event:61 - Игровое событие: обновление_позиции - {"client_id": 0, "position": {"x": 985, "y": 610}, "inputs": {"left": false, "right": false, "up": false, "down": false}}
2025-10-09 19:22:00,060 - game_server - INFO - log_game_event:61 - Игровое событие: обновление_позиции - {"client_id": 0, "position": {"x": 985, "y": 610}, "inputs": {"left": false, "right": false, "up": false, "down": false}}
2025-10-09 19:22:00,101 - game_server - INFO - log_game_event:61 - Игровое событие: обновление_позиции - {"client_id": 0, "position": {"x": 985, "y": 610}, "inputs": {"left": false, "right": false, "up": false, "down": false}}
