2025-09-23 17:46:54,647 - game_server - INFO - <module>:31 - Сервер запущен на 192.168.1.4:5555 (привязан к 0.0.0.0)
2025-09-23 17:49:12,580 - game_server - INFO - log_connection:56 - Клиент 0: подключен - {"ip": "192.168.1.4", "port": 50828}
2025-09-23 17:49:12,600 - game_server - INFO - log_game_event:61 - Игровое событие: обновление_позиции - {"client_id": 0, "position": {"x": 960, "y": 540}, "inputs": {"left": false, "right": false, "up": false, "down": false}}
2025-09-23 17:49:13,017 - game_server - INFO - log_connection:56 - Клиент 0: отключен
2025-09-23 17:50:35,296 - game_server - INFO - log_connection:56 - Клиент 1: подключен - {"ip": "192.168.1.4", "port": 50844}
2025-09-23 17:50:35,315 - game_server - INFO - log_game_event:61 - Игровое событие: обновление_позиции - {"client_id": 1, "position": {"x": 960, "y": 540}, "inputs": {"left": false, "right": false, "up": false, "down": false}}
2025-09-23 17:50:35,338 - game_server - INFO - log_game_event:61 - Игровое событие: обновление_позиции - {"client_id": 1, "position": {"x": 960, "y": 540}, "inputs": {"left": false, "right": false, "up": false, "down": false}}
2025-09-23 17:50:35,366 - game_server - INFO - log_game_event:61 - Игровое событие: обновление_позиции - {"client_id": 1, "position": {"x": 960, "y": 540}, "inputs": {"left": false, "right": false, "up": false, "down": false}}
2025-09-23 17:50:35,400 - game_server - INFO - log_game_event:61 - Игровое событие: обновление_позиции - {"client_id": 1, "position": {"x": 960, "y": 540}, "inputs": {"left": false, "right": false, "up": false, "down": false}}
2025-09-23 17:50:35,434 - game_server - INFO - log_game_event:61 - Игровое событие: обновление_позиции - {"client_id": 1, "position": {"x": 960, "y": 540}, "inputs": {"left": false, "right": false, "up": false, "down": false}}
2025-09-23 17:50:35,466 - game_server - INFO - log_game_event:61 - Игровое событие: обновление_позиции - {"client_id": 1, "position": {"x": 960, "y": 540}, "inputs": {"left": false, "right": false, "up": false, "down": false}}
2025-09-23 17:50:35,497 - game_server - INFO - log_game_event:61 - Игровое событие: обновление_позиции - {"client_id": 1, "position": {"x": 960, "y": 540}, "inputs": {"left": false, "right": false, "up": false, "down": false}}
2025-09-23 17:50:35,529 - game_server - INFO - log_game_event:61 - Игровое событие: обновление_позиции - {"client_id": 1, "position": {"x": 960, "y": 540}, "inputs": {"left": false, "right": false, "up": false, "down": false}}
2025-09-23 17:50:35,564 - game_server - INFO - log_game_event:61 - Игровое событие: обновление_позиции - {"client_id": 1, "position": {"x": 960, "y": 540}, "inputs": {"left": false, "right": false, "up": false, "down": false}}
2025-09-23 17:50:35,599 - game_server - INFO - log_game_event:61 - Игровое событие: обновление_позиции - {"client_id": 1, "position": {"x": 960, "y": 540}, "inputs": {"left": false, "right": false, "up": false, "down": false}}
2025-09-23 17:50:35,634 - game_server - INFO - log_game_event:61 - Игровое событие: обновление_позиции - {"client_id": 1, "position": {"x": 960, "y": 540}, "inputs": {"left": false, "right": false, "up": false, "down": false}}
2025-09-23 17:50:35,668 - game_server - INFO - log_game_event:61 - Игровое событие: обновление_позиции - {"client_id": 1, "position": {"x": 960, "y": 540}, "inputs": {"left": false, "right": false, "up": false, "down": false}}
2025-09-23 17:50:35,702 - game_server - INFO - log_game_event:61 - Игровое событие: обновление_позиции - {"client_id": 1, "position": {"x": 960, "y": 540}, "inputs": {"left": false, "right": false, "up": false, "down": false}}
2025-09-23 17:50:35,737 - game_server - INFO - log_game_event:61 - Игровое событие: обновление_позиции - {"client_id": 1, "position": {"x": 960, "y": 540}, "inputs": {"left": false, "right": false, "up": false, "down": false}}
2025-09-23 17:50:35,774 - game_server - INFO - log_game_event:61 - Игровое событие: обновление_позиции - {"client_id": 1, "position": {"x": 960, "y": 540}, "inputs": {"left": false, "right": false, "up": false, "down": false}}
2025-09-23 17:50:35,808 - game_server - INFO - log_game_event:61 - Игровое событие: обновление_позиции - {"client_id": 1, "position": {"x": 960, "y": 540}, "inputs": {"left": false, "right": false, "up": false, "down": false}}
2025-09-23 17:50:35,842 - game_server - INFO - log_game_event:61 - Игровое событие: обновление_позиции - {"client_id": 1, "position": {"x": 960, "y": 540}, "inputs": {"left": false, "right": false, "up": false, "down": false}}
2025-09-23 17:50:35,878 - game_server - INFO - log_game_event:61 - Игровое событие: обновление_позиции - {"client_id": 1, "position": {"x": 960, "y": 540}, "inputs": {"left": false, "right": false, "up": false, "down": false}}
2025-09-23 17:50:35,913 - game_server - INFO - log_game_event:61 - Игровое событие: обновление_позиции - {"client_id": 1, "position": {"x": 960, "y": 540}, "inputs": {"left": false, "right": false, "up": false, "down": false}}
2025-09-23 17:50:35,944 - game_server - INFO - log_game_event:61 - Игровое событие: обновление_позиции - {"client_id": 1, "position": {"x": 960, "y": 540}, "inputs": {"left": false, "right": false, "up": false, "down": false}}
2025-09-23 17:50:35,982 - game_server - INFO - log_game_event:61 - Игровое событие: обновление_позиции - {"client_id": 1, "position": {"x": 960, "y": 540}, "inputs": {"left": false, "right": false, "up": false, "down": false}}
2025-09-23 17:50:36,010 - game_server - INFO - log_game_event:61 - Игровое событие: обновление_позиции - {"client_id": 1, "position": {"x": 960, "y": 540}, "inputs": {"left": false, "right": false, "up": false, "down": false}}
2025-09-23 17:50:36,047 - game_server - INFO - log_game_event:61 - Игровое событие: обновление_позиции - {"client_id": 1, "position": {"x": 960, "y": 540}, "inputs": {"left": false, "right": false, "up": false, "down": false}}
2025-09-23 17:50:36,083 - game_server - INFO - log_game_event:61 - Игровое событие: обновление_позиции - {"client_id": 1, "position": {"x": 960, "y": 540}, "inputs": {"left": false, "right": false, "up": false, "down": false}}
2025-09-23 17:50:36,117 - game_server - INFO - log_game_event:61 - Игровое событие: обновление_позиции - {"client_id": 1, "position": {"x": 960, "y": 540}, "inputs": {"left": false, "right": false, "up": false, "down": false}}
2025-09-23 17:50:36,152 - game_server - INFO - log_game_event:61 - Игровое событие: обновление_позиции - {"client_id": 1, "position": {"x": 960, "y": 540}, "inputs": {"left": false, "right": false, "up": false, "down": false}}
2025-09-23 17:50:36,181 - game_server - INFO - log_game_event:61 - Игровое событие: обновление_позиции - {"client_id": 1, "position": {"x": 960, "y": 540}, "inputs": {"left": false, "right": false, "up": false, "down": false}}
2025-09-23 17:50:36,215 - game_server - INFO - log_game_event:61 - Игровое событие: обновление_позиции - {"client_id": 1, "position": {"x": 960, "y": 540}, "inputs": {"left": false, "right": false, "up": false, "down": false}}
2025-09-23 17:50:36,251 - game_server - INFO - log_game_event:61 - Игровое событие: обновление_позиции - {"client_id": 1, "position": {"x": 960, "y": 540}, "inputs": {"left": false, "right": false, "up": false, "down": false}}
2025-09-23 17:50:36,286 - game_server - INFO - log_game_event:61 - Игровое событие: обновление_позиции - {"client_id": 1, "position": {"x": 960, "y": 540}, "inputs": {"left": false, "right": false, "up": false, "down": false}}
2025-09-23 17:50:36,321 - game_server - INFO - log_game_event:61 - Игровое событие: обновление_позиции - {"client_id": 1, "position": {"x": 960, "y": 540}, "inputs": {"left": false, "right": false, "up": false, "down": false}}
2025-09-23 17:50:36,356 - game_server - INFO - log_game_event:61 - Игровое событие: обновление_позиции - {"client_id": 1, "position": {"x": 960, "y": 540}, "inputs": {"left": false, "right": false, "up": false, "down": false}}
2025-09-23 17:50:36,390 - game_server - INFO - log_game_event:61 - Игровое событие: обновление_позиции - {"client_id": 1, "position": {"x": 960, "y": 540}, "inputs": {"left": false, "right": false, "up": false, "down": false}}
2025-09-23 17:50:36,429 - game_server - INFO - log_game_event:61 - Игровое событие: обновление_позиции - {"client_id": 1, "position": {"x": 960, "y": 540}, "inputs": {"left": false, "right": false, "up": false, "down": false}}
2025-09-23 17:50:36,462 - game_server - INFO - log_game_event:61 - Игровое событие: обновление_позиции - {"client_id": 1, "position": {"x": 960, "y": 540}, "inputs": {"left": false, "right": false, "up": false, "down": false}}
2025-09-23 17:50:36,496 - game_server - INFO - log_game_event:61 - Игровое событие: обновление_позиции - {"client_id": 1, "position": {"x": 960, "y": 540}, "inputs": {"left": false, "right": false, "up": false, "down": false}}
2025-09-23 17:50:36,528 - game_server - INFO - log_game_event:61 - Игровое событие: обновление_позиции - {"client_id": 1, "position": {"x": 960, "y": 540}, "inputs": {"left": false, "right": false, "up": false, "down": false}}
2025-09-23 17:50:36,564 - game_server - INFO - log_game_event:61 - Игровое событие: обновление_позиции - {"client_id": 1, "position": {"x": 960, "y": 540}, "inputs": {"left": false, "right": false, "up": false, "down": false}}
2025-09-23 17:50:36,598 - game_server - INFO - log_game_event:61 - Игровое событие: обновление_позиции - {"client_id": 1, "position": {"x": 960, "y": 540}, "inputs": {"left": false, "right": false, "up": false, "down": false}}
2025-09-23 17:50:36,632 - game_server - INFO - log_game_event:61 - Игровое событие: обновление_позиции - {"client_id": 1, "position": {"x": 960, "y": 540}, "inputs": {"left": false, "right": false, "up": false, "down": false}}
2025-09-23 17:50:36,667 - game_server - INFO - log_game_event:61 - Игровое событие: обновление_позиции - {"client_id": 1, "position": {"x": 960, "y": 540}, "inputs": {"left": false, "right": false, "up": false, "down": false}}
2025-09-23 17:50:36,700 - game_server - INFO - log_game_event:61 - Игровое событие: обновление_позиции - {"client_id": 1, "position": {"x": 960, "y": 540}, "inputs": {"left": false, "right": false, "up": false, "down": false}}
2025-09-23 17:50:36,733 - game_server - INFO - log_game_event:61 - Игровое событие: обновление_позиции - {"client_id": 1, "position": {"x": 960, "y": 540}, "inputs": {"left": false, "right": false, "up": false, "down": false}}
2025-09-23 17:50:36,767 - game_server - INFO - log_game_event:61 - Игровое событие: обновление_позиции - {"client_id": 1, "position": {"x": 960, "y": 540}, "inputs": {"left": false, "right": false, "up": false, "down": false}}
2025-09-23 17:50:36,802 - game_server - INFO - log_game_event:61 - Игровое событие: обновление_позиции - {"client_id": 1, "position": {"x": 960, "y": 540}, "inputs": {"left": false, "right": false, "up": false, "down": false}}
2025-09-23 17:50:36,837 - game_server - INFO - log_game_event:61 - Игровое событие: обновление_позиции - {"client_id": 1, "position": {"x": 960, "y": 540}, "inputs": {"left": false, "right": false, "up": false, "down": false}}
2025-09-23 17:50:36,867 - game_server - INFO - log_game_event:61 - Игровое событие: обновление_позиции - {"client_id": 1, "position": {"x": 960, "y": 540}, "inputs": {"left": false, "right": false, "up": false, "down": false}}
2025-09-23 17:50:36,895 - game_server - INFO - log_game_event:61 - Игровое событие: обновление_позиции - {"client_id": 1, "position": {"x": 960, "y": 540}, "inputs": {"left": false, "right": false, "up": false, "down": false}}
2025-09-23 17:50:36,923 - game_server - INFO - log_game_event:61 - Игровое событие: обновление_позиции - {"client_id": 1, "position": {"x": 960, "y": 540}, "inputs": {"left": false, "right": false, "up": false, "down": false}}
2025-09-23 17:50:36,947 - game_server - INFO - log_game_event:61 - Игровое событие: обновление_позиции - {"client_id": 1, "position": {"x": 960, "y": 540}, "inputs": {"left": false, "right": false, "up": false, "down": false}}
2025-09-23 17:50:36,969 - game_server - INFO - log_game_event:61 - Игровое событие: обновление_позиции - {"client_id": 1, "position": {"x": 960, "y": 540}, "inputs": {"left": false, "right": false, "up": false, "down": false}}
2025-09-23 17:50:36,993 - game_server - INFO - log_game_event:61 - Игровое событие: обновление_позиции - {"client_id": 1, "position": {"x": 960, "y": 540}, "inputs": {"left": false, "right": false, "up": false, "down": false}}
2025-09-23 17:50:37,026 - game_server - INFO - log_game_event:61 - Игровое событие: обновление_позиции - {"client_id": 1, "position": {"x": 960, "y": 540}, "inputs": {"left": false, "right": false, "up": false, "down": false}}
2025-09-23 17:50:37,049 - game_server - INFO - log_game_event:61 - Игровое событие: обновление_позиции - {"client_id": 1, "position": {"x": 960, "y": 540}, "inputs": {"left": false, "right": false, "up": false, "down": false}}
2025-09-23 17:50:37,072 - game_server - INFO - log_game_event:61 - Игровое событие: обновление_позиции - {"client_id": 1, "position": {"x": 960, "y": 540}, "inputs": {"left": false, "right": false, "up": false, "down": false}}
2025-09-23 17:50:37,095 - game_server - INFO - log_game_event:61 - Игровое событие: обновление_позиции - {"client_id": 1, "position": {"x": 960, "y": 540}, "inputs": {"left": false, "right": false, "up": false, "down": false}}
2025-09-23 17:50:37,119 - game_server - INFO - log_game_event:61 - Игровое событие: обновление_позиции - {"client_id": 1, "position": {"x": 960, "y": 540}, "inputs": {"left": false, "right": false, "up": false, "down": false}}
2025-09-23 17:50:37,141 - game_server - INFO - log_game_event:61 - Игровое событие: обновление_позиции - {"client_id": 1, "position": {"x": 960, "y": 540}, "inputs": {"left": false, "right": false, "up": false, "down": false}}
2025-09-23 17:50:37,165 - game_server - INFO - log_game_event:61 - Игровое событие: обновление_позиции - {"client_id": 1, "position": {"x": 960, "y": 540}, "inputs": {"left": false, "right": false, "up": false, "down": false}}
2025-09-23 17:50:37,188 - game_server - INFO - log_game_event:61 - Игровое событие: обновление_позиции - {"client_id": 1, "position": {"x": 960, "y": 540}, "inputs": {"left": false, "right": false, "up": false, "down": false}}
2025-09-23 17:50:37,212 - game_server - INFO - log_game_event:61 - Игровое событие: обновление_позиции - {"client_id": 1, "position": {"x": 960, "y": 540}, "inputs": {"left": false, "right": false, "up": false, "down": false}}
2025-09-23 17:50:37,236 - game_server - INFO - log_game_event:61 - Игровое событие: обновление_позиции - {"client_id": 1, "position": {"x": 960, "y": 540}, "inputs": {"left": false, "right": false, "up": false, "down": false}}
2025-09-23 17:50:37,270 - game_server - INFO - log_game_event:61 - Игровое событие: обновление_позиции - {"client_id": 1, "position": {"x": 960, "y": 540}, "inputs": {"left": false, "right": false, "up": false, "down": false}}
2025-09-23 17:50:37,316 - game_server - INFO - log_game_event:61 - Игровое событие: обновление_позиции - {"client_id": 1, "position": {"x": 960, "y": 540}, "inputs": {"left": false, "right": false, "up": false, "down": false}}
2025-09-23 17:50:37,339 - game_server - INFO - log_game_event:61 - Игровое событие: обновление_позиции - {"client_id": 1, "position": {"x": 960, "y": 540}, "inputs": {"left": false, "right": false, "up": false, "down": false}}
2025-09-23 17:50:37,362 - game_server - INFO - log_game_event:61 - Игровое событие: обновление_позиции - {"client_id": 1, "position": {"x": 960, "y": 540}, "inputs": {"left": false, "right": false, "up": false, "down": false}}
2025-09-23 17:50:37,385 - game_server - INFO - log_game_event:61 - Игровое событие: обновление_позиции - {"client_id": 1, "position": {"x": 960, "y": 540}, "inputs": {"left": false, "right": false, "up": false, "down": false}}
2025-09-23 17:50:37,413 - game_server - INFO - log_game_event:61 - Игровое событие: обновление_позиции - {"client_id": 1, "position": {"x": 960, "y": 540}, "inputs": {"left": false, "right": false, "up": false, "down": false}}
2025-09-23 17:50:37,444 - game_server - INFO - log_game_event:61 - Игровое событие: обновление_позиции - {"client_id": 1, "position": {"x": 960, "y": 540}, "inputs": {"left": false, "right": false, "up": false, "down": false}}
2025-09-23 17:50:37,468 - game_server - INFO - log_game_event:61 - Игровое событие: обновление_позиции - {"client_id": 1, "position": {"x": 960, "y": 540}, "inputs": {"left": false, "right": false, "up": false, "down": false}}
2025-09-23 17:50:37,492 - game_server - INFO - log_game_event:61 - Игровое событие: обновление_позиции - {"client_id": 1, "position": {"x": 960, "y": 540}, "inputs": {"left": false, "right": false, "up": false, "down": false}}
2025-09-23 17:50:37,519 - game_server - INFO - log_game_event:61 - Игровое событие: обновление_позиции - {"client_id": 1, "position": {"x": 960, "y": 540}, "inputs": {"left": false, "right": false, "up": false, "down": false}}
2025-09-23 17:50:37,545 - game_server - INFO - log_game_event:61 - Игровое событие: обновление_позиции - {"client_id": 1, "position": {"x": 960, "y": 540}, "inputs": {"left": false, "right": false, "up": false, "down": false}}
2025-09-23 17:50:37,575 - game_server - INFO - log_game_event:61 - Игровое событие: обновление_позиции - {"client_id": 1, "position": {"x": 960, "y": 540}, "inputs": {"left": false, "right": false, "up": false, "down": false}}
2025-09-23 17:50:37,612 - game_server - INFO - log_game_event:61 - Игровое событие: обновление_позиции - {"client_id": 1, "position": {"x": 960, "y": 540}, "inputs": {"left": false, "right": false, "up": false, "down": false}}
2025-09-23 17:50:37,648 - game_server - INFO - log_game_event:61 - Игровое событие: обновление_позиции - {"client_id": 1, "position": {"x": 960, "y": 540}, "inputs": {"left": false, "right": false, "up": false, "down": false}}
2025-09-23 17:50:37,683 - game_server - INFO - log_game_event:61 - Игровое событие: обновление_позиции - {"client_id": 1, "position": {"x": 960, "y": 540}, "inputs": {"left": false, "right": false, "up": false, "down": false}}
2025-09-23 17:50:37,718 - game_server - INFO - log_game_event:61 - Игровое событие: обновление_позиции - {"client_id": 1, "position": {"x": 960, "y": 540}, "inputs": {"left": false, "right": false, "up": false, "down": false}}
2025-09-23 17:50:37,751 - game_server - INFO - log_game_event:61 - Игровое событие: обновление_позиции - {"client_id": 1, "position": {"x": 960, "y": 540}, "inputs": {"left": false, "right": false, "up": false, "down": false}}
2025-09-23 17:50:37,785 - game_server - INFO - log_game_event:61 - Игровое событие: обновление_позиции - {"client_id": 1, "position": {"x": 960, "y": 540}, "inputs": {"left": false, "right": false, "up": false, "down": false}}
2025-09-23 17:50:37,819 - game_server - INFO - log_game_event:61 - Игровое событие: обновление_позиции - {"client_id": 1, "position": {"x": 960, "y": 540}, "inputs": {"left": false, "right": false, "up": false, "down": false}}
2025-09-23 17:50:37,854 - game_server - INFO - log_game_event:61 - Игровое событие: обновление_позиции - {"client_id": 1, "position": {"x": 960, "y": 540}, "inputs": {"left": false, "right": false, "up": false, "down": false}}
2025-09-23 17:50:37,889 - game_server - INFO - log_game_event:61 - Игровое событие: обновление_позиции - {"client_id": 1, "position": {"x": 960, "y": 540}, "inputs": {"left": false, "right": false, "up": false, "down": false}}
2025-09-23 17:50:37,924 - game_server - INFO - log_game_event:61 - Игровое событие: обновление_позиции - {"client_id": 1, "position": {"x": 960, "y": 540}, "inputs": {"left": false, "right": false, "up": false, "down": false}}
2025-09-23 17:50:37,959 - game_server - INFO - log_game_event:61 - Игровое событие: обновление_позиции - {"client_id": 1, "position": {"x": 960, "y": 540}, "inputs": {"left": false, "right": false, "up": false, "down": false}}
2025-09-23 17:50:37,995 - game_server - INFO - log_game_event:61 - Игровое событие: обновление_позиции - {"client_id": 1, "position": {"x": 960, "y": 540}, "inputs": {"left": false, "right": false, "up": false, "down": false}}
2025-09-23 17:50:38,027 - game_server - INFO - log_game_event:61 - Игровое событие: обновление_позиции - {"client_id": 1, "position": {"x": 960, "y": 540}, "inputs": {"left": false, "right": false, "up": false, "down": false}}
2025-09-23 17:50:38,066 - game_server - INFO - log_game_event:61 - Игровое событие: обновление_позиции - {"client_id": 1, "position": {"x": 960, "y": 540}, "inputs": {"left": false, "right": false, "up": false, "down": false}}
2025-09-23 17:50:38,096 - game_server - INFO - log_game_event:61 - Игровое событие: обновление_позиции - {"client_id": 1, "position": {"x": 960, "y": 540}, "inputs": {"left": false, "right": false, "up": false, "down": false}}
2025-09-23 17:50:38,131 - game_server - INFO - log_game_event:61 - Игровое событие: обновление_позиции - {"client_id": 1, "position": {"x": 960, "y": 540}, "inputs": {"left": false, "right": false, "up": false, "down": false}}
2025-09-23 17:50:38,166 - game_server - INFO - log_game_event:61 - Игровое событие: обновление_позиции - {"client_id": 1, "position": {"x": 960, "y": 540}, "inputs": {"left": false, "right": false, "up": false, "down": false}}
2025-09-23 17:50:38,203 - game_server - INFO - log_game_event:61 - Игровое событие: обновление_позиции - {"client_id": 1, "position": {"x": 960, "y": 540}, "inputs": {"left": false, "right": false, "up": false, "down": false}}
2025-09-23 17:50:38,237 - game_server - INFO - log_game_event:61 - Игровое событие: обновление_позиции - {"client_id": 1, "position": {"x": 960, "y": 540}, "inputs": {"left": false, "right": false, "up": false, "down": false}}
2025-09-23 17:50:38,272 - game_server - INFO - log_game_event:61 - Игровое событие: обновление_позиции - {"client_id": 1, "position": {"x": 960, "y": 540}, "inputs": {"left": false, "right": false, "up": false, "down": false}}
2025-09-23 17:50:38,307 - game_server - INFO - log_game_event:61 - Игровое событие: обновление_позиции - {"client_id": 1, "position": {"x": 960, "y": 540}, "inputs": {"left": false, "right": false, "up": false, "down": false}}
2025-09-23 17:50:38,344 - game_server - INFO - log_game_event:61 - Игровое событие: обновление_позиции - {"client_id": 1, "position": {"x": 960, "y": 540}, "inputs": {"left": false, "right": false, "up": false, "down": false}}
2025-09-23 17:50:38,379 - game_server - INFO - log_game_event:61 - Игровое событие: обновление_позиции - {"client_id": 1, "position": {"x": 960, "y": 540}, "inputs": {"left": false, "right": false, "up": false, "down": false}}
2025-09-23 17:50:38,415 - game_server - INFO - log_game_event:61 - Игровое событие: обновление_позиции - {"client_id": 1, "position": {"x": 960, "y": 540}, "inputs": {"left": false, "right": false, "up": false, "down": false}}
2025-09-23 17:50:38,450 - game_server - INFO - log_game_event:61 - Игровое событие: обновление_позиции - {"client_id": 1, "position": {"x": 960, "y": 540}, "inputs": {"left": false, "right": false, "up": false, "down": false}}
2025-09-23 17:50:38,483 - game_server - INFO - log_game_event:61 - Игровое событие: обновление_позиции - {"client_id": 1, "position": {"x": 960, "y": 540}, "inputs": {"left": false, "right": false, "up": false, "down": false}}
2025-09-23 17:50:38,518 - game_server - INFO - log_game_event:61 - Игровое событие: обновление_позиции - {"client_id": 1, "position": {"x": 960, "y": 540}, "inputs": {"left": false, "right": false, "up": false, "down": false}}
2025-09-23 17:50:38,552 - game_server - INFO - log_game_event:61 - Игровое событие: обновление_позиции - {"client_id": 1, "position": {"x": 960, "y": 540}, "inputs": {"left": false, "right": false, "up": false, "down": false}}
2025-09-23 17:50:38,587 - game_server - INFO - log_game_event:61 - Игровое событие: обновление_позиции - {"client_id": 1, "position": {"x": 960, "y": 540}, "inputs": {"left": false, "right": false, "up": false, "down": false}}
2025-09-23 17:50:38,624 - game_server - INFO - log_game_event:61 - Игровое событие: обновление_позиции - {"client_id": 1, "position": {"x": 960, "y": 540}, "inputs": {"left": false, "right": false, "up": false, "down": false}}
2025-09-23 17:50:38,660 - game_server - INFO - log_game_event:61 - Игровое событие: обновление_позиции - {"client_id": 1, "position": {"x": 960, "y": 540}, "inputs": {"left": false, "right": false, "up": false, "down": false}}
2025-09-23 17:50:38,695 - game_server - INFO - log_game_event:61 - Игровое событие: обновление_позиции - {"client_id": 1, "position": {"x": 960, "y": 540}, "inputs": {"left": false, "right": false, "up": false, "down": false}}
2025-09-23 17:50:38,729 - game_server - INFO - log_game_event:61 - Игровое событие: обновление_позиции - {"client_id": 1, "position": {"x": 960, "y": 540}, "inputs": {"left": false, "right": false, "up": false, "down": false}}
2025-09-23 17:50:38,765 - game_server - INFO - log_game_event:61 - Игровое событие: обновление_позиции - {"client_id": 1, "position": {"x": 960, "y": 540}, "inputs": {"left": false, "right": false, "up": false, "down": false}}
2025-09-23 17:50:38,798 - game_server - INFO - log_game_event:61 - Игровое событие: обновление_позиции - {"client_id": 1, "position": {"x": 960, "y": 540}, "inputs": {"left": false, "right": false, "up": false, "down": false}}
2025-09-23 17:50:38,832 - game_server - INFO - log_game_event:61 - Игровое событие: обновление_позиции - {"client_id": 1, "position": {"x": 960, "y": 540}, "inputs": {"left": false, "right": false, "up": false, "down": false}}
2025-09-23 17:50:38,869 - game_server - INFO - log_game_event:61 - Игровое событие: обновление_позиции - {"client_id": 1, "position": {"x": 960, "y": 545}, "inputs": {"left": false, "right": false, "up": false, "down": true}}
2025-09-23 17:50:38,904 - game_server - INFO - log_game_event:61 - Игровое событие: обновление_позиции - {"client_id": 1, "position": {"x": 955, "y": 550}, "inputs": {"left": true, "right": false, "up": false, "down": true}}
2025-09-23 17:50:38,939 - game_server - INFO - log_game_event:61 - Игровое событие: обновление_позиции - {"client_id": 1, "position": {"x": 950, "y": 555}, "inputs": {"left": true, "right": false, "up": false, "down": true}}
2025-09-23 17:50:38,975 - game_server - INFO - log_game_event:61 - Игровое событие: обновление_позиции - {"client_id": 1, "position": {"x": 945, "y": 560}, "inputs": {"left": true, "right": false, "up": false, "down": true}}
2025-09-23 17:50:39,011 - game_server - INFO - log_game_event:61 - Игровое событие: обновление_позиции - {"client_id": 1, "position": {"x": 940, "y": 560}, "inputs": {"left": true, "right": false, "up": false, "down": false}}
2025-09-23 17:50:39,049 - game_server - INFO - log_game_event:61 - Игровое событие: обновление_позиции - {"client_id": 1, "position": {"x": 935, "y": 560}, "inputs": {"left": true, "right": false, "up": false, "down": false}}
2025-09-23 17:50:39,082 - game_server - INFO - log_game_event:61 - Игровое событие: обновление_позиции - {"client_id": 1, "position": {"x": 930, "y": 560}, "inputs": {"left": true, "right": false, "up": false, "down": false}}
2025-09-23 17:50:39,115 - game_server - INFO - log_game_event:61 - Игровое событие: обновление_позиции - {"client_id": 1, "position": {"x": 925, "y": 560}, "inputs": {"left": true, "right": false, "up": false, "down": false}}
2025-09-23 17:50:39,151 - game_server - INFO - log_game_event:61 - Игровое событие: обновление_позиции - {"client_id": 1, "position": {"x": 920, "y": 560}, "inputs": {"left": true, "right": false, "up": false, "down": false}}
2025-09-23 17:50:39,186 - game_server - INFO - log_game_event:61 - Игровое событие: обновление_позиции - {"client_id": 1, "position": {"x": 915, "y": 560}, "inputs": {"left": true, "right": false, "up": false, "down": false}}
2025-09-23 17:50:39,223 - game_server - INFO - log_game_event:61 - Игровое событие: обновление_позиции - {"client_id": 1, "position": {"x": 910, "y": 565}, "inputs": {"left": true, "right": false, "up": false, "down": true}}
2025-09-23 17:50:39,259 - game_server - INFO - log_game_event:61 - Игровое событие: обновление_позиции - {"client_id": 1, "position": {"x": 905, "y": 570}, "inputs": {"left": true, "right": false, "up": false, "down": true}}
2025-09-23 17:50:39,294 - game_server - INFO - log_game_event:61 - Игровое событие: обновление_позиции - {"client_id": 1, "position": {"x": 900, "y": 575}, "inputs": {"left": true, "right": false, "up": false, "down": true}}
2025-09-23 17:50:39,330 - game_server - INFO - log_game_event:61 - Игровое событие: обновление_позиции - {"client_id": 1, "position": {"x": 895, "y": 580}, "inputs": {"left": true, "right": false, "up": false, "down": true}}
2025-09-23 17:50:39,366 - game_server - INFO - log_game_event:61 - Игровое событие: обновление_позиции - {"client_id": 1, "position": {"x": 890, "y": 585}, "inputs": {"left": true, "right": false, "up": false, "down": true}}
2025-09-23 17:50:39,401 - game_server - INFO - log_game_event:61 - Игровое событие: обновление_позиции - {"client_id": 1, "position": {"x": 885, "y": 590}, "inputs": {"left": true, "right": false, "up": false, "down": true}}
2025-09-23 17:50:39,430 - game_server - INFO - log_game_event:61 - Игровое событие: обновление_позиции - {"client_id": 1, "position": {"x": 880, "y": 595}, "inputs": {"left": true, "right": false, "up": false, "down": true}}
2025-09-23 17:50:39,465 - game_server - INFO - log_game_event:61 - Игровое событие: обновление_позиции - {"client_id": 1, "position": {"x": 875, "y": 600}, "inputs": {"left": true, "right": false, "up": false, "down": true}}
2025-09-23 17:50:39,498 - game_server - INFO - log_game_event:61 - Игровое событие: обновление_позиции - {"client_id": 1, "position": {"x": 870, "y": 605}, "inputs": {"left": true, "right": false, "up": false, "down": true}}
2025-09-23 17:50:39,531 - game_server - INFO - log_game_event:61 - Игровое событие: обновление_позиции - {"client_id": 1, "position": {"x": 865, "y": 610}, "inputs": {"left": true, "right": false, "up": false, "down": true}}
2025-09-23 17:50:39,566 - game_server - INFO - log_game_event:61 - Игровое событие: обновление_позиции - {"client_id": 1, "position": {"x": 860, "y": 615}, "inputs": {"left": true, "right": false, "up": false, "down": true}}
2025-09-23 17:50:39,602 - game_server - INFO - log_game_event:61 - Игровое событие: обновление_позиции - {"client_id": 1, "position": {"x": 855, "y": 620}, "inputs": {"left": true, "right": false, "up": false, "down": true}}
2025-09-23 17:50:39,635 - game_server - INFO - log_game_event:61 - Игровое событие: обновление_позиции - {"client_id": 1, "position": {"x": 850, "y": 625}, "inputs": {"left": true, "right": false, "up": false, "down": true}}
2025-09-23 17:50:39,670 - game_server - INFO - log_game_event:61 - Игровое событие: обновление_позиции - {"client_id": 1, "position": {"x": 845, "y": 630}, "inputs": {"left": true, "right": false, "up": false, "down": true}}
2025-09-23 17:50:39,706 - game_server - INFO - log_game_event:61 - Игровое событие: обновление_позиции - {"client_id": 1, "position": {"x": 840, "y": 635}, "inputs": {"left": true, "right": false, "up": false, "down": true}}
2025-09-23 17:50:39,744 - game_server - INFO - log_game_event:61 - Игровое событие: обновление_позиции - {"client_id": 1, "position": {"x": 835, "y": 640}, "inputs": {"left": true, "right": false, "up": false, "down": true}}
2025-09-23 17:50:39,782 - game_server - INFO - log_game_event:61 - Игровое событие: обновление_позиции - {"client_id": 1, "position": {"x": 830, "y": 645}, "inputs": {"left": true, "right": false, "up": false, "down": true}}
2025-09-23 17:50:39,816 - game_server - INFO - log_game_event:61 - Игровое событие: обновление_позиции - {"client_id": 1, "position": {"x": 825, "y": 650}, "inputs": {"left": true, "right": false, "up": false, "down": true}}
2025-09-23 17:50:39,851 - game_server - INFO - log_game_event:61 - Игровое событие: обновление_позиции - {"client_id": 1, "position": {"x": 825, "y": 655}, "inputs": {"left": false, "right": false, "up": false, "down": true}}
2025-09-23 17:50:39,881 - game_server - INFO - log_game_event:61 - Игровое событие: обновление_позиции - {"client_id": 1, "position": {"x": 825, "y": 660}, "inputs": {"left": false, "right": false, "up": false, "down": true}}
2025-09-23 17:50:39,913 - game_server - INFO - log_game_event:61 - Игровое событие: обновление_позиции - {"client_id": 1, "position": {"x": 825, "y": 665}, "inputs": {"left": false, "right": false, "up": false, "down": true}}
2025-09-23 17:50:39,950 - game_server - INFO - log_game_event:61 - Игровое событие: обновление_позиции - {"client_id": 1, "position": {"x": 825, "y": 670}, "inputs": {"left": false, "right": false, "up": false, "down": true}}
2025-09-23 17:50:39,984 - game_server - INFO - log_game_event:61 - Игровое событие: обновление_позиции - {"client_id": 1, "position": {"x": 825, "y": 675}, "inputs": {"left": false, "right": false, "up": false, "down": true}}
2025-09-23 17:50:40,016 - game_server - INFO - log_game_event:61 - Игровое событие: обновление_позиции - {"client_id": 1, "position": {"x": 825, "y": 680}, "inputs": {"left": false, "right": false, "up": false, "down": true}}
2025-09-23 17:50:40,052 - game_server - INFO - log_game_event:61 - Игровое событие: обновление_позиции - {"client_id": 1, "position": {"x": 825, "y": 685}, "inputs": {"left": false, "right": false, "up": false, "down": true}}
2025-09-23 17:50:40,087 - game_server - INFO - log_game_event:61 - Игровое событие: обновление_позиции - {"client_id": 1, "position": {"x": 825, "y": 690}, "inputs": {"left": false, "right": false, "up": false, "down": true}}
2025-09-23 17:50:40,122 - game_server - INFO - log_game_event:61 - Игровое событие: обновление_позиции - {"client_id": 1, "position": {"x": 825, "y": 695}, "inputs": {"left": false, "right": false, "up": false, "down": true}}
2025-09-23 17:50:40,156 - game_server - INFO - log_game_event:61 - Игровое событие: обновление_позиции - {"client_id": 1, "position": {"x": 830, "y": 695}, "inputs": {"left": false, "right": true, "up": false, "down": false}}
2025-09-23 17:50:40,191 - game_server - INFO - log_game_event:61 - Игровое событие: обновление_позиции - {"client_id": 1, "position": {"x": 835, "y": 695}, "inputs": {"left": false, "right": true, "up": false, "down": false}}
2025-09-23 17:50:40,223 - game_server - INFO - log_game_event:61 - Игровое событие: обновление_позиции - {"client_id": 1, "position": {"x": 840, "y": 695}, "inputs": {"left": false, "right": true, "up": false, "down": false}}
2025-09-23 17:50:40,258 - game_server - INFO - log_game_event:61 - Игровое событие: обновление_позиции - {"client_id": 1, "position": {"x": 845, "y": 695}, "inputs": {"left": false, "right": true, "up": false, "down": false}}
2025-09-23 17:50:40,293 - game_server - INFO - log_game_event:61 - Игровое событие: обновление_позиции - {"client_id": 1, "position": {"x": 850, "y": 695}, "inputs": {"left": false, "right": true, "up": false, "down": false}}
2025-09-23 17:50:40,325 - game_server - INFO - log_game_event:61 - Игровое событие: обновление_позиции - {"client_id": 1, "position": {"x": 855, "y": 695}, "inputs": {"left": false, "right": true, "up": false, "down": false}}
2025-09-23 17:50:40,360 - game_server - INFO - log_game_event:61 - Игровое событие: обновление_позиции - {"client_id": 1, "position": {"x": 860, "y": 695}, "inputs": {"left": false, "right": true, "up": false, "down": false}}
2025-09-23 17:50:40,394 - game_server - INFO - log_game_event:61 - Игровое событие: обновление_позиции - {"client_id": 1, "position": {"x": 865, "y": 695}, "inputs": {"left": false, "right": true, "up": false, "down": false}}
2025-09-23 17:50:40,424 - game_server - INFO - log_game_event:61 - Игровое событие: обновление_позиции - {"client_id": 1, "position": {"x": 870, "y": 695}, "inputs": {"left": false, "right": true, "up": false, "down": false}}
2025-09-23 17:50:40,454 - game_server - INFO - log_game_event:61 - Игровое событие: обновление_позиции - {"client_id": 1, "position": {"x": 875, "y": 695}, "inputs": {"left": false, "right": true, "up": false, "down": false}}
2025-09-23 17:50:40,486 - game_server - INFO - log_game_event:61 - Игровое событие: обновление_позиции - {"client_id": 1, "position": {"x": 880, "y": 695}, "inputs": {"left": false, "right": true, "up": false, "down": false}}
2025-09-23 17:50:40,521 - game_server - INFO - log_game_event:61 - Игровое событие: обновление_позиции - {"client_id": 1, "position": {"x": 885, "y": 695}, "inputs": {"left": false, "right": true, "up": false, "down": false}}
2025-09-23 17:50:40,553 - game_server - INFO - log_game_event:61 - Игровое событие: обновление_позиции - {"client_id": 1, "position": {"x": 890, "y": 695}, "inputs": {"left": false, "right": true, "up": false, "down": false}}
2025-09-23 17:50:40,586 - game_server - INFO - log_game_event:61 - Игровое событие: обновление_позиции - {"client_id": 1, "position": {"x": 895, "y": 695}, "inputs": {"left": false, "right": true, "up": false, "down": false}}
2025-09-23 17:50:40,624 - game_server - INFO - log_game_event:61 - Игровое событие: обновление_позиции - {"client_id": 1, "position": {"x": 895, "y": 695}, "inputs": {"left": false, "right": false, "up": false, "down": false}}
2025-09-23 17:50:40,658 - game_server - INFO - log_game_event:61 - Игровое событие: обновление_позиции - {"client_id": 1, "position": {"x": 895, "y": 695}, "inputs": {"left": false, "right": false, "up": false, "down": false}}
2025-09-23 17:50:40,696 - game_server - INFO - log_game_event:61 - Игровое событие: обновление_позиции - {"client_id": 1, "position": {"x": 895, "y": 690}, "inputs": {"left": false, "right": false, "up": true, "down": false}}
2025-09-23 17:50:40,729 - game_server - INFO - log_game_event:61 - Игровое событие: обновление_позиции - {"client_id": 1, "position": {"x": 895, "y": 685}, "inputs": {"left": false, "right": false, "up": true, "down": false}}
2025-09-23 17:50:40,763 - game_server - INFO - log_game_event:61 - Игровое событие: обновление_позиции - {"client_id": 1, "position": {"x": 895, "y": 680}, "inputs": {"left": false, "right": false, "up": true, "down": false}}
2025-09-23 17:50:40,799 - game_server - INFO - log_game_event:61 - Игровое событие: обновление_позиции - {"client_id": 1, "position": {"x": 895, "y": 675}, "inputs": {"left": false, "right": false, "up": true, "down": false}}
2025-09-23 17:50:40,831 - game_server - INFO - log_game_event:61 - Игровое событие: обновление_позиции - {"client_id": 1, "position": {"x": 895, "y": 670}, "inputs": {"left": false, "right": false, "up": true, "down": false}}
2025-09-23 17:50:40,866 - game_server - INFO - log_game_event:61 - Игровое событие: обновление_позиции - {"client_id": 1, "position": {"x": 895, "y": 665}, "inputs": {"left": false, "right": false, "up": true, "down": false}}
2025-09-23 17:50:40,901 - game_server - INFO - log_game_event:61 - Игровое событие: обновление_позиции - {"client_id": 1, "position": {"x": 895, "y": 660}, "inputs": {"left": false, "right": false, "up": true, "down": false}}
2025-09-23 17:50:40,936 - game_server - INFO - log_game_event:61 - Игровое событие: обновление_позиции - {"client_id": 1, "position": {"x": 895, "y": 655}, "inputs": {"left": false, "right": false, "up": true, "down": false}}
2025-09-23 17:50:40,970 - game_server - INFO - log_game_event:61 - Игровое событие: обновление_позиции - {"client_id": 1, "position": {"x": 895, "y": 650}, "inputs": {"left": false, "right": false, "up": true, "down": false}}
2025-09-23 17:50:41,006 - game_server - INFO - log_game_event:61 - Игровое событие: обновление_позиции - {"client_id": 1, "position": {"x": 895, "y": 645}, "inputs": {"left": false, "right": false, "up": true, "down": false}}
2025-09-23 17:50:41,043 - game_server - INFO - log_game_event:61 - Игровое событие: обновление_позиции - {"client_id": 1, "position": {"x": 895, "y": 640}, "inputs": {"left": false, "right": false, "up": true, "down": false}}
2025-09-23 17:50:41,079 - game_server - INFO - log_game_event:61 - Игровое событие: обновление_позиции - {"client_id": 1, "position": {"x": 895, "y": 635}, "inputs": {"left": false, "right": false, "up": true, "down": false}}
2025-09-23 17:50:41,115 - game_server - INFO - log_game_event:61 - Игровое событие: обновление_позиции - {"client_id": 1, "position": {"x": 890, "y": 635}, "inputs": {"left": true, "right": false, "up": false, "down": false}}
2025-09-23 17:50:41,149 - game_server - INFO - log_game_event:61 - Игровое событие: обновление_позиции - {"client_id": 1, "position": {"x": 885, "y": 635}, "inputs": {"left": true, "right": false, "up": false, "down": false}}
2025-09-23 17:50:41,186 - game_server - INFO - log_game_event:61 - Игровое событие: обновление_позиции - {"client_id": 1, "position": {"x": 880, "y": 635}, "inputs": {"left": true, "right": false, "up": false, "down": false}}
2025-09-23 17:50:41,215 - game_server - INFO - log_game_event:61 - Игровое событие: обновление_позиции - {"client_id": 1, "position": {"x": 875, "y": 635}, "inputs": {"left": true, "right": false, "up": false, "down": false}}
2025-09-23 17:50:41,248 - game_server - INFO - log_game_event:61 - Игровое событие: обновление_позиции - {"client_id": 1, "position": {"x": 870, "y": 635}, "inputs": {"left": true, "right": false, "up": false, "down": false}}
2025-09-23 17:50:41,281 - game_server - INFO - log_game_event:61 - Игровое событие: обновление_позиции - {"client_id": 1, "position": {"x": 865, "y": 635}, "inputs": {"left": true, "right": false, "up": false, "down": false}}
2025-09-23 17:50:41,311 - game_server - INFO - log_game_event:61 - Игровое событие: обновление_позиции - {"client_id": 1, "position": {"x": 860, "y": 635}, "inputs": {"left": true, "right": false, "up": false, "down": false}}
2025-09-23 17:50:41,345 - game_server - INFO - log_game_event:61 - Игровое событие: обновление_позиции - {"client_id": 1, "position": {"x": 855, "y": 635}, "inputs": {"left": true, "right": false, "up": false, "down": false}}
2025-09-23 17:50:41,377 - game_server - INFO - log_game_event:61 - Игровое событие: обновление_позиции - {"client_id": 1, "position": {"x": 850, "y": 640}, "inputs": {"left": true, "right": false, "up": false, "down": true}}
2025-09-23 17:50:41,412 - game_server - INFO - log_game_event:61 - Игровое событие: обновление_позиции - {"client_id": 1, "position": {"x": 845, "y": 645}, "inputs": {"left": true, "right": false, "up": false, "down": true}}
2025-09-23 17:50:41,443 - game_server - INFO - log_game_event:61 - Игровое событие: обновление_позиции - {"client_id": 1, "position": {"x": 840, "y": 650}, "inputs": {"left": true, "right": false, "up": false, "down": true}}
2025-09-23 17:50:41,478 - game_server - INFO - log_game_event:61 - Игровое событие: обновление_позиции - {"client_id": 1, "position": {"x": 835, "y": 655}, "inputs": {"left": true, "right": false, "up": false, "down": true}}
2025-09-23 17:50:41,514 - game_server - INFO - log_game_event:61 - Игровое событие: обновление_позиции - {"client_id": 1, "position": {"x": 830, "y": 660}, "inputs": {"left": true, "right": false, "up": false, "down": true}}
2025-09-23 17:50:41,551 - game_server - INFO - log_game_event:61 - Игровое событие: обновление_позиции - {"client_id": 1, "position": {"x": 825, "y": 665}, "inputs": {"left": true, "right": false, "up": false, "down": true}}
2025-09-23 17:50:41,586 - game_server - INFO - log_game_event:61 - Игровое событие: обновление_позиции - {"client_id": 1, "position": {"x": 820, "y": 670}, "inputs": {"left": true, "right": false, "up": false, "down": true}}
2025-09-23 17:50:41,617 - game_server - INFO - log_game_event:61 - Игровое событие: обновление_позиции - {"client_id": 1, "position": {"x": 815, "y": 675}, "inputs": {"left": true, "right": false, "up": false, "down": true}}
2025-09-23 17:50:41,640 - game_server - INFO - log_game_event:61 - Игровое событие: обновление_позиции - {"client_id": 1, "position": {"x": 810, "y": 680}, "inputs": {"left": true, "right": false, "up": false, "down": true}}
2025-09-23 17:50:41,664 - game_server - INFO - log_game_event:61 - Игровое событие: обновление_позиции - {"client_id": 1, "position": {"x": 805, "y": 685}, "inputs": {"left": true, "right": false, "up": false, "down": true}}
2025-09-23 17:50:41,690 - game_server - INFO - log_game_event:61 - Игровое событие: обновление_позиции - {"client_id": 1, "position": {"x": 800, "y": 690}, "inputs": {"left": true, "right": false, "up": false, "down": true}}
2025-09-23 17:50:41,714 - game_server - INFO - log_game_event:61 - Игровое событие: обновление_позиции - {"client_id": 1, "position": {"x": 795, "y": 695}, "inputs": {"left": true, "right": false, "up": false, "down": true}}
2025-09-23 17:50:41,736 - game_server - INFO - log_game_event:61 - Игровое событие: обновление_позиции - {"client_id": 1, "position": {"x": 790, "y": 700}, "inputs": {"left": true, "right": false, "up": false, "down": true}}
2025-09-23 17:50:41,759 - game_server - INFO - log_game_event:61 - Игровое событие: обновление_позиции - {"client_id": 1, "position": {"x": 785, "y": 705}, "inputs": {"left": true, "right": false, "up": false, "down": true}}
2025-09-23 17:50:41,782 - game_server - INFO - log_game_event:61 - Игровое событие: обновление_позиции - {"client_id": 1, "position": {"x": 780, "y": 710}, "inputs": {"left": true, "right": false, "up": false, "down": true}}
2025-09-23 17:50:41,806 - game_server - INFO - log_game_event:61 - Игровое событие: обновление_позиции - {"client_id": 1, "position": {"x": 775, "y": 715}, "inputs": {"left": true, "right": false, "up": false, "down": true}}
2025-09-23 17:50:41,829 - game_server - INFO - log_game_event:61 - Игровое событие: обновление_позиции - {"client_id": 1, "position": {"x": 770, "y": 720}, "inputs": {"left": true, "right": false, "up": false, "down": true}}
2025-09-23 17:50:41,853 - game_server - INFO - log_game_event:61 - Игровое событие: обновление_позиции - {"client_id": 1, "position": {"x": 765, "y": 725}, "inputs": {"left": true, "right": false, "up": false, "down": true}}
2025-09-23 17:50:41,877 - game_server - INFO - log_game_event:61 - Игровое событие: обновление_позиции - {"client_id": 1, "position": {"x": 760, "y": 730}, "inputs": {"left": true, "right": false, "up": false, "down": true}}
2025-09-23 17:50:41,899 - game_server - INFO - log_game_event:61 - Игровое событие: обновление_позиции - {"client_id": 1, "position": {"x": 755, "y": 735}, "inputs": {"left": true, "right": false, "up": false, "down": true}}
2025-09-23 17:50:41,923 - game_server - INFO - log_game_event:61 - Игровое событие: обновление_позиции - {"client_id": 1, "position": {"x": 750, "y": 740}, "inputs": {"left": true, "right": false, "up": false, "down": true}}
2025-09-23 17:50:41,947 - game_server - INFO - log_game_event:61 - Игровое событие: обновление_позиции - {"client_id": 1, "position": {"x": 745, "y": 745}, "inputs": {"left": true, "right": false, "up": false, "down": true}}
2025-09-23 17:50:41,969 - game_server - INFO - log_game_event:61 - Игровое событие: обновление_позиции - {"client_id": 1, "position": {"x": 740, "y": 745}, "inputs": {"left": true, "right": false, "up": false, "down": false}}
2025-09-23 17:50:41,992 - game_server - INFO - log_game_event:61 - Игровое событие: обновление_позиции - {"client_id": 1, "position": {"x": 740, "y": 745}, "inputs": {"left": false, "right": false, "up": false, "down": false}}
2025-09-23 17:50:42,015 - game_server - INFO - log_game_event:61 - Игровое событие: обновление_позиции - {"client_id": 1, "position": {"x": 740, "y": 745}, "inputs": {"left": false, "right": false, "up": false, "down": false}}
2025-09-23 17:50:42,037 - game_server - INFO - log_game_event:61 - Игровое событие: обновление_позиции - {"client_id": 1, "position": {"x": 740, "y": 745}, "inputs": {"left": false, "right": false, "up": false, "down": false}}
2025-09-23 17:50:42,069 - game_server - INFO - log_game_event:61 - Игровое событие: обновление_позиции - {"client_id": 1, "position": {"x": 740, "y": 745}, "inputs": {"left": false, "right": false, "up": false, "down": false}}
2025-09-23 17:50:42,102 - game_server - INFO - log_game_event:61 - Игровое событие: обновление_позиции - {"client_id": 1, "position": {"x": 740, "y": 745}, "inputs": {"left": false, "right": false, "up": false, "down": false}}
2025-09-23 17:50:42,135 - game_server - INFO - log_game_event:61 - Игровое событие: обновление_позиции - {"client_id": 1, "position": {"x": 740, "y": 745}, "inputs": {"left": false, "right": false, "up": false, "down": false}}
2025-09-23 17:50:42,164 - game_server - INFO - log_game_event:61 - Игровое событие: обновление_позиции - {"client_id": 1, "position": {"x": 740, "y": 745}, "inputs": {"left": false, "right": false, "up": false, "down": false}}
2025-09-23 17:50:42,200 - game_server - INFO - log_game_event:61 - Игровое событие: обновление_позиции - {"client_id": 1, "position": {"x": 740, "y": 745}, "inputs": {"left": false, "right": false, "up": false, "down": false}}
2025-09-23 17:50:42,236 - game_server - INFO - log_game_event:61 - Игровое событие: обновление_позиции - {"client_id": 1, "position": {"x": 740, "y": 745}, "inputs": {"left": false, "right": false, "up": false, "down": false}}
2025-09-23 17:50:42,270 - game_server - INFO - log_game_event:61 - Игровое событие: обновление_позиции - {"client_id": 1, "position": {"x": 740, "y": 745}, "inputs": {"left": false, "right": false, "up": false, "down": false}}
2025-09-23 17:50:42,307 - game_server - INFO - log_game_event:61 - Игровое событие: обновление_позиции - {"client_id": 1, "position": {"x": 740, "y": 745}, "inputs": {"left": false, "right": false, "up": false, "down": false}}
2025-09-23 17:50:42,343 - game_server - INFO - log_game_event:61 - Игровое событие: обновление_позиции - {"client_id": 1, "position": {"x": 740, "y": 745}, "inputs": {"left": false, "right": false, "up": false, "down": false}}
2025-09-23 17:50:42,380 - game_server - INFO - log_game_event:61 - Игровое событие: обновление_позиции - {"client_id": 1, "position": {"x": 740, "y": 745}, "inputs": {"left": false, "right": false, "up": false, "down": false}}
2025-09-23 17:50:42,416 - game_server - INFO - log_game_event:61 - Игровое событие: обновление_позиции - {"client_id": 1, "position": {"x": 740, "y": 745}, "inputs": {"left": false, "right": false, "up": false, "down": false}}
2025-09-23 17:50:42,449 - game_server - INFO - log_game_event:61 - Игровое событие: обновление_позиции - {"client_id": 1, "position": {"x": 740, "y": 745}, "inputs": {"left": false, "right": false, "up": false, "down": false}}
2025-09-23 17:50:42,475 - game_server - INFO - log_game_event:61 - Игровое событие: обновление_позиции - {"client_id": 1, "position": {"x": 740, "y": 745}, "inputs": {"left": false, "right": false, "up": false, "down": false}}
2025-09-23 17:50:42,501 - game_server - INFO - log_game_event:61 - Игровое событие: обновление_позиции - {"client_id": 1, "position": {"x": 740, "y": 745}, "inputs": {"left": false, "right": false, "up": false, "down": false}}
2025-09-23 17:50:42,523 - game_server - INFO - log_game_event:61 - Игровое событие: обновление_позиции - {"client_id": 1, "position": {"x": 740, "y": 745}, "inputs": {"left": false, "right": false, "up": false, "down": false}}
2025-09-23 17:50:42,555 - game_server - INFO - log_game_event:61 - Игровое событие: обновление_позиции - {"client_id": 1, "position": {"x": 740, "y": 745}, "inputs": {"left": false, "right": false, "up": false, "down": false}}
2025-09-23 17:50:42,589 - game_server - INFO - log_game_event:61 - Игровое событие: обновление_позиции - {"client_id": 1, "position": {"x": 740, "y": 745}, "inputs": {"left": false, "right": false, "up": false, "down": false}}
2025-09-23 17:50:42,620 - game_server - INFO - log_game_event:61 - Игровое событие: обновление_позиции - {"client_id": 1, "position": {"x": 740, "y": 745}, "inputs": {"left": false, "right": false, "up": false, "down": false}}
2025-09-23 17:50:42,649 - game_server - INFO - log_game_event:61 - Игровое событие: обновление_позиции - {"client_id": 1, "position": {"x": 740, "y": 745}, "inputs": {"left": false, "right": false, "up": false, "down": false}}
2025-09-23 17:50:42,682 - game_server - INFO - log_game_event:61 - Игровое событие: обновление_позиции - {"client_id": 1, "position": {"x": 740, "y": 745}, "inputs": {"left": false, "right": false, "up": false, "down": false}}
2025-09-23 17:50:42,717 - game_server - INFO - log_game_event:61 - Игровое событие: обновление_позиции - {"client_id": 1, "position": {"x": 740, "y": 745}, "inputs": {"left": false, "right": false, "up": false, "down": false}}
2025-09-23 17:50:42,753 - game_server - INFO - log_game_event:61 - Игровое событие: обновление_позиции - {"client_id": 1, "position": {"x": 740, "y": 745}, "inputs": {"left": false, "right": false, "up": false, "down": false}}
2025-09-23 17:50:42,782 - game_server - INFO - log_game_event:61 - Игровое событие: обновление_позиции - {"client_id": 1, "position": {"x": 740, "y": 745}, "inputs": {"left": false, "right": false, "up": false, "down": false}}
2025-09-23 17:50:42,812 - game_server - INFO - log_game_event:61 - Игровое событие: обновление_позиции - {"client_id": 1, "position": {"x": 740, "y": 745}, "inputs": {"left": false, "right": false, "up": false, "down": false}}
2025-09-23 17:50:42,848 - game_server - INFO - log_game_event:61 - Игровое событие: обновление_позиции - {"client_id": 1, "position": {"x": 740, "y": 745}, "inputs": {"left": false, "right": false, "up": false, "down": false}}
2025-09-23 17:50:42,884 - game_server - INFO - log_game_event:61 - Игровое событие: обновление_позиции - {"client_id": 1, "position": {"x": 740, "y": 745}, "inputs": {"left": false, "right": false, "up": false, "down": false}}
2025-09-23 17:50:42,921 - game_server - INFO - log_game_event:61 - Игровое событие: обновление_позиции - {"client_id": 1, "position": {"x": 740, "y": 745}, "inputs": {"left": false, "right": false, "up": false, "down": false}}
2025-09-23 17:50:42,956 - game_server - INFO - log_game_event:61 - Игровое событие: обновление_позиции - {"client_id": 1, "position": {"x": 740, "y": 745}, "inputs": {"left": false, "right": false, "up": false, "down": false}}
2025-09-23 17:50:42,990 - game_server - INFO - log_game_event:61 - Игровое событие: обновление_позиции - {"client_id": 1, "position": {"x": 740, "y": 745}, "inputs": {"left": false, "right": false, "up": false, "down": false}}
2025-09-23 17:50:43,022 - game_server - INFO - log_game_event:61 - Игровое событие: обновление_позиции - {"client_id": 1, "position": {"x": 740, "y": 745}, "inputs": {"left": false, "right": false, "up": false, "down": false}}
2025-09-23 17:50:43,048 - game_server - INFO - log_game_event:61 - Игровое событие: обновление_позиции - {"client_id": 1, "position": {"x": 740, "y": 745}, "inputs": {"left": false, "right": false, "up": false, "down": false}}
2025-09-23 17:50:43,072 - game_server - INFO - log_game_event:61 - Игровое событие: обновление_позиции - {"client_id": 1, "position": {"x": 740, "y": 745}, "inputs": {"left": false, "right": false, "up": false, "down": false}}
2025-09-23 17:50:43,094 - game_server - INFO - log_game_event:61 - Игровое событие: обновление_позиции - {"client_id": 1, "position": {"x": 740, "y": 745}, "inputs": {"left": false, "right": false, "up": false, "down": false}}
2025-09-23 17:50:43,118 - game_server - INFO - log_game_event:61 - Игровое событие: обновление_позиции - {"client_id": 1, "position": {"x": 740, "y": 745}, "inputs": {"left": false, "right": false, "up": false, "down": false}}
2025-09-23 17:50:43,140 - game_server - INFO - log_game_event:61 - Игровое событие: обновление_позиции - {"client_id": 1, "position": {"x": 740, "y": 745}, "inputs": {"left": false, "right": false, "up": false, "down": false}}
2025-09-23 17:50:43,169 - game_server - INFO - log_game_event:61 - Игровое событие: обновление_позиции - {"client_id": 1, "position": {"x": 740, "y": 745}, "inputs": {"left": false, "right": false, "up": false, "down": false}}
2025-09-23 17:50:43,201 - game_server - INFO - log_game_event:61 - Игровое событие: обновление_позиции - {"client_id": 1, "position": {"x": 740, "y": 745}, "inputs": {"left": false, "right": false, "up": false, "down": false}}
2025-09-23 17:50:43,232 - game_server - INFO - log_game_event:61 - Игровое событие: обновление_позиции - {"client_id": 1, "position": {"x": 740, "y": 745}, "inputs": {"left": false, "right": false, "up": false, "down": false}}
2025-09-23 17:50:43,267 - game_server - INFO - log_game_event:61 - Игровое событие: обновление_позиции - {"client_id": 1, "position": {"x": 740, "y": 745}, "inputs": {"left": false, "right": false, "up": false, "down": false}}
2025-09-23 17:50:43,301 - game_server - INFO - log_game_event:61 - Игровое событие: обновление_позиции - {"client_id": 1, "position": {"x": 740, "y": 745}, "inputs": {"left": false, "right": false, "up": false, "down": false}}
2025-09-23 17:50:43,334 - game_server - INFO - log_game_event:61 - Игровое событие: обновление_позиции - {"client_id": 1, "position": {"x": 740, "y": 745}, "inputs": {"left": false, "right": false, "up": false, "down": false}}
2025-09-23 17:50:43,369 - game_server - INFO - log_game_event:61 - Игровое событие: обновление_позиции - {"client_id": 1, "position": {"x": 740, "y": 745}, "inputs": {"left": false, "right": false, "up": false, "down": false}}
2025-09-23 17:50:43,403 - game_server - INFO - log_game_event:61 - Игровое событие: обновление_позиции - {"client_id": 1, "position": {"x": 740, "y": 745}, "inputs": {"left": false, "right": false, "up": false, "down": false}}
2025-09-23 17:50:43,436 - game_server - INFO - log_game_event:61 - Игровое событие: обновление_позиции - {"client_id": 1, "position": {"x": 740, "y": 745}, "inputs": {"left": false, "right": false, "up": false, "down": false}}
2025-09-23 17:50:43,468 - game_server - INFO - log_game_event:61 - Игровое событие: обновление_позиции - {"client_id": 1, "position": {"x": 740, "y": 745}, "inputs": {"left": false, "right": false, "up": false, "down": false}}
2025-09-23 17:50:43,499 - game_server - INFO - log_game_event:61 - Игровое событие: обновление_позиции - {"client_id": 1, "position": {"x": 740, "y": 745}, "inputs": {"left": false, "right": false, "up": false, "down": false}}
2025-09-23 17:50:43,529 - game_server - INFO - log_game_event:61 - Игровое событие: обновление_позиции - {"client_id": 1, "position": {"x": 740, "y": 745}, "inputs": {"left": false, "right": false, "up": false, "down": false}}
2025-09-23 17:50:43,553 - game_server - INFO - log_game_event:61 - Игровое событие: обновление_позиции - {"client_id": 1, "position": {"x": 740, "y": 745}, "inputs": {"left": false, "right": false, "up": false, "down": false}}
2025-09-23 17:50:43,576 - game_server - INFO - log_game_event:61 - Игровое событие: обновление_позиции - {"client_id": 1, "position": {"x": 740, "y": 745}, "inputs": {"left": false, "right": false, "up": false, "down": false}}
2025-09-23 17:50:43,599 - game_server - INFO - log_game_event:61 - Игровое событие: обновление_позиции - {"client_id": 1, "position": {"x": 740, "y": 745}, "inputs": {"left": false, "right": false, "up": false, "down": false}}
2025-09-23 17:50:43,624 - game_server - INFO - log_game_event:61 - Игровое событие: обновление_позиции - {"client_id": 1, "position": {"x": 740, "y": 745}, "inputs": {"left": false, "right": false, "up": false, "down": false}}
2025-09-23 17:50:43,652 - game_server - INFO - log_game_event:61 - Игровое событие: обновление_позиции - {"client_id": 1, "position": {"x": 740, "y": 745}, "inputs": {"left": false, "right": false, "up": false, "down": false}}
2025-09-23 17:50:43,681 - game_server - INFO - log_game_event:61 - Игровое событие: обновление_позиции - {"client_id": 1, "position": {"x": 740, "y": 745}, "inputs": {"left": false, "right": false, "up": false, "down": false}}
2025-09-23 17:50:43,710 - game_server - INFO - log_game_event:61 - Игровое событие: обновление_позиции - {"client_id": 1, "position": {"x": 740, "y": 745}, "inputs": {"left": false, "right": false, "up": false, "down": false}}
2025-09-23 17:50:43,743 - game_server - INFO - log_game_event:61 - Игровое событие: обновление_позиции - {"client_id": 1, "position": {"x": 740, "y": 745}, "inputs": {"left": false, "right": false, "up": false, "down": false}}
2025-09-23 17:50:43,769 - game_server - INFO - log_game_event:61 - Игровое событие: обновление_позиции - {"client_id": 1, "position": {"x": 740, "y": 745}, "inputs": {"left": false, "right": false, "up": false, "down": false}}
2025-09-23 17:50:43,795 - game_server - INFO - log_game_event:61 - Игровое событие: обновление_позиции - {"client_id": 1, "position": {"x": 740, "y": 745}, "inputs": {"left": false, "right": false, "up": false, "down": false}}
2025-09-23 17:50:43,824 - game_server - INFO - log_game_event:61 - Игровое событие: обновление_позиции - {"client_id": 1, "position": {"x": 740, "y": 745}, "inputs": {"left": false, "right": false, "up": false, "down": false}}
2025-09-23 17:50:43,856 - game_server - INFO - log_game_event:61 - Игровое событие: обновление_позиции - {"client_id": 1, "position": {"x": 740, "y": 745}, "inputs": {"left": false, "right": false, "up": false, "down": false}}
2025-09-23 17:50:43,886 - game_server - INFO - log_game_event:61 - Игровое событие: обновление_позиции - {"client_id": 1, "position": {"x": 740, "y": 745}, "inputs": {"left": false, "right": false, "up": false, "down": false}}
2025-09-23 17:50:43,913 - game_server - INFO - log_game_event:61 - Игровое событие: обновление_позиции - {"client_id": 1, "position": {"x": 740, "y": 745}, "inputs": {"left": false, "right": false, "up": false, "down": false}}
2025-09-23 17:50:43,936 - game_server - INFO - log_game_event:61 - Игровое событие: обновление_позиции - {"client_id": 1, "position": {"x": 740, "y": 745}, "inputs": {"left": false, "right": false, "up": false, "down": false}}
2025-09-23 17:50:43,959 - game_server - INFO - log_game_event:61 - Игровое событие: обновление_позиции - {"client_id": 1, "position": {"x": 740, "y": 745}, "inputs": {"left": false, "right": false, "up": false, "down": false}}
2025-09-23 17:50:43,985 - game_server - INFO - log_game_event:61 - Игровое событие: обновление_позиции - {"client_id": 1, "position": {"x": 740, "y": 745}, "inputs": {"left": false, "right": false, "up": false, "down": false}}
2025-09-23 17:50:44,014 - game_server - INFO - log_game_event:61 - Игровое событие: обновление_позиции - {"client_id": 1, "position": {"x": 740, "y": 745}, "inputs": {"left": false, "right": false, "up": false, "down": false}}
2025-09-23 17:50:44,040 - game_server - INFO - log_game_event:61 - Игровое событие: обновление_позиции - {"client_id": 1, "position": {"x": 740, "y": 745}, "inputs": {"left": false, "right": false, "up": false, "down": false}}
2025-09-23 17:50:44,068 - game_server - INFO - log_game_event:61 - Игровое событие: обновление_позиции - {"client_id": 1, "position": {"x": 740, "y": 745}, "inputs": {"left": false, "right": false, "up": false, "down": false}}
2025-09-23 17:50:44,093 - game_server - INFO - log_game_event:61 - Игровое событие: обновление_позиции - {"client_id": 1, "position": {"x": 740, "y": 745}, "inputs": {"left": false, "right": false, "up": false, "down": false}}
2025-09-23 17:50:44,120 - game_server - INFO - log_game_event:61 - Игровое событие: обновление_позиции - {"client_id": 1, "position": {"x": 740, "y": 745}, "inputs": {"left": false, "right": false, "up": false, "down": false}}
2025-09-23 17:50:44,151 - game_server - INFO - log_game_event:61 - Игровое событие: обновление_позиции - {"client_id": 1, "position": {"x": 740, "y": 745}, "inputs": {"left": false, "right": false, "up": false, "down": false}}
2025-09-23 17:50:44,182 - game_server - INFO - log_game_event:61 - Игровое событие: обновление_позиции - {"client_id": 1, "position": {"x": 740, "y": 745}, "inputs": {"left": false, "right": false, "up": false, "down": false}}
2025-09-23 17:50:44,211 - game_server - INFO - log_game_event:61 - Игровое событие: обновление_позиции - {"client_id": 1, "position": {"x": 740, "y": 745}, "inputs": {"left": false, "right": false, "up": false, "down": false}}
2025-09-23 17:50:44,245 - game_server - INFO - log_game_event:61 - Игровое событие: обновление_позиции - {"client_id": 1, "position": {"x": 740, "y": 745}, "inputs": {"left": false, "right": false, "up": false, "down": false}}
2025-09-23 17:50:44,279 - game_server - INFO - log_game_event:61 - Игровое событие: обновление_позиции - {"client_id": 1, "position": {"x": 740, "y": 745}, "inputs": {"left": false, "right": false, "up": false, "down": false}}
2025-09-23 17:50:44,304 - game_server - INFO - log_game_event:61 - Игровое событие: обновление_позиции - {"client_id": 1, "position": {"x": 740, "y": 745}, "inputs": {"left": false, "right": false, "up": false, "down": false}}
2025-09-23 17:50:44,333 - game_server - INFO - log_game_event:61 - Игровое событие: обновление_позиции - {"client_id": 1, "position": {"x": 740, "y": 745}, "inputs": {"left": false, "right": false, "up": false, "down": false}}
2025-09-23 17:50:44,365 - game_server - INFO - log_game_event:61 - Игровое событие: обновление_позиции - {"client_id": 1, "position": {"x": 740, "y": 745}, "inputs": {"left": false, "right": false, "up": false, "down": false}}
2025-09-23 17:50:44,397 - game_server - INFO - log_game_event:61 - Игровое событие: обновление_позиции - {"client_id": 1, "position": {"x": 740, "y": 745}, "inputs": {"left": false, "right": false, "up": false, "down": false}}
2025-09-23 17:50:44,431 - game_server - INFO - log_game_event:61 - Игровое событие: обновление_позиции - {"client_id": 1, "position": {"x": 740, "y": 745}, "inputs": {"left": false, "right": false, "up": false, "down": false}}
2025-09-23 17:50:44,462 - game_server - INFO - log_game_event:61 - Игровое событие: обновление_позиции - {"client_id": 1, "position": {"x": 740, "y": 745}, "inputs": {"left": false, "right": false, "up": false, "down": false}}
2025-09-23 17:50:44,497 - game_server - INFO - log_game_event:61 - Игровое событие: обновление_позиции - {"client_id": 1, "position": {"x": 740, "y": 745}, "inputs": {"left": false, "right": false, "up": false, "down": false}}
2025-09-23 17:50:44,528 - game_server - INFO - log_game_event:61 - Игровое событие: обновление_позиции - {"client_id": 1, "position": {"x": 740, "y": 745}, "inputs": {"left": false, "right": false, "up": false, "down": false}}
2025-09-23 17:50:44,563 - game_server - INFO - log_game_event:61 - Игровое событие: обновление_позиции - {"client_id": 1, "position": {"x": 740, "y": 745}, "inputs": {"left": false, "right": false, "up": false, "down": false}}
2025-09-23 17:50:44,596 - game_server - INFO - log_game_event:61 - Игровое событие: обновление_позиции - {"client_id": 1, "position": {"x": 740, "y": 745}, "inputs": {"left": false, "right": false, "up": false, "down": false}}
2025-09-23 17:50:44,632 - game_server - INFO - log_game_event:61 - Игровое событие: обновление_позиции - {"client_id": 1, "position": {"x": 740, "y": 745}, "inputs": {"left": false, "right": false, "up": false, "down": false}}
2025-09-23 17:50:44,665 - game_server - INFO - log_game_event:61 - Игровое событие: обновление_позиции - {"client_id": 1, "position": {"x": 740, "y": 745}, "inputs": {"left": false, "right": false, "up": false, "down": false}}
2025-09-23 17:50:44,700 - game_server - INFO - log_game_event:61 - Игровое событие: обновление_позиции - {"client_id": 1, "position": {"x": 740, "y": 745}, "inputs": {"left": false, "right": false, "up": false, "down": false}}
2025-09-23 17:50:44,734 - game_server - INFO - log_game_event:61 - Игровое событие: обновление_позиции - {"client_id": 1, "position": {"x": 740, "y": 745}, "inputs": {"left": false, "right": false, "up": false, "down": false}}
2025-09-23 17:50:44,769 - game_server - INFO - log_game_event:61 - Игровое событие: обновление_позиции - {"client_id": 1, "position": {"x": 740, "y": 745}, "inputs": {"left": false, "right": false, "up": false, "down": false}}
2025-09-23 17:50:44,804 - game_server - INFO - log_game_event:61 - Игровое событие: обновление_позиции - {"client_id": 1, "position": {"x": 740, "y": 745}, "inputs": {"left": false, "right": false, "up": false, "down": false}}
2025-09-23 17:50:44,839 - game_server - INFO - log_game_event:61 - Игровое событие: обновление_позиции - {"client_id": 1, "position": {"x": 740, "y": 745}, "inputs": {"left": false, "right": false, "up": false, "down": false}}
2025-09-23 17:50:44,870 - game_server - INFO - log_game_event:61 - Игровое событие: обновление_позиции - {"client_id": 1, "position": {"x": 740, "y": 745}, "inputs": {"left": false, "right": false, "up": false, "down": false}}
2025-09-23 17:50:44,893 - game_server - INFO - log_game_event:61 - Игровое событие: обновление_позиции - {"client_id": 1, "position": {"x": 740, "y": 745}, "inputs": {"left": false, "right": false, "up": false, "down": false}}
2025-09-23 17:50:44,917 - game_server - INFO - log_game_event:61 - Игровое событие: обновление_позиции - {"client_id": 1, "position": {"x": 740, "y": 745}, "inputs": {"left": false, "right": false, "up": false, "down": false}}
2025-09-23 17:50:44,944 - game_server - INFO - log_game_event:61 - Игровое событие: обновление_позиции - {"client_id": 1, "position": {"x": 740, "y": 745}, "inputs": {"left": false, "right": false, "up": false, "down": false}}
2025-09-23 17:50:44,970 - game_server - INFO - log_game_event:61 - Игровое событие: обновление_позиции - {"client_id": 1, "position": {"x": 740, "y": 745}, "inputs": {"left": false, "right": false, "up": false, "down": false}}
2025-09-23 17:50:44,997 - game_server - INFO - log_game_event:61 - Игровое событие: обновление_позиции - {"client_id": 1, "position": {"x": 740, "y": 745}, "inputs": {"left": false, "right": false, "up": false, "down": false}}
2025-09-23 17:50:45,022 - game_server - INFO - log_game_event:61 - Игровое событие: обновление_позиции - {"client_id": 1, "position": {"x": 740, "y": 745}, "inputs": {"left": false, "right": false, "up": false, "down": false}}
2025-09-23 17:50:45,046 - game_server - INFO - log_game_event:61 - Игровое событие: обновление_позиции - {"client_id": 1, "position": {"x": 740, "y": 745}, "inputs": {"left": false, "right": false, "up": false, "down": false}}
2025-09-23 17:50:45,068 - game_server - INFO - log_game_event:61 - Игровое событие: обновление_позиции - {"client_id": 1, "position": {"x": 740, "y": 745}, "inputs": {"left": false, "right": false, "up": false, "down": false}}
2025-09-23 17:50:45,090 - game_server - INFO - log_game_event:61 - Игровое событие: обновление_позиции - {"client_id": 1, "position": {"x": 740, "y": 745}, "inputs": {"left": false, "right": false, "up": false, "down": false}}
2025-09-23 17:50:45,120 - game_server - INFO - log_game_event:61 - Игровое событие: обновление_позиции - {"client_id": 1, "position": {"x": 740, "y": 745}, "inputs": {"left": false, "right": false, "up": false, "down": false}}
2025-09-23 17:50:45,144 - game_server - INFO - log_game_event:61 - Игровое событие: обновление_позиции - {"client_id": 1, "position": {"x": 740, "y": 745}, "inputs": {"left": false, "right": false, "up": false, "down": false}}
2025-09-23 17:50:45,170 - game_server - INFO - log_game_event:61 - Игровое событие: обновление_позиции - {"client_id": 1, "position": {"x": 740, "y": 745}, "inputs": {"left": false, "right": false, "up": false, "down": false}}
2025-09-23 17:50:45,198 - game_server - INFO - log_game_event:61 - Игровое событие: обновление_позиции - {"client_id": 1, "position": {"x": 740, "y": 745}, "inputs": {"left": false, "right": false, "up": false, "down": false}}
2025-09-23 17:50:45,223 - game_server - INFO - log_game_event:61 - Игровое событие: обновление_позиции - {"client_id": 1, "position": {"x": 740, "y": 745}, "inputs": {"left": false, "right": false, "up": false, "down": false}}
2025-09-23 17:50:45,253 - game_server - INFO - log_game_event:61 - Игровое событие: обновление_позиции - {"client_id": 1, "position": {"x": 740, "y": 745}, "inputs": {"left": false, "right": false, "up": false, "down": false}}
2025-09-23 17:50:45,277 - game_server - INFO - log_game_event:61 - Игровое событие: обновление_позиции - {"client_id": 1, "position": {"x": 740, "y": 745}, "inputs": {"left": false, "right": false, "up": false, "down": false}}
2025-09-23 17:50:45,305 - game_server - INFO - log_game_event:61 - Игровое событие: обновление_позиции - {"client_id": 1, "position": {"x": 740, "y": 745}, "inputs": {"left": false, "right": false, "up": false, "down": false}}
2025-09-23 17:50:45,328 - game_server - INFO - log_game_event:61 - Игровое событие: обновление_позиции - {"client_id": 1, "position": {"x": 740, "y": 745}, "inputs": {"left": false, "right": false, "up": false, "down": false}}
2025-09-23 17:50:45,355 - game_server - INFO - log_game_event:61 - Игровое событие: обновление_позиции - {"client_id": 1, "position": {"x": 740, "y": 745}, "inputs": {"left": false, "right": false, "up": false, "down": false}}
2025-09-23 17:50:45,384 - game_server - INFO - log_game_event:61 - Игровое событие: обновление_позиции - {"client_id": 1, "position": {"x": 740, "y": 745}, "inputs": {"left": false, "right": false, "up": false, "down": false}}
2025-09-23 17:50:45,411 - game_server - INFO - log_game_event:61 - Игровое событие: обновление_позиции - {"client_id": 1, "position": {"x": 740, "y": 745}, "inputs": {"left": false, "right": false, "up": false, "down": false}}
2025-09-23 17:50:45,443 - game_server - INFO - log_game_event:61 - Игровое событие: обновление_позиции - {"client_id": 1, "position": {"x": 740, "y": 745}, "inputs": {"left": false, "right": false, "up": false, "down": false}}
2025-09-23 17:50:45,473 - game_server - INFO - log_game_event:61 - Игровое событие: обновление_позиции - {"client_id": 1, "position": {"x": 740, "y": 745}, "inputs": {"left": false, "right": false, "up": false, "down": false}}
2025-09-23 17:50:45,505 - game_server - INFO - log_game_event:61 - Игровое событие: обновление_позиции - {"client_id": 1, "position": {"x": 740, "y": 745}, "inputs": {"left": false, "right": false, "up": false, "down": false}}
2025-09-23 17:50:45,535 - game_server - INFO - log_game_event:61 - Игровое событие: обновление_позиции - {"client_id": 1, "position": {"x": 740, "y": 745}, "inputs": {"left": false, "right": false, "up": false, "down": false}}
2025-09-23 17:50:45,566 - game_server - INFO - log_game_event:61 - Игровое событие: обновление_позиции - {"client_id": 1, "position": {"x": 740, "y": 745}, "inputs": {"left": false, "right": false, "up": false, "down": false}}
2025-09-23 17:50:45,593 - game_server - INFO - log_game_event:61 - Игровое событие: обновление_позиции - {"client_id": 1, "position": {"x": 740, "y": 745}, "inputs": {"left": false, "right": false, "up": false, "down": false}}
2025-09-23 17:50:45,625 - game_server - INFO - log_game_event:61 - Игровое событие: обновление_позиции - {"client_id": 1, "position": {"x": 740, "y": 745}, "inputs": {"left": false, "right": false, "up": false, "down": false}}
2025-09-23 17:50:45,656 - game_server - INFO - log_game_event:61 - Игровое событие: обновление_позиции - {"client_id": 1, "position": {"x": 740, "y": 745}, "inputs": {"left": false, "right": false, "up": false, "down": false}}
2025-09-23 17:50:45,680 - game_server - INFO - log_game_event:61 - Игровое событие: обновление_позиции - {"client_id": 1, "position": {"x": 740, "y": 745}, "inputs": {"left": false, "right": false, "up": false, "down": false}}
2025-09-23 17:50:45,706 - game_server - INFO - log_game_event:61 - Игровое событие: обновление_позиции - {"client_id": 1, "position": {"x": 740, "y": 745}, "inputs": {"left": false, "right": false, "up": false, "down": false}}
2025-09-23 17:50:45,738 - game_server - INFO - log_game_event:61 - Игровое событие: обновление_позиции - {"client_id": 1, "position": {"x": 740, "y": 745}, "inputs": {"left": false, "right": false, "up": false, "down": false}}
2025-09-23 17:50:45,764 - game_server - INFO - log_game_event:61 - Игровое событие: обновление_позиции - {"client_id": 1, "position": {"x": 740, "y": 745}, "inputs": {"left": false, "right": false, "up": false, "down": false}}
2025-09-23 17:50:45,788 - game_server - INFO - log_game_event:61 - Игровое событие: обновление_позиции - {"client_id": 1, "position": {"x": 740, "y": 745}, "inputs": {"left": false, "right": false, "up": false, "down": false}}
2025-09-23 17:50:45,815 - game_server - INFO - log_game_event:61 - Игровое событие: обновление_позиции - {"client_id": 1, "position": {"x": 740, "y": 745}, "inputs": {"left": false, "right": false, "up": false, "down": false}}
2025-09-23 17:50:45,848 - game_server - INFO - log_game_event:61 - Игровое событие: обновление_позиции - {"client_id": 1, "position": {"x": 740, "y": 745}, "inputs": {"left": false, "right": false, "up": false, "down": false}}
2025-09-23 17:50:45,878 - game_server - INFO - log_game_event:61 - Игровое событие: обновление_позиции - {"client_id": 1, "position": {"x": 740, "y": 745}, "inputs": {"left": false, "right": false, "up": false, "down": false}}
2025-09-23 17:50:45,906 - game_server - INFO - log_game_event:61 - Игровое событие: обновление_позиции - {"client_id": 1, "position": {"x": 740, "y": 745}, "inputs": {"left": false, "right": false, "up": false, "down": false}}
2025-09-23 17:50:45,937 - game_server - INFO - log_game_event:61 - Игровое событие: обновление_позиции - {"client_id": 1, "position": {"x": 740, "y": 745}, "inputs": {"left": false, "right": false, "up": false, "down": false}}
2025-09-23 17:50:46,200 - game_server - INFO - log_game_event:61 - Игровое событие: обновление_позиции - {"client_id": 1, "position": {"x": 740, "y": 745}, "inputs": {"left": false, "right": false, "up": false, "down": false}}
2025-09-23 17:50:46,226 - game_server - INFO - log_game_event:61 - Игровое событие: обновление_позиции - {"client_id": 1, "position": {"x": 740, "y": 745}, "inputs": {"left": false, "right": false, "up": false, "down": false}}
2025-09-23 17:50:46,251 - game_server - INFO - log_game_event:61 - Игровое событие: обновление_позиции - {"client_id": 1, "position": {"x": 740, "y": 745}, "inputs": {"left": false, "right": false, "up": false, "down": false}}
2025-09-23 17:50:46,273 - game_server - INFO - log_game_event:61 - Игровое событие: обновление_позиции - {"client_id": 1, "position": {"x": 740, "y": 745}, "inputs": {"left": false, "right": false, "up": false, "down": false}}
2025-09-23 17:50:46,298 - game_server - INFO - log_game_event:61 - Игровое событие: обновление_позиции - {"client_id": 1, "position": {"x": 740, "y": 745}, "inputs": {"left": false, "right": false, "up": false, "down": false}}
2025-09-23 17:50:46,327 - game_server - INFO - log_game_event:61 - Игровое событие: обновление_позиции - {"client_id": 1, "position": {"x": 740, "y": 745}, "inputs": {"left": false, "right": false, "up": false, "down": false}}
2025-09-23 17:50:46,351 - game_server - INFO - log_game_event:61 - Игровое событие: обновление_позиции - {"client_id": 1, "position": {"x": 740, "y": 745}, "inputs": {"left": false, "right": false, "up": false, "down": false}}
2025-09-23 17:50:46,377 - game_server - INFO - log_game_event:61 - Игровое событие: обновление_позиции - {"client_id": 1, "position": {"x": 740, "y": 745}, "inputs": {"left": false, "right": false, "up": false, "down": false}}
2025-09-23 17:50:46,410 - game_server - INFO - log_game_event:61 - Игровое событие: обновление_позиции - {"client_id": 1, "position": {"x": 740, "y": 745}, "inputs": {"left": false, "right": false, "up": false, "down": false}}
2025-09-23 17:50:46,440 - game_server - INFO - log_game_event:61 - Игровое событие: обновление_позиции - {"client_id": 1, "position": {"x": 740, "y": 745}, "inputs": {"left": false, "right": false, "up": false, "down": false}}
2025-09-23 17:50:46,470 - game_server - INFO - log_game_event:61 - Игровое событие: обновление_позиции - {"client_id": 1, "position": {"x": 740, "y": 745}, "inputs": {"left": false, "right": false, "up": false, "down": false}}
2025-09-23 17:50:46,499 - game_server - INFO - log_game_event:61 - Игровое событие: обновление_позиции - {"client_id": 1, "position": {"x": 740, "y": 745}, "inputs": {"left": false, "right": false, "up": false, "down": false}}
2025-09-23 17:50:46,533 - game_server - INFO - log_game_event:61 - Игровое событие: обновление_позиции - {"client_id": 1, "position": {"x": 740, "y": 745}, "inputs": {"left": false, "right": false, "up": false, "down": false}}
2025-09-23 17:50:46,557 - game_server - INFO - log_game_event:61 - Игровое событие: обновление_позиции - {"client_id": 1, "position": {"x": 740, "y": 745}, "inputs": {"left": false, "right": false, "up": false, "down": false}}
2025-09-23 17:50:46,582 - game_server - INFO - log_game_event:61 - Игровое событие: обновление_позиции - {"client_id": 1, "position": {"x": 740, "y": 745}, "inputs": {"left": false, "right": false, "up": false, "down": false}}
2025-09-23 17:50:46,605 - game_server - INFO - log_game_event:61 - Игровое событие: обновление_позиции - {"client_id": 1, "position": {"x": 740, "y": 745}, "inputs": {"left": false, "right": false, "up": false, "down": false}}
2025-09-23 17:50:46,630 - game_server - INFO - log_game_event:61 - Игровое событие: обновление_позиции - {"client_id": 1, "position": {"x": 740, "y": 745}, "inputs": {"left": false, "right": false, "up": false, "down": false}}
2025-09-23 17:50:46,652 - game_server - INFO - log_game_event:61 - Игровое событие: обновление_позиции - {"client_id": 1, "position": {"x": 740, "y": 745}, "inputs": {"left": false, "right": false, "up": false, "down": false}}
2025-09-23 17:50:46,678 - game_server - INFO - log_game_event:61 - Игровое событие: обновление_позиции - {"client_id": 1, "position": {"x": 740, "y": 745}, "inputs": {"left": false, "right": false, "up": false, "down": false}}
2025-09-23 17:50:46,703 - game_server - INFO - log_game_event:61 - Игровое событие: обновление_позиции - {"client_id": 1, "position": {"x": 740, "y": 745}, "inputs": {"left": false, "right": false, "up": false, "down": false}}
2025-09-23 17:50:46,736 - game_server - INFO - log_game_event:61 - Игровое событие: обновление_позиции - {"client_id": 1, "position": {"x": 740, "y": 745}, "inputs": {"left": false, "right": false, "up": false, "down": false}}
2025-09-23 17:50:46,763 - game_server - INFO - log_game_event:61 - Игровое событие: обновление_позиции - {"client_id": 1, "position": {"x": 740, "y": 745}, "inputs": {"left": false, "right": false, "up": false, "down": false}}
2025-09-23 17:50:46,786 - game_server - INFO - log_game_event:61 - Игровое событие: обновление_позиции - {"client_id": 1, "position": {"x": 740, "y": 745}, "inputs": {"left": false, "right": false, "up": false, "down": false}}
2025-09-23 17:50:46,818 - game_server - INFO - log_game_event:61 - Игровое событие: обновление_позиции - {"client_id": 1, "position": {"x": 740, "y": 745}, "inputs": {"left": false, "right": false, "up": false, "down": false}}
2025-09-23 17:50:46,848 - game_server - INFO - log_game_event:61 - Игровое событие: обновление_позиции - {"client_id": 1, "position": {"x": 740, "y": 745}, "inputs": {"left": false, "right": false, "up": false, "down": false}}
2025-09-23 17:50:46,870 - game_server - INFO - log_game_event:61 - Игровое событие: обновление_позиции - {"client_id": 1, "position": {"x": 740, "y": 745}, "inputs": {"left": false, "right": false, "up": false, "down": false}}
2025-09-23 17:50:46,895 - game_server - INFO - log_game_event:61 - Игровое событие: обновление_позиции - {"client_id": 1, "position": {"x": 740, "y": 745}, "inputs": {"left": false, "right": false, "up": false, "down": false}}
2025-09-23 17:50:46,917 - game_server - INFO - log_game_event:61 - Игровое событие: обновление_позиции - {"client_id": 1, "position": {"x": 740, "y": 745}, "inputs": {"left": false, "right": false, "up": false, "down": false}}
2025-09-23 17:50:46,946 - game_server - INFO - log_game_event:61 - Игровое событие: обновление_позиции - {"client_id": 1, "position": {"x": 740, "y": 745}, "inputs": {"left": false, "right": false, "up": false, "down": false}}
2025-09-23 17:50:46,969 - game_server - INFO - log_game_event:61 - Игровое событие: обновление_позиции - {"client_id": 1, "position": {"x": 740, "y": 745}, "inputs": {"left": false, "right": false, "up": false, "down": false}}
2025-09-23 17:50:47,000 - game_server - INFO - log_game_event:61 - Игровое событие: обновление_позиции - {"client_id": 1, "position": {"x": 740, "y": 745}, "inputs": {"left": false, "right": false, "up": false, "down": false}}
2025-09-23 17:50:47,031 - game_server - INFO - log_game_event:61 - Игровое событие: обновление_позиции - {"client_id": 1, "position": {"x": 740, "y": 745}, "inputs": {"left": false, "right": false, "up": false, "down": false}}
2025-09-23 17:50:47,053 - game_server - INFO - log_game_event:61 - Игровое событие: обновление_позиции - {"client_id": 1, "position": {"x": 740, "y": 745}, "inputs": {"left": false, "right": false, "up": false, "down": false}}
2025-09-23 17:50:47,076 - game_server - INFO - log_game_event:61 - Игровое событие: обновление_позиции - {"client_id": 1, "position": {"x": 740, "y": 745}, "inputs": {"left": false, "right": false, "up": false, "down": false}}
2025-09-23 17:50:47,099 - game_server - INFO - log_game_event:61 - Игровое событие: обновление_позиции - {"client_id": 1, "position": {"x": 740, "y": 745}, "inputs": {"left": false, "right": false, "up": false, "down": false}}
2025-09-23 17:50:47,122 - game_server - INFO - log_game_event:61 - Игровое событие: обновление_позиции - {"client_id": 1, "position": {"x": 740, "y": 745}, "inputs": {"left": false, "right": false, "up": false, "down": false}}
2025-09-23 17:50:47,151 - game_server - INFO - log_game_event:61 - Игровое событие: обновление_позиции - {"client_id": 1, "position": {"x": 740, "y": 745}, "inputs": {"left": false, "right": false, "up": false, "down": false}}
2025-09-23 17:50:47,190 - game_server - INFO - log_game_event:61 - Игровое событие: обновление_позиции - {"client_id": 1, "position": {"x": 740, "y": 745}, "inputs": {"left": false, "right": false, "up": false, "down": false}}
2025-09-23 17:50:47,223 - game_server - INFO - log_game_event:61 - Игровое событие: обновление_позиции - {"client_id": 1, "position": {"x": 740, "y": 745}, "inputs": {"left": false, "right": false, "up": false, "down": false}}
2025-09-23 17:50:47,252 - game_server - INFO - log_game_event:61 - Игровое событие: обновление_позиции - {"client_id": 1, "position": {"x": 740, "y": 745}, "inputs": {"left": false, "right": false, "up": false, "down": false}}
2025-09-23 17:50:47,275 - game_server - INFO - log_game_event:61 - Игровое событие: обновление_позиции - {"client_id": 1, "position": {"x": 740, "y": 745}, "inputs": {"left": false, "right": false, "up": false, "down": false}}
2025-09-23 17:50:47,297 - game_server - INFO - log_game_event:61 - Игровое событие: обновление_позиции - {"client_id": 1, "position": {"x": 740, "y": 745}, "inputs": {"left": false, "right": false, "up": false, "down": false}}
2025-09-23 17:50:47,321 - game_server - INFO - log_game_event:61 - Игровое событие: обновление_позиции - {"client_id": 1, "position": {"x": 740, "y": 745}, "inputs": {"left": false, "right": false, "up": false, "down": false}}
2025-09-23 17:50:47,353 - game_server - INFO - log_game_event:61 - Игровое событие: обновление_позиции - {"client_id": 1, "position": {"x": 740, "y": 745}, "inputs": {"left": false, "right": false, "up": false, "down": false}}
2025-09-23 17:50:47,384 - game_server - INFO - log_game_event:61 - Игровое событие: обновление_позиции - {"client_id": 1, "position": {"x": 740, "y": 745}, "inputs": {"left": false, "right": false, "up": false, "down": false}}
2025-09-23 17:50:47,409 - game_server - INFO - log_game_event:61 - Игровое событие: обновление_позиции - {"client_id": 1, "position": {"x": 740, "y": 745}, "inputs": {"left": false, "right": false, "up": false, "down": false}}
2025-09-23 17:50:47,432 - game_server - INFO - log_game_event:61 - Игровое событие: обновление_позиции - {"client_id": 1, "position": {"x": 740, "y": 745}, "inputs": {"left": false, "right": false, "up": false, "down": false}}
2025-09-23 17:50:47,454 - game_server - INFO - log_game_event:61 - Игровое событие: обновление_позиции - {"client_id": 1, "position": {"x": 740, "y": 745}, "inputs": {"left": false, "right": false, "up": false, "down": false}}
2025-09-23 17:50:47,477 - game_server - INFO - log_game_event:61 - Игровое событие: обновление_позиции - {"client_id": 1, "position": {"x": 740, "y": 745}, "inputs": {"left": false, "right": false, "up": false, "down": false}}
2025-09-23 17:50:47,500 - game_server - INFO - log_game_event:61 - Игровое событие: обновление_позиции - {"client_id": 1, "position": {"x": 740, "y": 745}, "inputs": {"left": false, "right": false, "up": false, "down": false}}
2025-09-23 17:50:47,524 - game_server - INFO - log_game_event:61 - Игровое событие: обновление_позиции - {"client_id": 1, "position": {"x": 740, "y": 745}, "inputs": {"left": false, "right": false, "up": false, "down": false}}
2025-09-23 17:50:47,547 - game_server - INFO - log_game_event:61 - Игровое событие: обновление_позиции - {"client_id": 1, "position": {"x": 740, "y": 745}, "inputs": {"left": false, "right": false, "up": false, "down": false}}
2025-09-23 17:50:47,569 - game_server - INFO - log_game_event:61 - Игровое событие: обновление_позиции - {"client_id": 1, "position": {"x": 740, "y": 745}, "inputs": {"left": false, "right": false, "up": false, "down": false}}
2025-09-23 17:50:47,594 - game_server - INFO - log_game_event:61 - Игровое событие: обновление_позиции - {"client_id": 1, "position": {"x": 740, "y": 745}, "inputs": {"left": false, "right": false, "up": false, "down": false}}
2025-09-23 17:50:47,616 - game_server - INFO - log_game_event:61 - Игровое событие: обновление_позиции - {"client_id": 1, "position": {"x": 740, "y": 745}, "inputs": {"left": false, "right": false, "up": false, "down": false}}
2025-09-23 17:50:47,638 - game_server - INFO - log_game_event:61 - Игровое событие: обновление_позиции - {"client_id": 1, "position": {"x": 740, "y": 745}, "inputs": {"left": false, "right": false, "up": false, "down": false}}
2025-09-23 17:50:47,666 - game_server - INFO - log_game_event:61 - Игровое событие: обновление_позиции - {"client_id": 1, "position": {"x": 740, "y": 745}, "inputs": {"left": false, "right": false, "up": false, "down": false}}
2025-09-23 17:50:47,688 - game_server - INFO - log_game_event:61 - Игровое событие: обновление_позиции - {"client_id": 1, "position": {"x": 740, "y": 745}, "inputs": {"left": false, "right": false, "up": false, "down": false}}
2025-09-23 17:50:47,712 - game_server - INFO - log_game_event:61 - Игровое событие: обновление_позиции - {"client_id": 1, "position": {"x": 740, "y": 745}, "inputs": {"left": false, "right": false, "up": false, "down": false}}
2025-09-23 17:50:47,735 - game_server - INFO - log_game_event:61 - Игровое событие: обновление_позиции - {"client_id": 1, "position": {"x": 740, "y": 745}, "inputs": {"left": false, "right": false, "up": false, "down": false}}
2025-09-23 17:50:47,758 - game_server - INFO - log_game_event:61 - Игровое событие: обновление_позиции - {"client_id": 1, "position": {"x": 740, "y": 745}, "inputs": {"left": false, "right": false, "up": false, "down": false}}
2025-09-23 17:50:47,781 - game_server - INFO - log_game_event:61 - Игровое событие: обновление_позиции - {"client_id": 1, "position": {"x": 740, "y": 745}, "inputs": {"left": false, "right": false, "up": false, "down": false}}
2025-09-23 17:50:47,803 - game_server - INFO - log_game_event:61 - Игровое событие: обновление_позиции - {"client_id": 1, "position": {"x": 740, "y": 745}, "inputs": {"left": false, "right": false, "up": false, "down": false}}
2025-09-23 17:50:47,826 - game_server - INFO - log_game_event:61 - Игровое событие: обновление_позиции - {"client_id": 1, "position": {"x": 740, "y": 745}, "inputs": {"left": false, "right": false, "up": false, "down": false}}
2025-09-23 17:50:47,849 - game_server - INFO - log_game_event:61 - Игровое событие: обновление_позиции - {"client_id": 1, "position": {"x": 740, "y": 745}, "inputs": {"left": false, "right": false, "up": false, "down": false}}
2025-09-23 17:50:47,871 - game_server - INFO - log_game_event:61 - Игровое событие: обновление_позиции - {"client_id": 1, "position": {"x": 740, "y": 745}, "inputs": {"left": false, "right": false, "up": false, "down": false}}
2025-09-23 17:50:47,894 - game_server - INFO - log_game_event:61 - Игровое событие: обновление_позиции - {"client_id": 1, "position": {"x": 740, "y": 745}, "inputs": {"left": false, "right": false, "up": false, "down": false}}
2025-09-23 17:50:47,917 - game_server - INFO - log_game_event:61 - Игровое событие: обновление_позиции - {"client_id": 1, "position": {"x": 740, "y": 745}, "inputs": {"left": false, "right": false, "up": false, "down": false}}
2025-09-23 17:50:47,939 - game_server - INFO - log_game_event:61 - Игровое событие: обновление_позиции - {"client_id": 1, "position": {"x": 740, "y": 745}, "inputs": {"left": false, "right": false, "up": false, "down": false}}
2025-09-23 17:50:47,962 - game_server - INFO - log_game_event:61 - Игровое событие: обновление_позиции - {"client_id": 1, "position": {"x": 740, "y": 745}, "inputs": {"left": false, "right": false, "up": false, "down": false}}
2025-09-23 17:50:47,984 - game_server - INFO - log_game_event:61 - Игровое событие: обновление_позиции - {"client_id": 1, "position": {"x": 740, "y": 745}, "inputs": {"left": false, "right": false, "up": false, "down": false}}
2025-09-23 17:50:48,008 - game_server - INFO - log_game_event:61 - Игровое событие: обновление_позиции - {"client_id": 1, "position": {"x": 740, "y": 745}, "inputs": {"left": false, "right": false, "up": false, "down": false}}
2025-09-23 17:50:48,041 - game_server - INFO - log_game_event:61 - Игровое событие: обновление_позиции - {"client_id": 1, "position": {"x": 740, "y": 745}, "inputs": {"left": false, "right": false, "up": false, "down": false}}
2025-09-23 17:50:48,063 - game_server - INFO - log_game_event:61 - Игровое событие: обновление_позиции - {"client_id": 1, "position": {"x": 740, "y": 745}, "inputs": {"left": false, "right": false, "up": false, "down": false}}
2025-09-23 17:50:48,086 - game_server - INFO - log_game_event:61 - Игровое событие: обновление_позиции - {"client_id": 1, "position": {"x": 740, "y": 745}, "inputs": {"left": false, "right": false, "up": false, "down": false}}
2025-09-23 17:50:48,110 - game_server - INFO - log_game_event:61 - Игровое событие: обновление_позиции - {"client_id": 1, "position": {"x": 740, "y": 745}, "inputs": {"left": false, "right": false, "up": false, "down": false}}
2025-09-23 17:50:48,133 - game_server - INFO - log_game_event:61 - Игровое событие: обновление_позиции - {"client_id": 1, "position": {"x": 740, "y": 745}, "inputs": {"left": false, "right": false, "up": false, "down": false}}
2025-09-23 17:50:48,157 - game_server - INFO - log_game_event:61 - Игровое событие: обновление_позиции - {"client_id": 1, "position": {"x": 740, "y": 745}, "inputs": {"left": false, "right": false, "up": false, "down": false}}
2025-09-23 17:50:48,183 - game_server - INFO - log_game_event:61 - Игровое событие: обновление_позиции - {"client_id": 1, "position": {"x": 740, "y": 745}, "inputs": {"left": false, "right": false, "up": false, "down": false}}
2025-09-23 17:50:48,206 - game_server - INFO - log_game_event:61 - Игровое событие: обновление_позиции - {"client_id": 1, "position": {"x": 740, "y": 745}, "inputs": {"left": false, "right": false, "up": false, "down": false}}
2025-09-23 17:50:48,235 - game_server - INFO - log_game_event:61 - Игровое событие: обновление_позиции - {"client_id": 1, "position": {"x": 740, "y": 745}, "inputs": {"left": false, "right": false, "up": false, "down": false}}
2025-09-23 17:50:48,260 - game_server - INFO - log_game_event:61 - Игровое событие: обновление_позиции - {"client_id": 1, "position": {"x": 740, "y": 745}, "inputs": {"left": false, "right": false, "up": false, "down": false}}
2025-09-23 17:50:48,284 - game_server - INFO - log_game_event:61 - Игровое событие: обновление_позиции - {"client_id": 1, "position": {"x": 740, "y": 745}, "inputs": {"left": false, "right": false, "up": false, "down": false}}
2025-09-23 17:50:48,313 - game_server - INFO - log_game_event:61 - Игровое событие: обновление_позиции - {"client_id": 1, "position": {"x": 740, "y": 745}, "inputs": {"left": false, "right": false, "up": false, "down": false}}
2025-09-23 17:50:48,335 - game_server - INFO - log_game_event:61 - Игровое событие: обновление_позиции - {"client_id": 1, "position": {"x": 740, "y": 745}, "inputs": {"left": false, "right": false, "up": false, "down": false}}
2025-09-23 17:50:48,357 - game_server - INFO - log_game_event:61 - Игровое событие: обновление_позиции - {"client_id": 1, "position": {"x": 740, "y": 745}, "inputs": {"left": false, "right": false, "up": false, "down": false}}
2025-09-23 17:50:48,383 - game_server - INFO - log_game_event:61 - Игровое событие: обновление_позиции - {"client_id": 1, "position": {"x": 740, "y": 745}, "inputs": {"left": false, "right": false, "up": false, "down": false}}
2025-09-23 17:50:48,409 - game_server - INFO - log_game_event:61 - Игровое событие: обновление_позиции - {"client_id": 1, "position": {"x": 740, "y": 745}, "inputs": {"left": false, "right": false, "up": false, "down": false}}
2025-09-23 17:50:48,438 - game_server - INFO - log_game_event:61 - Игровое событие: обновление_позиции - {"client_id": 1, "position": {"x": 740, "y": 745}, "inputs": {"left": false, "right": false, "up": false, "down": false}}
2025-09-23 17:50:48,463 - game_server - INFO - log_game_event:61 - Игровое событие: обновление_позиции - {"client_id": 1, "position": {"x": 740, "y": 745}, "inputs": {"left": false, "right": false, "up": false, "down": false}}
2025-09-23 17:50:48,487 - game_server - INFO - log_game_event:61 - Игровое событие: обновление_позиции - {"client_id": 1, "position": {"x": 740, "y": 745}, "inputs": {"left": false, "right": false, "up": false, "down": false}}
2025-09-23 17:50:48,512 - game_server - INFO - log_game_event:61 - Игровое событие: обновление_позиции - {"client_id": 1, "position": {"x": 740, "y": 745}, "inputs": {"left": false, "right": false, "up": false, "down": false}}
2025-09-23 17:50:48,535 - game_server - INFO - log_game_event:61 - Игровое событие: обновление_позиции - {"client_id": 1, "position": {"x": 740, "y": 745}, "inputs": {"left": false, "right": false, "up": false, "down": false}}
2025-09-23 17:50:48,557 - game_server - INFO - log_game_event:61 - Игровое событие: обновление_позиции - {"client_id": 1, "position": {"x": 740, "y": 745}, "inputs": {"left": false, "right": false, "up": false, "down": false}}
2025-09-23 17:50:48,583 - game_server - INFO - log_game_event:61 - Игровое событие: обновление_позиции - {"client_id": 1, "position": {"x": 740, "y": 745}, "inputs": {"left": false, "right": false, "up": false, "down": false}}
2025-09-23 17:50:48,612 - game_server - INFO - log_game_event:61 - Игровое событие: обновление_позиции - {"client_id": 1, "position": {"x": 740, "y": 745}, "inputs": {"left": false, "right": false, "up": false, "down": false}}
2025-09-23 17:50:48,646 - game_server - INFO - log_game_event:61 - Игровое событие: обновление_позиции - {"client_id": 1, "position": {"x": 740, "y": 745}, "inputs": {"left": false, "right": false, "up": false, "down": false}}
2025-09-23 17:50:48,678 - game_server - INFO - log_game_event:61 - Игровое событие: обновление_позиции - {"client_id": 1, "position": {"x": 740, "y": 745}, "inputs": {"left": false, "right": false, "up": false, "down": false}}
2025-09-23 17:50:48,711 - game_server - INFO - log_game_event:61 - Игровое событие: обновление_позиции - {"client_id": 1, "position": {"x": 740, "y": 745}, "inputs": {"left": false, "right": false, "up": false, "down": false}}
2025-09-23 17:50:48,745 - game_server - INFO - log_game_event:61 - Игровое событие: обновление_позиции - {"client_id": 1, "position": {"x": 740, "y": 745}, "inputs": {"left": false, "right": false, "up": false, "down": false}}
2025-09-23 17:50:48,778 - game_server - INFO - log_game_event:61 - Игровое событие: обновление_позиции - {"client_id": 1, "position": {"x": 740, "y": 745}, "inputs": {"left": false, "right": false, "up": false, "down": false}}
2025-09-23 17:50:48,800 - game_server - INFO - log_game_event:61 - Игровое событие: обновление_позиции - {"client_id": 1, "position": {"x": 740, "y": 745}, "inputs": {"left": false, "right": false, "up": false, "down": false}}
2025-09-23 17:50:48,822 - game_server - INFO - log_game_event:61 - Игровое событие: обновление_позиции - {"client_id": 1, "position": {"x": 740, "y": 745}, "inputs": {"left": false, "right": false, "up": false, "down": false}}
2025-09-23 17:50:48,844 - game_server - INFO - log_game_event:61 - Игровое событие: обновление_позиции - {"client_id": 1, "position": {"x": 740, "y": 745}, "inputs": {"left": false, "right": false, "up": false, "down": false}}
2025-09-23 17:50:48,865 - game_server - INFO - log_game_event:61 - Игровое событие: обновление_позиции - {"client_id": 1, "position": {"x": 740, "y": 745}, "inputs": {"left": false, "right": false, "up": false, "down": false}}
2025-09-23 17:50:48,897 - game_server - INFO - log_game_event:61 - Игровое событие: обновление_позиции - {"client_id": 1, "position": {"x": 740, "y": 745}, "inputs": {"left": false, "right": false, "up": false, "down": false}}
2025-09-23 17:50:48,919 - game_server - INFO - log_game_event:61 - Игровое событие: обновление_позиции - {"client_id": 1, "position": {"x": 740, "y": 745}, "inputs": {"left": false, "right": false, "up": false, "down": false}}
2025-09-23 17:50:48,947 - game_server - INFO - log_game_event:61 - Игровое событие: обновление_позиции - {"client_id": 1, "position": {"x": 740, "y": 745}, "inputs": {"left": false, "right": false, "up": false, "down": false}}
2025-09-23 17:50:48,977 - game_server - INFO - log_game_event:61 - Игровое событие: обновление_позиции - {"client_id": 1, "position": {"x": 740, "y": 745}, "inputs": {"left": false, "right": false, "up": false, "down": false}}
2025-09-23 17:50:49,000 - game_server - INFO - log_game_event:61 - Игровое событие: обновление_позиции - {"client_id": 1, "position": {"x": 740, "y": 745}, "inputs": {"left": false, "right": false, "up": false, "down": false}}
2025-09-23 17:50:49,023 - game_server - INFO - log_game_event:61 - Игровое событие: обновление_позиции - {"client_id": 1, "position": {"x": 740, "y": 745}, "inputs": {"left": false, "right": false, "up": false, "down": false}}
2025-09-23 17:50:49,052 - game_server - INFO - log_game_event:61 - Игровое событие: обновление_позиции - {"client_id": 1, "position": {"x": 740, "y": 745}, "inputs": {"left": false, "right": false, "up": false, "down": false}}
2025-09-23 17:50:49,087 - game_server - INFO - log_game_event:61 - Игровое событие: обновление_позиции - {"client_id": 1, "position": {"x": 740, "y": 745}, "inputs": {"left": false, "right": false, "up": false, "down": false}}
2025-09-23 17:50:49,115 - game_server - INFO - log_game_event:61 - Игровое событие: обновление_позиции - {"client_id": 1, "position": {"x": 740, "y": 745}, "inputs": {"left": false, "right": false, "up": false, "down": false}}
2025-09-23 17:50:49,144 - game_server - INFO - log_game_event:61 - Игровое событие: обновление_позиции - {"client_id": 1, "position": {"x": 740, "y": 745}, "inputs": {"left": false, "right": false, "up": false, "down": false}}
2025-09-23 17:50:49,178 - game_server - INFO - log_game_event:61 - Игровое событие: обновление_позиции - {"client_id": 1, "position": {"x": 740, "y": 745}, "inputs": {"left": false, "right": false, "up": false, "down": false}}
2025-09-23 17:50:49,211 - game_server - INFO - log_game_event:61 - Игровое событие: обновление_позиции - {"client_id": 1, "position": {"x": 740, "y": 745}, "inputs": {"left": false, "right": false, "up": false, "down": false}}
2025-09-23 17:50:49,237 - game_server - INFO - log_game_event:61 - Игровое событие: обновление_позиции - {"client_id": 1, "position": {"x": 740, "y": 745}, "inputs": {"left": false, "right": false, "up": false, "down": false}}
2025-09-23 17:50:49,263 - game_server - INFO - log_game_event:61 - Игровое событие: обновление_позиции - {"client_id": 1, "position": {"x": 740, "y": 745}, "inputs": {"left": false, "right": false, "up": false, "down": false}}
2025-09-23 17:50:49,287 - game_server - INFO - log_game_event:61 - Игровое событие: обновление_позиции - {"client_id": 1, "position": {"x": 740, "y": 745}, "inputs": {"left": false, "right": false, "up": false, "down": false}}
2025-09-23 17:50:49,318 - game_server - INFO - log_game_event:61 - Игровое событие: обновление_позиции - {"client_id": 1, "position": {"x": 740, "y": 745}, "inputs": {"left": false, "right": false, "up": false, "down": false}}
2025-09-23 17:50:49,344 - game_server - INFO - log_game_event:61 - Игровое событие: обновление_позиции - {"client_id": 1, "position": {"x": 740, "y": 745}, "inputs": {"left": false, "right": false, "up": false, "down": false}}
2025-09-23 17:50:49,370 - game_server - INFO - log_game_event:61 - Игровое событие: обновление_позиции - {"client_id": 1, "position": {"x": 740, "y": 745}, "inputs": {"left": false, "right": false, "up": false, "down": false}}
2025-09-23 17:50:49,393 - game_server - INFO - log_game_event:61 - Игровое событие: обновление_позиции - {"client_id": 1, "position": {"x": 740, "y": 745}, "inputs": {"left": false, "right": false, "up": false, "down": false}}
2025-09-23 17:50:49,415 - game_server - INFO - log_game_event:61 - Игровое событие: обновление_позиции - {"client_id": 1, "position": {"x": 740, "y": 745}, "inputs": {"left": false, "right": false, "up": false, "down": false}}
2025-09-23 17:50:49,437 - game_server - INFO - log_game_event:61 - Игровое событие: обновление_позиции - {"client_id": 1, "position": {"x": 740, "y": 745}, "inputs": {"left": false, "right": false, "up": false, "down": false}}
2025-09-23 17:50:49,468 - game_server - INFO - log_game_event:61 - Игровое событие: обновление_позиции - {"client_id": 1, "position": {"x": 740, "y": 745}, "inputs": {"left": false, "right": false, "up": false, "down": false}}
2025-09-23 17:50:49,490 - game_server - INFO - log_game_event:61 - Игровое событие: обновление_позиции - {"client_id": 1, "position": {"x": 740, "y": 745}, "inputs": {"left": false, "right": false, "up": false, "down": false}}
2025-09-23 17:50:49,515 - game_server - INFO - log_game_event:61 - Игровое событие: обновление_позиции - {"client_id": 1, "position": {"x": 740, "y": 745}, "inputs": {"left": false, "right": false, "up": false, "down": false}}
2025-09-23 17:50:49,538 - game_server - INFO - log_game_event:61 - Игровое событие: обновление_позиции - {"client_id": 1, "position": {"x": 740, "y": 745}, "inputs": {"left": false, "right": false, "up": false, "down": false}}
2025-09-23 17:50:49,564 - game_server - INFO - log_game_event:61 - Игровое событие: обновление_позиции - {"client_id": 1, "position": {"x": 740, "y": 745}, "inputs": {"left": false, "right": false, "up": false, "down": false}}
2025-09-23 17:50:49,587 - game_server - INFO - log_game_event:61 - Игровое событие: обновление_позиции - {"client_id": 1, "position": {"x": 740, "y": 745}, "inputs": {"left": false, "right": false, "up": false, "down": false}}
2025-09-23 17:50:49,611 - game_server - INFO - log_game_event:61 - Игровое событие: обновление_позиции - {"client_id": 1, "position": {"x": 740, "y": 745}, "inputs": {"left": false, "right": false, "up": false, "down": false}}
2025-09-23 17:50:49,633 - game_server - INFO - log_game_event:61 - Игровое событие: обновление_позиции - {"client_id": 1, "position": {"x": 740, "y": 745}, "inputs": {"left": false, "right": false, "up": false, "down": false}}
2025-09-23 17:50:49,655 - game_server - INFO - log_game_event:61 - Игровое событие: обновление_позиции - {"client_id": 1, "position": {"x": 740, "y": 745}, "inputs": {"left": false, "right": false, "up": false, "down": false}}
2025-09-23 17:50:49,684 - game_server - INFO - log_game_event:61 - Игровое событие: обновление_позиции - {"client_id": 1, "position": {"x": 740, "y": 745}, "inputs": {"left": false, "right": false, "up": false, "down": false}}
2025-09-23 17:50:49,715 - game_server - INFO - log_game_event:61 - Игровое событие: обновление_позиции - {"client_id": 1, "position": {"x": 740, "y": 745}, "inputs": {"left": false, "right": false, "up": false, "down": false}}
2025-09-23 17:50:49,740 - game_server - INFO - log_game_event:61 - Игровое событие: обновление_позиции - {"client_id": 1, "position": {"x": 740, "y": 745}, "inputs": {"left": false, "right": false, "up": false, "down": false}}
2025-09-23 17:50:49,770 - game_server - INFO - log_game_event:61 - Игровое событие: обновление_позиции - {"client_id": 1, "position": {"x": 740, "y": 745}, "inputs": {"left": false, "right": false, "up": false, "down": false}}
2025-09-23 17:50:49,796 - game_server - INFO - log_game_event:61 - Игровое событие: обновление_позиции - {"client_id": 1, "position": {"x": 740, "y": 745}, "inputs": {"left": false, "right": false, "up": false, "down": false}}
2025-09-23 17:50:49,821 - game_server - INFO - log_game_event:61 - Игровое событие: обновление_позиции - {"client_id": 1, "position": {"x": 740, "y": 745}, "inputs": {"left": false, "right": false, "up": false, "down": false}}
2025-09-23 17:50:49,848 - game_server - INFO - log_game_event:61 - Игровое событие: обновление_позиции - {"client_id": 1, "position": {"x": 740, "y": 745}, "inputs": {"left": false, "right": false, "up": false, "down": false}}
2025-09-23 17:50:49,872 - game_server - INFO - log_game_event:61 - Игровое событие: обновление_позиции - {"client_id": 1, "position": {"x": 740, "y": 745}, "inputs": {"left": false, "right": false, "up": false, "down": false}}
2025-09-23 17:50:49,898 - game_server - INFO - log_game_event:61 - Игровое событие: обновление_позиции - {"client_id": 1, "position": {"x": 740, "y": 745}, "inputs": {"left": false, "right": false, "up": false, "down": false}}
2025-09-23 17:50:49,921 - game_server - INFO - log_game_event:61 - Игровое событие: обновление_позиции - {"client_id": 1, "position": {"x": 740, "y": 745}, "inputs": {"left": false, "right": false, "up": false, "down": false}}
2025-09-23 17:50:49,950 - game_server - INFO - log_game_event:61 - Игровое событие: обновление_позиции - {"client_id": 1, "position": {"x": 740, "y": 745}, "inputs": {"left": false, "right": false, "up": false, "down": false}}
2025-09-23 17:50:49,973 - game_server - INFO - log_game_event:61 - Игровое событие: обновление_позиции - {"client_id": 1, "position": {"x": 740, "y": 745}, "inputs": {"left": false, "right": false, "up": false, "down": false}}
2025-09-23 17:50:50,005 - game_server - INFO - log_game_event:61 - Игровое событие: обновление_позиции - {"client_id": 1, "position": {"x": 740, "y": 745}, "inputs": {"left": false, "right": false, "up": false, "down": false}}
2025-09-23 17:50:50,035 - game_server - INFO - log_game_event:61 - Игровое событие: обновление_позиции - {"client_id": 1, "position": {"x": 740, "y": 745}, "inputs": {"left": false, "right": false, "up": false, "down": false}}
2025-09-23 17:50:50,057 - game_server - INFO - log_game_event:61 - Игровое событие: обновление_позиции - {"client_id": 1, "position": {"x": 740, "y": 745}, "inputs": {"left": false, "right": false, "up": false, "down": false}}
2025-09-23 17:50:50,084 - game_server - INFO - log_game_event:61 - Игровое событие: обновление_позиции - {"client_id": 1, "position": {"x": 740, "y": 745}, "inputs": {"left": false, "right": false, "up": false, "down": false}}
2025-09-23 17:50:50,107 - game_server - INFO - log_game_event:61 - Игровое событие: обновление_позиции - {"client_id": 1, "position": {"x": 740, "y": 745}, "inputs": {"left": false, "right": false, "up": false, "down": false}}
2025-09-23 17:50:50,129 - game_server - INFO - log_game_event:61 - Игровое событие: обновление_позиции - {"client_id": 1, "position": {"x": 740, "y": 745}, "inputs": {"left": false, "right": false, "up": false, "down": false}}
2025-09-23 17:50:50,152 - game_server - INFO - log_game_event:61 - Игровое событие: обновление_позиции - {"client_id": 1, "position": {"x": 740, "y": 745}, "inputs": {"left": false, "right": false, "up": false, "down": false}}
2025-09-23 17:50:50,176 - game_server - INFO - log_game_event:61 - Игровое событие: обновление_позиции - {"client_id": 1, "position": {"x": 740, "y": 745}, "inputs": {"left": false, "right": false, "up": false, "down": false}}
2025-09-23 17:50:50,204 - game_server - INFO - log_game_event:61 - Игровое событие: обновление_позиции - {"client_id": 1, "position": {"x": 740, "y": 745}, "inputs": {"left": false, "right": false, "up": false, "down": false}}
2025-09-23 17:50:50,232 - game_server - INFO - log_game_event:61 - Игровое событие: обновление_позиции - {"client_id": 1, "position": {"x": 740, "y": 745}, "inputs": {"left": false, "right": false, "up": false, "down": false}}
2025-09-23 17:50:50,256 - game_server - INFO - log_game_event:61 - Игровое событие: обновление_позиции - {"client_id": 1, "position": {"x": 740, "y": 745}, "inputs": {"left": false, "right": false, "up": false, "down": false}}
2025-09-23 17:50:50,286 - game_server - INFO - log_game_event:61 - Игровое событие: обновление_позиции - {"client_id": 1, "position": {"x": 740, "y": 745}, "inputs": {"left": false, "right": false, "up": false, "down": false}}
2025-09-23 17:50:50,319 - game_server - INFO - log_game_event:61 - Игровое событие: обновление_позиции - {"client_id": 1, "position": {"x": 740, "y": 745}, "inputs": {"left": false, "right": false, "up": false, "down": false}}
2025-09-23 17:50:50,346 - game_server - INFO - log_game_event:61 - Игровое событие: обновление_позиции - {"client_id": 1, "position": {"x": 740, "y": 745}, "inputs": {"left": false, "right": false, "up": false, "down": false}}
2025-09-23 17:50:50,372 - game_server - INFO - log_game_event:61 - Игровое событие: обновление_позиции - {"client_id": 1, "position": {"x": 740, "y": 745}, "inputs": {"left": false, "right": false, "up": false, "down": false}}
2025-09-23 17:50:50,401 - game_server - INFO - log_game_event:61 - Игровое событие: обновление_позиции - {"client_id": 1, "position": {"x": 740, "y": 745}, "inputs": {"left": false, "right": false, "up": false, "down": false}}
2025-09-23 17:50:50,434 - game_server - INFO - log_game_event:61 - Игровое событие: обновление_позиции - {"client_id": 1, "position": {"x": 740, "y": 745}, "inputs": {"left": false, "right": false, "up": false, "down": false}}
2025-09-23 17:50:50,468 - game_server - INFO - log_game_event:61 - Игровое событие: обновление_позиции - {"client_id": 1, "position": {"x": 740, "y": 745}, "inputs": {"left": false, "right": false, "up": false, "down": false}}
2025-09-23 17:50:50,501 - game_server - INFO - log_game_event:61 - Игровое событие: обновление_позиции - {"client_id": 1, "position": {"x": 740, "y": 745}, "inputs": {"left": false, "right": false, "up": false, "down": false}}
2025-09-23 17:50:50,532 - game_server - INFO - log_game_event:61 - Игровое событие: обновление_позиции - {"client_id": 1, "position": {"x": 740, "y": 745}, "inputs": {"left": false, "right": false, "up": false, "down": false}}
2025-09-23 17:50:50,560 - game_server - INFO - log_game_event:61 - Игровое событие: обновление_позиции - {"client_id": 1, "position": {"x": 740, "y": 745}, "inputs": {"left": false, "right": false, "up": false, "down": false}}
2025-09-23 17:50:50,584 - game_server - INFO - log_game_event:61 - Игровое событие: обновление_позиции - {"client_id": 1, "position": {"x": 740, "y": 745}, "inputs": {"left": false, "right": false, "up": false, "down": false}}
2025-09-23 17:50:50,611 - game_server - INFO - log_game_event:61 - Игровое событие: обновление_позиции - {"client_id": 1, "position": {"x": 740, "y": 745}, "inputs": {"left": false, "right": false, "up": false, "down": false}}
2025-09-23 17:50:50,640 - game_server - INFO - log_game_event:61 - Игровое событие: обновление_позиции - {"client_id": 1, "position": {"x": 740, "y": 745}, "inputs": {"left": false, "right": false, "up": false, "down": false}}
2025-09-23 17:50:50,665 - game_server - INFO - log_game_event:61 - Игровое событие: обновление_позиции - {"client_id": 1, "position": {"x": 740, "y": 745}, "inputs": {"left": false, "right": false, "up": false, "down": false}}
2025-09-23 17:50:50,701 - game_server - INFO - log_game_event:61 - Игровое событие: обновление_позиции - {"client_id": 1, "position": {"x": 740, "y": 745}, "inputs": {"left": false, "right": false, "up": false, "down": false}}
2025-09-23 17:50:50,732 - game_server - INFO - log_game_event:61 - Игровое событие: обновление_позиции - {"client_id": 1, "position": {"x": 740, "y": 745}, "inputs": {"left": false, "right": false, "up": false, "down": false}}
2025-09-23 17:50:50,766 - game_server - INFO - log_game_event:61 - Игровое событие: обновление_позиции - {"client_id": 1, "position": {"x": 740, "y": 745}, "inputs": {"left": false, "right": false, "up": false, "down": false}}
2025-09-23 17:50:50,800 - game_server - INFO - log_game_event:61 - Игровое событие: обновление_позиции - {"client_id": 1, "position": {"x": 740, "y": 745}, "inputs": {"left": false, "right": false, "up": false, "down": false}}
2025-09-23 17:50:50,833 - game_server - INFO - log_game_event:61 - Игровое событие: обновление_позиции - {"client_id": 1, "position": {"x": 740, "y": 745}, "inputs": {"left": false, "right": false, "up": false, "down": false}}
2025-09-23 17:50:50,867 - game_server - INFO - log_game_event:61 - Игровое событие: обновление_позиции - {"client_id": 1, "position": {"x": 740, "y": 745}, "inputs": {"left": false, "right": false, "up": false, "down": false}}
2025-09-23 17:50:50,902 - game_server - INFO - log_game_event:61 - Игровое событие: обновление_позиции - {"client_id": 1, "position": {"x": 740, "y": 745}, "inputs": {"left": false, "right": false, "up": false, "down": false}}
2025-09-23 17:50:50,936 - game_server - INFO - log_game_event:61 - Игровое событие: обновление_позиции - {"client_id": 1, "position": {"x": 740, "y": 745}, "inputs": {"left": false, "right": false, "up": false, "down": false}}
2025-09-23 17:50:50,971 - game_server - INFO - log_game_event:61 - Игровое событие: обновление_позиции - {"client_id": 1, "position": {"x": 740, "y": 745}, "inputs": {"left": false, "right": false, "up": false, "down": false}}
2025-09-23 17:50:51,005 - game_server - INFO - log_game_event:61 - Игровое событие: обновление_позиции - {"client_id": 1, "position": {"x": 740, "y": 745}, "inputs": {"left": false, "right": false, "up": false, "down": false}}
2025-09-23 17:50:51,040 - game_server - INFO - log_game_event:61 - Игровое событие: обновление_позиции - {"client_id": 1, "position": {"x": 740, "y": 745}, "inputs": {"left": false, "right": false, "up": false, "down": false}}
2025-09-23 17:50:51,064 - game_server - INFO - log_game_event:61 - Игровое событие: обновление_позиции - {"client_id": 1, "position": {"x": 740, "y": 745}, "inputs": {"left": false, "right": false, "up": false, "down": false}}
2025-09-23 17:50:51,086 - game_server - INFO - log_game_event:61 - Игровое событие: обновление_позиции - {"client_id": 1, "position": {"x": 740, "y": 745}, "inputs": {"left": false, "right": false, "up": false, "down": false}}
2025-09-23 17:50:51,113 - game_server - INFO - log_game_event:61 - Игровое событие: обновление_позиции - {"client_id": 1, "position": {"x": 740, "y": 745}, "inputs": {"left": false, "right": false, "up": false, "down": false}}
2025-09-23 17:50:51,138 - game_server - INFO - log_game_event:61 - Игровое событие: обновление_позиции - {"client_id": 1, "position": {"x": 740, "y": 745}, "inputs": {"left": false, "right": false, "up": false, "down": false}}
2025-09-23 17:50:51,167 - game_server - INFO - log_game_event:61 - Игровое событие: обновление_позиции - {"client_id": 1, "position": {"x": 740, "y": 745}, "inputs": {"left": false, "right": false, "up": false, "down": false}}
2025-09-23 17:50:51,196 - game_server - INFO - log_game_event:61 - Игровое событие: обновление_позиции - {"client_id": 1, "position": {"x": 740, "y": 745}, "inputs": {"left": false, "right": false, "up": false, "down": false}}
2025-09-23 17:50:51,229 - game_server - INFO - log_game_event:61 - Игровое событие: обновление_позиции - {"client_id": 1, "position": {"x": 740, "y": 745}, "inputs": {"left": false, "right": false, "up": false, "down": false}}
2025-09-23 17:50:51,256 - game_server - INFO - log_game_event:61 - Игровое событие: обновление_позиции - {"client_id": 1, "position": {"x": 740, "y": 745}, "inputs": {"left": false, "right": false, "up": false, "down": false}}
2025-09-23 17:50:51,286 - game_server - INFO - log_game_event:61 - Игровое событие: обновление_позиции - {"client_id": 1, "position": {"x": 740, "y": 745}, "inputs": {"left": false, "right": false, "up": false, "down": false}}
2025-09-23 17:50:51,316 - game_server - INFO - log_game_event:61 - Игровое событие: обновление_позиции - {"client_id": 1, "position": {"x": 740, "y": 745}, "inputs": {"left": false, "right": false, "up": false, "down": false}}
2025-09-23 17:50:51,338 - game_server - INFO - log_game_event:61 - Игровое событие: обновление_позиции - {"client_id": 1, "position": {"x": 740, "y": 745}, "inputs": {"left": false, "right": false, "up": false, "down": false}}
2025-09-23 17:50:51,368 - game_server - INFO - log_game_event:61 - Игровое событие: обновление_позиции - {"client_id": 1, "position": {"x": 740, "y": 745}, "inputs": {"left": false, "right": false, "up": false, "down": false}}
2025-09-23 17:50:51,390 - game_server - INFO - log_game_event:61 - Игровое событие: обновление_позиции - {"client_id": 1, "position": {"x": 740, "y": 745}, "inputs": {"left": false, "right": false, "up": false, "down": false}}
2025-09-23 17:50:51,421 - game_server - INFO - log_game_event:61 - Игровое событие: обновление_позиции - {"client_id": 1, "position": {"x": 740, "y": 745}, "inputs": {"left": false, "right": false, "up": false, "down": false}}
2025-09-23 17:50:51,447 - game_server - INFO - log_game_event:61 - Игровое событие: обновление_позиции - {"client_id": 1, "position": {"x": 740, "y": 745}, "inputs": {"left": false, "right": false, "up": false, "down": false}}
2025-09-23 17:50:51,471 - game_server - INFO - log_game_event:61 - Игровое событие: обновление_позиции - {"client_id": 1, "position": {"x": 740, "y": 745}, "inputs": {"left": false, "right": false, "up": false, "down": false}}
2025-09-23 17:50:51,501 - game_server - INFO - log_game_event:61 - Игровое событие: обновление_позиции - {"client_id": 1, "position": {"x": 740, "y": 745}, "inputs": {"left": false, "right": false, "up": false, "down": false}}
2025-09-23 17:50:51,523 - game_server - INFO - log_game_event:61 - Игровое событие: обновление_позиции - {"client_id": 1, "position": {"x": 740, "y": 745}, "inputs": {"left": false, "right": false, "up": false, "down": false}}
2025-09-23 17:50:51,548 - game_server - INFO - log_game_event:61 - Игровое событие: обновление_позиции - {"client_id": 1, "position": {"x": 740, "y": 745}, "inputs": {"left": false, "right": false, "up": false, "down": false}}
2025-09-23 17:50:51,577 - game_server - INFO - log_game_event:61 - Игровое событие: обновление_позиции - {"client_id": 1, "position": {"x": 740, "y": 745}, "inputs": {"left": false, "right": false, "up": false, "down": false}}
2025-09-23 17:50:51,604 - game_server - INFO - log_game_event:61 - Игровое событие: обновление_позиции - {"client_id": 1, "position": {"x": 740, "y": 745}, "inputs": {"left": false, "right": false, "up": false, "down": false}}
2025-09-23 17:50:51,627 - game_server - INFO - log_game_event:61 - Игровое событие: обновление_позиции - {"client_id": 1, "position": {"x": 740, "y": 745}, "inputs": {"left": false, "right": false, "up": false, "down": false}}
2025-09-23 17:50:51,650 - game_server - INFO - log_game_event:61 - Игровое событие: обновление_позиции - {"client_id": 1, "position": {"x": 740, "y": 745}, "inputs": {"left": false, "right": false, "up": false, "down": false}}
2025-09-23 17:50:51,680 - game_server - INFO - log_game_event:61 - Игровое событие: обновление_позиции - {"client_id": 1, "position": {"x": 740, "y": 745}, "inputs": {"left": false, "right": false, "up": false, "down": false}}
2025-09-23 17:50:51,703 - game_server - INFO - log_game_event:61 - Игровое событие: обновление_позиции - {"client_id": 1, "position": {"x": 740, "y": 745}, "inputs": {"left": false, "right": false, "up": false, "down": false}}
2025-09-23 17:50:51,746 - game_server - INFO - log_game_event:61 - Игровое событие: обновление_позиции - {"client_id": 1, "position": {"x": 740, "y": 745}, "inputs": {"left": false, "right": false, "up": false, "down": false}}
2025-09-23 17:50:51,772 - game_server - INFO - log_game_event:61 - Игровое событие: обновление_позиции - {"client_id": 1, "position": {"x": 740, "y": 745}, "inputs": {"left": false, "right": false, "up": false, "down": false}}
2025-09-23 17:50:51,797 - game_server - INFO - log_game_event:61 - Игровое событие: обновление_позиции - {"client_id": 1, "position": {"x": 740, "y": 745}, "inputs": {"left": false, "right": false, "up": false, "down": false}}
2025-09-23 17:50:51,819 - game_server - INFO - log_game_event:61 - Игровое событие: обновление_позиции - {"client_id": 1, "position": {"x": 740, "y": 745}, "inputs": {"left": false, "right": false, "up": false, "down": false}}
2025-09-23 17:50:51,842 - game_server - INFO - log_game_event:61 - Игровое событие: обновление_позиции - {"client_id": 1, "position": {"x": 740, "y": 745}, "inputs": {"left": false, "right": false, "up": false, "down": false}}
2025-09-23 17:50:51,865 - game_server - INFO - log_game_event:61 - Игровое событие: обновление_позиции - {"client_id": 1, "position": {"x": 740, "y": 745}, "inputs": {"left": false, "right": false, "up": false, "down": false}}
2025-09-23 17:50:51,889 - game_server - INFO - log_game_event:61 - Игровое событие: обновление_позиции - {"client_id": 1, "position": {"x": 740, "y": 745}, "inputs": {"left": false, "right": false, "up": false, "down": false}}
2025-09-23 17:50:51,912 - game_server - INFO - log_game_event:61 - Игровое событие: обновление_позиции - {"client_id": 1, "position": {"x": 740, "y": 745}, "inputs": {"left": false, "right": false, "up": false, "down": false}}
2025-09-23 17:50:51,934 - game_server - INFO - log_game_event:61 - Игровое событие: обновление_позиции - {"client_id": 1, "position": {"x": 740, "y": 745}, "inputs": {"left": false, "right": false, "up": false, "down": false}}
2025-09-23 17:50:51,960 - game_server - INFO - log_game_event:61 - Игровое событие: обновление_позиции - {"client_id": 1, "position": {"x": 740, "y": 745}, "inputs": {"left": false, "right": false, "up": false, "down": false}}
2025-09-23 17:50:51,983 - game_server - INFO - log_game_event:61 - Игровое событие: обновление_позиции - {"client_id": 1, "position": {"x": 740, "y": 745}, "inputs": {"left": false, "right": false, "up": false, "down": false}}
2025-09-23 17:50:52,006 - game_server - INFO - log_game_event:61 - Игровое событие: обновление_позиции - {"client_id": 1, "position": {"x": 740, "y": 745}, "inputs": {"left": false, "right": false, "up": false, "down": false}}
2025-09-23 17:50:52,037 - game_server - INFO - log_game_event:61 - Игровое событие: обновление_позиции - {"client_id": 1, "position": {"x": 740, "y": 745}, "inputs": {"left": false, "right": false, "up": false, "down": false}}
2025-09-23 17:50:52,066 - game_server - INFO - log_game_event:61 - Игровое событие: обновление_позиции - {"client_id": 1, "position": {"x": 740, "y": 745}, "inputs": {"left": false, "right": false, "up": false, "down": false}}
2025-09-23 17:50:52,094 - game_server - INFO - log_game_event:61 - Игровое событие: обновление_позиции - {"client_id": 1, "position": {"x": 740, "y": 745}, "inputs": {"left": false, "right": false, "up": false, "down": false}}
2025-09-23 17:50:52,118 - game_server - INFO - log_game_event:61 - Игровое событие: обновление_позиции - {"client_id": 1, "position": {"x": 740, "y": 745}, "inputs": {"left": false, "right": false, "up": false, "down": false}}
2025-09-23 17:50:52,140 - game_server - INFO - log_game_event:61 - Игровое событие: обновление_позиции - {"client_id": 1, "position": {"x": 740, "y": 745}, "inputs": {"left": false, "right": false, "up": false, "down": false}}
2025-09-23 17:50:52,165 - game_server - INFO - log_game_event:61 - Игровое событие: обновление_позиции - {"client_id": 1, "position": {"x": 740, "y": 745}, "inputs": {"left": false, "right": false, "up": false, "down": false}}
2025-09-23 17:50:52,195 - game_server - INFO - log_game_event:61 - Игровое событие: обновление_позиции - {"client_id": 1, "position": {"x": 740, "y": 745}, "inputs": {"left": false, "right": false, "up": false, "down": false}}
2025-09-23 17:50:52,220 - game_server - INFO - log_game_event:61 - Игровое событие: обновление_позиции - {"client_id": 1, "position": {"x": 740, "y": 745}, "inputs": {"left": false, "right": false, "up": false, "down": false}}
2025-09-23 17:50:52,251 - game_server - INFO - log_game_event:61 - Игровое событие: обновление_позиции - {"client_id": 1, "position": {"x": 740, "y": 745}, "inputs": {"left": false, "right": false, "up": false, "down": false}}
2025-09-23 17:50:52,274 - game_server - INFO - log_game_event:61 - Игровое событие: обновление_позиции - {"client_id": 1, "position": {"x": 740, "y": 745}, "inputs": {"left": false, "right": false, "up": false, "down": false}}
2025-09-23 17:50:52,302 - game_server - INFO - log_game_event:61 - Игровое событие: обновление_позиции - {"client_id": 1, "position": {"x": 740, "y": 745}, "inputs": {"left": false, "right": false, "up": false, "down": false}}
2025-09-23 17:50:52,331 - game_server - INFO - log_game_event:61 - Игровое событие: обновление_позиции - {"client_id": 1, "position": {"x": 740, "y": 745}, "inputs": {"left": false, "right": false, "up": false, "down": false}}
2025-09-23 17:50:52,357 - game_server - INFO - log_game_event:61 - Игровое событие: обновление_позиции - {"client_id": 1, "position": {"x": 740, "y": 745}, "inputs": {"left": false, "right": false, "up": false, "down": false}}
2025-09-23 17:50:52,384 - game_server - INFO - log_game_event:61 - Игровое событие: обновление_позиции - {"client_id": 1, "position": {"x": 740, "y": 745}, "inputs": {"left": false, "right": false, "up": false, "down": false}}
2025-09-23 17:50:52,407 - game_server - INFO - log_game_event:61 - Игровое событие: обновление_позиции - {"client_id": 1, "position": {"x": 740, "y": 745}, "inputs": {"left": false, "right": false, "up": false, "down": false}}
2025-09-23 17:50:52,433 - game_server - INFO - log_game_event:61 - Игровое событие: обновление_позиции - {"client_id": 1, "position": {"x": 740, "y": 745}, "inputs": {"left": false, "right": false, "up": false, "down": false}}
2025-09-23 17:50:52,455 - game_server - INFO - log_game_event:61 - Игровое событие: обновление_позиции - {"client_id": 1, "position": {"x": 740, "y": 745}, "inputs": {"left": false, "right": false, "up": false, "down": false}}
2025-09-23 17:50:52,482 - game_server - INFO - log_game_event:61 - Игровое событие: обновление_позиции - {"client_id": 1, "position": {"x": 740, "y": 745}, "inputs": {"left": false, "right": false, "up": false, "down": false}}
2025-09-23 17:50:52,507 - game_server - INFO - log_game_event:61 - Игровое событие: обновление_позиции - {"client_id": 1, "position": {"x": 740, "y": 745}, "inputs": {"left": false, "right": false, "up": false, "down": false}}
2025-09-23 17:50:52,533 - game_server - INFO - log_game_event:61 - Игровое событие: обновление_позиции - {"client_id": 1, "position": {"x": 740, "y": 745}, "inputs": {"left": false, "right": false, "up": false, "down": false}}
2025-09-23 17:50:52,556 - game_server - INFO - log_game_event:61 - Игровое событие: обновление_позиции - {"client_id": 1, "position": {"x": 740, "y": 745}, "inputs": {"left": false, "right": false, "up": false, "down": false}}
2025-09-23 17:50:52,580 - game_server - INFO - log_game_event:61 - Игровое событие: обновление_позиции - {"client_id": 1, "position": {"x": 740, "y": 745}, "inputs": {"left": false, "right": false, "up": false, "down": false}}
2025-09-23 17:50:52,603 - game_server - INFO - log_game_event:61 - Игровое событие: обновление_позиции - {"client_id": 1, "position": {"x": 740, "y": 745}, "inputs": {"left": false, "right": false, "up": false, "down": false}}
2025-09-23 17:50:52,627 - game_server - INFO - log_game_event:61 - Игровое событие: обновление_позиции - {"client_id": 1, "position": {"x": 740, "y": 745}, "inputs": {"left": false, "right": false, "up": false, "down": false}}
2025-09-23 17:50:52,650 - game_server - INFO - log_game_event:61 - Игровое событие: обновление_позиции - {"client_id": 1, "position": {"x": 740, "y": 745}, "inputs": {"left": false, "right": false, "up": false, "down": false}}
2025-09-23 17:50:52,673 - game_server - INFO - log_game_event:61 - Игровое событие: обновление_позиции - {"client_id": 1, "position": {"x": 740, "y": 745}, "inputs": {"left": false, "right": false, "up": false, "down": false}}
2025-09-23 17:50:52,701 - game_server - INFO - log_game_event:61 - Игровое событие: обновление_позиции - {"client_id": 1, "position": {"x": 740, "y": 745}, "inputs": {"left": false, "right": false, "up": false, "down": false}}
2025-09-23 17:50:52,731 - game_server - INFO - log_game_event:61 - Игровое событие: обновление_позиции - {"client_id": 1, "position": {"x": 740, "y": 745}, "inputs": {"left": false, "right": false, "up": false, "down": false}}
2025-09-23 17:50:52,765 - game_server - INFO - log_game_event:61 - Игровое событие: обновление_позиции - {"client_id": 1, "position": {"x": 740, "y": 745}, "inputs": {"left": false, "right": false, "up": false, "down": false}}
2025-09-23 17:50:52,798 - game_server - INFO - log_game_event:61 - Игровое событие: обновление_позиции - {"client_id": 1, "position": {"x": 740, "y": 745}, "inputs": {"left": false, "right": false, "up": false, "down": false}}
2025-09-23 17:50:52,834 - game_server - INFO - log_game_event:61 - Игровое событие: обновление_позиции - {"client_id": 1, "position": {"x": 740, "y": 745}, "inputs": {"left": false, "right": false, "up": false, "down": false}}
2025-09-23 17:50:52,863 - game_server - INFO - log_game_event:61 - Игровое событие: обновление_позиции - {"client_id": 1, "position": {"x": 740, "y": 745}, "inputs": {"left": false, "right": false, "up": false, "down": false}}
2025-09-23 17:50:52,895 - game_server - INFO - log_game_event:61 - Игровое событие: обновление_позиции - {"client_id": 1, "position": {"x": 740, "y": 745}, "inputs": {"left": false, "right": false, "up": false, "down": false}}
2025-09-23 17:50:52,919 - game_server - INFO - log_game_event:61 - Игровое событие: обновление_позиции - {"client_id": 1, "position": {"x": 740, "y": 745}, "inputs": {"left": false, "right": false, "up": false, "down": false}}
2025-09-23 17:50:52,948 - game_server - INFO - log_game_event:61 - Игровое событие: обновление_позиции - {"client_id": 1, "position": {"x": 740, "y": 745}, "inputs": {"left": false, "right": false, "up": false, "down": false}}
2025-09-23 17:50:52,979 - game_server - INFO - log_game_event:61 - Игровое событие: обновление_позиции - {"client_id": 1, "position": {"x": 740, "y": 745}, "inputs": {"left": false, "right": false, "up": false, "down": false}}
2025-09-23 17:50:53,024 - game_server - INFO - log_game_event:61 - Игровое событие: обновление_позиции - {"client_id": 1, "position": {"x": 740, "y": 745}, "inputs": {"left": false, "right": false, "up": false, "down": false}}
2025-09-23 17:50:53,055 - game_server - INFO - log_game_event:61 - Игровое событие: обновление_позиции - {"client_id": 1, "position": {"x": 740, "y": 745}, "inputs": {"left": false, "right": false, "up": false, "down": false}}
2025-09-23 17:50:53,078 - game_server - INFO - log_game_event:61 - Игровое событие: обновление_позиции - {"client_id": 1, "position": {"x": 740, "y": 745}, "inputs": {"left": false, "right": false, "up": false, "down": false}}
2025-09-23 17:50:53,100 - game_server - INFO - log_game_event:61 - Игровое событие: обновление_позиции - {"client_id": 1, "position": {"x": 740, "y": 745}, "inputs": {"left": false, "right": false, "up": false, "down": false}}
2025-09-23 17:50:53,122 - game_server - INFO - log_game_event:61 - Игровое событие: обновление_позиции - {"client_id": 1, "position": {"x": 740, "y": 745}, "inputs": {"left": false, "right": false, "up": false, "down": false}}
2025-09-23 17:50:53,146 - game_server - INFO - log_game_event:61 - Игровое событие: обновление_позиции - {"client_id": 1, "position": {"x": 740, "y": 745}, "inputs": {"left": false, "right": false, "up": false, "down": false}}
2025-09-23 17:50:53,168 - game_server - INFO - log_game_event:61 - Игровое событие: обновление_позиции - {"client_id": 1, "position": {"x": 740, "y": 745}, "inputs": {"left": false, "right": false, "up": false, "down": false}}
2025-09-23 17:50:53,192 - game_server - INFO - log_game_event:61 - Игровое событие: обновление_позиции - {"client_id": 1, "position": {"x": 740, "y": 745}, "inputs": {"left": false, "right": false, "up": false, "down": false}}
2025-09-23 17:50:53,214 - game_server - INFO - log_game_event:61 - Игровое событие: обновление_позиции - {"client_id": 1, "position": {"x": 740, "y": 745}, "inputs": {"left": false, "right": false, "up": false, "down": false}}
2025-09-23 17:50:53,239 - game_server - INFO - log_game_event:61 - Игровое событие: обновление_позиции - {"client_id": 1, "position": {"x": 740, "y": 745}, "inputs": {"left": false, "right": false, "up": false, "down": false}}
2025-09-23 17:50:53,262 - game_server - INFO - log_game_event:61 - Игровое событие: обновление_позиции - {"client_id": 1, "position": {"x": 740, "y": 745}, "inputs": {"left": false, "right": false, "up": false, "down": false}}
2025-09-23 17:50:53,285 - game_server - INFO - log_game_event:61 - Игровое событие: обновление_позиции - {"client_id": 1, "position": {"x": 740, "y": 745}, "inputs": {"left": false, "right": false, "up": false, "down": false}}
2025-09-23 17:50:53,308 - game_server - INFO - log_game_event:61 - Игровое событие: обновление_позиции - {"client_id": 1, "position": {"x": 740, "y": 745}, "inputs": {"left": false, "right": false, "up": false, "down": false}}
2025-09-23 17:50:53,331 - game_server - INFO - log_game_event:61 - Игровое событие: обновление_позиции - {"client_id": 1, "position": {"x": 740, "y": 745}, "inputs": {"left": false, "right": false, "up": false, "down": false}}
2025-09-23 17:50:53,355 - game_server - INFO - log_game_event:61 - Игровое событие: обновление_позиции - {"client_id": 1, "position": {"x": 740, "y": 745}, "inputs": {"left": false, "right": false, "up": false, "down": false}}
2025-09-23 17:50:53,382 - game_server - INFO - log_game_event:61 - Игровое событие: обновление_позиции - {"client_id": 1, "position": {"x": 740, "y": 745}, "inputs": {"left": false, "right": false, "up": false, "down": false}}
2025-09-23 17:50:53,404 - game_server - INFO - log_game_event:61 - Игровое событие: обновление_позиции - {"client_id": 1, "position": {"x": 740, "y": 745}, "inputs": {"left": false, "right": false, "up": false, "down": false}}
2025-09-23 17:50:53,428 - game_server - INFO - log_game_event:61 - Игровое событие: обновление_позиции - {"client_id": 1, "position": {"x": 740, "y": 745}, "inputs": {"left": false, "right": false, "up": false, "down": false}}
2025-09-23 17:50:53,451 - game_server - INFO - log_game_event:61 - Игровое событие: обновление_позиции - {"client_id": 1, "position": {"x": 740, "y": 745}, "inputs": {"left": false, "right": false, "up": false, "down": false}}
2025-09-23 17:50:53,474 - game_server - INFO - log_game_event:61 - Игровое событие: обновление_позиции - {"client_id": 1, "position": {"x": 740, "y": 745}, "inputs": {"left": false, "right": false, "up": false, "down": false}}
2025-09-23 17:50:53,497 - game_server - INFO - log_game_event:61 - Игровое событие: обновление_позиции - {"client_id": 1, "position": {"x": 740, "y": 745}, "inputs": {"left": false, "right": false, "up": false, "down": false}}
2025-09-23 17:50:53,519 - game_server - INFO - log_game_event:61 - Игровое событие: обновление_позиции - {"client_id": 1, "position": {"x": 740, "y": 745}, "inputs": {"left": false, "right": false, "up": false, "down": false}}
2025-09-23 17:50:53,542 - game_server - INFO - log_game_event:61 - Игровое событие: обновление_позиции - {"client_id": 1, "position": {"x": 740, "y": 745}, "inputs": {"left": false, "right": false, "up": false, "down": false}}
2025-09-23 17:50:53,565 - game_server - INFO - log_game_event:61 - Игровое событие: обновление_позиции - {"client_id": 1, "position": {"x": 740, "y": 745}, "inputs": {"left": false, "right": false, "up": false, "down": false}}
2025-09-23 17:50:53,587 - game_server - INFO - log_game_event:61 - Игровое событие: обновление_позиции - {"client_id": 1, "position": {"x": 740, "y": 745}, "inputs": {"left": false, "right": false, "up": false, "down": false}}
2025-09-23 17:50:53,610 - game_server - INFO - log_game_event:61 - Игровое событие: обновление_позиции - {"client_id": 1, "position": {"x": 740, "y": 745}, "inputs": {"left": false, "right": false, "up": false, "down": false}}
2025-09-23 17:50:53,633 - game_server - INFO - log_game_event:61 - Игровое событие: обновление_позиции - {"client_id": 1, "position": {"x": 740, "y": 745}, "inputs": {"left": false, "right": false, "up": false, "down": false}}
2025-09-23 17:50:53,655 - game_server - INFO - log_game_event:61 - Игровое событие: обновление_позиции - {"client_id": 1, "position": {"x": 740, "y": 745}, "inputs": {"left": false, "right": false, "up": false, "down": false}}
2025-09-23 17:50:53,677 - game_server - INFO - log_game_event:61 - Игровое событие: обновление_позиции - {"client_id": 1, "position": {"x": 740, "y": 745}, "inputs": {"left": false, "right": false, "up": false, "down": false}}
2025-09-23 17:50:53,699 - game_server - INFO - log_game_event:61 - Игровое событие: обновление_позиции - {"client_id": 1, "position": {"x": 740, "y": 745}, "inputs": {"left": false, "right": false, "up": false, "down": false}}
2025-09-23 17:50:53,721 - game_server - INFO - log_game_event:61 - Игровое событие: обновление_позиции - {"client_id": 1, "position": {"x": 740, "y": 745}, "inputs": {"left": false, "right": false, "up": false, "down": false}}
2025-09-23 17:50:53,744 - game_server - INFO - log_game_event:61 - Игровое событие: обновление_позиции - {"client_id": 1, "position": {"x": 740, "y": 745}, "inputs": {"left": false, "right": false, "up": false, "down": false}}
2025-09-23 17:50:53,765 - game_server - INFO - log_game_event:61 - Игровое событие: обновление_позиции - {"client_id": 1, "position": {"x": 740, "y": 745}, "inputs": {"left": false, "right": false, "up": false, "down": false}}
2025-09-23 17:50:53,788 - game_server - INFO - log_game_event:61 - Игровое событие: обновление_позиции - {"client_id": 1, "position": {"x": 740, "y": 745}, "inputs": {"left": false, "right": false, "up": false, "down": false}}
2025-09-23 17:50:53,810 - game_server - INFO - log_game_event:61 - Игровое событие: обновление_позиции - {"client_id": 1, "position": {"x": 740, "y": 745}, "inputs": {"left": false, "right": false, "up": false, "down": false}}
2025-09-23 17:50:53,832 - game_server - INFO - log_game_event:61 - Игровое событие: обновление_позиции - {"client_id": 1, "position": {"x": 740, "y": 745}, "inputs": {"left": false, "right": false, "up": false, "down": false}}
2025-09-23 17:50:53,855 - game_server - INFO - log_game_event:61 - Игровое событие: обновление_позиции - {"client_id": 1, "position": {"x": 740, "y": 745}, "inputs": {"left": false, "right": false, "up": false, "down": false}}
2025-09-23 17:50:53,877 - game_server - INFO - log_game_event:61 - Игровое событие: обновление_позиции - {"client_id": 1, "position": {"x": 740, "y": 745}, "inputs": {"left": false, "right": false, "up": false, "down": false}}
2025-09-23 17:50:53,899 - game_server - INFO - log_game_event:61 - Игровое событие: обновление_позиции - {"client_id": 1, "position": {"x": 740, "y": 745}, "inputs": {"left": false, "right": false, "up": false, "down": false}}
2025-09-23 17:50:53,921 - game_server - INFO - log_game_event:61 - Игровое событие: обновление_позиции - {"client_id": 1, "position": {"x": 740, "y": 745}, "inputs": {"left": false, "right": false, "up": false, "down": false}}
2025-09-23 17:50:53,945 - game_server - INFO - log_game_event:61 - Игровое событие: обновление_позиции - {"client_id": 1, "position": {"x": 740, "y": 745}, "inputs": {"left": false, "right": false, "up": false, "down": false}}
2025-09-23 17:50:53,967 - game_server - INFO - log_game_event:61 - Игровое событие: обновление_позиции - {"client_id": 1, "position": {"x": 740, "y": 745}, "inputs": {"left": false, "right": false, "up": false, "down": false}}
2025-09-23 17:50:53,990 - game_server - INFO - log_game_event:61 - Игровое событие: обновление_позиции - {"client_id": 1, "position": {"x": 740, "y": 745}, "inputs": {"left": false, "right": false, "up": false, "down": false}}
2025-09-23 17:50:54,012 - game_server - INFO - log_game_event:61 - Игровое событие: обновление_позиции - {"client_id": 1, "position": {"x": 740, "y": 745}, "inputs": {"left": false, "right": false, "up": false, "down": false}}
2025-09-23 17:50:54,033 - game_server - INFO - log_game_event:61 - Игровое событие: обновление_позиции - {"client_id": 1, "position": {"x": 740, "y": 745}, "inputs": {"left": false, "right": false, "up": false, "down": false}}
2025-09-23 17:50:54,056 - game_server - INFO - log_game_event:61 - Игровое событие: обновление_позиции - {"client_id": 1, "position": {"x": 740, "y": 745}, "inputs": {"left": false, "right": false, "up": false, "down": false}}
2025-09-23 17:50:54,079 - game_server - INFO - log_game_event:61 - Игровое событие: обновление_позиции - {"client_id": 1, "position": {"x": 740, "y": 745}, "inputs": {"left": false, "right": false, "up": false, "down": false}}
2025-09-23 17:50:54,100 - game_server - INFO - log_game_event:61 - Игровое событие: обновление_позиции - {"client_id": 1, "position": {"x": 740, "y": 745}, "inputs": {"left": false, "right": false, "up": false, "down": false}}
2025-09-23 17:50:54,122 - game_server - INFO - log_game_event:61 - Игровое событие: обновление_позиции - {"client_id": 1, "position": {"x": 740, "y": 745}, "inputs": {"left": false, "right": false, "up": false, "down": false}}
2025-09-23 17:50:54,145 - game_server - INFO - log_game_event:61 - Игровое событие: обновление_позиции - {"client_id": 1, "position": {"x": 740, "y": 745}, "inputs": {"left": false, "right": false, "up": false, "down": false}}
2025-09-23 17:50:54,168 - game_server - INFO - log_game_event:61 - Игровое событие: обновление_позиции - {"client_id": 1, "position": {"x": 740, "y": 745}, "inputs": {"left": false, "right": false, "up": false, "down": false}}
2025-09-23 17:50:54,191 - game_server - INFO - log_game_event:61 - Игровое событие: обновление_позиции - {"client_id": 1, "position": {"x": 740, "y": 745}, "inputs": {"left": false, "right": false, "up": false, "down": false}}
2025-09-23 17:50:54,215 - game_server - INFO - log_game_event:61 - Игровое событие: обновление_позиции - {"client_id": 1, "position": {"x": 740, "y": 745}, "inputs": {"left": false, "right": false, "up": false, "down": false}}
2025-09-23 17:50:54,237 - game_server - INFO - log_game_event:61 - Игровое событие: обновление_позиции - {"client_id": 1, "position": {"x": 740, "y": 745}, "inputs": {"left": false, "right": false, "up": false, "down": false}}
2025-09-23 17:50:54,261 - game_server - INFO - log_game_event:61 - Игровое событие: обновление_позиции - {"client_id": 1, "position": {"x": 740, "y": 745}, "inputs": {"left": false, "right": false, "up": false, "down": false}}
2025-09-23 17:50:54,284 - game_server - INFO - log_game_event:61 - Игровое событие: обновление_позиции - {"client_id": 1, "position": {"x": 740, "y": 745}, "inputs": {"left": false, "right": false, "up": false, "down": false}}
2025-09-23 17:50:54,307 - game_server - INFO - log_game_event:61 - Игровое событие: обновление_позиции - {"client_id": 1, "position": {"x": 740, "y": 745}, "inputs": {"left": false, "right": false, "up": false, "down": false}}
2025-09-23 17:50:54,330 - game_server - INFO - log_game_event:61 - Игровое событие: обновление_позиции - {"client_id": 1, "position": {"x": 740, "y": 745}, "inputs": {"left": false, "right": false, "up": false, "down": false}}
2025-09-23 17:50:54,351 - game_server - INFO - log_game_event:61 - Игровое событие: обновление_позиции - {"client_id": 1, "position": {"x": 740, "y": 745}, "inputs": {"left": false, "right": false, "up": false, "down": false}}
2025-09-23 17:50:54,374 - game_server - INFO - log_game_event:61 - Игровое событие: обновление_позиции - {"client_id": 1, "position": {"x": 740, "y": 745}, "inputs": {"left": false, "right": false, "up": false, "down": false}}
2025-09-23 17:50:54,399 - game_server - INFO - log_game_event:61 - Игровое событие: обновление_позиции - {"client_id": 1, "position": {"x": 740, "y": 745}, "inputs": {"left": false, "right": false, "up": false, "down": false}}
2025-09-23 17:50:54,421 - game_server - INFO - log_game_event:61 - Игровое событие: обновление_позиции - {"client_id": 1, "position": {"x": 740, "y": 745}, "inputs": {"left": false, "right": false, "up": false, "down": false}}
2025-09-23 17:50:54,446 - game_server - INFO - log_game_event:61 - Игровое событие: обновление_позиции - {"client_id": 1, "position": {"x": 740, "y": 745}, "inputs": {"left": false, "right": false, "up": false, "down": false}}
2025-09-23 17:50:54,469 - game_server - INFO - log_game_event:61 - Игровое событие: обновление_позиции - {"client_id": 1, "position": {"x": 740, "y": 745}, "inputs": {"left": false, "right": false, "up": false, "down": false}}
2025-09-23 17:50:54,568 - game_server - INFO - log_game_event:61 - Игровое событие: обновление_позиции - {"client_id": 1, "position": {"x": 740, "y": 745}, "inputs": {"left": false, "right": false, "up": false, "down": false}}
2025-09-23 17:50:54,593 - game_server - INFO - log_game_event:61 - Игровое событие: обновление_позиции - {"client_id": 1, "position": {"x": 740, "y": 745}, "inputs": {"left": false, "right": false, "up": false, "down": false}}
2025-09-23 17:50:54,626 - game_server - INFO - log_game_event:61 - Игровое событие: обновление_позиции - {"client_id": 1, "position": {"x": 740, "y": 745}, "inputs": {"left": false, "right": false, "up": false, "down": false}}
2025-09-23 17:50:54,656 - game_server - INFO - log_game_event:61 - Игровое событие: обновление_позиции - {"client_id": 1, "position": {"x": 740, "y": 745}, "inputs": {"left": false, "right": false, "up": false, "down": false}}
2025-09-23 17:50:54,697 - game_server - INFO - log_game_event:61 - Игровое событие: обновление_позиции - {"client_id": 1, "position": {"x": 740, "y": 745}, "inputs": {"left": false, "right": false, "up": false, "down": false}}
2025-09-23 17:50:54,728 - game_server - INFO - log_game_event:61 - Игровое событие: обновление_позиции - {"client_id": 1, "position": {"x": 740, "y": 745}, "inputs": {"left": false, "right": false, "up": false, "down": false}}
2025-09-23 17:50:54,753 - game_server - INFO - log_game_event:61 - Игровое событие: обновление_позиции - {"client_id": 1, "position": {"x": 740, "y": 745}, "inputs": {"left": false, "right": false, "up": false, "down": false}}
2025-09-23 17:50:54,776 - game_server - INFO - log_game_event:61 - Игровое событие: обновление_позиции - {"client_id": 1, "position": {"x": 740, "y": 745}, "inputs": {"left": false, "right": false, "up": false, "down": false}}
2025-09-23 17:50:54,801 - game_server - INFO - log_game_event:61 - Игровое событие: обновление_позиции - {"client_id": 1, "position": {"x": 740, "y": 745}, "inputs": {"left": false, "right": false, "up": false, "down": false}}
2025-09-23 17:50:54,823 - game_server - INFO - log_game_event:61 - Игровое событие: обновление_позиции - {"client_id": 1, "position": {"x": 740, "y": 745}, "inputs": {"left": false, "right": false, "up": false, "down": false}}
2025-09-23 17:50:54,849 - game_server - INFO - log_game_event:61 - Игровое событие: обновление_позиции - {"client_id": 1, "position": {"x": 740, "y": 745}, "inputs": {"left": false, "right": false, "up": false, "down": false}}
2025-09-23 17:50:54,871 - game_server - INFO - log_game_event:61 - Игровое событие: обновление_позиции - {"client_id": 1, "position": {"x": 740, "y": 745}, "inputs": {"left": false, "right": false, "up": false, "down": false}}
2025-09-23 17:50:54,900 - game_server - INFO - log_game_event:61 - Игровое событие: обновление_позиции - {"client_id": 1, "position": {"x": 740, "y": 745}, "inputs": {"left": false, "right": false, "up": false, "down": false}}
2025-09-23 17:50:54,923 - game_server - INFO - log_game_event:61 - Игровое событие: обновление_позиции - {"client_id": 1, "position": {"x": 740, "y": 745}, "inputs": {"left": false, "right": false, "up": false, "down": false}}
2025-09-23 17:50:54,951 - game_server - INFO - log_game_event:61 - Игровое событие: обновление_позиции - {"client_id": 1, "position": {"x": 740, "y": 745}, "inputs": {"left": false, "right": false, "up": false, "down": false}}
2025-09-23 17:50:54,967 - game_server - INFO - log_connection:56 - Клиент 2: подключен - {"ip": "192.168.1.4", "port": 50849}
2025-09-23 17:50:54,978 - game_server - INFO - log_game_event:61 - Игровое событие: обновление_позиции - {"client_id": 1, "position": {"x": 740, "y": 745}, "inputs": {"left": false, "right": false, "up": false, "down": false}}
2025-09-23 17:50:54,985 - game_server - INFO - log_game_event:61 - Игровое событие: обновление_позиции - {"client_id": 2, "position": {"x": 960, "y": 540}, "inputs": {"left": false, "right": false, "up": false, "down": false}}
2025-09-23 17:50:55,001 - game_server - INFO - log_game_event:61 - Игровое событие: обновление_позиции - {"client_id": 1, "position": {"x": 740, "y": 745}, "inputs": {"left": false, "right": false, "up": false, "down": false}}
2025-09-23 17:50:55,010 - game_server - INFO - log_game_event:61 - Игровое событие: обновление_позиции - {"client_id": 2, "position": {"x": 960, "y": 540}, "inputs": {"left": false, "right": false, "up": false, "down": false}}
2025-09-23 17:50:55,026 - game_server - INFO - log_game_event:61 - Игровое событие: обновление_позиции - {"client_id": 1, "position": {"x": 740, "y": 745}, "inputs": {"left": false, "right": false, "up": false, "down": false}}
2025-09-23 17:50:55,036 - game_server - INFO - log_game_event:61 - Игровое событие: обновление_позиции - {"client_id": 2, "position": {"x": 960, "y": 540}, "inputs": {"left": false, "right": false, "up": false, "down": false}}
2025-09-23 17:50:55,052 - game_server - INFO - log_game_event:61 - Игровое событие: обновление_позиции - {"client_id": 1, "position": {"x": 740, "y": 745}, "inputs": {"left": false, "right": false, "up": false, "down": false}}
2025-09-23 17:50:55,065 - game_server - INFO - log_game_event:61 - Игровое событие: обновление_позиции - {"client_id": 2, "position": {"x": 960, "y": 540}, "inputs": {"left": false, "right": false, "up": false, "down": false}}
2025-09-23 17:50:55,077 - game_server - INFO - log_game_event:61 - Игровое событие: обновление_позиции - {"client_id": 1, "position": {"x": 740, "y": 745}, "inputs": {"left": false, "right": false, "up": false, "down": false}}
2025-09-23 17:50:55,088 - game_server - INFO - log_game_event:61 - Игровое событие: обновление_позиции - {"client_id": 2, "position": {"x": 960, "y": 540}, "inputs": {"left": false, "right": false, "up": false, "down": false}}
2025-09-23 17:50:55,104 - game_server - INFO - log_game_event:61 - Игровое событие: обновление_позиции - {"client_id": 1, "position": {"x": 740, "y": 745}, "inputs": {"left": false, "right": false, "up": false, "down": false}}
2025-09-23 17:50:55,120 - game_server - INFO - log_game_event:61 - Игровое событие: обновление_позиции - {"client_id": 2, "position": {"x": 960, "y": 540}, "inputs": {"left": false, "right": false, "up": false, "down": false}}
2025-09-23 17:50:55,136 - game_server - INFO - log_game_event:61 - Игровое событие: обновление_позиции - {"client_id": 1, "position": {"x": 740, "y": 745}, "inputs": {"left": false, "right": false, "up": false, "down": false}}
2025-09-23 17:50:55,155 - game_server - INFO - log_game_event:61 - Игровое событие: обновление_позиции - {"client_id": 2, "position": {"x": 960, "y": 540}, "inputs": {"left": false, "right": false, "up": false, "down": false}}
2025-09-23 17:50:55,168 - game_server - INFO - log_game_event:61 - Игровое событие: обновление_позиции - {"client_id": 1, "position": {"x": 740, "y": 745}, "inputs": {"left": false, "right": false, "up": false, "down": false}}
2025-09-23 17:50:55,186 - game_server - INFO - log_game_event:61 - Игровое событие: обновление_позиции - {"client_id": 2, "position": {"x": 960, "y": 540}, "inputs": {"left": false, "right": false, "up": false, "down": false}}
2025-09-23 17:50:55,197 - game_server - INFO - log_game_event:61 - Игровое событие: обновление_позиции - {"client_id": 1, "position": {"x": 740, "y": 745}, "inputs": {"left": false, "right": false, "up": false, "down": false}}
2025-09-23 17:50:55,217 - game_server - INFO - log_game_event:61 - Игровое событие: обновление_позиции - {"client_id": 2, "position": {"x": 960, "y": 540}, "inputs": {"left": false, "right": false, "up": false, "down": false}}
2025-09-23 17:50:55,225 - game_server - INFO - log_game_event:61 - Игровое событие: обновление_позиции - {"client_id": 1, "position": {"x": 740, "y": 745}, "inputs": {"left": false, "right": false, "up": false, "down": false}}
2025-09-23 17:50:55,247 - game_server - INFO - log_game_event:61 - Игровое событие: обновление_позиции - {"client_id": 2, "position": {"x": 960, "y": 540}, "inputs": {"left": false, "right": false, "up": false, "down": false}}
2025-09-23 17:50:55,252 - game_server - INFO - log_game_event:61 - Игровое событие: обновление_позиции - {"client_id": 1, "position": {"x": 740, "y": 745}, "inputs": {"left": false, "right": false, "up": false, "down": false}}
2025-09-23 17:50:55,278 - game_server - INFO - log_game_event:61 - Игровое событие: обновление_позиции - {"client_id": 2, "position": {"x": 960, "y": 540}, "inputs": {"left": false, "right": false, "up": false, "down": false}}
2025-09-23 17:50:55,283 - game_server - INFO - log_game_event:61 - Игровое событие: обновление_позиции - {"client_id": 1, "position": {"x": 740, "y": 745}, "inputs": {"left": false, "right": false, "up": false, "down": false}}
2025-09-23 17:50:55,304 - game_server - INFO - log_game_event:61 - Игровое событие: обновление_позиции - {"client_id": 2, "position": {"x": 960, "y": 540}, "inputs": {"left": false, "right": false, "up": false, "down": false}}
2025-09-23 17:50:55,308 - game_server - INFO - log_game_event:61 - Игровое событие: обновление_позиции - {"client_id": 1, "position": {"x": 740, "y": 745}, "inputs": {"left": false, "right": false, "up": false, "down": false}}
2025-09-23 17:50:55,331 - game_server - INFO - log_game_event:61 - Игровое событие: обновление_позиции - {"client_id": 2, "position": {"x": 960, "y": 540}, "inputs": {"left": false, "right": false, "up": false, "down": false}}
2025-09-23 17:50:55,334 - game_server - INFO - log_game_event:61 - Игровое событие: обновление_позиции - {"client_id": 1, "position": {"x": 740, "y": 745}, "inputs": {"left": false, "right": false, "up": false, "down": false}}
2025-09-23 17:50:55,363 - game_server - INFO - log_game_event:61 - Игровое событие: обновление_позиции - {"client_id": 2, "position": {"x": 960, "y": 540}, "inputs": {"left": false, "right": false, "up": false, "down": false}}
2025-09-23 17:50:55,365 - game_server - INFO - log_game_event:61 - Игровое событие: обновление_позиции - {"client_id": 1, "position": {"x": 740, "y": 745}, "inputs": {"left": false, "right": false, "up": false, "down": false}}
2025-09-23 17:50:55,396 - game_server - INFO - log_game_event:61 - Игровое событие: обновление_позиции - {"client_id": 1, "position": {"x": 740, "y": 745}, "inputs": {"left": false, "right": false, "up": false, "down": false}}
2025-09-23 17:50:55,397 - game_server - INFO - log_game_event:61 - Игровое событие: обновление_позиции - {"client_id": 2, "position": {"x": 960, "y": 540}, "inputs": {"left": false, "right": false, "up": false, "down": false}}
2025-09-23 17:50:55,432 - game_server - INFO - log_game_event:61 - Игровое событие: обновление_позиции - {"client_id": 1, "position": {"x": 740, "y": 745}, "inputs": {"left": false, "right": false, "up": false, "down": false}}
2025-09-23 17:50:55,432 - game_server - INFO - log_game_event:61 - Игровое событие: обновление_позиции - {"client_id": 2, "position": {"x": 960, "y": 540}, "inputs": {"left": false, "right": false, "up": false, "down": false}}
2025-09-23 17:50:55,467 - game_server - INFO - log_game_event:61 - Игровое событие: обновление_позиции - {"client_id": 1, "position": {"x": 740, "y": 745}, "inputs": {"left": false, "right": false, "up": false, "down": false}}
2025-09-23 17:50:55,469 - game_server - INFO - log_game_event:61 - Игровое событие: обновление_позиции - {"client_id": 2, "position": {"x": 960, "y": 540}, "inputs": {"left": false, "right": false, "up": false, "down": false}}
2025-09-23 17:50:55,503 - game_server - INFO - log_game_event:61 - Игровое событие: обновление_позиции - {"client_id": 1, "position": {"x": 740, "y": 745}, "inputs": {"left": false, "right": false, "up": false, "down": false}}
2025-09-23 17:50:55,504 - game_server - INFO - log_game_event:61 - Игровое событие: обновление_позиции - {"client_id": 2, "position": {"x": 960, "y": 540}, "inputs": {"left": false, "right": false, "up": false, "down": false}}
2025-09-23 17:50:55,535 - game_server - INFO - log_game_event:61 - Игровое событие: обновление_позиции - {"client_id": 1, "position": {"x": 740, "y": 745}, "inputs": {"left": false, "right": false, "up": false, "down": false}}
2025-09-23 17:50:55,536 - game_server - INFO - log_game_event:61 - Игровое событие: обновление_позиции - {"client_id": 2, "position": {"x": 960, "y": 540}, "inputs": {"left": false, "right": false, "up": false, "down": false}}
2025-09-23 17:50:55,569 - game_server - INFO - log_game_event:61 - Игровое событие: обновление_позиции - {"client_id": 2, "position": {"x": 960, "y": 540}, "inputs": {"left": false, "right": false, "up": false, "down": false}}
2025-09-23 17:50:55,569 - game_server - INFO - log_game_event:61 - Игровое событие: обновление_позиции - {"client_id": 1, "position": {"x": 740, "y": 745}, "inputs": {"left": false, "right": false, "up": false, "down": false}}
2025-09-23 17:50:55,604 - game_server - INFO - log_game_event:61 - Игровое событие: обновление_позиции - {"client_id": 2, "position": {"x": 960, "y": 540}, "inputs": {"left": false, "right": false, "up": false, "down": false}}
2025-09-23 17:50:55,605 - game_server - INFO - log_game_event:61 - Игровое событие: обновление_позиции - {"client_id": 1, "position": {"x": 740, "y": 745}, "inputs": {"left": false, "right": false, "up": false, "down": false}}
2025-09-23 17:50:55,635 - game_server - INFO - log_game_event:61 - Игровое событие: обновление_позиции - {"client_id": 2, "position": {"x": 960, "y": 540}, "inputs": {"left": false, "right": false, "up": false, "down": false}}
2025-09-23 17:50:55,636 - game_server - INFO - log_game_event:61 - Игровое событие: обновление_позиции - {"client_id": 1, "position": {"x": 740, "y": 745}, "inputs": {"left": false, "right": false, "up": false, "down": false}}
2025-09-23 17:50:55,672 - game_server - INFO - log_game_event:61 - Игровое событие: обновление_позиции - {"client_id": 1, "position": {"x": 740, "y": 745}, "inputs": {"left": false, "right": false, "up": false, "down": false}}
2025-09-23 17:50:55,672 - game_server - INFO - log_game_event:61 - Игровое событие: обновление_позиции - {"client_id": 2, "position": {"x": 960, "y": 540}, "inputs": {"left": false, "right": false, "up": false, "down": false}}
2025-09-23 17:50:55,709 - game_server - INFO - log_game_event:61 - Игровое событие: обновление_позиции - {"client_id": 2, "position": {"x": 960, "y": 540}, "inputs": {"left": false, "right": false, "up": false, "down": false}}
2025-09-23 17:50:55,710 - game_server - INFO - log_game_event:61 - Игровое событие: обновление_позиции - {"client_id": 1, "position": {"x": 740, "y": 745}, "inputs": {"left": false, "right": false, "up": false, "down": false}}
2025-09-23 17:50:55,744 - game_server - INFO - log_game_event:61 - Игровое событие: обновление_позиции - {"client_id": 1, "position": {"x": 740, "y": 745}, "inputs": {"left": false, "right": false, "up": false, "down": false}}
2025-09-23 17:50:55,745 - game_server - INFO - log_game_event:61 - Игровое событие: обновление_позиции - {"client_id": 2, "position": {"x": 960, "y": 540}, "inputs": {"left": false, "right": false, "up": false, "down": false}}
2025-09-23 17:50:55,779 - game_server - INFO - log_game_event:61 - Игровое событие: обновление_позиции - {"client_id": 1, "position": {"x": 740, "y": 745}, "inputs": {"left": false, "right": false, "up": false, "down": false}}
2025-09-23 17:50:55,781 - game_server - INFO - log_game_event:61 - Игровое событие: обновление_позиции - {"client_id": 2, "position": {"x": 960, "y": 540}, "inputs": {"left": false, "right": false, "up": false, "down": false}}
2025-09-23 17:50:55,814 - game_server - INFO - log_game_event:61 - Игровое событие: обновление_позиции - {"client_id": 1, "position": {"x": 740, "y": 745}, "inputs": {"left": false, "right": false, "up": false, "down": false}}
2025-09-23 17:50:55,816 - game_server - INFO - log_game_event:61 - Игровое событие: обновление_позиции - {"client_id": 2, "position": {"x": 960, "y": 540}, "inputs": {"left": false, "right": false, "up": false, "down": false}}
2025-09-23 17:50:55,848 - game_server - INFO - log_game_event:61 - Игровое событие: обновление_позиции - {"client_id": 1, "position": {"x": 740, "y": 745}, "inputs": {"left": false, "right": false, "up": false, "down": false}}
2025-09-23 17:50:55,851 - game_server - INFO - log_game_event:61 - Игровое событие: обновление_позиции - {"client_id": 2, "position": {"x": 960, "y": 540}, "inputs": {"left": false, "right": false, "up": false, "down": false}}
2025-09-23 17:50:55,884 - game_server - INFO - log_game_event:61 - Игровое событие: обновление_позиции - {"client_id": 1, "position": {"x": 740, "y": 745}, "inputs": {"left": false, "right": false, "up": false, "down": false}}
2025-09-23 17:50:55,886 - game_server - INFO - log_game_event:61 - Игровое событие: обновление_позиции - {"client_id": 2, "position": {"x": 960, "y": 540}, "inputs": {"left": false, "right": false, "up": false, "down": false}}
2025-09-23 17:50:55,919 - game_server - INFO - log_game_event:61 - Игровое событие: обновление_позиции - {"client_id": 1, "position": {"x": 740, "y": 745}, "inputs": {"left": false, "right": false, "up": false, "down": false}}
2025-09-23 17:50:55,922 - game_server - INFO - log_game_event:61 - Игровое событие: обновление_позиции - {"client_id": 2, "position": {"x": 960, "y": 540}, "inputs": {"left": false, "right": false, "up": false, "down": false}}
2025-09-23 17:50:55,955 - game_server - INFO - log_game_event:61 - Игровое событие: обновление_позиции - {"client_id": 1, "position": {"x": 740, "y": 745}, "inputs": {"left": false, "right": false, "up": false, "down": false}}
2025-09-23 17:50:55,957 - game_server - INFO - log_game_event:61 - Игровое событие: обновление_позиции - {"client_id": 2, "position": {"x": 960, "y": 540}, "inputs": {"left": false, "right": false, "up": false, "down": false}}
2025-09-23 17:50:55,989 - game_server - INFO - log_game_event:61 - Игровое событие: обновление_позиции - {"client_id": 1, "position": {"x": 740, "y": 745}, "inputs": {"left": false, "right": false, "up": false, "down": false}}
2025-09-23 17:50:55,993 - game_server - INFO - log_game_event:61 - Игровое событие: обновление_позиции - {"client_id": 2, "position": {"x": 960, "y": 540}, "inputs": {"left": false, "right": false, "up": false, "down": false}}
2025-09-23 17:50:56,024 - game_server - INFO - log_game_event:61 - Игровое событие: обновление_позиции - {"client_id": 1, "position": {"x": 740, "y": 745}, "inputs": {"left": false, "right": false, "up": false, "down": false}}
2025-09-23 17:50:56,029 - game_server - INFO - log_game_event:61 - Игровое событие: обновление_позиции - {"client_id": 2, "position": {"x": 960, "y": 540}, "inputs": {"left": false, "right": false, "up": false, "down": false}}
2025-09-23 17:50:56,059 - game_server - INFO - log_game_event:61 - Игровое событие: обновление_позиции - {"client_id": 1, "position": {"x": 740, "y": 745}, "inputs": {"left": false, "right": false, "up": false, "down": false}}
2025-09-23 17:50:56,063 - game_server - INFO - log_game_event:61 - Игровое событие: обновление_позиции - {"client_id": 2, "position": {"x": 960, "y": 540}, "inputs": {"left": false, "right": false, "up": false, "down": false}}
2025-09-23 17:50:56,093 - game_server - INFO - log_game_event:61 - Игровое событие: обновление_позиции - {"client_id": 1, "position": {"x": 740, "y": 745}, "inputs": {"left": false, "right": false, "up": false, "down": false}}
2025-09-23 17:50:56,099 - game_server - INFO - log_game_event:61 - Игровое событие: обновление_позиции - {"client_id": 2, "position": {"x": 960, "y": 540}, "inputs": {"left": false, "right": false, "up": false, "down": false}}
2025-09-23 17:50:56,127 - game_server - INFO - log_game_event:61 - Игровое событие: обновление_позиции - {"client_id": 1, "position": {"x": 740, "y": 745}, "inputs": {"left": false, "right": false, "up": false, "down": false}}
2025-09-23 17:50:56,135 - game_server - INFO - log_game_event:61 - Игровое событие: обновление_позиции - {"client_id": 2, "position": {"x": 960, "y": 540}, "inputs": {"left": false, "right": false, "up": false, "down": false}}
2025-09-23 17:50:56,160 - game_server - INFO - log_game_event:61 - Игровое событие: обновление_позиции - {"client_id": 1, "position": {"x": 740, "y": 745}, "inputs": {"left": false, "right": false, "up": false, "down": false}}
2025-09-23 17:50:56,168 - game_server - INFO - log_game_event:61 - Игровое событие: обновление_позиции - {"client_id": 2, "position": {"x": 960, "y": 540}, "inputs": {"left": false, "right": false, "up": false, "down": false}}
2025-09-23 17:50:56,194 - game_server - INFO - log_game_event:61 - Игровое событие: обновление_позиции - {"client_id": 1, "position": {"x": 740, "y": 745}, "inputs": {"left": false, "right": false, "up": false, "down": false}}
2025-09-23 17:50:56,200 - game_server - INFO - log_game_event:61 - Игровое событие: обновление_позиции - {"client_id": 2, "position": {"x": 960, "y": 540}, "inputs": {"left": false, "right": false, "up": false, "down": false}}
2025-09-23 17:50:56,226 - game_server - INFO - log_game_event:61 - Игровое событие: обновление_позиции - {"client_id": 1, "position": {"x": 740, "y": 745}, "inputs": {"left": false, "right": false, "up": false, "down": false}}
2025-09-23 17:50:56,231 - game_server - INFO - log_game_event:61 - Игровое событие: обновление_позиции - {"client_id": 2, "position": {"x": 960, "y": 540}, "inputs": {"left": false, "right": false, "up": false, "down": false}}
2025-09-23 17:50:56,261 - game_server - INFO - log_game_event:61 - Игровое событие: обновление_позиции - {"client_id": 1, "position": {"x": 740, "y": 745}, "inputs": {"left": false, "right": false, "up": false, "down": false}}
2025-09-23 17:50:56,266 - game_server - INFO - log_game_event:61 - Игровое событие: обновление_позиции - {"client_id": 2, "position": {"x": 960, "y": 540}, "inputs": {"left": false, "right": false, "up": false, "down": false}}
2025-09-23 17:50:56,295 - game_server - INFO - log_game_event:61 - Игровое событие: обновление_позиции - {"client_id": 1, "position": {"x": 740, "y": 745}, "inputs": {"left": false, "right": false, "up": false, "down": false}}
2025-09-23 17:50:56,301 - game_server - INFO - log_game_event:61 - Игровое событие: обновление_позиции - {"client_id": 2, "position": {"x": 960, "y": 540}, "inputs": {"left": false, "right": false, "up": false, "down": false}}
2025-09-23 17:50:56,328 - game_server - INFO - log_game_event:61 - Игровое событие: обновление_позиции - {"client_id": 1, "position": {"x": 740, "y": 745}, "inputs": {"left": false, "right": false, "up": false, "down": false}}
2025-09-23 17:50:56,330 - game_server - INFO - log_game_event:61 - Игровое событие: обновление_позиции - {"client_id": 2, "position": {"x": 960, "y": 540}, "inputs": {"left": false, "right": false, "up": false, "down": false}}
2025-09-23 17:50:56,360 - game_server - INFO - log_game_event:61 - Игровое событие: обновление_позиции - {"client_id": 1, "position": {"x": 740, "y": 745}, "inputs": {"left": false, "right": false, "up": false, "down": false}}
2025-09-23 17:50:56,361 - game_server - INFO - log_game_event:61 - Игровое событие: обновление_позиции - {"client_id": 2, "position": {"x": 960, "y": 540}, "inputs": {"left": false, "right": false, "up": false, "down": false}}
2025-09-23 17:50:56,395 - game_server - INFO - log_game_event:61 - Игровое событие: обновление_позиции - {"client_id": 1, "position": {"x": 740, "y": 745}, "inputs": {"left": false, "right": false, "up": false, "down": false}}
2025-09-23 17:50:56,396 - game_server - INFO - log_game_event:61 - Игровое событие: обновление_позиции - {"client_id": 2, "position": {"x": 960, "y": 540}, "inputs": {"left": false, "right": false, "up": false, "down": false}}
2025-09-23 17:50:56,429 - game_server - INFO - log_game_event:61 - Игровое событие: обновление_позиции - {"client_id": 1, "position": {"x": 740, "y": 745}, "inputs": {"left": false, "right": false, "up": false, "down": false}}
2025-09-23 17:50:56,431 - game_server - INFO - log_game_event:61 - Игровое событие: обновление_позиции - {"client_id": 2, "position": {"x": 960, "y": 535}, "inputs": {"left": false, "right": false, "up": true, "down": false}}
2025-09-23 17:50:56,464 - game_server - INFO - log_game_event:61 - Игровое событие: обновление_позиции - {"client_id": 1, "position": {"x": 740, "y": 745}, "inputs": {"left": false, "right": false, "up": false, "down": false}}
2025-09-23 17:50:56,465 - game_server - INFO - log_game_event:61 - Игровое событие: обновление_позиции - {"client_id": 2, "position": {"x": 960, "y": 530}, "inputs": {"left": false, "right": false, "up": true, "down": false}}
2025-09-23 17:50:56,497 - game_server - INFO - log_game_event:61 - Игровое событие: обновление_позиции - {"client_id": 1, "position": {"x": 740, "y": 745}, "inputs": {"left": false, "right": false, "up": false, "down": false}}
2025-09-23 17:50:56,499 - game_server - INFO - log_game_event:61 - Игровое событие: обновление_позиции - {"client_id": 2, "position": {"x": 960, "y": 525}, "inputs": {"left": false, "right": false, "up": true, "down": false}}
2025-09-23 17:50:56,533 - game_server - INFO - log_game_event:61 - Игровое событие: обновление_позиции - {"client_id": 2, "position": {"x": 960, "y": 520}, "inputs": {"left": false, "right": false, "up": true, "down": false}}
2025-09-23 17:50:56,534 - game_server - INFO - log_game_event:61 - Игровое событие: обновление_позиции - {"client_id": 1, "position": {"x": 740, "y": 745}, "inputs": {"left": false, "right": false, "up": false, "down": false}}
2025-09-23 17:50:56,567 - game_server - INFO - log_game_event:61 - Игровое событие: обновление_позиции - {"client_id": 1, "position": {"x": 740, "y": 745}, "inputs": {"left": false, "right": false, "up": false, "down": false}}
2025-09-23 17:50:56,568 - game_server - INFO - log_game_event:61 - Игровое событие: обновление_позиции - {"client_id": 2, "position": {"x": 960, "y": 515}, "inputs": {"left": false, "right": false, "up": true, "down": false}}
2025-09-23 17:50:56,602 - game_server - INFO - log_game_event:61 - Игровое событие: обновление_позиции - {"client_id": 1, "position": {"x": 740, "y": 745}, "inputs": {"left": false, "right": false, "up": false, "down": false}}
2025-09-23 17:50:56,603 - game_server - INFO - log_game_event:61 - Игровое событие: обновление_позиции - {"client_id": 2, "position": {"x": 960, "y": 510}, "inputs": {"left": false, "right": false, "up": true, "down": false}}
2025-09-23 17:50:56,638 - game_server - INFO - log_game_event:61 - Игровое событие: обновление_позиции - {"client_id": 1, "position": {"x": 740, "y": 745}, "inputs": {"left": false, "right": false, "up": false, "down": false}}
2025-09-23 17:50:56,638 - game_server - INFO - log_game_event:61 - Игровое событие: обновление_позиции - {"client_id": 2, "position": {"x": 960, "y": 505}, "inputs": {"left": false, "right": false, "up": true, "down": false}}
2025-09-23 17:50:56,673 - game_server - INFO - log_game_event:61 - Игровое событие: обновление_позиции - {"client_id": 1, "position": {"x": 740, "y": 745}, "inputs": {"left": false, "right": false, "up": false, "down": false}}
2025-09-23 17:50:56,674 - game_server - INFO - log_game_event:61 - Игровое событие: обновление_позиции - {"client_id": 2, "position": {"x": 960, "y": 500}, "inputs": {"left": false, "right": false, "up": true, "down": false}}
2025-09-23 17:50:56,708 - game_server - INFO - log_game_event:61 - Игровое событие: обновление_позиции - {"client_id": 1, "position": {"x": 740, "y": 745}, "inputs": {"left": false, "right": false, "up": false, "down": false}}
2025-09-23 17:50:56,709 - game_server - INFO - log_game_event:61 - Игровое событие: обновление_позиции - {"client_id": 2, "position": {"x": 960, "y": 495}, "inputs": {"left": false, "right": false, "up": true, "down": false}}
2025-09-23 17:50:56,742 - game_server - INFO - log_game_event:61 - Игровое событие: обновление_позиции - {"client_id": 1, "position": {"x": 740, "y": 745}, "inputs": {"left": false, "right": false, "up": false, "down": false}}
2025-09-23 17:50:56,743 - game_server - INFO - log_game_event:61 - Игровое событие: обновление_позиции - {"client_id": 2, "position": {"x": 960, "y": 490}, "inputs": {"left": false, "right": false, "up": true, "down": false}}
2025-09-23 17:50:56,775 - game_server - INFO - log_game_event:61 - Игровое событие: обновление_позиции - {"client_id": 1, "position": {"x": 740, "y": 745}, "inputs": {"left": false, "right": false, "up": false, "down": false}}
2025-09-23 17:50:56,776 - game_server - INFO - log_game_event:61 - Игровое событие: обновление_позиции - {"client_id": 2, "position": {"x": 960, "y": 485}, "inputs": {"left": false, "right": false, "up": true, "down": false}}
2025-09-23 17:50:56,810 - game_server - INFO - log_game_event:61 - Игровое событие: обновление_позиции - {"client_id": 1, "position": {"x": 740, "y": 745}, "inputs": {"left": false, "right": false, "up": false, "down": false}}
2025-09-23 17:50:56,811 - game_server - INFO - log_game_event:61 - Игровое событие: обновление_позиции - {"client_id": 2, "position": {"x": 960, "y": 480}, "inputs": {"left": false, "right": false, "up": true, "down": false}}
2025-09-23 17:50:56,844 - game_server - INFO - log_game_event:61 - Игровое событие: обновление_позиции - {"client_id": 1, "position": {"x": 740, "y": 745}, "inputs": {"left": false, "right": false, "up": false, "down": false}}
2025-09-23 17:50:56,847 - game_server - INFO - log_game_event:61 - Игровое событие: обновление_позиции - {"client_id": 2, "position": {"x": 955, "y": 475}, "inputs": {"left": true, "right": false, "up": true, "down": false}}
2025-09-23 17:50:56,881 - game_server - INFO - log_game_event:61 - Игровое событие: обновление_позиции - {"client_id": 1, "position": {"x": 740, "y": 745}, "inputs": {"left": false, "right": false, "up": false, "down": false}}
2025-09-23 17:50:56,883 - game_server - INFO - log_game_event:61 - Игровое событие: обновление_позиции - {"client_id": 2, "position": {"x": 950, "y": 470}, "inputs": {"left": true, "right": false, "up": true, "down": false}}
2025-09-23 17:50:56,914 - game_server - INFO - log_game_event:61 - Игровое событие: обновление_позиции - {"client_id": 1, "position": {"x": 740, "y": 745}, "inputs": {"left": false, "right": false, "up": false, "down": false}}
2025-09-23 17:50:56,918 - game_server - INFO - log_game_event:61 - Игровое событие: обновление_позиции - {"client_id": 2, "position": {"x": 945, "y": 470}, "inputs": {"left": true, "right": false, "up": false, "down": false}}
2025-09-23 17:50:56,950 - game_server - INFO - log_game_event:61 - Игровое событие: обновление_позиции - {"client_id": 1, "position": {"x": 740, "y": 745}, "inputs": {"left": false, "right": false, "up": false, "down": false}}
2025-09-23 17:50:56,953 - game_server - INFO - log_game_event:61 - Игровое событие: обновление_позиции - {"client_id": 2, "position": {"x": 940, "y": 470}, "inputs": {"left": true, "right": false, "up": false, "down": false}}
2025-09-23 17:50:56,985 - game_server - INFO - log_game_event:61 - Игровое событие: обновление_позиции - {"client_id": 1, "position": {"x": 740, "y": 745}, "inputs": {"left": false, "right": false, "up": false, "down": false}}
2025-09-23 17:50:56,988 - game_server - INFO - log_game_event:61 - Игровое событие: обновление_позиции - {"client_id": 2, "position": {"x": 935, "y": 470}, "inputs": {"left": true, "right": false, "up": false, "down": false}}
2025-09-23 17:50:57,018 - game_server - INFO - log_game_event:61 - Игровое событие: обновление_позиции - {"client_id": 1, "position": {"x": 740, "y": 745}, "inputs": {"left": false, "right": false, "up": false, "down": false}}
2025-09-23 17:50:57,021 - game_server - INFO - log_game_event:61 - Игровое событие: обновление_позиции - {"client_id": 2, "position": {"x": 930, "y": 470}, "inputs": {"left": true, "right": false, "up": false, "down": false}}
2025-09-23 17:50:57,051 - game_server - INFO - log_game_event:61 - Игровое событие: обновление_позиции - {"client_id": 1, "position": {"x": 740, "y": 745}, "inputs": {"left": false, "right": false, "up": false, "down": false}}
2025-09-23 17:50:57,052 - game_server - INFO - log_game_event:61 - Игровое событие: обновление_позиции - {"client_id": 2, "position": {"x": 925, "y": 470}, "inputs": {"left": true, "right": false, "up": false, "down": false}}
2025-09-23 17:50:57,085 - game_server - INFO - log_game_event:61 - Игровое событие: обновление_позиции - {"client_id": 1, "position": {"x": 740, "y": 745}, "inputs": {"left": false, "right": false, "up": false, "down": false}}
2025-09-23 17:50:57,086 - game_server - INFO - log_game_event:61 - Игровое событие: обновление_позиции - {"client_id": 2, "position": {"x": 920, "y": 470}, "inputs": {"left": true, "right": false, "up": false, "down": false}}
2025-09-23 17:50:57,120 - game_server - INFO - log_game_event:61 - Игровое событие: обновление_позиции - {"client_id": 1, "position": {"x": 740, "y": 745}, "inputs": {"left": false, "right": false, "up": false, "down": false}}
2025-09-23 17:50:57,120 - game_server - INFO - log_game_event:61 - Игровое событие: обновление_позиции - {"client_id": 2, "position": {"x": 915, "y": 470}, "inputs": {"left": true, "right": false, "up": false, "down": false}}
2025-09-23 17:50:57,155 - game_server - INFO - log_game_event:61 - Игровое событие: обновление_позиции - {"client_id": 1, "position": {"x": 740, "y": 745}, "inputs": {"left": false, "right": false, "up": false, "down": false}}
2025-09-23 17:50:57,156 - game_server - INFO - log_game_event:61 - Игровое событие: обновление_позиции - {"client_id": 2, "position": {"x": 910, "y": 470}, "inputs": {"left": true, "right": false, "up": false, "down": false}}
2025-09-23 17:50:57,188 - game_server - INFO - log_game_event:61 - Игровое событие: обновление_позиции - {"client_id": 1, "position": {"x": 740, "y": 745}, "inputs": {"left": false, "right": false, "up": false, "down": false}}
2025-09-23 17:50:57,191 - game_server - INFO - log_game_event:61 - Игровое событие: обновление_позиции - {"client_id": 2, "position": {"x": 905, "y": 470}, "inputs": {"left": true, "right": false, "up": false, "down": false}}
2025-09-23 17:50:57,223 - game_server - INFO - log_game_event:61 - Игровое событие: обновление_позиции - {"client_id": 1, "position": {"x": 740, "y": 745}, "inputs": {"left": false, "right": false, "up": false, "down": false}}
2025-09-23 17:50:57,226 - game_server - INFO - log_game_event:61 - Игровое событие: обновление_позиции - {"client_id": 2, "position": {"x": 900, "y": 470}, "inputs": {"left": true, "right": false, "up": false, "down": false}}
2025-09-23 17:50:57,259 - game_server - INFO - log_game_event:61 - Игровое событие: обновление_позиции - {"client_id": 1, "position": {"x": 740, "y": 745}, "inputs": {"left": false, "right": false, "up": false, "down": false}}
2025-09-23 17:50:57,261 - game_server - INFO - log_game_event:61 - Игровое событие: обновление_позиции - {"client_id": 2, "position": {"x": 895, "y": 470}, "inputs": {"left": true, "right": false, "up": false, "down": false}}
2025-09-23 17:50:57,295 - game_server - INFO - log_game_event:61 - Игровое событие: обновление_позиции - {"client_id": 1, "position": {"x": 740, "y": 745}, "inputs": {"left": false, "right": false, "up": false, "down": false}}
2025-09-23 17:50:57,296 - game_server - INFO - log_game_event:61 - Игровое событие: обновление_позиции - {"client_id": 2, "position": {"x": 890, "y": 470}, "inputs": {"left": true, "right": false, "up": false, "down": false}}
2025-09-23 17:50:57,329 - game_server - INFO - log_game_event:61 - Игровое событие: обновление_позиции - {"client_id": 1, "position": {"x": 740, "y": 745}, "inputs": {"left": false, "right": false, "up": false, "down": false}}
2025-09-23 17:50:57,331 - game_server - INFO - log_game_event:61 - Игровое событие: обновление_позиции - {"client_id": 2, "position": {"x": 885, "y": 470}, "inputs": {"left": true, "right": false, "up": false, "down": false}}
2025-09-23 17:50:57,364 - game_server - INFO - log_game_event:61 - Игровое событие: обновление_позиции - {"client_id": 1, "position": {"x": 740, "y": 745}, "inputs": {"left": false, "right": false, "up": false, "down": false}}
2025-09-23 17:50:57,368 - game_server - INFO - log_game_event:61 - Игровое событие: обновление_позиции - {"client_id": 2, "position": {"x": 880, "y": 470}, "inputs": {"left": true, "right": false, "up": false, "down": false}}
2025-09-23 17:50:57,398 - game_server - INFO - log_game_event:61 - Игровое событие: обновление_позиции - {"client_id": 1, "position": {"x": 740, "y": 745}, "inputs": {"left": false, "right": false, "up": false, "down": false}}
2025-09-23 17:50:57,402 - game_server - INFO - log_game_event:61 - Игровое событие: обновление_позиции - {"client_id": 2, "position": {"x": 875, "y": 470}, "inputs": {"left": true, "right": false, "up": false, "down": false}}
2025-09-23 17:50:57,433 - game_server - INFO - log_game_event:61 - Игровое событие: обновление_позиции - {"client_id": 1, "position": {"x": 740, "y": 745}, "inputs": {"left": false, "right": false, "up": false, "down": false}}
2025-09-23 17:50:57,436 - game_server - INFO - log_game_event:61 - Игровое событие: обновление_позиции - {"client_id": 2, "position": {"x": 870, "y": 475}, "inputs": {"left": true, "right": false, "up": false, "down": true}}
2025-09-23 17:50:57,466 - game_server - INFO - log_game_event:61 - Игровое событие: обновление_позиции - {"client_id": 1, "position": {"x": 740, "y": 745}, "inputs": {"left": false, "right": false, "up": false, "down": false}}
2025-09-23 17:50:57,472 - game_server - INFO - log_game_event:61 - Игровое событие: обновление_позиции - {"client_id": 2, "position": {"x": 865, "y": 480}, "inputs": {"left": true, "right": false, "up": false, "down": true}}
2025-09-23 17:50:57,500 - game_server - INFO - log_game_event:61 - Игровое событие: обновление_позиции - {"client_id": 1, "position": {"x": 740, "y": 745}, "inputs": {"left": false, "right": false, "up": false, "down": false}}
2025-09-23 17:50:57,503 - game_server - INFO - log_game_event:61 - Игровое событие: обновление_позиции - {"client_id": 2, "position": {"x": 860, "y": 485}, "inputs": {"left": true, "right": false, "up": false, "down": true}}
2025-09-23 17:50:57,535 - game_server - INFO - log_game_event:61 - Игровое событие: обновление_позиции - {"client_id": 1, "position": {"x": 740, "y": 745}, "inputs": {"left": false, "right": false, "up": false, "down": false}}
2025-09-23 17:50:57,538 - game_server - INFO - log_game_event:61 - Игровое событие: обновление_позиции - {"client_id": 2, "position": {"x": 855, "y": 490}, "inputs": {"left": true, "right": false, "up": false, "down": true}}
2025-09-23 17:50:57,569 - game_server - INFO - log_game_event:61 - Игровое событие: обновление_позиции - {"client_id": 1, "position": {"x": 740, "y": 745}, "inputs": {"left": false, "right": false, "up": false, "down": false}}
2025-09-23 17:50:57,573 - game_server - INFO - log_game_event:61 - Игровое событие: обновление_позиции - {"client_id": 2, "position": {"x": 850, "y": 495}, "inputs": {"left": true, "right": false, "up": false, "down": true}}
2025-09-23 17:50:57,603 - game_server - INFO - log_game_event:61 - Игровое событие: обновление_позиции - {"client_id": 1, "position": {"x": 740, "y": 745}, "inputs": {"left": false, "right": false, "up": false, "down": false}}
2025-09-23 17:50:57,607 - game_server - INFO - log_game_event:61 - Игровое событие: обновление_позиции - {"client_id": 2, "position": {"x": 845, "y": 500}, "inputs": {"left": true, "right": false, "up": false, "down": true}}
2025-09-23 17:50:57,637 - game_server - INFO - log_game_event:61 - Игровое событие: обновление_позиции - {"client_id": 1, "position": {"x": 740, "y": 745}, "inputs": {"left": false, "right": false, "up": false, "down": false}}
2025-09-23 17:50:57,640 - game_server - INFO - log_game_event:61 - Игровое событие: обновление_позиции - {"client_id": 2, "position": {"x": 840, "y": 505}, "inputs": {"left": true, "right": false, "up": false, "down": true}}
2025-09-23 17:50:57,669 - game_server - INFO - log_game_event:61 - Игровое событие: обновление_позиции - {"client_id": 1, "position": {"x": 740, "y": 745}, "inputs": {"left": false, "right": false, "up": false, "down": false}}
2025-09-23 17:50:57,672 - game_server - INFO - log_game_event:61 - Игровое событие: обновление_позиции - {"client_id": 2, "position": {"x": 835, "y": 510}, "inputs": {"left": true, "right": false, "up": false, "down": true}}
2025-09-23 17:50:57,703 - game_server - INFO - log_game_event:61 - Игровое событие: обновление_позиции - {"client_id": 1, "position": {"x": 740, "y": 745}, "inputs": {"left": false, "right": false, "up": false, "down": false}}
2025-09-23 17:50:57,705 - game_server - INFO - log_game_event:61 - Игровое событие: обновление_позиции - {"client_id": 2, "position": {"x": 830, "y": 515}, "inputs": {"left": true, "right": false, "up": false, "down": true}}
2025-09-23 17:50:57,737 - game_server - INFO - log_game_event:61 - Игровое событие: обновление_позиции - {"client_id": 1, "position": {"x": 740, "y": 745}, "inputs": {"left": false, "right": false, "up": false, "down": false}}
2025-09-23 17:50:57,739 - game_server - INFO - log_game_event:61 - Игровое событие: обновление_позиции - {"client_id": 2, "position": {"x": 825, "y": 520}, "inputs": {"left": true, "right": false, "up": false, "down": true}}
2025-09-23 17:50:57,771 - game_server - INFO - log_game_event:61 - Игровое событие: обновление_позиции - {"client_id": 1, "position": {"x": 740, "y": 745}, "inputs": {"left": false, "right": false, "up": false, "down": false}}
2025-09-23 17:50:57,772 - game_server - INFO - log_game_event:61 - Игровое событие: обновление_позиции - {"client_id": 2, "position": {"x": 820, "y": 525}, "inputs": {"left": true, "right": false, "up": false, "down": true}}
2025-09-23 17:50:57,804 - game_server - INFO - log_game_event:61 - Игровое событие: обновление_позиции - {"client_id": 1, "position": {"x": 740, "y": 745}, "inputs": {"left": false, "right": false, "up": false, "down": false}}
2025-09-23 17:50:57,807 - game_server - INFO - log_game_event:61 - Игровое событие: обновление_позиции - {"client_id": 2, "position": {"x": 815, "y": 530}, "inputs": {"left": true, "right": false, "up": false, "down": true}}
2025-09-23 17:50:57,840 - game_server - INFO - log_game_event:61 - Игровое событие: обновление_позиции - {"client_id": 1, "position": {"x": 740, "y": 745}, "inputs": {"left": false, "right": false, "up": false, "down": false}}
2025-09-23 17:50:57,841 - game_server - INFO - log_game_event:61 - Игровое событие: обновление_позиции - {"client_id": 2, "position": {"x": 810, "y": 535}, "inputs": {"left": true, "right": false, "up": false, "down": true}}
2025-09-23 17:50:57,873 - game_server - INFO - log_game_event:61 - Игровое событие: обновление_позиции - {"client_id": 1, "position": {"x": 740, "y": 745}, "inputs": {"left": false, "right": false, "up": false, "down": false}}
2025-09-23 17:50:57,877 - game_server - INFO - log_game_event:61 - Игровое событие: обновление_позиции - {"client_id": 2, "position": {"x": 805, "y": 540}, "inputs": {"left": true, "right": false, "up": false, "down": true}}
2025-09-23 17:50:57,907 - game_server - INFO - log_game_event:61 - Игровое событие: обновление_позиции - {"client_id": 1, "position": {"x": 740, "y": 745}, "inputs": {"left": false, "right": false, "up": false, "down": false}}
2025-09-23 17:50:57,910 - game_server - INFO - log_game_event:61 - Игровое событие: обновление_позиции - {"client_id": 2, "position": {"x": 800, "y": 545}, "inputs": {"left": true, "right": false, "up": false, "down": true}}
2025-09-23 17:50:57,942 - game_server - INFO - log_game_event:61 - Игровое событие: обновление_позиции - {"client_id": 1, "position": {"x": 740, "y": 745}, "inputs": {"left": false, "right": false, "up": false, "down": false}}
2025-09-23 17:50:57,945 - game_server - INFO - log_game_event:61 - Игровое событие: обновление_позиции - {"client_id": 2, "position": {"x": 795, "y": 550}, "inputs": {"left": true, "right": false, "up": false, "down": true}}
2025-09-23 17:50:57,975 - game_server - INFO - log_game_event:61 - Игровое событие: обновление_позиции - {"client_id": 1, "position": {"x": 740, "y": 745}, "inputs": {"left": false, "right": false, "up": false, "down": false}}
2025-09-23 17:50:57,977 - game_server - INFO - log_game_event:61 - Игровое событие: обновление_позиции - {"client_id": 2, "position": {"x": 790, "y": 555}, "inputs": {"left": true, "right": false, "up": false, "down": true}}
2025-09-23 17:50:58,011 - game_server - INFO - log_game_event:61 - Игровое событие: обновление_позиции - {"client_id": 1, "position": {"x": 740, "y": 745}, "inputs": {"left": false, "right": false, "up": false, "down": false}}
2025-09-23 17:50:58,013 - game_server - INFO - log_game_event:61 - Игровое событие: обновление_позиции - {"client_id": 2, "position": {"x": 785, "y": 555}, "inputs": {"left": true, "right": false, "up": false, "down": false}}
2025-09-23 17:50:58,044 - game_server - INFO - log_game_event:61 - Игровое событие: обновление_позиции - {"client_id": 1, "position": {"x": 740, "y": 745}, "inputs": {"left": false, "right": false, "up": false, "down": false}}
2025-09-23 17:50:58,046 - game_server - INFO - log_game_event:61 - Игровое событие: обновление_позиции - {"client_id": 2, "position": {"x": 780, "y": 555}, "inputs": {"left": true, "right": false, "up": false, "down": false}}
2025-09-23 17:50:58,078 - game_server - INFO - log_game_event:61 - Игровое событие: обновление_позиции - {"client_id": 1, "position": {"x": 740, "y": 745}, "inputs": {"left": false, "right": false, "up": false, "down": false}}
2025-09-23 17:50:58,079 - game_server - INFO - log_game_event:61 - Игровое событие: обновление_позиции - {"client_id": 2, "position": {"x": 775, "y": 555}, "inputs": {"left": true, "right": false, "up": false, "down": false}}
2025-09-23 17:50:58,113 - game_server - INFO - log_game_event:61 - Игровое событие: обновление_позиции - {"client_id": 1, "position": {"x": 740, "y": 745}, "inputs": {"left": false, "right": false, "up": false, "down": false}}
2025-09-23 17:50:58,115 - game_server - INFO - log_game_event:61 - Игровое событие: обновление_позиции - {"client_id": 2, "position": {"x": 770, "y": 555}, "inputs": {"left": true, "right": false, "up": false, "down": false}}
2025-09-23 17:50:58,148 - game_server - INFO - log_game_event:61 - Игровое событие: обновление_позиции - {"client_id": 1, "position": {"x": 740, "y": 745}, "inputs": {"left": false, "right": false, "up": false, "down": false}}
2025-09-23 17:50:58,151 - game_server - INFO - log_game_event:61 - Игровое событие: обновление_позиции - {"client_id": 2, "position": {"x": 765, "y": 555}, "inputs": {"left": true, "right": false, "up": false, "down": false}}
2025-09-23 17:50:58,181 - game_server - INFO - log_game_event:61 - Игровое событие: обновление_позиции - {"client_id": 1, "position": {"x": 740, "y": 745}, "inputs": {"left": false, "right": false, "up": false, "down": false}}
2025-09-23 17:50:58,183 - game_server - INFO - log_game_event:61 - Игровое событие: обновление_позиции - {"client_id": 2, "position": {"x": 765, "y": 555}, "inputs": {"left": false, "right": false, "up": false, "down": false}}
2025-09-23 17:50:58,207 - game_server - INFO - log_game_event:61 - Игровое событие: обновление_позиции - {"client_id": 1, "position": {"x": 740, "y": 745}, "inputs": {"left": false, "right": false, "up": false, "down": false}}
2025-09-23 17:50:58,211 - game_server - INFO - log_game_event:61 - Игровое событие: обновление_позиции - {"client_id": 2, "position": {"x": 765, "y": 555}, "inputs": {"left": false, "right": false, "up": false, "down": false}}
2025-09-23 17:50:58,238 - game_server - INFO - log_game_event:61 - Игровое событие: обновление_позиции - {"client_id": 1, "position": {"x": 740, "y": 745}, "inputs": {"left": false, "right": false, "up": false, "down": false}}
2025-09-23 17:50:58,241 - game_server - INFO - log_game_event:61 - Игровое событие: обновление_позиции - {"client_id": 2, "position": {"x": 765, "y": 555}, "inputs": {"left": false, "right": false, "up": false, "down": false}}
2025-09-23 17:50:58,271 - game_server - INFO - log_game_event:61 - Игровое событие: обновление_позиции - {"client_id": 1, "position": {"x": 740, "y": 745}, "inputs": {"left": false, "right": false, "up": false, "down": false}}
2025-09-23 17:50:58,274 - game_server - INFO - log_game_event:61 - Игровое событие: обновление_позиции - {"client_id": 2, "position": {"x": 765, "y": 555}, "inputs": {"left": false, "right": false, "up": false, "down": false}}
2025-09-23 17:50:58,299 - game_server - INFO - log_game_event:61 - Игровое событие: обновление_позиции - {"client_id": 1, "position": {"x": 740, "y": 745}, "inputs": {"left": false, "right": false, "up": false, "down": false}}
2025-09-23 17:50:58,301 - game_server - INFO - log_game_event:61 - Игровое событие: обновление_позиции - {"client_id": 2, "position": {"x": 765, "y": 555}, "inputs": {"left": false, "right": false, "up": false, "down": false}}
2025-09-23 17:50:58,334 - game_server - INFO - log_game_event:61 - Игровое событие: обновление_позиции - {"client_id": 1, "position": {"x": 740, "y": 745}, "inputs": {"left": false, "right": false, "up": false, "down": false}}
2025-09-23 17:50:58,336 - game_server - INFO - log_game_event:61 - Игровое событие: обновление_позиции - {"client_id": 2, "position": {"x": 765, "y": 555}, "inputs": {"left": false, "right": false, "up": false, "down": false}}
2025-09-23 17:50:58,367 - game_server - INFO - log_game_event:61 - Игровое событие: обновление_позиции - {"client_id": 1, "position": {"x": 740, "y": 745}, "inputs": {"left": false, "right": false, "up": false, "down": false}}
2025-09-23 17:50:58,369 - game_server - INFO - log_game_event:61 - Игровое событие: обновление_позиции - {"client_id": 2, "position": {"x": 765, "y": 555}, "inputs": {"left": false, "right": false, "up": false, "down": false}}
2025-09-23 17:50:58,402 - game_server - INFO - log_game_event:61 - Игровое событие: обновление_позиции - {"client_id": 1, "position": {"x": 740, "y": 745}, "inputs": {"left": false, "right": false, "up": false, "down": false}}
2025-09-23 17:50:58,404 - game_server - INFO - log_game_event:61 - Игровое событие: обновление_позиции - {"client_id": 2, "position": {"x": 765, "y": 555}, "inputs": {"left": false, "right": false, "up": false, "down": false}}
2025-09-23 17:50:58,433 - game_server - INFO - log_game_event:61 - Игровое событие: обновление_позиции - {"client_id": 1, "position": {"x": 740, "y": 745}, "inputs": {"left": false, "right": false, "up": false, "down": false}}
2025-09-23 17:50:58,434 - game_server - INFO - log_game_event:61 - Игровое событие: обновление_позиции - {"client_id": 2, "position": {"x": 765, "y": 555}, "inputs": {"left": false, "right": false, "up": false, "down": false}}
2025-09-23 17:50:58,466 - game_server - INFO - log_game_event:61 - Игровое событие: обновление_позиции - {"client_id": 1, "position": {"x": 740, "y": 745}, "inputs": {"left": false, "right": false, "up": false, "down": false}}
2025-09-23 17:50:58,468 - game_server - INFO - log_game_event:61 - Игровое событие: обновление_позиции - {"client_id": 2, "position": {"x": 765, "y": 555}, "inputs": {"left": false, "right": false, "up": false, "down": false}}
2025-09-23 17:50:58,502 - game_server - INFO - log_game_event:61 - Игровое событие: обновление_позиции - {"client_id": 1, "position": {"x": 740, "y": 745}, "inputs": {"left": false, "right": false, "up": false, "down": false}}
2025-09-23 17:50:58,503 - game_server - INFO - log_game_event:61 - Игровое событие: обновление_позиции - {"client_id": 2, "position": {"x": 765, "y": 555}, "inputs": {"left": false, "right": false, "up": false, "down": false}}
2025-09-23 17:50:58,535 - game_server - INFO - log_game_event:61 - Игровое событие: обновление_позиции - {"client_id": 1, "position": {"x": 740, "y": 745}, "inputs": {"left": false, "right": false, "up": false, "down": false}}
2025-09-23 17:50:58,536 - game_server - INFO - log_game_event:61 - Игровое событие: обновление_позиции - {"client_id": 2, "position": {"x": 765, "y": 555}, "inputs": {"left": false, "right": false, "up": false, "down": false}}
2025-09-23 17:50:58,570 - game_server - INFO - log_game_event:61 - Игровое событие: обновление_позиции - {"client_id": 1, "position": {"x": 740, "y": 745}, "inputs": {"left": false, "right": false, "up": false, "down": false}}
2025-09-23 17:50:58,571 - game_server - INFO - log_game_event:61 - Игровое событие: обновление_позиции - {"client_id": 2, "position": {"x": 765, "y": 555}, "inputs": {"left": false, "right": false, "up": false, "down": false}}
2025-09-23 17:50:58,604 - game_server - INFO - log_game_event:61 - Игровое событие: обновление_позиции - {"client_id": 1, "position": {"x": 740, "y": 745}, "inputs": {"left": false, "right": false, "up": false, "down": false}}
2025-09-23 17:50:58,606 - game_server - INFO - log_game_event:61 - Игровое событие: обновление_позиции - {"client_id": 2, "position": {"x": 765, "y": 555}, "inputs": {"left": false, "right": false, "up": false, "down": false}}
2025-09-23 17:50:58,638 - game_server - INFO - log_game_event:61 - Игровое событие: обновление_позиции - {"client_id": 1, "position": {"x": 740, "y": 745}, "inputs": {"left": false, "right": false, "up": false, "down": false}}
2025-09-23 17:50:58,640 - game_server - INFO - log_game_event:61 - Игровое событие: обновление_позиции - {"client_id": 2, "position": {"x": 765, "y": 555}, "inputs": {"left": false, "right": false, "up": false, "down": false}}
2025-09-23 17:50:58,674 - game_server - INFO - log_game_event:61 - Игровое событие: обновление_позиции - {"client_id": 1, "position": {"x": 740, "y": 745}, "inputs": {"left": false, "right": false, "up": false, "down": false}}
2025-09-23 17:50:58,675 - game_server - INFO - log_game_event:61 - Игровое событие: обновление_позиции - {"client_id": 2, "position": {"x": 765, "y": 555}, "inputs": {"left": false, "right": false, "up": false, "down": false}}
2025-09-23 17:50:58,707 - game_server - INFO - log_game_event:61 - Игровое событие: обновление_позиции - {"client_id": 1, "position": {"x": 740, "y": 745}, "inputs": {"left": false, "right": false, "up": false, "down": false}}
2025-09-23 17:50:58,709 - game_server - INFO - log_game_event:61 - Игровое событие: обновление_позиции - {"client_id": 2, "position": {"x": 765, "y": 555}, "inputs": {"left": false, "right": false, "up": false, "down": false}}
2025-09-23 17:50:58,742 - game_server - INFO - log_game_event:61 - Игровое событие: обновление_позиции - {"client_id": 1, "position": {"x": 740, "y": 745}, "inputs": {"left": false, "right": false, "up": false, "down": false}}
2025-09-23 17:50:58,743 - game_server - INFO - log_game_event:61 - Игровое событие: обновление_позиции - {"client_id": 2, "position": {"x": 765, "y": 555}, "inputs": {"left": false, "right": false, "up": false, "down": false}}
2025-09-23 17:50:58,776 - game_server - INFO - log_game_event:61 - Игровое событие: обновление_позиции - {"client_id": 1, "position": {"x": 740, "y": 745}, "inputs": {"left": false, "right": false, "up": false, "down": false}}
2025-09-23 17:50:58,777 - game_server - INFO - log_game_event:61 - Игровое событие: обновление_позиции - {"client_id": 2, "position": {"x": 765, "y": 555}, "inputs": {"left": false, "right": false, "up": false, "down": false}}
2025-09-23 17:50:58,810 - game_server - INFO - log_game_event:61 - Игровое событие: обновление_позиции - {"client_id": 1, "position": {"x": 740, "y": 745}, "inputs": {"left": false, "right": false, "up": false, "down": false}}
2025-09-23 17:50:58,811 - game_server - INFO - log_game_event:61 - Игровое событие: обновление_позиции - {"client_id": 2, "position": {"x": 765, "y": 555}, "inputs": {"left": false, "right": false, "up": false, "down": false}}
2025-09-23 17:50:58,845 - game_server - INFO - log_game_event:61 - Игровое событие: обновление_позиции - {"client_id": 1, "position": {"x": 740, "y": 745}, "inputs": {"left": false, "right": false, "up": false, "down": false}}
2025-09-23 17:50:58,846 - game_server - INFO - log_game_event:61 - Игровое событие: обновление_позиции - {"client_id": 2, "position": {"x": 765, "y": 555}, "inputs": {"left": false, "right": false, "up": false, "down": false}}
2025-09-23 17:50:58,880 - game_server - INFO - log_game_event:61 - Игровое событие: обновление_позиции - {"client_id": 1, "position": {"x": 740, "y": 745}, "inputs": {"left": false, "right": false, "up": false, "down": false}}
2025-09-23 17:50:58,880 - game_server - INFO - log_game_event:61 - Игровое событие: обновление_позиции - {"client_id": 2, "position": {"x": 765, "y": 555}, "inputs": {"left": false, "right": false, "up": false, "down": false}}
2025-09-23 17:50:58,916 - game_server - INFO - log_game_event:61 - Игровое событие: обновление_позиции - {"client_id": 2, "position": {"x": 765, "y": 555}, "inputs": {"left": false, "right": false, "up": false, "down": false}}
2025-09-23 17:50:58,917 - game_server - INFO - log_game_event:61 - Игровое событие: обновление_позиции - {"client_id": 1, "position": {"x": 740, "y": 745}, "inputs": {"left": false, "right": false, "up": false, "down": false}}
2025-09-23 17:50:58,950 - game_server - INFO - log_game_event:61 - Игровое событие: обновление_позиции - {"client_id": 1, "position": {"x": 740, "y": 745}, "inputs": {"left": false, "right": false, "up": false, "down": false}}
2025-09-23 17:50:58,951 - game_server - INFO - log_game_event:61 - Игровое событие: обновление_позиции - {"client_id": 2, "position": {"x": 765, "y": 555}, "inputs": {"left": false, "right": false, "up": false, "down": false}}
2025-09-23 17:50:58,985 - game_server - INFO - log_game_event:61 - Игровое событие: обновление_позиции - {"client_id": 1, "position": {"x": 740, "y": 745}, "inputs": {"left": false, "right": false, "up": false, "down": false}}
2025-09-23 17:50:58,986 - game_server - INFO - log_game_event:61 - Игровое событие: обновление_позиции - {"client_id": 2, "position": {"x": 765, "y": 555}, "inputs": {"left": false, "right": false, "up": false, "down": false}}
2025-09-23 17:50:59,020 - game_server - INFO - log_game_event:61 - Игровое событие: обновление_позиции - {"client_id": 1, "position": {"x": 740, "y": 745}, "inputs": {"left": false, "right": false, "up": false, "down": false}}
2025-09-23 17:50:59,022 - game_server - INFO - log_game_event:61 - Игровое событие: обновление_позиции - {"client_id": 2, "position": {"x": 765, "y": 555}, "inputs": {"left": false, "right": false, "up": false, "down": false}}
2025-09-23 17:50:59,054 - game_server - INFO - log_game_event:61 - Игровое событие: обновление_позиции - {"client_id": 1, "position": {"x": 740, "y": 745}, "inputs": {"left": false, "right": false, "up": false, "down": false}}
2025-09-23 17:50:59,055 - game_server - INFO - log_game_event:61 - Игровое событие: обновление_позиции - {"client_id": 2, "position": {"x": 765, "y": 555}, "inputs": {"left": false, "right": false, "up": false, "down": false}}
2025-09-23 17:50:59,088 - game_server - INFO - log_game_event:61 - Игровое событие: обновление_позиции - {"client_id": 1, "position": {"x": 740, "y": 745}, "inputs": {"left": false, "right": false, "up": false, "down": false}}
2025-09-23 17:50:59,089 - game_server - INFO - log_game_event:61 - Игровое событие: обновление_позиции - {"client_id": 2, "position": {"x": 765, "y": 555}, "inputs": {"left": false, "right": false, "up": false, "down": false}}
2025-09-23 17:50:59,122 - game_server - INFO - log_game_event:61 - Игровое событие: обновление_позиции - {"client_id": 1, "position": {"x": 740, "y": 745}, "inputs": {"left": false, "right": false, "up": false, "down": false}}
2025-09-23 17:50:59,125 - game_server - INFO - log_game_event:61 - Игровое событие: обновление_позиции - {"client_id": 2, "position": {"x": 765, "y": 555}, "inputs": {"left": false, "right": false, "up": false, "down": false}}
2025-09-23 17:50:59,158 - game_server - INFO - log_game_event:61 - Игровое событие: обновление_позиции - {"client_id": 1, "position": {"x": 740, "y": 745}, "inputs": {"left": false, "right": false, "up": false, "down": false}}
2025-09-23 17:50:59,159 - game_server - INFO - log_game_event:61 - Игровое событие: обновление_позиции - {"client_id": 2, "position": {"x": 765, "y": 555}, "inputs": {"left": false, "right": false, "up": false, "down": false}}
2025-09-23 17:50:59,192 - game_server - INFO - log_game_event:61 - Игровое событие: обновление_позиции - {"client_id": 1, "position": {"x": 740, "y": 745}, "inputs": {"left": false, "right": false, "up": false, "down": false}}
2025-09-23 17:50:59,193 - game_server - INFO - log_game_event:61 - Игровое событие: обновление_позиции - {"client_id": 2, "position": {"x": 765, "y": 555}, "inputs": {"left": false, "right": false, "up": false, "down": false}}
2025-09-23 17:50:59,226 - game_server - INFO - log_game_event:61 - Игровое событие: обновление_позиции - {"client_id": 1, "position": {"x": 740, "y": 745}, "inputs": {"left": false, "right": false, "up": false, "down": false}}
2025-09-23 17:50:59,227 - game_server - INFO - log_game_event:61 - Игровое событие: обновление_позиции - {"client_id": 2, "position": {"x": 765, "y": 555}, "inputs": {"left": false, "right": false, "up": false, "down": false}}
2025-09-23 17:50:59,259 - game_server - INFO - log_game_event:61 - Игровое событие: обновление_позиции - {"client_id": 1, "position": {"x": 740, "y": 745}, "inputs": {"left": false, "right": false, "up": false, "down": false}}
2025-09-23 17:50:59,262 - game_server - INFO - log_game_event:61 - Игровое событие: обновление_позиции - {"client_id": 2, "position": {"x": 765, "y": 555}, "inputs": {"left": false, "right": false, "up": false, "down": false}}
2025-09-23 17:50:59,295 - game_server - INFO - log_game_event:61 - Игровое событие: обновление_позиции - {"client_id": 1, "position": {"x": 740, "y": 745}, "inputs": {"left": false, "right": false, "up": false, "down": false}}
2025-09-23 17:50:59,296 - game_server - INFO - log_game_event:61 - Игровое событие: обновление_позиции - {"client_id": 2, "position": {"x": 765, "y": 555}, "inputs": {"left": false, "right": false, "up": false, "down": false}}
2025-09-23 17:50:59,329 - game_server - INFO - log_game_event:61 - Игровое событие: обновление_позиции - {"client_id": 1, "position": {"x": 740, "y": 745}, "inputs": {"left": false, "right": false, "up": false, "down": false}}
2025-09-23 17:50:59,330 - game_server - INFO - log_game_event:61 - Игровое событие: обновление_позиции - {"client_id": 2, "position": {"x": 765, "y": 555}, "inputs": {"left": false, "right": false, "up": false, "down": false}}
2025-09-23 17:50:59,362 - game_server - INFO - log_game_event:61 - Игровое событие: обновление_позиции - {"client_id": 1, "position": {"x": 740, "y": 745}, "inputs": {"left": false, "right": false, "up": false, "down": false}}
2025-09-23 17:50:59,365 - game_server - INFO - log_game_event:61 - Игровое событие: обновление_позиции - {"client_id": 2, "position": {"x": 765, "y": 555}, "inputs": {"left": false, "right": false, "up": false, "down": false}}
2025-09-23 17:50:59,397 - game_server - INFO - log_game_event:61 - Игровое событие: обновление_позиции - {"client_id": 1, "position": {"x": 740, "y": 745}, "inputs": {"left": false, "right": false, "up": false, "down": false}}
2025-09-23 17:50:59,398 - game_server - INFO - log_game_event:61 - Игровое событие: обновление_позиции - {"client_id": 2, "position": {"x": 765, "y": 555}, "inputs": {"left": false, "right": false, "up": false, "down": false}}
2025-09-23 17:50:59,429 - game_server - INFO - log_game_event:61 - Игровое событие: обновление_позиции - {"client_id": 1, "position": {"x": 740, "y": 745}, "inputs": {"left": false, "right": false, "up": false, "down": false}}
2025-09-23 17:50:59,430 - game_server - INFO - log_game_event:61 - Игровое событие: обновление_позиции - {"client_id": 2, "position": {"x": 765, "y": 555}, "inputs": {"left": false, "right": false, "up": false, "down": false}}
2025-09-23 17:50:59,465 - game_server - INFO - log_game_event:61 - Игровое событие: обновление_позиции - {"client_id": 1, "position": {"x": 740, "y": 745}, "inputs": {"left": false, "right": false, "up": false, "down": false}}
2025-09-23 17:50:59,466 - game_server - INFO - log_game_event:61 - Игровое событие: обновление_позиции - {"client_id": 2, "position": {"x": 765, "y": 555}, "inputs": {"left": false, "right": false, "up": false, "down": false}}
2025-09-23 17:50:59,499 - game_server - INFO - log_game_event:61 - Игровое событие: обновление_позиции - {"client_id": 1, "position": {"x": 740, "y": 745}, "inputs": {"left": false, "right": false, "up": false, "down": false}}
2025-09-23 17:50:59,503 - game_server - INFO - log_game_event:61 - Игровое событие: обновление_позиции - {"client_id": 2, "position": {"x": 765, "y": 555}, "inputs": {"left": false, "right": false, "up": false, "down": false}}
2025-09-23 17:50:59,535 - game_server - INFO - log_game_event:61 - Игровое событие: обновление_позиции - {"client_id": 1, "position": {"x": 740, "y": 745}, "inputs": {"left": false, "right": false, "up": false, "down": false}}
2025-09-23 17:50:59,539 - game_server - INFO - log_game_event:61 - Игровое событие: обновление_позиции - {"client_id": 2, "position": {"x": 765, "y": 555}, "inputs": {"left": false, "right": false, "up": false, "down": false}}
2025-09-23 17:50:59,569 - game_server - INFO - log_game_event:61 - Игровое событие: обновление_позиции - {"client_id": 1, "position": {"x": 740, "y": 745}, "inputs": {"left": false, "right": false, "up": false, "down": false}}
2025-09-23 17:50:59,572 - game_server - INFO - log_game_event:61 - Игровое событие: обновление_позиции - {"client_id": 2, "position": {"x": 765, "y": 555}, "inputs": {"left": false, "right": false, "up": false, "down": false}}
2025-09-23 17:50:59,602 - game_server - INFO - log_game_event:61 - Игровое событие: обновление_позиции - {"client_id": 1, "position": {"x": 740, "y": 745}, "inputs": {"left": false, "right": false, "up": false, "down": false}}
2025-09-23 17:50:59,604 - game_server - INFO - log_game_event:61 - Игровое событие: обновление_позиции - {"client_id": 2, "position": {"x": 765, "y": 555}, "inputs": {"left": false, "right": false, "up": false, "down": false}}
2025-09-23 17:50:59,633 - game_server - INFO - log_game_event:61 - Игровое событие: обновление_позиции - {"client_id": 1, "position": {"x": 740, "y": 745}, "inputs": {"left": false, "right": false, "up": false, "down": false}}
2025-09-23 17:50:59,635 - game_server - INFO - log_game_event:61 - Игровое событие: обновление_позиции - {"client_id": 2, "position": {"x": 765, "y": 555}, "inputs": {"left": false, "right": false, "up": false, "down": false}}
2025-09-23 17:50:59,669 - game_server - INFO - log_game_event:61 - Игровое событие: обновление_позиции - {"client_id": 1, "position": {"x": 740, "y": 745}, "inputs": {"left": false, "right": false, "up": false, "down": false}}
2025-09-23 17:50:59,670 - game_server - INFO - log_game_event:61 - Игровое событие: обновление_позиции - {"client_id": 2, "position": {"x": 765, "y": 555}, "inputs": {"left": false, "right": false, "up": false, "down": false}}
2025-09-23 17:50:59,703 - game_server - INFO - log_game_event:61 - Игровое событие: обновление_позиции - {"client_id": 1, "position": {"x": 740, "y": 745}, "inputs": {"left": false, "right": false, "up": false, "down": false}}
2025-09-23 17:50:59,705 - game_server - INFO - log_game_event:61 - Игровое событие: обновление_позиции - {"client_id": 2, "position": {"x": 765, "y": 555}, "inputs": {"left": false, "right": false, "up": false, "down": false}}
2025-09-23 17:50:59,737 - game_server - INFO - log_game_event:61 - Игровое событие: обновление_позиции - {"client_id": 1, "position": {"x": 740, "y": 745}, "inputs": {"left": false, "right": false, "up": false, "down": false}}
2025-09-23 17:50:59,740 - game_server - INFO - log_game_event:61 - Игровое событие: обновление_позиции - {"client_id": 2, "position": {"x": 765, "y": 555}, "inputs": {"left": false, "right": false, "up": false, "down": false}}
2025-09-23 17:50:59,770 - game_server - INFO - log_game_event:61 - Игровое событие: обновление_позиции - {"client_id": 1, "position": {"x": 740, "y": 745}, "inputs": {"left": false, "right": false, "up": false, "down": false}}
2025-09-23 17:50:59,772 - game_server - INFO - log_game_event:61 - Игровое событие: обновление_позиции - {"client_id": 2, "position": {"x": 765, "y": 555}, "inputs": {"left": false, "right": false, "up": false, "down": false}}
2025-09-23 17:50:59,805 - game_server - INFO - log_game_event:61 - Игровое событие: обновление_позиции - {"client_id": 1, "position": {"x": 740, "y": 745}, "inputs": {"left": false, "right": false, "up": false, "down": false}}
2025-09-23 17:50:59,807 - game_server - INFO - log_game_event:61 - Игровое событие: обновление_позиции - {"client_id": 2, "position": {"x": 765, "y": 555}, "inputs": {"left": false, "right": false, "up": false, "down": false}}
2025-09-23 17:50:59,839 - game_server - INFO - log_game_event:61 - Игровое событие: обновление_позиции - {"client_id": 1, "position": {"x": 740, "y": 745}, "inputs": {"left": false, "right": false, "up": false, "down": false}}
2025-09-23 17:50:59,842 - game_server - INFO - log_game_event:61 - Игровое событие: обновление_позиции - {"client_id": 2, "position": {"x": 765, "y": 555}, "inputs": {"left": false, "right": false, "up": false, "down": false}}
2025-09-23 17:50:59,870 - game_server - INFO - log_game_event:61 - Игровое событие: обновление_позиции - {"client_id": 1, "position": {"x": 740, "y": 745}, "inputs": {"left": false, "right": false, "up": false, "down": false}}
2025-09-23 17:50:59,874 - game_server - INFO - log_game_event:61 - Игровое событие: обновление_позиции - {"client_id": 2, "position": {"x": 765, "y": 555}, "inputs": {"left": false, "right": false, "up": false, "down": false}}
2025-09-23 17:50:59,903 - game_server - INFO - log_game_event:61 - Игровое событие: обновление_позиции - {"client_id": 1, "position": {"x": 740, "y": 745}, "inputs": {"left": false, "right": false, "up": false, "down": false}}
2025-09-23 17:50:59,908 - game_server - INFO - log_game_event:61 - Игровое событие: обновление_позиции - {"client_id": 2, "position": {"x": 765, "y": 555}, "inputs": {"left": false, "right": false, "up": false, "down": false}}
2025-09-23 17:50:59,931 - game_server - INFO - log_game_event:61 - Игровое событие: обновление_позиции - {"client_id": 1, "position": {"x": 740, "y": 745}, "inputs": {"left": false, "right": false, "up": false, "down": false}}
2025-09-23 17:50:59,939 - game_server - INFO - log_game_event:61 - Игровое событие: обновление_позиции - {"client_id": 2, "position": {"x": 765, "y": 555}, "inputs": {"left": false, "right": false, "up": false, "down": false}}
2025-09-23 17:50:59,962 - game_server - INFO - log_game_event:61 - Игровое событие: обновление_позиции - {"client_id": 1, "position": {"x": 740, "y": 745}, "inputs": {"left": false, "right": false, "up": false, "down": false}}
2025-09-23 17:50:59,970 - game_server - INFO - log_game_event:61 - Игровое событие: обновление_позиции - {"client_id": 2, "position": {"x": 765, "y": 555}, "inputs": {"left": false, "right": false, "up": false, "down": false}}
2025-09-23 17:50:59,992 - game_server - INFO - log_game_event:61 - Игровое событие: обновление_позиции - {"client_id": 1, "position": {"x": 740, "y": 745}, "inputs": {"left": false, "right": false, "up": false, "down": false}}
2025-09-23 17:50:59,997 - game_server - INFO - log_game_event:61 - Игровое событие: обновление_позиции - {"client_id": 2, "position": {"x": 765, "y": 555}, "inputs": {"left": false, "right": false, "up": false, "down": false}}
2025-09-23 17:51:00,025 - game_server - INFO - log_game_event:61 - Игровое событие: обновление_позиции - {"client_id": 1, "position": {"x": 740, "y": 745}, "inputs": {"left": false, "right": false, "up": false, "down": false}}
2025-09-23 17:51:00,032 - game_server - INFO - log_game_event:61 - Игровое событие: обновление_позиции - {"client_id": 2, "position": {"x": 765, "y": 555}, "inputs": {"left": false, "right": false, "up": false, "down": false}}
2025-09-23 17:51:00,051 - game_server - INFO - log_game_event:61 - Игровое событие: обновление_позиции - {"client_id": 1, "position": {"x": 740, "y": 745}, "inputs": {"left": false, "right": false, "up": false, "down": false}}
2025-09-23 17:51:00,064 - game_server - INFO - log_game_event:61 - Игровое событие: обновление_позиции - {"client_id": 2, "position": {"x": 765, "y": 555}, "inputs": {"left": false, "right": false, "up": false, "down": false}}
2025-09-23 17:51:00,076 - game_server - INFO - log_game_event:61 - Игровое событие: обновление_позиции - {"client_id": 1, "position": {"x": 740, "y": 745}, "inputs": {"left": false, "right": false, "up": false, "down": false}}
2025-09-23 17:51:00,089 - game_server - INFO - log_game_event:61 - Игровое событие: обновление_позиции - {"client_id": 2, "position": {"x": 765, "y": 555}, "inputs": {"left": false, "right": false, "up": false, "down": false}}
2025-09-23 17:51:00,099 - game_server - INFO - log_game_event:61 - Игровое событие: обновление_позиции - {"client_id": 1, "position": {"x": 740, "y": 745}, "inputs": {"left": false, "right": false, "up": false, "down": false}}
2025-09-23 17:51:00,116 - game_server - INFO - log_game_event:61 - Игровое событие: обновление_позиции - {"client_id": 2, "position": {"x": 765, "y": 555}, "inputs": {"left": false, "right": false, "up": false, "down": false}}
2025-09-23 17:51:00,127 - game_server - INFO - log_game_event:61 - Игровое событие: обновление_позиции - {"client_id": 1, "position": {"x": 740, "y": 745}, "inputs": {"left": false, "right": false, "up": false, "down": false}}
2025-09-23 17:51:00,143 - game_server - INFO - log_game_event:61 - Игровое событие: обновление_позиции - {"client_id": 2, "position": {"x": 765, "y": 555}, "inputs": {"left": false, "right": false, "up": false, "down": false}}
2025-09-23 17:51:00,151 - game_server - INFO - log_game_event:61 - Игровое событие: обновление_позиции - {"client_id": 1, "position": {"x": 740, "y": 745}, "inputs": {"left": false, "right": false, "up": false, "down": false}}
2025-09-23 17:51:00,173 - game_server - INFO - log_game_event:61 - Игровое событие: обновление_позиции - {"client_id": 2, "position": {"x": 765, "y": 555}, "inputs": {"left": false, "right": false, "up": false, "down": false}}
2025-09-23 17:51:00,181 - game_server - INFO - log_game_event:61 - Игровое событие: обновление_позиции - {"client_id": 1, "position": {"x": 740, "y": 745}, "inputs": {"left": false, "right": false, "up": false, "down": false}}
2025-09-23 17:51:00,201 - game_server - INFO - log_game_event:61 - Игровое событие: обновление_позиции - {"client_id": 2, "position": {"x": 765, "y": 555}, "inputs": {"left": false, "right": false, "up": false, "down": false}}
2025-09-23 17:51:00,210 - game_server - INFO - log_game_event:61 - Игровое событие: обновление_позиции - {"client_id": 1, "position": {"x": 740, "y": 745}, "inputs": {"left": false, "right": false, "up": false, "down": false}}
2025-09-23 17:51:00,233 - game_server - INFO - log_game_event:61 - Игровое событие: обновление_позиции - {"client_id": 2, "position": {"x": 765, "y": 555}, "inputs": {"left": false, "right": false, "up": false, "down": false}}
2025-09-23 17:51:00,237 - game_server - INFO - log_game_event:61 - Игровое событие: обновление_позиции - {"client_id": 1, "position": {"x": 740, "y": 745}, "inputs": {"left": false, "right": false, "up": false, "down": false}}
2025-09-23 17:51:00,260 - game_server - INFO - log_game_event:61 - Игровое событие: обновление_позиции - {"client_id": 2, "position": {"x": 765, "y": 555}, "inputs": {"left": false, "right": false, "up": false, "down": false}}
2025-09-23 17:51:00,264 - game_server - INFO - log_game_event:61 - Игровое событие: обновление_позиции - {"client_id": 1, "position": {"x": 740, "y": 745}, "inputs": {"left": false, "right": false, "up": false, "down": false}}
2025-09-23 17:51:00,293 - game_server - INFO - log_game_event:61 - Игровое событие: обновление_позиции - {"client_id": 2, "position": {"x": 765, "y": 555}, "inputs": {"left": false, "right": false, "up": false, "down": false}}
2025-09-23 17:51:00,294 - game_server - INFO - log_game_event:61 - Игровое событие: обновление_позиции - {"client_id": 1, "position": {"x": 740, "y": 745}, "inputs": {"left": false, "right": false, "up": false, "down": false}}
2025-09-23 17:51:00,325 - game_server - INFO - log_game_event:61 - Игровое событие: обновление_позиции - {"client_id": 1, "position": {"x": 740, "y": 745}, "inputs": {"left": false, "right": false, "up": false, "down": false}}
2025-09-23 17:51:00,355 - game_server - INFO - log_game_event:61 - Игровое событие: обновление_позиции - {"client_id": 1, "position": {"x": 740, "y": 745}, "inputs": {"left": false, "right": false, "up": false, "down": false}}
2025-09-23 17:51:00,384 - game_server - INFO - log_game_event:61 - Игровое событие: обновление_позиции - {"client_id": 1, "position": {"x": 740, "y": 745}, "inputs": {"left": false, "right": false, "up": false, "down": false}}
2025-09-23 17:51:00,422 - game_server - INFO - log_game_event:61 - Игровое событие: обновление_позиции - {"client_id": 1, "position": {"x": 740, "y": 745}, "inputs": {"left": false, "right": false, "up": false, "down": false}}
2025-09-23 17:51:00,456 - game_server - INFO - log_game_event:61 - Игровое событие: обновление_позиции - {"client_id": 1, "position": {"x": 740, "y": 745}, "inputs": {"left": false, "right": false, "up": false, "down": false}}
2025-09-23 17:51:00,521 - game_server - INFO - log_game_event:61 - Игровое событие: обновление_позиции - {"client_id": 1, "position": {"x": 740, "y": 745}, "inputs": {"left": false, "right": false, "up": false, "down": false}}
2025-09-23 17:51:00,550 - game_server - INFO - log_game_event:61 - Игровое событие: обновление_позиции - {"client_id": 1, "position": {"x": 740, "y": 745}, "inputs": {"left": false, "right": false, "up": false, "down": false}}
2025-09-23 17:51:00,587 - game_server - INFO - log_game_event:61 - Игровое событие: обновление_позиции - {"client_id": 1, "position": {"x": 740, "y": 745}, "inputs": {"left": false, "right": false, "up": false, "down": false}}
2025-09-23 17:51:00,599 - game_server - INFO - log_game_event:61 - Игровое событие: обновление_позиции - {"client_id": 2, "position": {"x": 765, "y": 555}, "inputs": {"left": false, "right": false, "up": false, "down": false}}
2025-09-23 17:51:00,617 - game_server - INFO - log_game_event:61 - Игровое событие: обновление_позиции - {"client_id": 1, "position": {"x": 740, "y": 745}, "inputs": {"left": false, "right": false, "up": false, "down": false}}
2025-09-23 17:51:00,628 - game_server - INFO - log_game_event:61 - Игровое событие: обновление_позиции - {"client_id": 2, "position": {"x": 765, "y": 555}, "inputs": {"left": false, "right": false, "up": false, "down": false}}
2025-09-23 17:51:00,642 - game_server - INFO - log_game_event:61 - Игровое событие: обновление_позиции - {"client_id": 1, "position": {"x": 740, "y": 745}, "inputs": {"left": false, "right": false, "up": false, "down": false}}
2025-09-23 17:51:00,654 - game_server - INFO - log_game_event:61 - Игровое событие: обновление_позиции - {"client_id": 2, "position": {"x": 765, "y": 555}, "inputs": {"left": false, "right": false, "up": false, "down": false}}
2025-09-23 17:51:00,668 - game_server - INFO - log_game_event:61 - Игровое событие: обновление_позиции - {"client_id": 1, "position": {"x": 740, "y": 745}, "inputs": {"left": false, "right": false, "up": false, "down": false}}
2025-09-23 17:51:00,680 - game_server - INFO - log_game_event:61 - Игровое событие: обновление_позиции - {"client_id": 2, "position": {"x": 765, "y": 555}, "inputs": {"left": false, "right": false, "up": false, "down": false}}
2025-09-23 17:51:00,692 - game_server - INFO - log_game_event:61 - Игровое событие: обновление_позиции - {"client_id": 1, "position": {"x": 740, "y": 745}, "inputs": {"left": false, "right": false, "up": false, "down": false}}
2025-09-23 17:51:00,704 - game_server - INFO - log_game_event:61 - Игровое событие: обновление_позиции - {"client_id": 2, "position": {"x": 765, "y": 555}, "inputs": {"left": false, "right": false, "up": false, "down": false}}
2025-09-23 17:51:00,715 - game_server - INFO - log_game_event:61 - Игровое событие: обновление_позиции - {"client_id": 1, "position": {"x": 740, "y": 745}, "inputs": {"left": false, "right": false, "up": false, "down": false}}
2025-09-23 17:51:00,731 - game_server - INFO - log_game_event:61 - Игровое событие: обновление_позиции - {"client_id": 2, "position": {"x": 765, "y": 555}, "inputs": {"left": false, "right": false, "up": false, "down": false}}
2025-09-23 17:51:00,738 - game_server - INFO - log_game_event:61 - Игровое событие: обновление_позиции - {"client_id": 1, "position": {"x": 740, "y": 745}, "inputs": {"left": false, "right": false, "up": false, "down": false}}
2025-09-23 17:51:00,752 - game_server - INFO - log_game_event:61 - Игровое событие: обновление_позиции - {"client_id": 2, "position": {"x": 765, "y": 555}, "inputs": {"left": false, "right": false, "up": false, "down": false}}
2025-09-23 17:51:00,760 - game_server - INFO - log_game_event:61 - Игровое событие: обновление_позиции - {"client_id": 1, "position": {"x": 740, "y": 745}, "inputs": {"left": false, "right": false, "up": false, "down": false}}
2025-09-23 17:51:00,775 - game_server - INFO - log_game_event:61 - Игровое событие: обновление_позиции - {"client_id": 2, "position": {"x": 765, "y": 555}, "inputs": {"left": false, "right": false, "up": false, "down": false}}
2025-09-23 17:51:00,782 - game_server - INFO - log_game_event:61 - Игровое событие: обновление_позиции - {"client_id": 1, "position": {"x": 740, "y": 745}, "inputs": {"left": false, "right": false, "up": false, "down": false}}
2025-09-23 17:51:00,797 - game_server - INFO - log_game_event:61 - Игровое событие: обновление_позиции - {"client_id": 2, "position": {"x": 765, "y": 555}, "inputs": {"left": false, "right": false, "up": false, "down": false}}
2025-09-23 17:51:00,804 - game_server - INFO - log_game_event:61 - Игровое событие: обновление_позиции - {"client_id": 1, "position": {"x": 740, "y": 745}, "inputs": {"left": false, "right": false, "up": false, "down": false}}
2025-09-23 17:51:00,819 - game_server - INFO - log_game_event:61 - Игровое событие: обновление_позиции - {"client_id": 2, "position": {"x": 765, "y": 555}, "inputs": {"left": false, "right": false, "up": false, "down": false}}
2025-09-23 17:51:00,826 - game_server - INFO - log_game_event:61 - Игровое событие: обновление_позиции - {"client_id": 1, "position": {"x": 740, "y": 745}, "inputs": {"left": false, "right": false, "up": false, "down": false}}
2025-09-23 17:51:00,843 - game_server - INFO - log_game_event:61 - Игровое событие: обновление_позиции - {"client_id": 2, "position": {"x": 765, "y": 555}, "inputs": {"left": false, "right": false, "up": false, "down": false}}
2025-09-23 17:51:00,848 - game_server - INFO - log_game_event:61 - Игровое событие: обновление_позиции - {"client_id": 1, "position": {"x": 740, "y": 745}, "inputs": {"left": false, "right": false, "up": false, "down": false}}
2025-09-23 17:51:00,865 - game_server - INFO - log_game_event:61 - Игровое событие: обновление_позиции - {"client_id": 2, "position": {"x": 765, "y": 555}, "inputs": {"left": false, "right": false, "up": false, "down": false}}
2025-09-23 17:51:00,870 - game_server - INFO - log_game_event:61 - Игровое событие: обновление_позиции - {"client_id": 1, "position": {"x": 740, "y": 745}, "inputs": {"left": false, "right": false, "up": false, "down": false}}
2025-09-23 17:51:00,887 - game_server - INFO - log_game_event:61 - Игровое событие: обновление_позиции - {"client_id": 2, "position": {"x": 765, "y": 555}, "inputs": {"left": false, "right": false, "up": false, "down": false}}
2025-09-23 17:51:00,894 - game_server - INFO - log_game_event:61 - Игровое событие: обновление_позиции - {"client_id": 1, "position": {"x": 740, "y": 745}, "inputs": {"left": false, "right": false, "up": false, "down": false}}
2025-09-23 17:51:00,913 - game_server - INFO - log_game_event:61 - Игровое событие: обновление_позиции - {"client_id": 2, "position": {"x": 765, "y": 555}, "inputs": {"left": false, "right": false, "up": false, "down": false}}
2025-09-23 17:51:00,917 - game_server - INFO - log_game_event:61 - Игровое событие: обновление_позиции - {"client_id": 1, "position": {"x": 740, "y": 745}, "inputs": {"left": false, "right": false, "up": false, "down": false}}
2025-09-23 17:51:00,936 - game_server - INFO - log_game_event:61 - Игровое событие: обновление_позиции - {"client_id": 2, "position": {"x": 765, "y": 555}, "inputs": {"left": false, "right": false, "up": false, "down": false}}
2025-09-23 17:51:00,943 - game_server - INFO - log_game_event:61 - Игровое событие: обновление_позиции - {"client_id": 1, "position": {"x": 740, "y": 745}, "inputs": {"left": false, "right": false, "up": false, "down": false}}
2025-09-23 17:51:00,965 - game_server - INFO - log_game_event:61 - Игровое событие: обновление_позиции - {"client_id": 2, "position": {"x": 765, "y": 555}, "inputs": {"left": false, "right": false, "up": false, "down": false}}
2025-09-23 17:51:00,978 - game_server - INFO - log_game_event:61 - Игровое событие: обновление_позиции - {"client_id": 1, "position": {"x": 740, "y": 745}, "inputs": {"left": false, "right": false, "up": false, "down": false}}
2025-09-23 17:51:00,992 - game_server - INFO - log_game_event:61 - Игровое событие: обновление_позиции - {"client_id": 2, "position": {"x": 765, "y": 555}, "inputs": {"left": false, "right": false, "up": false, "down": false}}
2025-09-23 17:51:01,005 - game_server - INFO - log_game_event:61 - Игровое событие: обновление_позиции - {"client_id": 1, "position": {"x": 740, "y": 745}, "inputs": {"left": false, "right": false, "up": false, "down": false}}
2025-09-23 17:51:01,014 - game_server - INFO - log_game_event:61 - Игровое событие: обновление_позиции - {"client_id": 2, "position": {"x": 765, "y": 555}, "inputs": {"left": false, "right": false, "up": false, "down": false}}
2025-09-23 17:51:01,028 - game_server - INFO - log_game_event:61 - Игровое событие: обновление_позиции - {"client_id": 1, "position": {"x": 740, "y": 745}, "inputs": {"left": false, "right": false, "up": false, "down": false}}
2025-09-23 17:51:01,038 - game_server - INFO - log_game_event:61 - Игровое событие: обновление_позиции - {"client_id": 2, "position": {"x": 765, "y": 555}, "inputs": {"left": false, "right": false, "up": false, "down": false}}
2025-09-23 17:51:01,050 - game_server - INFO - log_game_event:61 - Игровое событие: обновление_позиции - {"client_id": 1, "position": {"x": 740, "y": 745}, "inputs": {"left": false, "right": false, "up": false, "down": false}}
2025-09-23 17:51:01,065 - game_server - INFO - log_game_event:61 - Игровое событие: обновление_позиции - {"client_id": 2, "position": {"x": 765, "y": 555}, "inputs": {"left": false, "right": false, "up": false, "down": false}}
2025-09-23 17:51:01,072 - game_server - INFO - log_game_event:61 - Игровое событие: обновление_позиции - {"client_id": 1, "position": {"x": 740, "y": 745}, "inputs": {"left": false, "right": false, "up": false, "down": false}}
2025-09-23 17:51:01,090 - game_server - INFO - log_game_event:61 - Игровое событие: обновление_позиции - {"client_id": 2, "position": {"x": 765, "y": 555}, "inputs": {"left": false, "right": false, "up": false, "down": false}}
2025-09-23 17:51:01,096 - game_server - INFO - log_game_event:61 - Игровое событие: обновление_позиции - {"client_id": 1, "position": {"x": 740, "y": 745}, "inputs": {"left": false, "right": false, "up": false, "down": false}}
2025-09-23 17:51:01,119 - game_server - INFO - log_game_event:61 - Игровое событие: обновление_позиции - {"client_id": 2, "position": {"x": 765, "y": 555}, "inputs": {"left": false, "right": false, "up": false, "down": false}}
2025-09-23 17:51:01,126 - game_server - INFO - log_game_event:61 - Игровое событие: обновление_позиции - {"client_id": 1, "position": {"x": 740, "y": 745}, "inputs": {"left": false, "right": false, "up": false, "down": false}}
2025-09-23 17:51:01,147 - game_server - INFO - log_game_event:61 - Игровое событие: обновление_позиции - {"client_id": 2, "position": {"x": 765, "y": 555}, "inputs": {"left": false, "right": false, "up": false, "down": false}}
2025-09-23 17:51:01,151 - game_server - INFO - log_game_event:61 - Игровое событие: обновление_позиции - {"client_id": 1, "position": {"x": 740, "y": 745}, "inputs": {"left": false, "right": false, "up": false, "down": false}}
2025-09-23 17:51:01,183 - game_server - INFO - log_game_event:61 - Игровое событие: обновление_позиции - {"client_id": 2, "position": {"x": 765, "y": 555}, "inputs": {"left": false, "right": false, "up": false, "down": false}}
2025-09-23 17:51:01,185 - game_server - INFO - log_game_event:61 - Игровое событие: обновление_позиции - {"client_id": 1, "position": {"x": 740, "y": 745}, "inputs": {"left": false, "right": false, "up": false, "down": false}}
2025-09-23 17:51:01,215 - game_server - INFO - log_game_event:61 - Игровое событие: обновление_позиции - {"client_id": 2, "position": {"x": 765, "y": 555}, "inputs": {"left": false, "right": false, "up": false, "down": false}}
2025-09-23 17:51:01,216 - game_server - INFO - log_game_event:61 - Игровое событие: обновление_позиции - {"client_id": 1, "position": {"x": 740, "y": 745}, "inputs": {"left": false, "right": false, "up": false, "down": false}}
2025-09-23 17:51:01,252 - game_server - INFO - log_game_event:61 - Игровое событие: обновление_позиции - {"client_id": 2, "position": {"x": 765, "y": 555}, "inputs": {"left": false, "right": false, "up": false, "down": false}}
2025-09-23 17:51:01,254 - game_server - INFO - log_game_event:61 - Игровое событие: обновление_позиции - {"client_id": 1, "position": {"x": 740, "y": 745}, "inputs": {"left": false, "right": false, "up": false, "down": false}}
2025-09-23 17:51:01,294 - game_server - INFO - log_game_event:61 - Игровое событие: обновление_позиции - {"client_id": 2, "position": {"x": 765, "y": 555}, "inputs": {"left": false, "right": false, "up": false, "down": false}}
2025-09-23 17:51:01,295 - game_server - INFO - log_game_event:61 - Игровое событие: обновление_позиции - {"client_id": 1, "position": {"x": 740, "y": 745}, "inputs": {"left": false, "right": false, "up": false, "down": false}}
2025-09-23 17:51:01,320 - game_server - INFO - log_game_event:61 - Игровое событие: обновление_позиции - {"client_id": 1, "position": {"x": 740, "y": 745}, "inputs": {"left": false, "right": false, "up": false, "down": false}}
2025-09-23 17:51:01,320 - game_server - INFO - log_game_event:61 - Игровое событие: обновление_позиции - {"client_id": 2, "position": {"x": 765, "y": 555}, "inputs": {"left": false, "right": false, "up": false, "down": false}}
2025-09-23 17:51:01,346 - game_server - INFO - log_game_event:61 - Игровое событие: обновление_позиции - {"client_id": 2, "position": {"x": 765, "y": 555}, "inputs": {"left": false, "right": false, "up": false, "down": false}}
2025-09-23 17:51:01,346 - game_server - INFO - log_game_event:61 - Игровое событие: обновление_позиции - {"client_id": 1, "position": {"x": 740, "y": 745}, "inputs": {"left": false, "right": false, "up": false, "down": false}}
2025-09-23 17:51:01,370 - game_server - INFO - log_game_event:61 - Игровое событие: обновление_позиции - {"client_id": 2, "position": {"x": 765, "y": 555}, "inputs": {"left": false, "right": false, "up": false, "down": false}}
2025-09-23 17:51:01,372 - game_server - INFO - log_game_event:61 - Игровое событие: обновление_позиции - {"client_id": 1, "position": {"x": 740, "y": 745}, "inputs": {"left": false, "right": false, "up": false, "down": false}}
2025-09-23 17:51:01,397 - game_server - INFO - log_game_event:61 - Игровое событие: обновление_позиции - {"client_id": 2, "position": {"x": 765, "y": 555}, "inputs": {"left": false, "right": false, "up": false, "down": false}}
2025-09-23 17:51:01,399 - game_server - INFO - log_game_event:61 - Игровое событие: обновление_позиции - {"client_id": 1, "position": {"x": 740, "y": 745}, "inputs": {"left": false, "right": false, "up": false, "down": false}}
2025-09-23 17:51:01,421 - game_server - INFO - log_game_event:61 - Игровое событие: обновление_позиции - {"client_id": 1, "position": {"x": 740, "y": 745}, "inputs": {"left": false, "right": false, "up": false, "down": false}}
2025-09-23 17:51:01,422 - game_server - INFO - log_game_event:61 - Игровое событие: обновление_позиции - {"client_id": 2, "position": {"x": 765, "y": 555}, "inputs": {"left": false, "right": false, "up": false, "down": false}}
2025-09-23 17:51:01,445 - game_server - INFO - log_game_event:61 - Игровое событие: обновление_позиции - {"client_id": 2, "position": {"x": 765, "y": 555}, "inputs": {"left": false, "right": false, "up": false, "down": false}}
2025-09-23 17:51:01,445 - game_server - INFO - log_game_event:61 - Игровое событие: обновление_позиции - {"client_id": 1, "position": {"x": 740, "y": 745}, "inputs": {"left": false, "right": false, "up": false, "down": false}}
2025-09-23 17:51:01,472 - game_server - INFO - log_game_event:61 - Игровое событие: обновление_позиции - {"client_id": 1, "position": {"x": 740, "y": 745}, "inputs": {"left": false, "right": false, "up": false, "down": false}}
2025-09-23 17:51:01,473 - game_server - INFO - log_game_event:61 - Игровое событие: обновление_позиции - {"client_id": 2, "position": {"x": 765, "y": 555}, "inputs": {"left": false, "right": false, "up": false, "down": false}}
2025-09-23 17:51:01,507 - game_server - INFO - log_game_event:61 - Игровое событие: обновление_позиции - {"client_id": 1, "position": {"x": 740, "y": 745}, "inputs": {"left": false, "right": false, "up": false, "down": false}}
2025-09-23 17:51:01,507 - game_server - INFO - log_game_event:61 - Игровое событие: обновление_позиции - {"client_id": 2, "position": {"x": 765, "y": 555}, "inputs": {"left": false, "right": false, "up": false, "down": false}}
2025-09-23 17:51:01,542 - game_server - INFO - log_game_event:61 - Игровое событие: обновление_позиции - {"client_id": 2, "position": {"x": 765, "y": 555}, "inputs": {"left": false, "right": false, "up": false, "down": false}}
2025-09-23 17:51:01,542 - game_server - INFO - log_game_event:61 - Игровое событие: обновление_позиции - {"client_id": 1, "position": {"x": 740, "y": 745}, "inputs": {"left": false, "right": false, "up": false, "down": false}}
2025-09-23 17:51:01,575 - game_server - INFO - log_game_event:61 - Игровое событие: обновление_позиции - {"client_id": 2, "position": {"x": 765, "y": 555}, "inputs": {"left": false, "right": false, "up": false, "down": false}}
2025-09-23 17:51:01,576 - game_server - INFO - log_game_event:61 - Игровое событие: обновление_позиции - {"client_id": 1, "position": {"x": 740, "y": 745}, "inputs": {"left": false, "right": false, "up": false, "down": false}}
2025-09-23 17:51:01,603 - game_server - INFO - log_game_event:61 - Игровое событие: обновление_позиции - {"client_id": 2, "position": {"x": 765, "y": 555}, "inputs": {"left": false, "right": false, "up": false, "down": false}}
2025-09-23 17:51:01,603 - game_server - INFO - log_game_event:61 - Игровое событие: обновление_позиции - {"client_id": 1, "position": {"x": 740, "y": 745}, "inputs": {"left": false, "right": false, "up": false, "down": false}}
2025-09-23 17:51:01,637 - game_server - INFO - log_game_event:61 - Игровое событие: обновление_позиции - {"client_id": 2, "position": {"x": 765, "y": 555}, "inputs": {"left": false, "right": false, "up": false, "down": false}}
2025-09-23 17:51:01,638 - game_server - INFO - log_game_event:61 - Игровое событие: обновление_позиции - {"client_id": 1, "position": {"x": 740, "y": 745}, "inputs": {"left": false, "right": false, "up": false, "down": false}}
2025-09-23 17:51:01,672 - game_server - INFO - log_game_event:61 - Игровое событие: обновление_позиции - {"client_id": 2, "position": {"x": 765, "y": 555}, "inputs": {"left": false, "right": false, "up": false, "down": false}}
2025-09-23 17:51:01,672 - game_server - INFO - log_game_event:61 - Игровое событие: обновление_позиции - {"client_id": 1, "position": {"x": 740, "y": 745}, "inputs": {"left": false, "right": false, "up": false, "down": false}}
2025-09-23 17:51:01,705 - game_server - INFO - log_game_event:61 - Игровое событие: обновление_позиции - {"client_id": 2, "position": {"x": 765, "y": 555}, "inputs": {"left": false, "right": false, "up": false, "down": false}}
2025-09-23 17:51:01,706 - game_server - INFO - log_game_event:61 - Игровое событие: обновление_позиции - {"client_id": 1, "position": {"x": 740, "y": 745}, "inputs": {"left": false, "right": false, "up": false, "down": false}}
2025-09-23 17:51:01,740 - game_server - INFO - log_game_event:61 - Игровое событие: обновление_позиции - {"client_id": 2, "position": {"x": 765, "y": 555}, "inputs": {"left": false, "right": false, "up": false, "down": false}}
2025-09-23 17:51:01,741 - game_server - INFO - log_game_event:61 - Игровое событие: обновление_позиции - {"client_id": 1, "position": {"x": 740, "y": 745}, "inputs": {"left": false, "right": false, "up": false, "down": false}}
2025-09-23 17:51:01,767 - game_server - INFO - log_game_event:61 - Игровое событие: обновление_позиции - {"client_id": 2, "position": {"x": 765, "y": 555}, "inputs": {"left": false, "right": false, "up": false, "down": false}}
2025-09-23 17:51:01,768 - game_server - INFO - log_game_event:61 - Игровое событие: обновление_позиции - {"client_id": 1, "position": {"x": 740, "y": 745}, "inputs": {"left": false, "right": false, "up": false, "down": false}}
2025-09-23 17:51:01,798 - game_server - INFO - log_game_event:61 - Игровое событие: обновление_позиции - {"client_id": 2, "position": {"x": 765, "y": 555}, "inputs": {"left": false, "right": false, "up": false, "down": false}}
2025-09-23 17:51:01,798 - game_server - INFO - log_game_event:61 - Игровое событие: обновление_позиции - {"client_id": 1, "position": {"x": 740, "y": 745}, "inputs": {"left": false, "right": false, "up": false, "down": false}}
2025-09-23 17:51:01,826 - game_server - INFO - log_game_event:61 - Игровое событие: обновление_позиции - {"client_id": 2, "position": {"x": 765, "y": 555}, "inputs": {"left": false, "right": false, "up": false, "down": false}}
2025-09-23 17:51:01,826 - game_server - INFO - log_game_event:61 - Игровое событие: обновление_позиции - {"client_id": 1, "position": {"x": 740, "y": 745}, "inputs": {"left": false, "right": false, "up": false, "down": false}}
2025-09-23 17:51:01,859 - game_server - INFO - log_game_event:61 - Игровое событие: обновление_позиции - {"client_id": 2, "position": {"x": 765, "y": 555}, "inputs": {"left": false, "right": false, "up": false, "down": false}}
2025-09-23 17:51:01,859 - game_server - INFO - log_game_event:61 - Игровое событие: обновление_позиции - {"client_id": 1, "position": {"x": 740, "y": 745}, "inputs": {"left": false, "right": false, "up": false, "down": false}}
2025-09-23 17:51:01,891 - game_server - INFO - log_game_event:61 - Игровое событие: обновление_позиции - {"client_id": 1, "position": {"x": 740, "y": 745}, "inputs": {"left": false, "right": false, "up": false, "down": false}}
2025-09-23 17:51:01,892 - game_server - INFO - log_game_event:61 - Игровое событие: обновление_позиции - {"client_id": 2, "position": {"x": 765, "y": 555}, "inputs": {"left": false, "right": false, "up": false, "down": false}}
2025-09-23 17:51:01,924 - game_server - INFO - log_game_event:61 - Игровое событие: обновление_позиции - {"client_id": 2, "position": {"x": 765, "y": 555}, "inputs": {"left": false, "right": false, "up": false, "down": false}}
2025-09-23 17:51:01,924 - game_server - INFO - log_game_event:61 - Игровое событие: обновление_позиции - {"client_id": 1, "position": {"x": 740, "y": 745}, "inputs": {"left": false, "right": false, "up": false, "down": false}}
2025-09-23 17:51:01,957 - game_server - INFO - log_game_event:61 - Игровое событие: обновление_позиции - {"client_id": 1, "position": {"x": 740, "y": 745}, "inputs": {"left": false, "right": false, "up": false, "down": false}}
2025-09-23 17:51:01,958 - game_server - INFO - log_game_event:61 - Игровое событие: обновление_позиции - {"client_id": 2, "position": {"x": 765, "y": 555}, "inputs": {"left": false, "right": false, "up": false, "down": false}}
2025-09-23 17:51:01,991 - game_server - INFO - log_game_event:61 - Игровое событие: обновление_позиции - {"client_id": 1, "position": {"x": 740, "y": 745}, "inputs": {"left": false, "right": false, "up": false, "down": false}}
2025-09-23 17:51:01,991 - game_server - INFO - log_game_event:61 - Игровое событие: обновление_позиции - {"client_id": 2, "position": {"x": 765, "y": 555}, "inputs": {"left": false, "right": false, "up": false, "down": false}}
2025-09-23 17:51:02,017 - game_server - INFO - log_game_event:61 - Игровое событие: обновление_позиции - {"client_id": 2, "position": {"x": 765, "y": 555}, "inputs": {"left": false, "right": false, "up": false, "down": false}}
2025-09-23 17:51:02,017 - game_server - INFO - log_game_event:61 - Игровое событие: обновление_позиции - {"client_id": 1, "position": {"x": 740, "y": 745}, "inputs": {"left": false, "right": false, "up": false, "down": false}}
2025-09-23 17:51:02,043 - game_server - INFO - log_game_event:61 - Игровое событие: обновление_позиции - {"client_id": 2, "position": {"x": 765, "y": 555}, "inputs": {"left": false, "right": false, "up": false, "down": false}}
2025-09-23 17:51:02,044 - game_server - INFO - log_game_event:61 - Игровое событие: обновление_позиции - {"client_id": 1, "position": {"x": 740, "y": 745}, "inputs": {"left": false, "right": false, "up": false, "down": false}}
2025-09-23 17:51:02,068 - game_server - INFO - log_game_event:61 - Игровое событие: обновление_позиции - {"client_id": 2, "position": {"x": 765, "y": 555}, "inputs": {"left": false, "right": false, "up": false, "down": false}}
2025-09-23 17:51:02,070 - game_server - INFO - log_game_event:61 - Игровое событие: обновление_позиции - {"client_id": 1, "position": {"x": 740, "y": 745}, "inputs": {"left": false, "right": false, "up": false, "down": false}}
2025-09-23 17:51:02,094 - game_server - INFO - log_game_event:61 - Игровое событие: обновление_позиции - {"client_id": 2, "position": {"x": 765, "y": 555}, "inputs": {"left": false, "right": false, "up": false, "down": false}}
2025-09-23 17:51:02,097 - game_server - INFO - log_game_event:61 - Игровое событие: обновление_позиции - {"client_id": 1, "position": {"x": 740, "y": 745}, "inputs": {"left": false, "right": false, "up": false, "down": false}}
2025-09-23 17:51:02,118 - game_server - INFO - log_game_event:61 - Игровое событие: обновление_позиции - {"client_id": 2, "position": {"x": 765, "y": 555}, "inputs": {"left": false, "right": false, "up": false, "down": false}}
2025-09-23 17:51:02,123 - game_server - INFO - log_game_event:61 - Игровое событие: обновление_позиции - {"client_id": 1, "position": {"x": 740, "y": 745}, "inputs": {"left": false, "right": false, "up": false, "down": false}}
2025-09-23 17:51:02,142 - game_server - INFO - log_game_event:61 - Игровое событие: обновление_позиции - {"client_id": 2, "position": {"x": 765, "y": 555}, "inputs": {"left": false, "right": false, "up": false, "down": false}}
2025-09-23 17:51:02,147 - game_server - INFO - log_game_event:61 - Игровое событие: обновление_позиции - {"client_id": 1, "position": {"x": 740, "y": 745}, "inputs": {"left": false, "right": false, "up": false, "down": false}}
2025-09-23 17:51:02,164 - game_server - INFO - log_game_event:61 - Игровое событие: обновление_позиции - {"client_id": 2, "position": {"x": 765, "y": 555}, "inputs": {"left": false, "right": false, "up": false, "down": false}}
2025-09-23 17:51:02,170 - game_server - INFO - log_game_event:61 - Игровое событие: обновление_позиции - {"client_id": 1, "position": {"x": 740, "y": 745}, "inputs": {"left": false, "right": false, "up": false, "down": false}}
2025-09-23 17:51:02,190 - game_server - INFO - log_game_event:61 - Игровое событие: обновление_позиции - {"client_id": 2, "position": {"x": 765, "y": 555}, "inputs": {"left": false, "right": false, "up": false, "down": false}}
2025-09-23 17:51:02,196 - game_server - INFO - log_game_event:61 - Игровое событие: обновление_позиции - {"client_id": 1, "position": {"x": 740, "y": 745}, "inputs": {"left": false, "right": false, "up": false, "down": false}}
2025-09-23 17:51:02,221 - game_server - INFO - log_game_event:61 - Игровое событие: обновление_позиции - {"client_id": 2, "position": {"x": 765, "y": 555}, "inputs": {"left": false, "right": false, "up": false, "down": false}}
2025-09-23 17:51:02,228 - game_server - INFO - log_game_event:61 - Игровое событие: обновление_позиции - {"client_id": 1, "position": {"x": 740, "y": 745}, "inputs": {"left": false, "right": false, "up": false, "down": false}}
2025-09-23 17:51:02,255 - game_server - INFO - log_game_event:61 - Игровое событие: обновление_позиции - {"client_id": 2, "position": {"x": 765, "y": 555}, "inputs": {"left": false, "right": false, "up": false, "down": false}}
2025-09-23 17:51:02,261 - game_server - INFO - log_game_event:61 - Игровое событие: обновление_позиции - {"client_id": 1, "position": {"x": 740, "y": 745}, "inputs": {"left": false, "right": false, "up": false, "down": false}}
2025-09-23 17:51:02,290 - game_server - INFO - log_game_event:61 - Игровое событие: обновление_позиции - {"client_id": 2, "position": {"x": 765, "y": 555}, "inputs": {"left": false, "right": false, "up": false, "down": false}}
2025-09-23 17:51:02,295 - game_server - INFO - log_game_event:61 - Игровое событие: обновление_позиции - {"client_id": 1, "position": {"x": 740, "y": 745}, "inputs": {"left": false, "right": false, "up": false, "down": false}}
2025-09-23 17:51:02,324 - game_server - INFO - log_game_event:61 - Игровое событие: обновление_позиции - {"client_id": 2, "position": {"x": 765, "y": 555}, "inputs": {"left": false, "right": false, "up": false, "down": false}}
2025-09-23 17:51:02,327 - game_server - INFO - log_game_event:61 - Игровое событие: обновление_позиции - {"client_id": 1, "position": {"x": 740, "y": 745}, "inputs": {"left": false, "right": false, "up": false, "down": false}}
2025-09-23 17:51:02,357 - game_server - INFO - log_game_event:61 - Игровое событие: обновление_позиции - {"client_id": 2, "position": {"x": 765, "y": 555}, "inputs": {"left": false, "right": false, "up": false, "down": false}}
2025-09-23 17:51:02,360 - game_server - INFO - log_game_event:61 - Игровое событие: обновление_позиции - {"client_id": 1, "position": {"x": 740, "y": 745}, "inputs": {"left": false, "right": false, "up": false, "down": false}}
2025-09-23 17:51:02,390 - game_server - INFO - log_game_event:61 - Игровое событие: обновление_позиции - {"client_id": 2, "position": {"x": 765, "y": 555}, "inputs": {"left": false, "right": false, "up": false, "down": false}}
2025-09-23 17:51:02,394 - game_server - INFO - log_game_event:61 - Игровое событие: обновление_позиции - {"client_id": 1, "position": {"x": 740, "y": 745}, "inputs": {"left": false, "right": false, "up": false, "down": false}}
2025-09-23 17:51:02,423 - game_server - INFO - log_game_event:61 - Игровое событие: обновление_позиции - {"client_id": 2, "position": {"x": 765, "y": 555}, "inputs": {"left": false, "right": false, "up": false, "down": false}}
2025-09-23 17:51:02,428 - game_server - INFO - log_game_event:61 - Игровое событие: обновление_позиции - {"client_id": 1, "position": {"x": 740, "y": 745}, "inputs": {"left": false, "right": false, "up": false, "down": false}}
2025-09-23 17:51:02,456 - game_server - INFO - log_game_event:61 - Игровое событие: обновление_позиции - {"client_id": 2, "position": {"x": 765, "y": 555}, "inputs": {"left": false, "right": false, "up": false, "down": false}}
2025-09-23 17:51:02,460 - game_server - INFO - log_game_event:61 - Игровое событие: обновление_позиции - {"client_id": 1, "position": {"x": 740, "y": 745}, "inputs": {"left": false, "right": false, "up": false, "down": false}}
2025-09-23 17:51:02,485 - game_server - INFO - log_game_event:61 - Игровое событие: обновление_позиции - {"client_id": 2, "position": {"x": 765, "y": 555}, "inputs": {"left": false, "right": false, "up": false, "down": false}}
2025-09-23 17:51:02,488 - game_server - INFO - log_game_event:61 - Игровое событие: обновление_позиции - {"client_id": 1, "position": {"x": 740, "y": 745}, "inputs": {"left": false, "right": false, "up": false, "down": false}}
2025-09-23 17:51:02,515 - game_server - INFO - log_game_event:61 - Игровое событие: обновление_позиции - {"client_id": 2, "position": {"x": 765, "y": 555}, "inputs": {"left": false, "right": false, "up": false, "down": false}}
2025-09-23 17:51:02,517 - game_server - INFO - log_game_event:61 - Игровое событие: обновление_позиции - {"client_id": 1, "position": {"x": 740, "y": 745}, "inputs": {"left": false, "right": false, "up": false, "down": false}}
2025-09-23 17:51:02,544 - game_server - INFO - log_game_event:61 - Игровое событие: обновление_позиции - {"client_id": 2, "position": {"x": 765, "y": 555}, "inputs": {"left": false, "right": false, "up": false, "down": false}}
2025-09-23 17:51:02,546 - game_server - INFO - log_game_event:61 - Игровое событие: обновление_позиции - {"client_id": 1, "position": {"x": 740, "y": 745}, "inputs": {"left": false, "right": false, "up": false, "down": false}}
2025-09-23 17:51:02,575 - game_server - INFO - log_game_event:61 - Игровое событие: обновление_позиции - {"client_id": 2, "position": {"x": 765, "y": 555}, "inputs": {"left": false, "right": false, "up": false, "down": false}}
2025-09-23 17:51:02,577 - game_server - INFO - log_game_event:61 - Игровое событие: обновление_позиции - {"client_id": 1, "position": {"x": 740, "y": 745}, "inputs": {"left": false, "right": false, "up": false, "down": false}}
2025-09-23 17:51:02,604 - game_server - INFO - log_game_event:61 - Игровое событие: обновление_позиции - {"client_id": 2, "position": {"x": 765, "y": 555}, "inputs": {"left": false, "right": false, "up": false, "down": false}}
2025-09-23 17:51:02,606 - game_server - INFO - log_game_event:61 - Игровое событие: обновление_позиции - {"client_id": 1, "position": {"x": 740, "y": 745}, "inputs": {"left": false, "right": false, "up": false, "down": false}}
2025-09-23 17:51:02,639 - game_server - INFO - log_game_event:61 - Игровое событие: обновление_позиции - {"client_id": 2, "position": {"x": 765, "y": 555}, "inputs": {"left": false, "right": false, "up": false, "down": false}}
2025-09-23 17:51:02,640 - game_server - INFO - log_game_event:61 - Игровое событие: обновление_позиции - {"client_id": 1, "position": {"x": 740, "y": 745}, "inputs": {"left": false, "right": false, "up": false, "down": false}}
2025-09-23 17:51:02,675 - game_server - INFO - log_game_event:61 - Игровое событие: обновление_позиции - {"client_id": 2, "position": {"x": 765, "y": 555}, "inputs": {"left": false, "right": false, "up": false, "down": false}}
2025-09-23 17:51:02,676 - game_server - INFO - log_game_event:61 - Игровое событие: обновление_позиции - {"client_id": 1, "position": {"x": 740, "y": 745}, "inputs": {"left": false, "right": false, "up": false, "down": false}}
2025-09-23 17:51:02,711 - game_server - INFO - log_game_event:61 - Игровое событие: обновление_позиции - {"client_id": 2, "position": {"x": 765, "y": 555}, "inputs": {"left": false, "right": false, "up": false, "down": false}}
2025-09-23 17:51:02,711 - game_server - INFO - log_game_event:61 - Игровое событие: обновление_позиции - {"client_id": 1, "position": {"x": 740, "y": 745}, "inputs": {"left": false, "right": false, "up": false, "down": false}}
2025-09-23 17:51:02,746 - game_server - INFO - log_game_event:61 - Игровое событие: обновление_позиции - {"client_id": 2, "position": {"x": 765, "y": 555}, "inputs": {"left": false, "right": false, "up": false, "down": false}}
2025-09-23 17:51:02,747 - game_server - INFO - log_game_event:61 - Игровое событие: обновление_позиции - {"client_id": 1, "position": {"x": 740, "y": 745}, "inputs": {"left": false, "right": false, "up": false, "down": false}}
2025-09-23 17:51:02,784 - game_server - INFO - log_game_event:61 - Игровое событие: обновление_позиции - {"client_id": 2, "position": {"x": 765, "y": 555}, "inputs": {"left": false, "right": false, "up": false, "down": false}}
2025-09-23 17:51:02,784 - game_server - INFO - log_game_event:61 - Игровое событие: обновление_позиции - {"client_id": 1, "position": {"x": 740, "y": 745}, "inputs": {"left": false, "right": false, "up": false, "down": false}}
2025-09-23 17:51:02,817 - game_server - INFO - log_game_event:61 - Игровое событие: обновление_позиции - {"client_id": 2, "position": {"x": 765, "y": 555}, "inputs": {"left": false, "right": false, "up": false, "down": false}}
2025-09-23 17:51:02,818 - game_server - INFO - log_game_event:61 - Игровое событие: обновление_позиции - {"client_id": 1, "position": {"x": 740, "y": 745}, "inputs": {"left": false, "right": false, "up": false, "down": false}}
2025-09-23 17:51:02,851 - game_server - INFO - log_game_event:61 - Игровое событие: обновление_позиции - {"client_id": 2, "position": {"x": 765, "y": 555}, "inputs": {"left": false, "right": false, "up": false, "down": false}}
2025-09-23 17:51:02,853 - game_server - INFO - log_game_event:61 - Игровое событие: обновление_позиции - {"client_id": 1, "position": {"x": 740, "y": 745}, "inputs": {"left": false, "right": false, "up": false, "down": false}}
2025-09-23 17:51:02,886 - game_server - INFO - log_game_event:61 - Игровое событие: обновление_позиции - {"client_id": 2, "position": {"x": 765, "y": 555}, "inputs": {"left": false, "right": false, "up": false, "down": false}}
2025-09-23 17:51:02,888 - game_server - INFO - log_game_event:61 - Игровое событие: обновление_позиции - {"client_id": 1, "position": {"x": 740, "y": 745}, "inputs": {"left": false, "right": false, "up": false, "down": false}}
2025-09-23 17:51:02,920 - game_server - INFO - log_game_event:61 - Игровое событие: обновление_позиции - {"client_id": 2, "position": {"x": 765, "y": 555}, "inputs": {"left": false, "right": false, "up": false, "down": false}}
2025-09-23 17:51:02,922 - game_server - INFO - log_game_event:61 - Игровое событие: обновление_позиции - {"client_id": 1, "position": {"x": 740, "y": 745}, "inputs": {"left": false, "right": false, "up": false, "down": false}}
2025-09-23 17:51:02,954 - game_server - INFO - log_game_event:61 - Игровое событие: обновление_позиции - {"client_id": 2, "position": {"x": 765, "y": 555}, "inputs": {"left": false, "right": false, "up": false, "down": false}}
2025-09-23 17:51:02,956 - game_server - INFO - log_game_event:61 - Игровое событие: обновление_позиции - {"client_id": 1, "position": {"x": 740, "y": 745}, "inputs": {"left": false, "right": false, "up": false, "down": false}}
2025-09-23 17:51:02,988 - game_server - INFO - log_game_event:61 - Игровое событие: обновление_позиции - {"client_id": 2, "position": {"x": 765, "y": 555}, "inputs": {"left": false, "right": false, "up": false, "down": false}}
2025-09-23 17:51:02,989 - game_server - INFO - log_game_event:61 - Игровое событие: обновление_позиции - {"client_id": 1, "position": {"x": 740, "y": 745}, "inputs": {"left": false, "right": false, "up": false, "down": false}}
2025-09-23 17:51:03,021 - game_server - INFO - log_game_event:61 - Игровое событие: обновление_позиции - {"client_id": 2, "position": {"x": 765, "y": 555}, "inputs": {"left": false, "right": false, "up": false, "down": false}}
2025-09-23 17:51:03,022 - game_server - INFO - log_game_event:61 - Игровое событие: обновление_позиции - {"client_id": 1, "position": {"x": 740, "y": 745}, "inputs": {"left": false, "right": false, "up": false, "down": false}}
2025-09-23 17:51:03,055 - game_server - INFO - log_game_event:61 - Игровое событие: обновление_позиции - {"client_id": 2, "position": {"x": 765, "y": 555}, "inputs": {"left": false, "right": false, "up": false, "down": false}}
2025-09-23 17:51:03,056 - game_server - INFO - log_game_event:61 - Игровое событие: обновление_позиции - {"client_id": 1, "position": {"x": 740, "y": 745}, "inputs": {"left": false, "right": false, "up": false, "down": false}}
2025-09-23 17:51:03,087 - game_server - INFO - log_game_event:61 - Игровое событие: обновление_позиции - {"client_id": 2, "position": {"x": 765, "y": 555}, "inputs": {"left": false, "right": false, "up": false, "down": false}}
2025-09-23 17:51:03,088 - game_server - INFO - log_game_event:61 - Игровое событие: обновление_позиции - {"client_id": 1, "position": {"x": 740, "y": 745}, "inputs": {"left": false, "right": false, "up": false, "down": false}}
2025-09-23 17:51:03,119 - game_server - INFO - log_game_event:61 - Игровое событие: обновление_позиции - {"client_id": 2, "position": {"x": 765, "y": 555}, "inputs": {"left": false, "right": false, "up": false, "down": false}}
2025-09-23 17:51:03,121 - game_server - INFO - log_game_event:61 - Игровое событие: обновление_позиции - {"client_id": 1, "position": {"x": 740, "y": 745}, "inputs": {"left": false, "right": false, "up": false, "down": false}}
2025-09-23 17:51:03,152 - game_server - INFO - log_game_event:61 - Игровое событие: обновление_позиции - {"client_id": 2, "position": {"x": 765, "y": 555}, "inputs": {"left": false, "right": false, "up": false, "down": false}}
2025-09-23 17:51:03,154 - game_server - INFO - log_game_event:61 - Игровое событие: обновление_позиции - {"client_id": 1, "position": {"x": 740, "y": 745}, "inputs": {"left": false, "right": false, "up": false, "down": false}}
2025-09-23 17:51:03,184 - game_server - INFO - log_game_event:61 - Игровое событие: обновление_позиции - {"client_id": 2, "position": {"x": 765, "y": 555}, "inputs": {"left": false, "right": false, "up": false, "down": false}}
2025-09-23 17:51:03,187 - game_server - INFO - log_game_event:61 - Игровое событие: обновление_позиции - {"client_id": 1, "position": {"x": 740, "y": 745}, "inputs": {"left": false, "right": false, "up": false, "down": false}}
2025-09-23 17:51:03,218 - game_server - INFO - log_game_event:61 - Игровое событие: обновление_позиции - {"client_id": 2, "position": {"x": 765, "y": 555}, "inputs": {"left": false, "right": false, "up": false, "down": false}}
2025-09-23 17:51:03,220 - game_server - INFO - log_game_event:61 - Игровое событие: обновление_позиции - {"client_id": 1, "position": {"x": 740, "y": 745}, "inputs": {"left": false, "right": false, "up": false, "down": false}}
2025-09-23 17:51:03,251 - game_server - INFO - log_game_event:61 - Игровое событие: обновление_позиции - {"client_id": 2, "position": {"x": 765, "y": 555}, "inputs": {"left": false, "right": false, "up": false, "down": false}}
2025-09-23 17:51:03,253 - game_server - INFO - log_game_event:61 - Игровое событие: обновление_позиции - {"client_id": 1, "position": {"x": 740, "y": 745}, "inputs": {"left": false, "right": false, "up": false, "down": false}}
2025-09-23 17:51:03,282 - game_server - INFO - log_game_event:61 - Игровое событие: обновление_позиции - {"client_id": 2, "position": {"x": 765, "y": 555}, "inputs": {"left": false, "right": false, "up": false, "down": false}}
2025-09-23 17:51:03,285 - game_server - INFO - log_game_event:61 - Игровое событие: обновление_позиции - {"client_id": 1, "position": {"x": 740, "y": 745}, "inputs": {"left": false, "right": false, "up": false, "down": false}}
2025-09-23 17:51:03,315 - game_server - INFO - log_game_event:61 - Игровое событие: обновление_позиции - {"client_id": 2, "position": {"x": 765, "y": 555}, "inputs": {"left": false, "right": false, "up": false, "down": false}}
2025-09-23 17:51:03,319 - game_server - INFO - log_game_event:61 - Игровое событие: обновление_позиции - {"client_id": 1, "position": {"x": 740, "y": 745}, "inputs": {"left": false, "right": false, "up": false, "down": false}}
2025-09-23 17:51:03,351 - game_server - INFO - log_game_event:61 - Игровое событие: обновление_позиции - {"client_id": 2, "position": {"x": 765, "y": 555}, "inputs": {"left": false, "right": false, "up": false, "down": false}}
2025-09-23 17:51:03,356 - game_server - INFO - log_game_event:61 - Игровое событие: обновление_позиции - {"client_id": 1, "position": {"x": 740, "y": 745}, "inputs": {"left": false, "right": false, "up": false, "down": false}}
2025-09-23 17:51:03,384 - game_server - INFO - log_game_event:61 - Игровое событие: обновление_позиции - {"client_id": 2, "position": {"x": 765, "y": 555}, "inputs": {"left": false, "right": false, "up": false, "down": false}}
2025-09-23 17:51:03,387 - game_server - INFO - log_game_event:61 - Игровое событие: обновление_позиции - {"client_id": 1, "position": {"x": 740, "y": 745}, "inputs": {"left": false, "right": false, "up": false, "down": false}}
2025-09-23 17:51:03,409 - game_server - INFO - log_game_event:61 - Игровое событие: обновление_позиции - {"client_id": 2, "position": {"x": 765, "y": 555}, "inputs": {"left": false, "right": false, "up": false, "down": false}}
2025-09-23 17:51:03,425 - game_server - INFO - log_game_event:61 - Игровое событие: обновление_позиции - {"client_id": 1, "position": {"x": 740, "y": 745}, "inputs": {"left": false, "right": false, "up": false, "down": false}}
2025-09-23 17:51:03,435 - game_server - INFO - log_game_event:61 - Игровое событие: обновление_позиции - {"client_id": 2, "position": {"x": 765, "y": 555}, "inputs": {"left": false, "right": false, "up": false, "down": false}}
2025-09-23 17:51:03,467 - game_server - INFO - log_game_event:61 - Игровое событие: обновление_позиции - {"client_id": 2, "position": {"x": 765, "y": 555}, "inputs": {"left": false, "right": false, "up": false, "down": false}}
2025-09-23 17:51:03,490 - game_server - INFO - log_game_event:61 - Игровое событие: обновление_позиции - {"client_id": 2, "position": {"x": 765, "y": 555}, "inputs": {"left": false, "right": false, "up": false, "down": false}}
2025-09-23 17:51:03,521 - game_server - INFO - log_game_event:61 - Игровое событие: обновление_позиции - {"client_id": 2, "position": {"x": 765, "y": 555}, "inputs": {"left": false, "right": false, "up": false, "down": false}}
2025-09-23 17:51:03,605 - game_server - INFO - log_game_event:61 - Игровое событие: обновление_позиции - {"client_id": 2, "position": {"x": 765, "y": 555}, "inputs": {"left": false, "right": false, "up": false, "down": false}}
2025-09-23 17:51:03,638 - game_server - INFO - log_game_event:61 - Игровое событие: обновление_позиции - {"client_id": 2, "position": {"x": 765, "y": 555}, "inputs": {"left": false, "right": false, "up": false, "down": false}}
2025-09-23 17:51:03,664 - game_server - INFO - log_game_event:61 - Игровое событие: обновление_позиции - {"client_id": 1, "position": {"x": 740, "y": 745}, "inputs": {"left": false, "right": false, "up": false, "down": false}}
2025-09-23 17:51:03,669 - game_server - INFO - log_game_event:61 - Игровое событие: обновление_позиции - {"client_id": 2, "position": {"x": 765, "y": 555}, "inputs": {"left": false, "right": false, "up": false, "down": false}}
2025-09-23 17:51:03,699 - game_server - INFO - log_game_event:61 - Игровое событие: обновление_позиции - {"client_id": 2, "position": {"x": 765, "y": 555}, "inputs": {"left": false, "right": false, "up": false, "down": false}}
2025-09-23 17:51:03,708 - game_server - INFO - log_game_event:61 - Игровое событие: обновление_позиции - {"client_id": 1, "position": {"x": 740, "y": 745}, "inputs": {"left": false, "right": false, "up": false, "down": false}}
2025-09-23 17:51:03,731 - game_server - INFO - log_game_event:61 - Игровое событие: обновление_позиции - {"client_id": 2, "position": {"x": 765, "y": 555}, "inputs": {"left": false, "right": false, "up": false, "down": false}}
2025-09-23 17:51:03,742 - game_server - INFO - log_game_event:61 - Игровое событие: обновление_позиции - {"client_id": 1, "position": {"x": 740, "y": 745}, "inputs": {"left": false, "right": false, "up": false, "down": false}}
2025-09-23 17:51:03,755 - game_server - INFO - log_game_event:61 - Игровое событие: обновление_позиции - {"client_id": 2, "position": {"x": 765, "y": 555}, "inputs": {"left": false, "right": false, "up": false, "down": false}}
2025-09-23 17:51:03,766 - game_server - INFO - log_game_event:61 - Игровое событие: обновление_позиции - {"client_id": 1, "position": {"x": 740, "y": 745}, "inputs": {"left": false, "right": false, "up": false, "down": false}}
2025-09-23 17:51:03,779 - game_server - INFO - log_game_event:61 - Игровое событие: обновление_позиции - {"client_id": 2, "position": {"x": 765, "y": 555}, "inputs": {"left": false, "right": false, "up": false, "down": false}}
2025-09-23 17:51:03,790 - game_server - INFO - log_game_event:61 - Игровое событие: обновление_позиции - {"client_id": 1, "position": {"x": 740, "y": 745}, "inputs": {"left": false, "right": false, "up": false, "down": false}}
2025-09-23 17:51:03,801 - game_server - INFO - log_game_event:61 - Игровое событие: обновление_позиции - {"client_id": 2, "position": {"x": 765, "y": 555}, "inputs": {"left": false, "right": false, "up": false, "down": false}}
2025-09-23 17:51:03,813 - game_server - INFO - log_game_event:61 - Игровое событие: обновление_позиции - {"client_id": 1, "position": {"x": 740, "y": 745}, "inputs": {"left": false, "right": false, "up": false, "down": false}}
2025-09-23 17:51:03,824 - game_server - INFO - log_game_event:61 - Игровое событие: обновление_позиции - {"client_id": 2, "position": {"x": 765, "y": 555}, "inputs": {"left": false, "right": false, "up": false, "down": false}}
2025-09-23 17:51:03,841 - game_server - INFO - log_game_event:61 - Игровое событие: обновление_позиции - {"client_id": 1, "position": {"x": 740, "y": 745}, "inputs": {"left": false, "right": false, "up": false, "down": false}}
2025-09-23 17:51:03,849 - game_server - INFO - log_game_event:61 - Игровое событие: обновление_позиции - {"client_id": 2, "position": {"x": 765, "y": 555}, "inputs": {"left": false, "right": false, "up": false, "down": false}}
2025-09-23 17:51:03,866 - game_server - INFO - log_game_event:61 - Игровое событие: обновление_позиции - {"client_id": 1, "position": {"x": 740, "y": 745}, "inputs": {"left": false, "right": false, "up": false, "down": false}}
2025-09-23 17:51:03,873 - game_server - INFO - log_game_event:61 - Игровое событие: обновление_позиции - {"client_id": 2, "position": {"x": 765, "y": 555}, "inputs": {"left": false, "right": false, "up": false, "down": false}}
2025-09-23 17:51:03,900 - game_server - INFO - log_game_event:61 - Игровое событие: обновление_позиции - {"client_id": 1, "position": {"x": 740, "y": 745}, "inputs": {"left": false, "right": false, "up": false, "down": false}}
2025-09-23 17:51:03,904 - game_server - INFO - log_game_event:61 - Игровое событие: обновление_позиции - {"client_id": 2, "position": {"x": 765, "y": 555}, "inputs": {"left": false, "right": false, "up": false, "down": false}}
2025-09-23 17:51:03,934 - game_server - INFO - log_game_event:61 - Игровое событие: обновление_позиции - {"client_id": 1, "position": {"x": 740, "y": 745}, "inputs": {"left": false, "right": false, "up": false, "down": false}}
2025-09-23 17:51:03,935 - game_server - INFO - log_game_event:61 - Игровое событие: обновление_позиции - {"client_id": 2, "position": {"x": 765, "y": 555}, "inputs": {"left": false, "right": false, "up": false, "down": false}}
2025-09-23 17:51:03,967 - game_server - INFO - log_game_event:61 - Игровое событие: обновление_позиции - {"client_id": 1, "position": {"x": 740, "y": 745}, "inputs": {"left": false, "right": false, "up": false, "down": false}}
2025-09-23 17:51:03,969 - game_server - INFO - log_game_event:61 - Игровое событие: обновление_позиции - {"client_id": 2, "position": {"x": 765, "y": 555}, "inputs": {"left": false, "right": false, "up": false, "down": false}}
2025-09-23 17:51:04,004 - game_server - INFO - log_game_event:61 - Игровое событие: обновление_позиции - {"client_id": 2, "position": {"x": 765, "y": 555}, "inputs": {"left": false, "right": false, "up": false, "down": false}}
2025-09-23 17:51:04,005 - game_server - INFO - log_game_event:61 - Игровое событие: обновление_позиции - {"client_id": 1, "position": {"x": 740, "y": 745}, "inputs": {"left": false, "right": false, "up": false, "down": false}}
2025-09-23 17:51:04,037 - game_server - INFO - log_game_event:61 - Игровое событие: обновление_позиции - {"client_id": 2, "position": {"x": 765, "y": 555}, "inputs": {"left": false, "right": false, "up": false, "down": false}}
2025-09-23 17:51:04,038 - game_server - INFO - log_game_event:61 - Игровое событие: обновление_позиции - {"client_id": 1, "position": {"x": 740, "y": 745}, "inputs": {"left": false, "right": false, "up": false, "down": false}}
2025-09-23 17:51:04,074 - game_server - INFO - log_game_event:61 - Игровое событие: обновление_позиции - {"client_id": 2, "position": {"x": 765, "y": 555}, "inputs": {"left": false, "right": false, "up": false, "down": false}}
2025-09-23 17:51:04,074 - game_server - INFO - log_game_event:61 - Игровое событие: обновление_позиции - {"client_id": 1, "position": {"x": 740, "y": 745}, "inputs": {"left": false, "right": false, "up": false, "down": false}}
2025-09-23 17:51:04,108 - game_server - INFO - log_game_event:61 - Игровое событие: обновление_позиции - {"client_id": 2, "position": {"x": 765, "y": 555}, "inputs": {"left": false, "right": false, "up": false, "down": false}}
2025-09-23 17:51:04,109 - game_server - INFO - log_game_event:61 - Игровое событие: обновление_позиции - {"client_id": 1, "position": {"x": 740, "y": 745}, "inputs": {"left": false, "right": false, "up": false, "down": false}}
2025-09-23 17:51:04,140 - game_server - INFO - log_game_event:61 - Игровое событие: обновление_позиции - {"client_id": 2, "position": {"x": 765, "y": 555}, "inputs": {"left": false, "right": false, "up": false, "down": false}}
2025-09-23 17:51:04,143 - game_server - INFO - log_game_event:61 - Игровое событие: обновление_позиции - {"client_id": 1, "position": {"x": 740, "y": 745}, "inputs": {"left": false, "right": false, "up": false, "down": false}}
2025-09-23 17:51:04,175 - game_server - INFO - log_game_event:61 - Игровое событие: обновление_позиции - {"client_id": 2, "position": {"x": 765, "y": 555}, "inputs": {"left": false, "right": false, "up": false, "down": false}}
2025-09-23 17:51:04,178 - game_server - INFO - log_game_event:61 - Игровое событие: обновление_позиции - {"client_id": 1, "position": {"x": 740, "y": 745}, "inputs": {"left": false, "right": false, "up": false, "down": false}}
2025-09-23 17:51:04,209 - game_server - INFO - log_game_event:61 - Игровое событие: обновление_позиции - {"client_id": 2, "position": {"x": 765, "y": 555}, "inputs": {"left": false, "right": false, "up": false, "down": false}}
2025-09-23 17:51:04,213 - game_server - INFO - log_game_event:61 - Игровое событие: обновление_позиции - {"client_id": 1, "position": {"x": 740, "y": 745}, "inputs": {"left": false, "right": false, "up": false, "down": false}}
2025-09-23 17:51:04,242 - game_server - INFO - log_game_event:61 - Игровое событие: обновление_позиции - {"client_id": 2, "position": {"x": 765, "y": 555}, "inputs": {"left": false, "right": false, "up": false, "down": false}}
2025-09-23 17:51:04,245 - game_server - INFO - log_game_event:61 - Игровое событие: обновление_позиции - {"client_id": 1, "position": {"x": 740, "y": 745}, "inputs": {"left": false, "right": false, "up": false, "down": false}}
2025-09-23 17:51:04,275 - game_server - INFO - log_game_event:61 - Игровое событие: обновление_позиции - {"client_id": 2, "position": {"x": 765, "y": 555}, "inputs": {"left": false, "right": false, "up": false, "down": false}}
2025-09-23 17:51:04,279 - game_server - INFO - log_game_event:61 - Игровое событие: обновление_позиции - {"client_id": 1, "position": {"x": 740, "y": 745}, "inputs": {"left": false, "right": false, "up": false, "down": false}}
2025-09-23 17:51:04,309 - game_server - INFO - log_game_event:61 - Игровое событие: обновление_позиции - {"client_id": 2, "position": {"x": 765, "y": 555}, "inputs": {"left": false, "right": false, "up": false, "down": false}}
2025-09-23 17:51:04,314 - game_server - INFO - log_game_event:61 - Игровое событие: обновление_позиции - {"client_id": 1, "position": {"x": 740, "y": 745}, "inputs": {"left": false, "right": false, "up": false, "down": false}}
2025-09-23 17:51:04,341 - game_server - INFO - log_game_event:61 - Игровое событие: обновление_позиции - {"client_id": 2, "position": {"x": 765, "y": 555}, "inputs": {"left": false, "right": false, "up": false, "down": false}}
2025-09-23 17:51:04,348 - game_server - INFO - log_game_event:61 - Игровое событие: обновление_позиции - {"client_id": 1, "position": {"x": 740, "y": 745}, "inputs": {"left": false, "right": false, "up": false, "down": false}}
2025-09-23 17:51:04,375 - game_server - INFO - log_game_event:61 - Игровое событие: обновление_позиции - {"client_id": 2, "position": {"x": 765, "y": 555}, "inputs": {"left": false, "right": false, "up": false, "down": false}}
2025-09-23 17:51:04,381 - game_server - INFO - log_game_event:61 - Игровое событие: обновление_позиции - {"client_id": 1, "position": {"x": 740, "y": 745}, "inputs": {"left": false, "right": false, "up": false, "down": false}}
2025-09-23 17:51:04,409 - game_server - INFO - log_game_event:61 - Игровое событие: обновление_позиции - {"client_id": 2, "position": {"x": 765, "y": 555}, "inputs": {"left": false, "right": false, "up": false, "down": false}}
2025-09-23 17:51:04,413 - game_server - INFO - log_game_event:61 - Игровое событие: обновление_позиции - {"client_id": 1, "position": {"x": 740, "y": 745}, "inputs": {"left": false, "right": false, "up": false, "down": false}}
2025-09-23 17:51:04,441 - game_server - INFO - log_game_event:61 - Игровое событие: обновление_позиции - {"client_id": 2, "position": {"x": 765, "y": 555}, "inputs": {"left": false, "right": false, "up": false, "down": false}}
2025-09-23 17:51:04,445 - game_server - INFO - log_game_event:61 - Игровое событие: обновление_позиции - {"client_id": 1, "position": {"x": 740, "y": 745}, "inputs": {"left": false, "right": false, "up": false, "down": false}}
2025-09-23 17:51:04,474 - game_server - INFO - log_game_event:61 - Игровое событие: обновление_позиции - {"client_id": 2, "position": {"x": 765, "y": 555}, "inputs": {"left": false, "right": false, "up": false, "down": false}}
2025-09-23 17:51:04,476 - game_server - INFO - log_game_event:61 - Игровое событие: обновление_позиции - {"client_id": 1, "position": {"x": 740, "y": 745}, "inputs": {"left": false, "right": false, "up": false, "down": false}}
2025-09-23 17:51:04,505 - game_server - INFO - log_game_event:61 - Игровое событие: обновление_позиции - {"client_id": 2, "position": {"x": 765, "y": 555}, "inputs": {"left": false, "right": false, "up": false, "down": false}}
2025-09-23 17:51:04,508 - game_server - INFO - log_game_event:61 - Игровое событие: обновление_позиции - {"client_id": 1, "position": {"x": 740, "y": 745}, "inputs": {"left": false, "right": false, "up": false, "down": false}}
2025-09-23 17:51:04,540 - game_server - INFO - log_game_event:61 - Игровое событие: обновление_позиции - {"client_id": 2, "position": {"x": 765, "y": 555}, "inputs": {"left": false, "right": false, "up": false, "down": false}}
2025-09-23 17:51:04,541 - game_server - INFO - log_game_event:61 - Игровое событие: обновление_позиции - {"client_id": 1, "position": {"x": 740, "y": 745}, "inputs": {"left": false, "right": false, "up": false, "down": false}}
2025-09-23 17:51:04,572 - game_server - INFO - log_game_event:61 - Игровое событие: обновление_позиции - {"client_id": 2, "position": {"x": 765, "y": 555}, "inputs": {"left": false, "right": false, "up": false, "down": false}}
2025-09-23 17:51:04,574 - game_server - INFO - log_game_event:61 - Игровое событие: обновление_позиции - {"client_id": 1, "position": {"x": 740, "y": 745}, "inputs": {"left": false, "right": false, "up": false, "down": false}}
2025-09-23 17:51:04,607 - game_server - INFO - log_game_event:61 - Игровое событие: обновление_позиции - {"client_id": 2, "position": {"x": 765, "y": 555}, "inputs": {"left": false, "right": false, "up": false, "down": false}}
2025-09-23 17:51:04,608 - game_server - INFO - log_game_event:61 - Игровое событие: обновление_позиции - {"client_id": 1, "position": {"x": 740, "y": 745}, "inputs": {"left": false, "right": false, "up": false, "down": false}}
2025-09-23 17:51:04,642 - game_server - INFO - log_game_event:61 - Игровое событие: обновление_позиции - {"client_id": 2, "position": {"x": 765, "y": 555}, "inputs": {"left": false, "right": false, "up": false, "down": false}}
2025-09-23 17:51:04,644 - game_server - INFO - log_game_event:61 - Игровое событие: обновление_позиции - {"client_id": 1, "position": {"x": 740, "y": 745}, "inputs": {"left": false, "right": false, "up": false, "down": false}}
2025-09-23 17:51:04,674 - game_server - INFO - log_game_event:61 - Игровое событие: обновление_позиции - {"client_id": 2, "position": {"x": 765, "y": 555}, "inputs": {"left": false, "right": false, "up": false, "down": false}}
2025-09-23 17:51:04,679 - game_server - INFO - log_game_event:61 - Игровое событие: обновление_позиции - {"client_id": 1, "position": {"x": 740, "y": 745}, "inputs": {"left": false, "right": false, "up": false, "down": false}}
2025-09-23 17:51:04,707 - game_server - INFO - log_game_event:61 - Игровое событие: обновление_позиции - {"client_id": 2, "position": {"x": 765, "y": 555}, "inputs": {"left": false, "right": false, "up": false, "down": false}}
2025-09-23 17:51:04,711 - game_server - INFO - log_game_event:61 - Игровое событие: обновление_позиции - {"client_id": 1, "position": {"x": 740, "y": 745}, "inputs": {"left": false, "right": false, "up": false, "down": false}}
2025-09-23 17:51:04,742 - game_server - INFO - log_game_event:61 - Игровое событие: обновление_позиции - {"client_id": 2, "position": {"x": 765, "y": 555}, "inputs": {"left": false, "right": false, "up": false, "down": false}}
2025-09-23 17:51:04,746 - game_server - INFO - log_game_event:61 - Игровое событие: обновление_позиции - {"client_id": 1, "position": {"x": 740, "y": 745}, "inputs": {"left": false, "right": false, "up": false, "down": false}}
2025-09-23 17:51:04,774 - game_server - INFO - log_game_event:61 - Игровое событие: обновление_позиции - {"client_id": 2, "position": {"x": 765, "y": 555}, "inputs": {"left": false, "right": false, "up": false, "down": false}}
2025-09-23 17:51:04,780 - game_server - INFO - log_game_event:61 - Игровое событие: обновление_позиции - {"client_id": 1, "position": {"x": 740, "y": 745}, "inputs": {"left": false, "right": false, "up": false, "down": false}}
2025-09-23 17:51:04,807 - game_server - INFO - log_game_event:61 - Игровое событие: обновление_позиции - {"client_id": 2, "position": {"x": 765, "y": 555}, "inputs": {"left": false, "right": false, "up": false, "down": false}}
2025-09-23 17:51:04,813 - game_server - INFO - log_game_event:61 - Игровое событие: обновление_позиции - {"client_id": 1, "position": {"x": 740, "y": 745}, "inputs": {"left": false, "right": false, "up": false, "down": false}}
2025-09-23 17:51:04,841 - game_server - INFO - log_game_event:61 - Игровое событие: обновление_позиции - {"client_id": 2, "position": {"x": 765, "y": 555}, "inputs": {"left": false, "right": false, "up": false, "down": false}}
2025-09-23 17:51:04,847 - game_server - INFO - log_game_event:61 - Игровое событие: обновление_позиции - {"client_id": 1, "position": {"x": 740, "y": 745}, "inputs": {"left": false, "right": false, "up": false, "down": false}}
2025-09-23 17:51:04,874 - game_server - INFO - log_game_event:61 - Игровое событие: обновление_позиции - {"client_id": 2, "position": {"x": 765, "y": 555}, "inputs": {"left": false, "right": false, "up": false, "down": false}}
2025-09-23 17:51:04,879 - game_server - INFO - log_game_event:61 - Игровое событие: обновление_позиции - {"client_id": 1, "position": {"x": 740, "y": 745}, "inputs": {"left": false, "right": false, "up": false, "down": false}}
2025-09-23 17:51:04,906 - game_server - INFO - log_game_event:61 - Игровое событие: обновление_позиции - {"client_id": 2, "position": {"x": 765, "y": 555}, "inputs": {"left": false, "right": false, "up": false, "down": false}}
2025-09-23 17:51:04,913 - game_server - INFO - log_game_event:61 - Игровое событие: обновление_позиции - {"client_id": 1, "position": {"x": 740, "y": 745}, "inputs": {"left": false, "right": false, "up": false, "down": false}}
2025-09-23 17:51:04,940 - game_server - INFO - log_game_event:61 - Игровое событие: обновление_позиции - {"client_id": 2, "position": {"x": 765, "y": 555}, "inputs": {"left": false, "right": false, "up": false, "down": false}}
2025-09-23 17:51:04,948 - game_server - INFO - log_game_event:61 - Игровое событие: обновление_позиции - {"client_id": 1, "position": {"x": 740, "y": 745}, "inputs": {"left": false, "right": false, "up": false, "down": false}}
2025-09-23 17:51:04,973 - game_server - INFO - log_game_event:61 - Игровое событие: обновление_позиции - {"client_id": 2, "position": {"x": 765, "y": 555}, "inputs": {"left": false, "right": false, "up": false, "down": false}}
2025-09-23 17:51:04,980 - game_server - INFO - log_game_event:61 - Игровое событие: обновление_позиции - {"client_id": 1, "position": {"x": 740, "y": 745}, "inputs": {"left": false, "right": false, "up": false, "down": false}}
2025-09-23 17:51:05,006 - game_server - INFO - log_game_event:61 - Игровое событие: обновление_позиции - {"client_id": 2, "position": {"x": 765, "y": 555}, "inputs": {"left": false, "right": false, "up": false, "down": false}}
2025-09-23 17:51:05,015 - game_server - INFO - log_game_event:61 - Игровое событие: обновление_позиции - {"client_id": 1, "position": {"x": 740, "y": 745}, "inputs": {"left": false, "right": false, "up": false, "down": false}}
2025-09-23 17:51:05,040 - game_server - INFO - log_game_event:61 - Игровое событие: обновление_позиции - {"client_id": 2, "position": {"x": 765, "y": 555}, "inputs": {"left": false, "right": false, "up": false, "down": false}}
2025-09-23 17:51:05,048 - game_server - INFO - log_game_event:61 - Игровое событие: обновление_позиции - {"client_id": 1, "position": {"x": 740, "y": 745}, "inputs": {"left": false, "right": false, "up": false, "down": false}}
2025-09-23 17:51:05,075 - game_server - INFO - log_game_event:61 - Игровое событие: обновление_позиции - {"client_id": 2, "position": {"x": 765, "y": 555}, "inputs": {"left": false, "right": false, "up": false, "down": false}}
2025-09-23 17:51:05,083 - game_server - INFO - log_game_event:61 - Игровое событие: обновление_позиции - {"client_id": 1, "position": {"x": 740, "y": 745}, "inputs": {"left": false, "right": false, "up": false, "down": false}}
2025-09-23 17:51:05,107 - game_server - INFO - log_game_event:61 - Игровое событие: обновление_позиции - {"client_id": 2, "position": {"x": 765, "y": 555}, "inputs": {"left": false, "right": false, "up": false, "down": false}}
2025-09-23 17:51:05,117 - game_server - INFO - log_game_event:61 - Игровое событие: обновление_позиции - {"client_id": 1, "position": {"x": 740, "y": 750}, "inputs": {"left": false, "right": false, "up": false, "down": true}}
2025-09-23 17:51:05,139 - game_server - INFO - log_game_event:61 - Игровое событие: обновление_позиции - {"client_id": 2, "position": {"x": 765, "y": 555}, "inputs": {"left": false, "right": false, "up": false, "down": false}}
2025-09-23 17:51:05,151 - game_server - INFO - log_game_event:61 - Игровое событие: обновление_позиции - {"client_id": 1, "position": {"x": 740, "y": 755}, "inputs": {"left": false, "right": false, "up": false, "down": true}}
2025-09-23 17:51:05,171 - game_server - INFO - log_game_event:61 - Игровое событие: обновление_позиции - {"client_id": 2, "position": {"x": 765, "y": 555}, "inputs": {"left": false, "right": false, "up": false, "down": false}}
2025-09-23 17:51:05,182 - game_server - INFO - log_game_event:61 - Игровое событие: обновление_позиции - {"client_id": 1, "position": {"x": 740, "y": 760}, "inputs": {"left": false, "right": false, "up": false, "down": true}}
2025-09-23 17:51:05,203 - game_server - INFO - log_game_event:61 - Игровое событие: обновление_позиции - {"client_id": 2, "position": {"x": 765, "y": 555}, "inputs": {"left": false, "right": false, "up": false, "down": false}}
2025-09-23 17:51:05,213 - game_server - INFO - log_game_event:61 - Игровое событие: обновление_позиции - {"client_id": 1, "position": {"x": 740, "y": 765}, "inputs": {"left": false, "right": false, "up": false, "down": true}}
2025-09-23 17:51:05,234 - game_server - INFO - log_game_event:61 - Игровое событие: обновление_позиции - {"client_id": 2, "position": {"x": 765, "y": 555}, "inputs": {"left": false, "right": false, "up": false, "down": false}}
2025-09-23 17:51:05,245 - game_server - INFO - log_game_event:61 - Игровое событие: обновление_позиции - {"client_id": 1, "position": {"x": 740, "y": 770}, "inputs": {"left": false, "right": false, "up": false, "down": true}}
2025-09-23 17:51:05,268 - game_server - INFO - log_game_event:61 - Игровое событие: обновление_позиции - {"client_id": 2, "position": {"x": 765, "y": 555}, "inputs": {"left": false, "right": false, "up": false, "down": false}}
2025-09-23 17:51:05,279 - game_server - INFO - log_game_event:61 - Игровое событие: обновление_позиции - {"client_id": 1, "position": {"x": 740, "y": 775}, "inputs": {"left": false, "right": false, "up": false, "down": true}}
2025-09-23 17:51:05,301 - game_server - INFO - log_game_event:61 - Игровое событие: обновление_позиции - {"client_id": 2, "position": {"x": 765, "y": 555}, "inputs": {"left": false, "right": false, "up": false, "down": false}}
2025-09-23 17:51:05,311 - game_server - INFO - log_game_event:61 - Игровое событие: обновление_позиции - {"client_id": 1, "position": {"x": 740, "y": 780}, "inputs": {"left": false, "right": false, "up": false, "down": true}}
2025-09-23 17:51:05,335 - game_server - INFO - log_game_event:61 - Игровое событие: обновление_позиции - {"client_id": 2, "position": {"x": 765, "y": 555}, "inputs": {"left": false, "right": false, "up": false, "down": false}}
2025-09-23 17:51:05,344 - game_server - INFO - log_game_event:61 - Игровое событие: обновление_позиции - {"client_id": 1, "position": {"x": 740, "y": 785}, "inputs": {"left": false, "right": false, "up": false, "down": true}}
2025-09-23 17:51:05,368 - game_server - INFO - log_game_event:61 - Игровое событие: обновление_позиции - {"client_id": 2, "position": {"x": 765, "y": 555}, "inputs": {"left": false, "right": false, "up": false, "down": false}}
2025-09-23 17:51:05,377 - game_server - INFO - log_game_event:61 - Игровое событие: обновление_позиции - {"client_id": 1, "position": {"x": 740, "y": 790}, "inputs": {"left": false, "right": false, "up": false, "down": true}}
2025-09-23 17:51:05,403 - game_server - INFO - log_game_event:61 - Игровое событие: обновление_позиции - {"client_id": 2, "position": {"x": 765, "y": 555}, "inputs": {"left": false, "right": false, "up": false, "down": false}}
2025-09-23 17:51:05,410 - game_server - INFO - log_game_event:61 - Игровое событие: обновление_позиции - {"client_id": 1, "position": {"x": 740, "y": 795}, "inputs": {"left": false, "right": false, "up": false, "down": true}}
2025-09-23 17:51:05,436 - game_server - INFO - log_game_event:61 - Игровое событие: обновление_позиции - {"client_id": 2, "position": {"x": 765, "y": 555}, "inputs": {"left": false, "right": false, "up": false, "down": false}}
2025-09-23 17:51:05,444 - game_server - INFO - log_game_event:61 - Игровое событие: обновление_позиции - {"client_id": 1, "position": {"x": 740, "y": 800}, "inputs": {"left": false, "right": false, "up": false, "down": true}}
2025-09-23 17:51:05,469 - game_server - INFO - log_game_event:61 - Игровое событие: обновление_позиции - {"client_id": 2, "position": {"x": 765, "y": 555}, "inputs": {"left": false, "right": false, "up": false, "down": false}}
2025-09-23 17:51:05,478 - game_server - INFO - log_game_event:61 - Игровое событие: обновление_позиции - {"client_id": 1, "position": {"x": 740, "y": 805}, "inputs": {"left": false, "right": false, "up": false, "down": true}}
2025-09-23 17:51:05,502 - game_server - INFO - log_game_event:61 - Игровое событие: обновление_позиции - {"client_id": 2, "position": {"x": 765, "y": 555}, "inputs": {"left": false, "right": false, "up": false, "down": false}}
2025-09-23 17:51:05,511 - game_server - INFO - log_game_event:61 - Игровое событие: обновление_позиции - {"client_id": 1, "position": {"x": 740, "y": 810}, "inputs": {"left": false, "right": false, "up": false, "down": true}}
2025-09-23 17:51:05,535 - game_server - INFO - log_game_event:61 - Игровое событие: обновление_позиции - {"client_id": 2, "position": {"x": 765, "y": 555}, "inputs": {"left": false, "right": false, "up": false, "down": false}}
2025-09-23 17:51:05,544 - game_server - INFO - log_game_event:61 - Игровое событие: обновление_позиции - {"client_id": 1, "position": {"x": 740, "y": 815}, "inputs": {"left": false, "right": false, "up": false, "down": true}}
2025-09-23 17:51:05,569 - game_server - INFO - log_game_event:61 - Игровое событие: обновление_позиции - {"client_id": 2, "position": {"x": 765, "y": 555}, "inputs": {"left": false, "right": false, "up": false, "down": false}}
2025-09-23 17:51:05,576 - game_server - INFO - log_game_event:61 - Игровое событие: обновление_позиции - {"client_id": 1, "position": {"x": 740, "y": 815}, "inputs": {"left": false, "right": false, "up": false, "down": false}}
2025-09-23 17:51:05,602 - game_server - INFO - log_game_event:61 - Игровое событие: обновление_позиции - {"client_id": 2, "position": {"x": 765, "y": 555}, "inputs": {"left": false, "right": false, "up": false, "down": false}}
2025-09-23 17:51:05,605 - game_server - INFO - log_game_event:61 - Игровое событие: обновление_позиции - {"client_id": 1, "position": {"x": 740, "y": 815}, "inputs": {"left": false, "right": false, "up": false, "down": false}}
2025-09-23 17:51:05,635 - game_server - INFO - log_game_event:61 - Игровое событие: обновление_позиции - {"client_id": 2, "position": {"x": 765, "y": 555}, "inputs": {"left": false, "right": false, "up": false, "down": false}}
2025-09-23 17:51:05,638 - game_server - INFO - log_game_event:61 - Игровое событие: обновление_позиции - {"client_id": 1, "position": {"x": 740, "y": 815}, "inputs": {"left": false, "right": false, "up": false, "down": false}}
2025-09-23 17:51:05,670 - game_server - INFO - log_game_event:61 - Игровое событие: обновление_позиции - {"client_id": 2, "position": {"x": 765, "y": 555}, "inputs": {"left": false, "right": false, "up": false, "down": false}}
2025-09-23 17:51:05,675 - game_server - INFO - log_game_event:61 - Игровое событие: обновление_позиции - {"client_id": 1, "position": {"x": 745, "y": 815}, "inputs": {"left": false, "right": true, "up": false, "down": false}}
2025-09-23 17:51:05,703 - game_server - INFO - log_game_event:61 - Игровое событие: обновление_позиции - {"client_id": 2, "position": {"x": 765, "y": 555}, "inputs": {"left": false, "right": false, "up": false, "down": false}}
2025-09-23 17:51:05,709 - game_server - INFO - log_game_event:61 - Игровое событие: обновление_позиции - {"client_id": 1, "position": {"x": 750, "y": 815}, "inputs": {"left": false, "right": true, "up": false, "down": false}}
2025-09-23 17:51:05,738 - game_server - INFO - log_game_event:61 - Игровое событие: обновление_позиции - {"client_id": 2, "position": {"x": 765, "y": 555}, "inputs": {"left": false, "right": false, "up": false, "down": false}}
2025-09-23 17:51:05,744 - game_server - INFO - log_game_event:61 - Игровое событие: обновление_позиции - {"client_id": 1, "position": {"x": 755, "y": 815}, "inputs": {"left": false, "right": true, "up": false, "down": false}}
2025-09-23 17:51:05,771 - game_server - INFO - log_game_event:61 - Игровое событие: обновление_позиции - {"client_id": 2, "position": {"x": 765, "y": 555}, "inputs": {"left": false, "right": false, "up": false, "down": false}}
2025-09-23 17:51:05,778 - game_server - INFO - log_game_event:61 - Игровое событие: обновление_позиции - {"client_id": 1, "position": {"x": 760, "y": 815}, "inputs": {"left": false, "right": true, "up": false, "down": false}}
2025-09-23 17:51:05,807 - game_server - INFO - log_game_event:61 - Игровое событие: обновление_позиции - {"client_id": 2, "position": {"x": 765, "y": 555}, "inputs": {"left": false, "right": false, "up": false, "down": false}}
2025-09-23 17:51:05,812 - game_server - INFO - log_game_event:61 - Игровое событие: обновление_позиции - {"client_id": 1, "position": {"x": 765, "y": 815}, "inputs": {"left": false, "right": true, "up": false, "down": false}}
2025-09-23 17:51:05,839 - game_server - INFO - log_game_event:61 - Игровое событие: обновление_позиции - {"client_id": 2, "position": {"x": 765, "y": 555}, "inputs": {"left": false, "right": false, "up": false, "down": false}}
2025-09-23 17:51:05,844 - game_server - INFO - log_game_event:61 - Игровое событие: обновление_позиции - {"client_id": 1, "position": {"x": 770, "y": 815}, "inputs": {"left": false, "right": true, "up": false, "down": false}}
2025-09-23 17:51:05,874 - game_server - INFO - log_game_event:61 - Игровое событие: обновление_позиции - {"client_id": 2, "position": {"x": 765, "y": 555}, "inputs": {"left": false, "right": false, "up": false, "down": false}}
2025-09-23 17:51:05,877 - game_server - INFO - log_game_event:61 - Игровое событие: обновление_позиции - {"client_id": 1, "position": {"x": 775, "y": 815}, "inputs": {"left": false, "right": true, "up": false, "down": false}}
2025-09-23 17:51:05,907 - game_server - INFO - log_game_event:61 - Игровое событие: обновление_позиции - {"client_id": 2, "position": {"x": 765, "y": 555}, "inputs": {"left": false, "right": false, "up": false, "down": false}}
2025-09-23 17:51:05,911 - game_server - INFO - log_game_event:61 - Игровое событие: обновление_позиции - {"client_id": 1, "position": {"x": 780, "y": 815}, "inputs": {"left": false, "right": true, "up": false, "down": false}}
2025-09-23 17:51:05,939 - game_server - INFO - log_game_event:61 - Игровое событие: обновление_позиции - {"client_id": 2, "position": {"x": 765, "y": 555}, "inputs": {"left": false, "right": false, "up": false, "down": false}}
2025-09-23 17:51:05,944 - game_server - INFO - log_game_event:61 - Игровое событие: обновление_позиции - {"client_id": 1, "position": {"x": 785, "y": 815}, "inputs": {"left": false, "right": true, "up": false, "down": false}}
2025-09-23 17:51:05,974 - game_server - INFO - log_game_event:61 - Игровое событие: обновление_позиции - {"client_id": 2, "position": {"x": 765, "y": 555}, "inputs": {"left": false, "right": false, "up": false, "down": false}}
2025-09-23 17:51:05,978 - game_server - INFO - log_game_event:61 - Игровое событие: обновление_позиции - {"client_id": 1, "position": {"x": 785, "y": 815}, "inputs": {"left": false, "right": false, "up": false, "down": false}}
2025-09-23 17:51:06,008 - game_server - INFO - log_game_event:61 - Игровое событие: обновление_позиции - {"client_id": 2, "position": {"x": 765, "y": 555}, "inputs": {"left": false, "right": false, "up": false, "down": false}}
2025-09-23 17:51:06,011 - game_server - INFO - log_game_event:61 - Игровое событие: обновление_позиции - {"client_id": 1, "position": {"x": 785, "y": 815}, "inputs": {"left": false, "right": false, "up": false, "down": false}}
2025-09-23 17:51:06,042 - game_server - INFO - log_game_event:61 - Игровое событие: обновление_позиции - {"client_id": 2, "position": {"x": 765, "y": 555}, "inputs": {"left": false, "right": false, "up": false, "down": false}}
2025-09-23 17:51:06,044 - game_server - INFO - log_game_event:61 - Игровое событие: обновление_позиции - {"client_id": 1, "position": {"x": 785, "y": 815}, "inputs": {"left": false, "right": false, "up": false, "down": false}}
2025-09-23 17:51:06,076 - game_server - INFO - log_game_event:61 - Игровое событие: обновление_позиции - {"client_id": 2, "position": {"x": 765, "y": 555}, "inputs": {"left": false, "right": false, "up": false, "down": false}}
2025-09-23 17:51:06,077 - game_server - INFO - log_game_event:61 - Игровое событие: обновление_позиции - {"client_id": 1, "position": {"x": 785, "y": 815}, "inputs": {"left": false, "right": false, "up": false, "down": false}}
2025-09-23 17:51:06,108 - game_server - INFO - log_game_event:61 - Игровое событие: обновление_позиции - {"client_id": 2, "position": {"x": 765, "y": 555}, "inputs": {"left": false, "right": false, "up": false, "down": false}}
2025-09-23 17:51:06,110 - game_server - INFO - log_game_event:61 - Игровое событие: обновление_позиции - {"client_id": 1, "position": {"x": 785, "y": 815}, "inputs": {"left": false, "right": false, "up": false, "down": false}}
2025-09-23 17:51:06,142 - game_server - INFO - log_game_event:61 - Игровое событие: обновление_позиции - {"client_id": 2, "position": {"x": 765, "y": 555}, "inputs": {"left": false, "right": false, "up": false, "down": false}}
2025-09-23 17:51:06,145 - game_server - INFO - log_game_event:61 - Игровое событие: обновление_позиции - {"client_id": 1, "position": {"x": 785, "y": 815}, "inputs": {"left": false, "right": false, "up": false, "down": false}}
2025-09-23 17:51:06,176 - game_server - INFO - log_game_event:61 - Игровое событие: обновление_позиции - {"client_id": 2, "position": {"x": 765, "y": 555}, "inputs": {"left": false, "right": false, "up": false, "down": false}}
2025-09-23 17:51:06,180 - game_server - INFO - log_game_event:61 - Игровое событие: обновление_позиции - {"client_id": 1, "position": {"x": 785, "y": 815}, "inputs": {"left": false, "right": false, "up": false, "down": false}}
2025-09-23 17:51:06,209 - game_server - INFO - log_game_event:61 - Игровое событие: обновление_позиции - {"client_id": 2, "position": {"x": 765, "y": 555}, "inputs": {"left": false, "right": false, "up": false, "down": false}}
2025-09-23 17:51:06,214 - game_server - INFO - log_game_event:61 - Игровое событие: обновление_позиции - {"client_id": 1, "position": {"x": 785, "y": 815}, "inputs": {"left": false, "right": false, "up": false, "down": false}}
2025-09-23 17:51:06,243 - game_server - INFO - log_game_event:61 - Игровое событие: обновление_позиции - {"client_id": 2, "position": {"x": 765, "y": 555}, "inputs": {"left": false, "right": false, "up": false, "down": false}}
2025-09-23 17:51:06,245 - game_server - INFO - log_game_event:61 - Игровое событие: обновление_позиции - {"client_id": 1, "position": {"x": 785, "y": 815}, "inputs": {"left": false, "right": false, "up": false, "down": false}}
2025-09-23 17:51:06,275 - game_server - INFO - log_game_event:61 - Игровое событие: обновление_позиции - {"client_id": 2, "position": {"x": 765, "y": 555}, "inputs": {"left": false, "right": false, "up": false, "down": false}}
2025-09-23 17:51:06,278 - game_server - INFO - log_game_event:61 - Игровое событие: обновление_позиции - {"client_id": 1, "position": {"x": 785, "y": 815}, "inputs": {"left": false, "right": false, "up": false, "down": false}}
2025-09-23 17:51:06,308 - game_server - INFO - log_game_event:61 - Игровое событие: обновление_позиции - {"client_id": 2, "position": {"x": 765, "y": 555}, "inputs": {"left": false, "right": false, "up": false, "down": false}}
2025-09-23 17:51:06,309 - game_server - INFO - log_game_event:61 - Игровое событие: обновление_позиции - {"client_id": 1, "position": {"x": 785, "y": 815}, "inputs": {"left": false, "right": false, "up": false, "down": false}}
2025-09-23 17:51:06,341 - game_server - INFO - log_game_event:61 - Игровое событие: обновление_позиции - {"client_id": 2, "position": {"x": 765, "y": 555}, "inputs": {"left": false, "right": false, "up": false, "down": false}}
2025-09-23 17:51:06,344 - game_server - INFO - log_game_event:61 - Игровое событие: обновление_позиции - {"client_id": 1, "position": {"x": 785, "y": 815}, "inputs": {"left": false, "right": false, "up": false, "down": false}}
2025-09-23 17:51:06,371 - game_server - INFO - log_game_event:61 - Игровое событие: обновление_позиции - {"client_id": 2, "position": {"x": 765, "y": 555}, "inputs": {"left": false, "right": false, "up": false, "down": false}}
2025-09-23 17:51:06,373 - game_server - INFO - log_game_event:61 - Игровое событие: обновление_позиции - {"client_id": 1, "position": {"x": 785, "y": 815}, "inputs": {"left": false, "right": false, "up": false, "down": false}}
2025-09-23 17:51:06,402 - game_server - INFO - log_game_event:61 - Игровое событие: обновление_позиции - {"client_id": 2, "position": {"x": 765, "y": 555}, "inputs": {"left": false, "right": false, "up": false, "down": false}}
2025-09-23 17:51:06,405 - game_server - INFO - log_game_event:61 - Игровое событие: обновление_позиции - {"client_id": 1, "position": {"x": 785, "y": 815}, "inputs": {"left": false, "right": false, "up": false, "down": false}}
2025-09-23 17:51:06,433 - game_server - INFO - log_game_event:61 - Игровое событие: обновление_позиции - {"client_id": 2, "position": {"x": 765, "y": 555}, "inputs": {"left": false, "right": false, "up": false, "down": false}}
2025-09-23 17:51:06,437 - game_server - INFO - log_game_event:61 - Игровое событие: обновление_позиции - {"client_id": 1, "position": {"x": 785, "y": 815}, "inputs": {"left": false, "right": false, "up": false, "down": false}}
2025-09-23 17:51:06,466 - game_server - INFO - log_game_event:61 - Игровое событие: обновление_позиции - {"client_id": 2, "position": {"x": 765, "y": 555}, "inputs": {"left": false, "right": false, "up": false, "down": false}}
2025-09-23 17:51:06,469 - game_server - INFO - log_game_event:61 - Игровое событие: обновление_позиции - {"client_id": 1, "position": {"x": 785, "y": 815}, "inputs": {"left": false, "right": false, "up": false, "down": false}}
2025-09-23 17:51:06,499 - game_server - INFO - log_game_event:61 - Игровое событие: обновление_позиции - {"client_id": 2, "position": {"x": 765, "y": 555}, "inputs": {"left": false, "right": false, "up": false, "down": false}}
2025-09-23 17:51:06,503 - game_server - INFO - log_game_event:61 - Игровое событие: обновление_позиции - {"client_id": 1, "position": {"x": 785, "y": 815}, "inputs": {"left": false, "right": false, "up": false, "down": false}}
2025-09-23 17:51:06,534 - game_server - INFO - log_game_event:61 - Игровое событие: обновление_позиции - {"client_id": 2, "position": {"x": 765, "y": 555}, "inputs": {"left": false, "right": false, "up": false, "down": false}}
2025-09-23 17:51:06,537 - game_server - INFO - log_game_event:61 - Игровое событие: обновление_позиции - {"client_id": 1, "position": {"x": 785, "y": 815}, "inputs": {"left": false, "right": false, "up": false, "down": false}}
2025-09-23 17:51:06,568 - game_server - INFO - log_game_event:61 - Игровое событие: обновление_позиции - {"client_id": 2, "position": {"x": 765, "y": 555}, "inputs": {"left": false, "right": false, "up": false, "down": false}}
2025-09-23 17:51:06,572 - game_server - INFO - log_game_event:61 - Игровое событие: обновление_позиции - {"client_id": 1, "position": {"x": 785, "y": 815}, "inputs": {"left": false, "right": false, "up": false, "down": false}}
2025-09-23 17:51:06,603 - game_server - INFO - log_game_event:61 - Игровое событие: обновление_позиции - {"client_id": 2, "position": {"x": 765, "y": 555}, "inputs": {"left": false, "right": false, "up": false, "down": false}}
2025-09-23 17:51:06,606 - game_server - INFO - log_game_event:61 - Игровое событие: обновление_позиции - {"client_id": 1, "position": {"x": 785, "y": 815}, "inputs": {"left": false, "right": false, "up": false, "down": false}}
2025-09-23 17:51:06,636 - game_server - INFO - log_game_event:61 - Игровое событие: обновление_позиции - {"client_id": 2, "position": {"x": 765, "y": 555}, "inputs": {"left": false, "right": false, "up": false, "down": false}}
2025-09-23 17:51:06,640 - game_server - INFO - log_game_event:61 - Игровое событие: обновление_позиции - {"client_id": 1, "position": {"x": 785, "y": 815}, "inputs": {"left": false, "right": false, "up": false, "down": false}}
2025-09-23 17:51:06,671 - game_server - INFO - log_game_event:61 - Игровое событие: обновление_позиции - {"client_id": 2, "position": {"x": 765, "y": 555}, "inputs": {"left": false, "right": false, "up": false, "down": false}}
2025-09-23 17:51:06,674 - game_server - INFO - log_game_event:61 - Игровое событие: обновление_позиции - {"client_id": 1, "position": {"x": 785, "y": 815}, "inputs": {"left": false, "right": false, "up": false, "down": false}}
2025-09-23 17:51:06,704 - game_server - INFO - log_game_event:61 - Игровое событие: обновление_позиции - {"client_id": 2, "position": {"x": 765, "y": 555}, "inputs": {"left": false, "right": false, "up": false, "down": false}}
2025-09-23 17:51:06,708 - game_server - INFO - log_game_event:61 - Игровое событие: обновление_позиции - {"client_id": 1, "position": {"x": 785, "y": 815}, "inputs": {"left": false, "right": false, "up": false, "down": false}}
2025-09-23 17:51:06,738 - game_server - INFO - log_game_event:61 - Игровое событие: обновление_позиции - {"client_id": 2, "position": {"x": 765, "y": 555}, "inputs": {"left": false, "right": false, "up": false, "down": false}}
2025-09-23 17:51:06,742 - game_server - INFO - log_game_event:61 - Игровое событие: обновление_позиции - {"client_id": 1, "position": {"x": 785, "y": 815}, "inputs": {"left": false, "right": false, "up": false, "down": false}}
2025-09-23 17:51:06,772 - game_server - INFO - log_game_event:61 - Игровое событие: обновление_позиции - {"client_id": 2, "position": {"x": 765, "y": 555}, "inputs": {"left": false, "right": false, "up": false, "down": false}}
2025-09-23 17:51:06,776 - game_server - INFO - log_game_event:61 - Игровое событие: обновление_позиции - {"client_id": 1, "position": {"x": 785, "y": 815}, "inputs": {"left": false, "right": false, "up": false, "down": false}}
2025-09-23 17:51:06,805 - game_server - INFO - log_game_event:61 - Игровое событие: обновление_позиции - {"client_id": 2, "position": {"x": 765, "y": 555}, "inputs": {"left": false, "right": false, "up": false, "down": false}}
2025-09-23 17:51:06,811 - game_server - INFO - log_game_event:61 - Игровое событие: обновление_позиции - {"client_id": 1, "position": {"x": 785, "y": 815}, "inputs": {"left": false, "right": false, "up": false, "down": false}}
2025-09-23 17:51:06,838 - game_server - INFO - log_game_event:61 - Игровое событие: обновление_позиции - {"client_id": 2, "position": {"x": 765, "y": 555}, "inputs": {"left": false, "right": false, "up": false, "down": false}}
2025-09-23 17:51:06,844 - game_server - INFO - log_game_event:61 - Игровое событие: обновление_позиции - {"client_id": 1, "position": {"x": 785, "y": 815}, "inputs": {"left": false, "right": false, "up": false, "down": false}}
2025-09-23 17:51:06,871 - game_server - INFO - log_game_event:61 - Игровое событие: обновление_позиции - {"client_id": 2, "position": {"x": 765, "y": 555}, "inputs": {"left": false, "right": false, "up": false, "down": false}}
2025-09-23 17:51:06,880 - game_server - INFO - log_game_event:61 - Игровое событие: обновление_позиции - {"client_id": 1, "position": {"x": 785, "y": 815}, "inputs": {"left": false, "right": false, "up": false, "down": false}}
2025-09-23 17:51:06,907 - game_server - INFO - log_game_event:61 - Игровое событие: обновление_позиции - {"client_id": 2, "position": {"x": 765, "y": 555}, "inputs": {"left": false, "right": false, "up": false, "down": false}}
2025-09-23 17:51:06,914 - game_server - INFO - log_game_event:61 - Игровое событие: обновление_позиции - {"client_id": 1, "position": {"x": 785, "y": 815}, "inputs": {"left": false, "right": false, "up": false, "down": false}}
2025-09-23 17:51:06,938 - game_server - INFO - log_game_event:61 - Игровое событие: обновление_позиции - {"client_id": 2, "position": {"x": 765, "y": 555}, "inputs": {"left": false, "right": false, "up": false, "down": false}}
2025-09-23 17:51:06,943 - game_server - INFO - log_game_event:61 - Игровое событие: обновление_позиции - {"client_id": 1, "position": {"x": 785, "y": 815}, "inputs": {"left": false, "right": false, "up": false, "down": false}}
2025-09-23 17:51:06,971 - game_server - INFO - log_game_event:61 - Игровое событие: обновление_позиции - {"client_id": 2, "position": {"x": 765, "y": 555}, "inputs": {"left": false, "right": false, "up": false, "down": false}}
2025-09-23 17:51:06,975 - game_server - INFO - log_game_event:61 - Игровое событие: обновление_позиции - {"client_id": 1, "position": {"x": 785, "y": 815}, "inputs": {"left": false, "right": false, "up": false, "down": false}}
2025-09-23 17:51:07,004 - game_server - INFO - log_game_event:61 - Игровое событие: обновление_позиции - {"client_id": 2, "position": {"x": 765, "y": 555}, "inputs": {"left": false, "right": false, "up": false, "down": false}}
2025-09-23 17:51:07,009 - game_server - INFO - log_game_event:61 - Игровое событие: обновление_позиции - {"client_id": 1, "position": {"x": 785, "y": 815}, "inputs": {"left": false, "right": false, "up": false, "down": false}}
2025-09-23 17:51:07,039 - game_server - INFO - log_game_event:61 - Игровое событие: обновление_позиции - {"client_id": 2, "position": {"x": 765, "y": 555}, "inputs": {"left": false, "right": false, "up": false, "down": false}}
2025-09-23 17:51:07,045 - game_server - INFO - log_game_event:61 - Игровое событие: обновление_позиции - {"client_id": 1, "position": {"x": 785, "y": 815}, "inputs": {"left": false, "right": false, "up": false, "down": false}}
2025-09-23 17:51:07,074 - game_server - INFO - log_game_event:61 - Игровое событие: обновление_позиции - {"client_id": 2, "position": {"x": 765, "y": 555}, "inputs": {"left": false, "right": false, "up": false, "down": false}}
2025-09-23 17:51:07,079 - game_server - INFO - log_game_event:61 - Игровое событие: обновление_позиции - {"client_id": 1, "position": {"x": 785, "y": 815}, "inputs": {"left": false, "right": false, "up": false, "down": false}}
2025-09-23 17:51:07,105 - game_server - INFO - log_game_event:61 - Игровое событие: обновление_позиции - {"client_id": 2, "position": {"x": 765, "y": 555}, "inputs": {"left": false, "right": false, "up": false, "down": false}}
2025-09-23 17:51:07,114 - game_server - INFO - log_game_event:61 - Игровое событие: обновление_позиции - {"client_id": 1, "position": {"x": 785, "y": 815}, "inputs": {"left": false, "right": false, "up": false, "down": false}}
2025-09-23 17:51:07,138 - game_server - INFO - log_game_event:61 - Игровое событие: обновление_позиции - {"client_id": 2, "position": {"x": 765, "y": 555}, "inputs": {"left": false, "right": false, "up": false, "down": false}}
2025-09-23 17:51:07,149 - game_server - INFO - log_game_event:61 - Игровое событие: обновление_позиции - {"client_id": 1, "position": {"x": 785, "y": 815}, "inputs": {"left": false, "right": false, "up": false, "down": false}}
2025-09-23 17:51:07,170 - game_server - INFO - log_game_event:61 - Игровое событие: обновление_позиции - {"client_id": 2, "position": {"x": 765, "y": 555}, "inputs": {"left": false, "right": false, "up": false, "down": false}}
2025-09-23 17:51:07,183 - game_server - INFO - log_game_event:61 - Игровое событие: обновление_позиции - {"client_id": 1, "position": {"x": 785, "y": 815}, "inputs": {"left": false, "right": false, "up": false, "down": false}}
2025-09-23 17:51:07,201 - game_server - INFO - log_game_event:61 - Игровое событие: обновление_позиции - {"client_id": 2, "position": {"x": 765, "y": 555}, "inputs": {"left": false, "right": false, "up": false, "down": false}}
2025-09-23 17:51:07,215 - game_server - INFO - log_game_event:61 - Игровое событие: обновление_позиции - {"client_id": 1, "position": {"x": 785, "y": 815}, "inputs": {"left": false, "right": false, "up": false, "down": false}}
2025-09-23 17:51:07,233 - game_server - INFO - log_game_event:61 - Игровое событие: обновление_позиции - {"client_id": 2, "position": {"x": 765, "y": 555}, "inputs": {"left": false, "right": false, "up": false, "down": false}}
2025-09-23 17:51:07,247 - game_server - INFO - log_game_event:61 - Игровое событие: обновление_позиции - {"client_id": 1, "position": {"x": 785, "y": 815}, "inputs": {"left": false, "right": false, "up": false, "down": false}}
2025-09-23 17:51:07,265 - game_server - INFO - log_game_event:61 - Игровое событие: обновление_позиции - {"client_id": 2, "position": {"x": 765, "y": 555}, "inputs": {"left": false, "right": false, "up": false, "down": false}}
2025-09-23 17:51:07,279 - game_server - INFO - log_game_event:61 - Игровое событие: обновление_позиции - {"client_id": 1, "position": {"x": 785, "y": 815}, "inputs": {"left": false, "right": false, "up": false, "down": false}}
2025-09-23 17:51:07,297 - game_server - INFO - log_game_event:61 - Игровое событие: обновление_позиции - {"client_id": 2, "position": {"x": 765, "y": 555}, "inputs": {"left": false, "right": false, "up": false, "down": false}}
2025-09-23 17:51:07,309 - game_server - INFO - log_game_event:61 - Игровое событие: обновление_позиции - {"client_id": 1, "position": {"x": 785, "y": 815}, "inputs": {"left": false, "right": false, "up": false, "down": false}}
2025-09-23 17:51:07,324 - game_server - INFO - log_game_event:61 - Игровое событие: обновление_позиции - {"client_id": 2, "position": {"x": 765, "y": 555}, "inputs": {"left": false, "right": false, "up": false, "down": false}}
2025-09-23 17:51:07,340 - game_server - INFO - log_game_event:61 - Игровое событие: обновление_позиции - {"client_id": 1, "position": {"x": 785, "y": 815}, "inputs": {"left": false, "right": false, "up": false, "down": false}}
2025-09-23 17:51:07,355 - game_server - INFO - log_game_event:61 - Игровое событие: обновление_позиции - {"client_id": 2, "position": {"x": 765, "y": 555}, "inputs": {"left": false, "right": false, "up": false, "down": false}}
2025-09-23 17:51:07,373 - game_server - INFO - log_game_event:61 - Игровое событие: обновление_позиции - {"client_id": 1, "position": {"x": 785, "y": 815}, "inputs": {"left": false, "right": false, "up": false, "down": false}}
2025-09-23 17:51:07,384 - game_server - INFO - log_game_event:61 - Игровое событие: обновление_позиции - {"client_id": 2, "position": {"x": 765, "y": 555}, "inputs": {"left": false, "right": false, "up": false, "down": false}}
2025-09-23 17:51:07,387 - game_server - INFO - log_connection:56 - Клиент 1: отключен
2025-09-23 17:51:07,414 - game_server - INFO - log_game_event:61 - Игровое событие: обновление_позиции - {"client_id": 2, "position": {"x": 765, "y": 555}, "inputs": {"left": false, "right": false, "up": false, "down": false}}
2025-09-23 17:51:07,448 - game_server - INFO - log_game_event:61 - Игровое событие: обновление_позиции - {"client_id": 2, "position": {"x": 765, "y": 555}, "inputs": {"left": false, "right": false, "up": false, "down": false}}
2025-09-23 17:51:07,478 - game_server - INFO - log_game_event:61 - Игровое событие: обновление_позиции - {"client_id": 2, "position": {"x": 765, "y": 555}, "inputs": {"left": false, "right": false, "up": false, "down": false}}
2025-09-23 17:51:07,579 - game_server - INFO - log_game_event:61 - Игровое событие: обновление_позиции - {"client_id": 2, "position": {"x": 765, "y": 555}, "inputs": {"left": false, "right": false, "up": false, "down": false}}
2025-09-23 17:51:07,614 - game_server - INFO - log_game_event:61 - Игровое событие: обновление_позиции - {"client_id": 2, "position": {"x": 765, "y": 555}, "inputs": {"left": false, "right": false, "up": false, "down": false}}
2025-09-23 17:51:07,647 - game_server - INFO - log_game_event:61 - Игровое событие: обновление_позиции - {"client_id": 2, "position": {"x": 765, "y": 555}, "inputs": {"left": false, "right": false, "up": false, "down": false}}
2025-09-23 17:51:07,682 - game_server - INFO - log_game_event:61 - Игровое событие: обновление_позиции - {"client_id": 2, "position": {"x": 765, "y": 555}, "inputs": {"left": false, "right": false, "up": false, "down": false}}
2025-09-23 17:51:07,716 - game_server - INFO - log_game_event:61 - Игровое событие: обновление_позиции - {"client_id": 2, "position": {"x": 765, "y": 555}, "inputs": {"left": false, "right": false, "up": false, "down": false}}
2025-09-23 17:51:07,753 - game_server - INFO - log_game_event:61 - Игровое событие: обновление_позиции - {"client_id": 2, "position": {"x": 765, "y": 555}, "inputs": {"left": false, "right": false, "up": false, "down": false}}
2025-09-23 17:51:07,776 - game_server - INFO - log_game_event:61 - Игровое событие: обновление_позиции - {"client_id": 2, "position": {"x": 765, "y": 555}, "inputs": {"left": false, "right": false, "up": false, "down": false}}
2025-09-23 17:51:07,799 - game_server - INFO - log_game_event:61 - Игровое событие: обновление_позиции - {"client_id": 2, "position": {"x": 765, "y": 555}, "inputs": {"left": false, "right": false, "up": false, "down": false}}
2025-09-23 17:51:07,823 - game_server - INFO - log_game_event:61 - Игровое событие: обновление_позиции - {"client_id": 2, "position": {"x": 765, "y": 555}, "inputs": {"left": false, "right": false, "up": false, "down": false}}
2025-09-23 17:51:07,847 - game_server - INFO - log_game_event:61 - Игровое событие: обновление_позиции - {"client_id": 2, "position": {"x": 765, "y": 555}, "inputs": {"left": false, "right": false, "up": false, "down": false}}
2025-09-23 17:51:07,874 - game_server - INFO - log_game_event:61 - Игровое событие: обновление_позиции - {"client_id": 2, "position": {"x": 765, "y": 555}, "inputs": {"left": false, "right": false, "up": false, "down": false}}
2025-09-23 17:51:07,904 - game_server - INFO - log_game_event:61 - Игровое событие: обновление_позиции - {"client_id": 2, "position": {"x": 765, "y": 555}, "inputs": {"left": false, "right": false, "up": false, "down": false}}
2025-09-23 17:51:07,934 - game_server - INFO - log_game_event:61 - Игровое событие: обновление_позиции - {"client_id": 2, "position": {"x": 765, "y": 555}, "inputs": {"left": false, "right": false, "up": false, "down": false}}
2025-09-23 17:51:07,963 - game_server - INFO - log_game_event:61 - Игровое событие: обновление_позиции - {"client_id": 2, "position": {"x": 765, "y": 555}, "inputs": {"left": false, "right": false, "up": false, "down": false}}
2025-09-23 17:51:07,986 - game_server - INFO - log_game_event:61 - Игровое событие: обновление_позиции - {"client_id": 2, "position": {"x": 765, "y": 555}, "inputs": {"left": false, "right": false, "up": false, "down": false}}
2025-09-23 17:51:08,037 - game_server - INFO - log_game_event:61 - Игровое событие: обновление_позиции - {"client_id": 2, "position": {"x": 765, "y": 555}, "inputs": {"left": false, "right": false, "up": false, "down": false}}
2025-09-23 17:51:08,066 - game_server - INFO - log_game_event:61 - Игровое событие: обновление_позиции - {"client_id": 2, "position": {"x": 765, "y": 555}, "inputs": {"left": false, "right": false, "up": false, "down": false}}
2025-09-23 17:51:08,090 - game_server - INFO - log_game_event:61 - Игровое событие: обновление_позиции - {"client_id": 2, "position": {"x": 765, "y": 555}, "inputs": {"left": false, "right": false, "up": false, "down": false}}
2025-09-23 17:51:08,115 - game_server - INFO - log_game_event:61 - Игровое событие: обновление_позиции - {"client_id": 2, "position": {"x": 765, "y": 555}, "inputs": {"left": false, "right": false, "up": false, "down": false}}
2025-09-23 17:51:08,148 - game_server - INFO - log_game_event:61 - Игровое событие: обновление_позиции - {"client_id": 2, "position": {"x": 765, "y": 555}, "inputs": {"left": false, "right": false, "up": false, "down": false}}
2025-09-23 17:51:08,177 - game_server - INFO - log_game_event:61 - Игровое событие: обновление_позиции - {"client_id": 2, "position": {"x": 765, "y": 555}, "inputs": {"left": false, "right": false, "up": false, "down": false}}
2025-09-23 17:51:08,200 - game_server - INFO - log_game_event:61 - Игровое событие: обновление_позиции - {"client_id": 2, "position": {"x": 765, "y": 555}, "inputs": {"left": false, "right": false, "up": false, "down": false}}
2025-09-23 17:51:08,225 - game_server - INFO - log_game_event:61 - Игровое событие: обновление_позиции - {"client_id": 2, "position": {"x": 765, "y": 555}, "inputs": {"left": false, "right": false, "up": false, "down": false}}
2025-09-23 17:51:08,253 - game_server - INFO - log_game_event:61 - Игровое событие: обновление_позиции - {"client_id": 2, "position": {"x": 765, "y": 555}, "inputs": {"left": false, "right": false, "up": false, "down": false}}
2025-09-23 17:51:08,291 - game_server - INFO - log_game_event:61 - Игровое событие: обновление_позиции - {"client_id": 2, "position": {"x": 765, "y": 555}, "inputs": {"left": false, "right": false, "up": false, "down": false}}
2025-09-23 17:51:08,315 - game_server - INFO - log_game_event:61 - Игровое событие: обновление_позиции - {"client_id": 2, "position": {"x": 765, "y": 555}, "inputs": {"left": false, "right": false, "up": false, "down": false}}
2025-09-23 17:51:08,344 - game_server - INFO - log_game_event:61 - Игровое событие: обновление_позиции - {"client_id": 2, "position": {"x": 765, "y": 555}, "inputs": {"left": false, "right": false, "up": false, "down": false}}
2025-09-23 17:51:08,370 - game_server - INFO - log_game_event:61 - Игровое событие: обновление_позиции - {"client_id": 2, "position": {"x": 765, "y": 555}, "inputs": {"left": false, "right": false, "up": false, "down": false}}
2025-09-23 17:51:08,394 - game_server - INFO - log_game_event:61 - Игровое событие: обновление_позиции - {"client_id": 2, "position": {"x": 765, "y": 555}, "inputs": {"left": false, "right": false, "up": false, "down": false}}
2025-09-23 17:51:08,419 - game_server - INFO - log_game_event:61 - Игровое событие: обновление_позиции - {"client_id": 2, "position": {"x": 765, "y": 555}, "inputs": {"left": false, "right": false, "up": false, "down": false}}
2025-09-23 17:51:08,455 - game_server - INFO - log_game_event:61 - Игровое событие: обновление_позиции - {"client_id": 2, "position": {"x": 765, "y": 555}, "inputs": {"left": false, "right": false, "up": false, "down": false}}
2025-09-23 17:51:08,479 - game_server - INFO - log_game_event:61 - Игровое событие: обновление_позиции - {"client_id": 2, "position": {"x": 765, "y": 555}, "inputs": {"left": false, "right": false, "up": false, "down": false}}
2025-09-23 17:51:08,518 - game_server - INFO - log_game_event:61 - Игровое событие: обновление_позиции - {"client_id": 2, "position": {"x": 765, "y": 555}, "inputs": {"left": false, "right": false, "up": false, "down": false}}
2025-09-23 17:51:08,545 - game_server - INFO - log_game_event:61 - Игровое событие: обновление_позиции - {"client_id": 2, "position": {"x": 765, "y": 555}, "inputs": {"left": false, "right": false, "up": false, "down": false}}
2025-09-23 17:51:08,570 - game_server - INFO - log_game_event:61 - Игровое событие: обновление_позиции - {"client_id": 2, "position": {"x": 765, "y": 555}, "inputs": {"left": false, "right": false, "up": false, "down": false}}
2025-09-23 17:51:08,598 - game_server - INFO - log_game_event:61 - Игровое событие: обновление_позиции - {"client_id": 2, "position": {"x": 765, "y": 555}, "inputs": {"left": false, "right": false, "up": false, "down": false}}
2025-09-23 17:51:08,627 - game_server - INFO - log_game_event:61 - Игровое событие: обновление_позиции - {"client_id": 2, "position": {"x": 765, "y": 555}, "inputs": {"left": false, "right": false, "up": false, "down": false}}
2025-09-23 17:51:08,654 - game_server - INFO - log_game_event:61 - Игровое событие: обновление_позиции - {"client_id": 2, "position": {"x": 765, "y": 555}, "inputs": {"left": false, "right": false, "up": false, "down": false}}
2025-09-23 17:51:08,690 - game_server - INFO - log_game_event:61 - Игровое событие: обновление_позиции - {"client_id": 2, "position": {"x": 765, "y": 555}, "inputs": {"left": false, "right": false, "up": false, "down": false}}
2025-09-23 17:51:08,713 - game_server - INFO - log_game_event:61 - Игровое событие: обновление_позиции - {"client_id": 2, "position": {"x": 765, "y": 555}, "inputs": {"left": false, "right": false, "up": false, "down": false}}
2025-09-23 17:51:08,736 - game_server - INFO - log_game_event:61 - Игровое событие: обновление_позиции - {"client_id": 2, "position": {"x": 765, "y": 555}, "inputs": {"left": false, "right": false, "up": false, "down": false}}
2025-09-23 17:51:08,765 - game_server - INFO - log_game_event:61 - Игровое событие: обновление_позиции - {"client_id": 2, "position": {"x": 765, "y": 555}, "inputs": {"left": false, "right": false, "up": false, "down": false}}
2025-09-23 17:51:08,799 - game_server - INFO - log_game_event:61 - Игровое событие: обновление_позиции - {"client_id": 2, "position": {"x": 765, "y": 555}, "inputs": {"left": false, "right": false, "up": false, "down": false}}
2025-09-23 17:51:08,832 - game_server - INFO - log_game_event:61 - Игровое событие: обновление_позиции - {"client_id": 2, "position": {"x": 765, "y": 555}, "inputs": {"left": false, "right": false, "up": false, "down": false}}
2025-09-23 17:51:08,867 - game_server - INFO - log_game_event:61 - Игровое событие: обновление_позиции - {"client_id": 2, "position": {"x": 765, "y": 555}, "inputs": {"left": false, "right": false, "up": false, "down": false}}
2025-09-23 17:51:08,896 - game_server - INFO - log_game_event:61 - Игровое событие: обновление_позиции - {"client_id": 2, "position": {"x": 765, "y": 555}, "inputs": {"left": false, "right": false, "up": false, "down": false}}
2025-09-23 17:51:08,924 - game_server - INFO - log_game_event:61 - Игровое событие: обновление_позиции - {"client_id": 2, "position": {"x": 765, "y": 555}, "inputs": {"left": false, "right": false, "up": false, "down": false}}
2025-09-23 17:51:08,948 - game_server - INFO - log_game_event:61 - Игровое событие: обновление_позиции - {"client_id": 2, "position": {"x": 765, "y": 555}, "inputs": {"left": false, "right": false, "up": false, "down": false}}
2025-09-23 17:51:08,977 - game_server - INFO - log_game_event:61 - Игровое событие: обновление_позиции - {"client_id": 2, "position": {"x": 765, "y": 555}, "inputs": {"left": false, "right": false, "up": false, "down": false}}
2025-09-23 17:51:08,999 - game_server - INFO - log_game_event:61 - Игровое событие: обновление_позиции - {"client_id": 2, "position": {"x": 765, "y": 555}, "inputs": {"left": false, "right": false, "up": false, "down": false}}
2025-09-23 17:51:09,021 - game_server - INFO - log_game_event:61 - Игровое событие: обновление_позиции - {"client_id": 2, "position": {"x": 765, "y": 555}, "inputs": {"left": false, "right": false, "up": false, "down": false}}
2025-09-23 17:51:09,051 - game_server - INFO - log_game_event:61 - Игровое событие: обновление_позиции - {"client_id": 2, "position": {"x": 765, "y": 555}, "inputs": {"left": false, "right": false, "up": false, "down": false}}
2025-09-23 17:51:09,080 - game_server - INFO - log_game_event:61 - Игровое событие: обновление_позиции - {"client_id": 2, "position": {"x": 765, "y": 555}, "inputs": {"left": false, "right": false, "up": false, "down": false}}
2025-09-23 17:51:09,113 - game_server - INFO - log_game_event:61 - Игровое событие: обновление_позиции - {"client_id": 2, "position": {"x": 765, "y": 555}, "inputs": {"left": false, "right": false, "up": false, "down": false}}
2025-09-23 17:51:09,147 - game_server - INFO - log_game_event:61 - Игровое событие: обновление_позиции - {"client_id": 2, "position": {"x": 765, "y": 555}, "inputs": {"left": false, "right": false, "up": false, "down": false}}
2025-09-23 17:51:09,181 - game_server - INFO - log_game_event:61 - Игровое событие: обновление_позиции - {"client_id": 2, "position": {"x": 765, "y": 555}, "inputs": {"left": false, "right": false, "up": false, "down": false}}
2025-09-23 17:51:09,215 - game_server - INFO - log_game_event:61 - Игровое событие: обновление_позиции - {"client_id": 2, "position": {"x": 765, "y": 555}, "inputs": {"left": false, "right": false, "up": false, "down": false}}
2025-09-23 17:51:09,250 - game_server - INFO - log_game_event:61 - Игровое событие: обновление_позиции - {"client_id": 2, "position": {"x": 765, "y": 555}, "inputs": {"left": false, "right": false, "up": false, "down": false}}
2025-09-23 17:51:09,284 - game_server - INFO - log_game_event:61 - Игровое событие: обновление_позиции - {"client_id": 2, "position": {"x": 765, "y": 555}, "inputs": {"left": false, "right": false, "up": false, "down": false}}
2025-09-23 17:51:09,318 - game_server - INFO - log_game_event:61 - Игровое событие: обновление_позиции - {"client_id": 2, "position": {"x": 765, "y": 555}, "inputs": {"left": false, "right": false, "up": false, "down": false}}
2025-09-23 17:51:09,350 - game_server - INFO - log_game_event:61 - Игровое событие: обновление_позиции - {"client_id": 2, "position": {"x": 765, "y": 555}, "inputs": {"left": false, "right": false, "up": false, "down": false}}
2025-09-23 17:51:09,384 - game_server - INFO - log_game_event:61 - Игровое событие: обновление_позиции - {"client_id": 2, "position": {"x": 765, "y": 555}, "inputs": {"left": false, "right": false, "up": false, "down": false}}
2025-09-23 17:51:09,418 - game_server - INFO - log_game_event:61 - Игровое событие: обновление_позиции - {"client_id": 2, "position": {"x": 765, "y": 555}, "inputs": {"left": false, "right": false, "up": false, "down": false}}
2025-09-23 17:51:09,446 - game_server - INFO - log_game_event:61 - Игровое событие: обновление_позиции - {"client_id": 2, "position": {"x": 765, "y": 555}, "inputs": {"left": false, "right": false, "up": false, "down": false}}
2025-09-23 17:51:09,478 - game_server - INFO - log_game_event:61 - Игровое событие: обновление_позиции - {"client_id": 2, "position": {"x": 765, "y": 555}, "inputs": {"left": false, "right": false, "up": false, "down": false}}
2025-09-23 17:51:09,511 - game_server - INFO - log_game_event:61 - Игровое событие: обновление_позиции - {"client_id": 2, "position": {"x": 765, "y": 555}, "inputs": {"left": false, "right": false, "up": false, "down": false}}
2025-09-23 17:51:09,544 - game_server - INFO - log_game_event:61 - Игровое событие: обновление_позиции - {"client_id": 2, "position": {"x": 765, "y": 555}, "inputs": {"left": false, "right": false, "up": false, "down": false}}
2025-09-23 17:51:09,578 - game_server - INFO - log_game_event:61 - Игровое событие: обновление_позиции - {"client_id": 2, "position": {"x": 765, "y": 555}, "inputs": {"left": false, "right": false, "up": false, "down": false}}
2025-09-23 17:51:09,612 - game_server - INFO - log_game_event:61 - Игровое событие: обновление_позиции - {"client_id": 2, "position": {"x": 765, "y": 555}, "inputs": {"left": false, "right": false, "up": false, "down": false}}
2025-09-23 17:51:09,645 - game_server - INFO - log_game_event:61 - Игровое событие: обновление_позиции - {"client_id": 2, "position": {"x": 765, "y": 555}, "inputs": {"left": false, "right": false, "up": false, "down": false}}
2025-09-23 17:51:09,677 - game_server - INFO - log_game_event:61 - Игровое событие: обновление_позиции - {"client_id": 2, "position": {"x": 765, "y": 555}, "inputs": {"left": false, "right": false, "up": false, "down": false}}
2025-09-23 17:51:09,709 - game_server - INFO - log_game_event:61 - Игровое событие: обновление_позиции - {"client_id": 2, "position": {"x": 765, "y": 555}, "inputs": {"left": false, "right": false, "up": false, "down": false}}
2025-09-23 17:51:09,744 - game_server - INFO - log_game_event:61 - Игровое событие: обновление_позиции - {"client_id": 2, "position": {"x": 765, "y": 555}, "inputs": {"left": false, "right": false, "up": false, "down": false}}
2025-09-23 17:51:09,777 - game_server - INFO - log_game_event:61 - Игровое событие: обновление_позиции - {"client_id": 2, "position": {"x": 765, "y": 555}, "inputs": {"left": false, "right": false, "up": false, "down": false}}
2025-09-23 17:51:09,807 - game_server - INFO - log_game_event:61 - Игровое событие: обновление_позиции - {"client_id": 2, "position": {"x": 765, "y": 555}, "inputs": {"left": false, "right": false, "up": false, "down": false}}
2025-09-23 17:51:09,837 - game_server - INFO - log_game_event:61 - Игровое событие: обновление_позиции - {"client_id": 2, "position": {"x": 765, "y": 555}, "inputs": {"left": false, "right": false, "up": false, "down": false}}
2025-09-23 17:51:09,872 - game_server - INFO - log_game_event:61 - Игровое событие: обновление_позиции - {"client_id": 2, "position": {"x": 765, "y": 555}, "inputs": {"left": false, "right": false, "up": false, "down": false}}
2025-09-23 17:51:09,907 - game_server - INFO - log_game_event:61 - Игровое событие: обновление_позиции - {"client_id": 2, "position": {"x": 765, "y": 555}, "inputs": {"left": false, "right": false, "up": false, "down": false}}
2025-09-23 17:51:09,934 - game_server - INFO - log_game_event:61 - Игровое событие: обновление_позиции - {"client_id": 2, "position": {"x": 765, "y": 555}, "inputs": {"left": false, "right": false, "up": false, "down": false}}
2025-09-23 17:51:09,963 - game_server - INFO - log_game_event:61 - Игровое событие: обновление_позиции - {"client_id": 2, "position": {"x": 765, "y": 555}, "inputs": {"left": false, "right": false, "up": false, "down": false}}
2025-09-23 17:51:09,998 - game_server - INFO - log_game_event:61 - Игровое событие: обновление_позиции - {"client_id": 2, "position": {"x": 765, "y": 555}, "inputs": {"left": false, "right": false, "up": false, "down": false}}
2025-09-23 17:51:10,033 - game_server - INFO - log_game_event:61 - Игровое событие: обновление_позиции - {"client_id": 2, "position": {"x": 765, "y": 555}, "inputs": {"left": false, "right": false, "up": false, "down": false}}
2025-09-23 17:51:10,067 - game_server - INFO - log_game_event:61 - Игровое событие: обновление_позиции - {"client_id": 2, "position": {"x": 765, "y": 555}, "inputs": {"left": false, "right": false, "up": false, "down": false}}
2025-09-23 17:51:10,100 - game_server - INFO - log_game_event:61 - Игровое событие: обновление_позиции - {"client_id": 2, "position": {"x": 765, "y": 555}, "inputs": {"left": false, "right": false, "up": false, "down": false}}
2025-09-23 17:51:10,134 - game_server - INFO - log_game_event:61 - Игровое событие: обновление_позиции - {"client_id": 2, "position": {"x": 765, "y": 555}, "inputs": {"left": false, "right": false, "up": false, "down": false}}
2025-09-23 17:51:10,168 - game_server - INFO - log_game_event:61 - Игровое событие: обновление_позиции - {"client_id": 2, "position": {"x": 765, "y": 555}, "inputs": {"left": false, "right": false, "up": false, "down": false}}
2025-09-23 17:51:10,201 - game_server - INFO - log_game_event:61 - Игровое событие: обновление_позиции - {"client_id": 2, "position": {"x": 765, "y": 555}, "inputs": {"left": false, "right": false, "up": false, "down": false}}
2025-09-23 17:51:10,233 - game_server - INFO - log_game_event:61 - Игровое событие: обновление_позиции - {"client_id": 2, "position": {"x": 765, "y": 555}, "inputs": {"left": false, "right": false, "up": false, "down": false}}
2025-09-23 17:51:10,266 - game_server - INFO - log_game_event:61 - Игровое событие: обновление_позиции - {"client_id": 2, "position": {"x": 765, "y": 555}, "inputs": {"left": false, "right": false, "up": false, "down": false}}
2025-09-23 17:51:10,301 - game_server - INFO - log_game_event:61 - Игровое событие: обновление_позиции - {"client_id": 2, "position": {"x": 765, "y": 555}, "inputs": {"left": false, "right": false, "up": false, "down": false}}
2025-09-23 17:51:10,335 - game_server - INFO - log_game_event:61 - Игровое событие: обновление_позиции - {"client_id": 2, "position": {"x": 765, "y": 555}, "inputs": {"left": false, "right": false, "up": false, "down": false}}
2025-09-23 17:51:10,370 - game_server - INFO - log_game_event:61 - Игровое событие: обновление_позиции - {"client_id": 2, "position": {"x": 765, "y": 555}, "inputs": {"left": false, "right": false, "up": false, "down": false}}
2025-09-23 17:51:10,405 - game_server - INFO - log_game_event:61 - Игровое событие: обновление_позиции - {"client_id": 2, "position": {"x": 765, "y": 555}, "inputs": {"left": false, "right": false, "up": false, "down": false}}
2025-09-23 17:51:10,439 - game_server - INFO - log_game_event:61 - Игровое событие: обновление_позиции - {"client_id": 2, "position": {"x": 765, "y": 555}, "inputs": {"left": false, "right": false, "up": false, "down": false}}
2025-09-23 17:51:10,473 - game_server - INFO - log_game_event:61 - Игровое событие: обновление_позиции - {"client_id": 2, "position": {"x": 765, "y": 555}, "inputs": {"left": false, "right": false, "up": false, "down": false}}
2025-09-23 17:51:10,507 - game_server - INFO - log_game_event:61 - Игровое событие: обновление_позиции - {"client_id": 2, "position": {"x": 765, "y": 555}, "inputs": {"left": false, "right": false, "up": false, "down": false}}
2025-09-23 17:51:10,541 - game_server - INFO - log_game_event:61 - Игровое событие: обновление_позиции - {"client_id": 2, "position": {"x": 765, "y": 555}, "inputs": {"left": false, "right": false, "up": false, "down": false}}
2025-09-23 17:51:10,574 - game_server - INFO - log_game_event:61 - Игровое событие: обновление_позиции - {"client_id": 2, "position": {"x": 765, "y": 555}, "inputs": {"left": false, "right": false, "up": false, "down": false}}
2025-09-23 17:51:10,608 - game_server - INFO - log_game_event:61 - Игровое событие: обновление_позиции - {"client_id": 2, "position": {"x": 765, "y": 555}, "inputs": {"left": false, "right": false, "up": false, "down": false}}
2025-09-23 17:51:10,640 - game_server - INFO - log_game_event:61 - Игровое событие: обновление_позиции - {"client_id": 2, "position": {"x": 765, "y": 555}, "inputs": {"left": false, "right": false, "up": false, "down": false}}
2025-09-23 17:51:10,669 - game_server - INFO - log_game_event:61 - Игровое событие: обновление_позиции - {"client_id": 2, "position": {"x": 765, "y": 555}, "inputs": {"left": false, "right": false, "up": false, "down": false}}
2025-09-23 17:51:10,701 - game_server - INFO - log_game_event:61 - Игровое событие: обновление_позиции - {"client_id": 2, "position": {"x": 765, "y": 555}, "inputs": {"left": false, "right": false, "up": false, "down": false}}
2025-09-23 17:51:10,737 - game_server - INFO - log_game_event:61 - Игровое событие: обновление_позиции - {"client_id": 2, "position": {"x": 765, "y": 555}, "inputs": {"left": false, "right": false, "up": false, "down": false}}
2025-09-23 17:51:10,771 - game_server - INFO - log_game_event:61 - Игровое событие: обновление_позиции - {"client_id": 2, "position": {"x": 765, "y": 555}, "inputs": {"left": false, "right": false, "up": false, "down": false}}
2025-09-23 17:51:10,806 - game_server - INFO - log_game_event:61 - Игровое событие: обновление_позиции - {"client_id": 2, "position": {"x": 765, "y": 555}, "inputs": {"left": false, "right": false, "up": false, "down": false}}
2025-09-23 17:51:10,838 - game_server - INFO - log_game_event:61 - Игровое событие: обновление_позиции - {"client_id": 2, "position": {"x": 765, "y": 555}, "inputs": {"left": false, "right": false, "up": false, "down": false}}
2025-09-23 17:51:10,872 - game_server - INFO - log_game_event:61 - Игровое событие: обновление_позиции - {"client_id": 2, "position": {"x": 765, "y": 555}, "inputs": {"left": false, "right": false, "up": false, "down": false}}
2025-09-23 17:51:10,906 - game_server - INFO - log_game_event:61 - Игровое событие: обновление_позиции - {"client_id": 2, "position": {"x": 765, "y": 555}, "inputs": {"left": false, "right": false, "up": false, "down": false}}
2025-09-23 17:51:10,940 - game_server - INFO - log_game_event:61 - Игровое событие: обновление_позиции - {"client_id": 2, "position": {"x": 765, "y": 555}, "inputs": {"left": false, "right": false, "up": false, "down": false}}
2025-09-23 17:51:10,973 - game_server - INFO - log_game_event:61 - Игровое событие: обновление_позиции - {"client_id": 2, "position": {"x": 765, "y": 555}, "inputs": {"left": false, "right": false, "up": false, "down": false}}
2025-09-23 17:51:11,006 - game_server - INFO - log_game_event:61 - Игровое событие: обновление_позиции - {"client_id": 2, "position": {"x": 765, "y": 555}, "inputs": {"left": false, "right": false, "up": false, "down": false}}
2025-09-23 17:51:11,042 - game_server - INFO - log_game_event:61 - Игровое событие: обновление_позиции - {"client_id": 2, "position": {"x": 765, "y": 555}, "inputs": {"left": false, "right": false, "up": false, "down": false}}
2025-09-23 17:51:11,075 - game_server - INFO - log_game_event:61 - Игровое событие: обновление_позиции - {"client_id": 2, "position": {"x": 765, "y": 555}, "inputs": {"left": false, "right": false, "up": false, "down": false}}
2025-09-23 17:51:11,107 - game_server - INFO - log_game_event:61 - Игровое событие: обновление_позиции - {"client_id": 2, "position": {"x": 765, "y": 555}, "inputs": {"left": false, "right": false, "up": false, "down": false}}
2025-09-23 17:51:11,140 - game_server - INFO - log_game_event:61 - Игровое событие: обновление_позиции - {"client_id": 2, "position": {"x": 765, "y": 555}, "inputs": {"left": false, "right": false, "up": false, "down": false}}
2025-09-23 17:51:11,174 - game_server - INFO - log_game_event:61 - Игровое событие: обновление_позиции - {"client_id": 2, "position": {"x": 765, "y": 555}, "inputs": {"left": false, "right": false, "up": false, "down": false}}
2025-09-23 17:51:11,207 - game_server - INFO - log_game_event:61 - Игровое событие: обновление_позиции - {"client_id": 2, "position": {"x": 765, "y": 555}, "inputs": {"left": false, "right": false, "up": false, "down": false}}
2025-09-23 17:51:11,241 - game_server - INFO - log_game_event:61 - Игровое событие: обновление_позиции - {"client_id": 2, "position": {"x": 765, "y": 555}, "inputs": {"left": false, "right": false, "up": false, "down": false}}
2025-09-23 17:51:11,273 - game_server - INFO - log_game_event:61 - Игровое событие: обновление_позиции - {"client_id": 2, "position": {"x": 765, "y": 555}, "inputs": {"left": false, "right": false, "up": false, "down": false}}
2025-09-23 17:51:11,304 - game_server - INFO - log_game_event:61 - Игровое событие: обновление_позиции - {"client_id": 2, "position": {"x": 765, "y": 555}, "inputs": {"left": false, "right": false, "up": false, "down": false}}
2025-09-23 17:51:11,338 - game_server - INFO - log_game_event:61 - Игровое событие: обновление_позиции - {"client_id": 2, "position": {"x": 765, "y": 555}, "inputs": {"left": false, "right": false, "up": false, "down": false}}
2025-09-23 17:51:11,376 - game_server - INFO - log_game_event:61 - Игровое событие: обновление_позиции - {"client_id": 2, "position": {"x": 765, "y": 555}, "inputs": {"left": false, "right": false, "up": false, "down": false}}
2025-09-23 17:51:11,410 - game_server - INFO - log_game_event:61 - Игровое событие: обновление_позиции - {"client_id": 2, "position": {"x": 765, "y": 555}, "inputs": {"left": false, "right": false, "up": false, "down": false}}
2025-09-23 17:51:11,443 - game_server - INFO - log_game_event:61 - Игровое событие: обновление_позиции - {"client_id": 2, "position": {"x": 765, "y": 555}, "inputs": {"left": false, "right": false, "up": false, "down": false}}
2025-09-23 17:51:11,476 - game_server - INFO - log_game_event:61 - Игровое событие: обновление_позиции - {"client_id": 2, "position": {"x": 765, "y": 555}, "inputs": {"left": false, "right": false, "up": false, "down": false}}
2025-09-23 17:51:11,508 - game_server - INFO - log_game_event:61 - Игровое событие: обновление_позиции - {"client_id": 2, "position": {"x": 765, "y": 555}, "inputs": {"left": false, "right": false, "up": false, "down": false}}
2025-09-23 17:51:11,540 - game_server - INFO - log_game_event:61 - Игровое событие: обновление_позиции - {"client_id": 2, "position": {"x": 765, "y": 555}, "inputs": {"left": false, "right": false, "up": false, "down": false}}
2025-09-23 17:51:11,572 - game_server - INFO - log_game_event:61 - Игровое событие: обновление_позиции - {"client_id": 2, "position": {"x": 765, "y": 555}, "inputs": {"left": false, "right": false, "up": false, "down": false}}
2025-09-23 17:51:11,603 - game_server - INFO - log_game_event:61 - Игровое событие: обновление_позиции - {"client_id": 2, "position": {"x": 765, "y": 555}, "inputs": {"left": false, "right": false, "up": false, "down": false}}
2025-09-23 17:51:11,636 - game_server - INFO - log_game_event:61 - Игровое событие: обновление_позиции - {"client_id": 2, "position": {"x": 765, "y": 555}, "inputs": {"left": false, "right": false, "up": false, "down": false}}
2025-09-23 17:51:11,668 - game_server - INFO - log_game_event:61 - Игровое событие: обновление_позиции - {"client_id": 2, "position": {"x": 765, "y": 555}, "inputs": {"left": false, "right": false, "up": false, "down": false}}
2025-09-23 17:51:11,702 - game_server - INFO - log_game_event:61 - Игровое событие: обновление_позиции - {"client_id": 2, "position": {"x": 765, "y": 555}, "inputs": {"left": false, "right": false, "up": false, "down": false}}
2025-09-23 17:51:11,737 - game_server - INFO - log_game_event:61 - Игровое событие: обновление_позиции - {"client_id": 2, "position": {"x": 765, "y": 555}, "inputs": {"left": false, "right": false, "up": false, "down": false}}
2025-09-23 17:51:11,772 - game_server - INFO - log_game_event:61 - Игровое событие: обновление_позиции - {"client_id": 2, "position": {"x": 765, "y": 555}, "inputs": {"left": false, "right": false, "up": false, "down": false}}
2025-09-23 17:51:11,805 - game_server - INFO - log_game_event:61 - Игровое событие: обновление_позиции - {"client_id": 2, "position": {"x": 765, "y": 555}, "inputs": {"left": false, "right": false, "up": false, "down": false}}
2025-09-23 17:51:11,836 - game_server - INFO - log_game_event:61 - Игровое событие: обновление_позиции - {"client_id": 2, "position": {"x": 765, "y": 555}, "inputs": {"left": false, "right": false, "up": false, "down": false}}
2025-09-23 17:51:11,870 - game_server - INFO - log_game_event:61 - Игровое событие: обновление_позиции - {"client_id": 2, "position": {"x": 765, "y": 555}, "inputs": {"left": false, "right": false, "up": false, "down": false}}
2025-09-23 17:51:11,902 - game_server - INFO - log_game_event:61 - Игровое событие: обновление_позиции - {"client_id": 2, "position": {"x": 765, "y": 555}, "inputs": {"left": false, "right": false, "up": false, "down": false}}
2025-09-23 17:51:11,937 - game_server - INFO - log_game_event:61 - Игровое событие: обновление_позиции - {"client_id": 2, "position": {"x": 765, "y": 555}, "inputs": {"left": false, "right": false, "up": false, "down": false}}
2025-09-23 17:51:11,970 - game_server - INFO - log_game_event:61 - Игровое событие: обновление_позиции - {"client_id": 2, "position": {"x": 765, "y": 555}, "inputs": {"left": false, "right": false, "up": false, "down": false}}
2025-09-23 17:51:12,005 - game_server - INFO - log_game_event:61 - Игровое событие: обновление_позиции - {"client_id": 2, "position": {"x": 765, "y": 555}, "inputs": {"left": false, "right": false, "up": false, "down": false}}
2025-09-23 17:51:12,038 - game_server - INFO - log_game_event:61 - Игровое событие: обновление_позиции - {"client_id": 2, "position": {"x": 765, "y": 555}, "inputs": {"left": false, "right": false, "up": false, "down": false}}
2025-09-23 17:51:12,071 - game_server - INFO - log_game_event:61 - Игровое событие: обновление_позиции - {"client_id": 2, "position": {"x": 765, "y": 555}, "inputs": {"left": false, "right": false, "up": false, "down": false}}
2025-09-23 17:51:12,105 - game_server - INFO - log_game_event:61 - Игровое событие: обновление_позиции - {"client_id": 2, "position": {"x": 765, "y": 555}, "inputs": {"left": false, "right": false, "up": false, "down": false}}
2025-09-23 17:51:12,139 - game_server - INFO - log_game_event:61 - Игровое событие: обновление_позиции - {"client_id": 2, "position": {"x": 765, "y": 555}, "inputs": {"left": false, "right": false, "up": false, "down": false}}
2025-09-23 17:51:12,173 - game_server - INFO - log_game_event:61 - Игровое событие: обновление_позиции - {"client_id": 2, "position": {"x": 765, "y": 555}, "inputs": {"left": false, "right": false, "up": false, "down": false}}
2025-09-23 17:51:12,206 - game_server - INFO - log_game_event:61 - Игровое событие: обновление_позиции - {"client_id": 2, "position": {"x": 765, "y": 555}, "inputs": {"left": false, "right": false, "up": false, "down": false}}
2025-09-23 17:51:12,239 - game_server - INFO - log_game_event:61 - Игровое событие: обновление_позиции - {"client_id": 2, "position": {"x": 765, "y": 555}, "inputs": {"left": false, "right": false, "up": false, "down": false}}
2025-09-23 17:51:12,271 - game_server - INFO - log_game_event:61 - Игровое событие: обновление_позиции - {"client_id": 2, "position": {"x": 765, "y": 555}, "inputs": {"left": false, "right": false, "up": false, "down": false}}
2025-09-23 17:51:12,305 - game_server - INFO - log_game_event:61 - Игровое событие: обновление_позиции - {"client_id": 2, "position": {"x": 765, "y": 555}, "inputs": {"left": false, "right": false, "up": false, "down": false}}
2025-09-23 17:51:12,337 - game_server - INFO - log_game_event:61 - Игровое событие: обновление_позиции - {"client_id": 2, "position": {"x": 765, "y": 555}, "inputs": {"left": false, "right": false, "up": false, "down": false}}
2025-09-23 17:51:12,372 - game_server - INFO - log_game_event:61 - Игровое событие: обновление_позиции - {"client_id": 2, "position": {"x": 765, "y": 555}, "inputs": {"left": false, "right": false, "up": false, "down": false}}
2025-09-23 17:51:12,409 - game_server - INFO - log_game_event:61 - Игровое событие: обновление_позиции - {"client_id": 2, "position": {"x": 765, "y": 555}, "inputs": {"left": false, "right": false, "up": false, "down": false}}
2025-09-23 17:51:12,443 - game_server - INFO - log_game_event:61 - Игровое событие: обновление_позиции - {"client_id": 2, "position": {"x": 765, "y": 555}, "inputs": {"left": false, "right": false, "up": false, "down": false}}
2025-09-23 17:51:12,476 - game_server - INFO - log_game_event:61 - Игровое событие: обновление_позиции - {"client_id": 2, "position": {"x": 765, "y": 555}, "inputs": {"left": false, "right": false, "up": false, "down": false}}
2025-09-23 17:51:12,507 - game_server - INFO - log_game_event:61 - Игровое событие: обновление_позиции - {"client_id": 2, "position": {"x": 765, "y": 555}, "inputs": {"left": false, "right": false, "up": false, "down": false}}
2025-09-23 17:51:12,540 - game_server - INFO - log_game_event:61 - Игровое событие: обновление_позиции - {"client_id": 2, "position": {"x": 765, "y": 555}, "inputs": {"left": false, "right": false, "up": false, "down": false}}
2025-09-23 17:51:12,573 - game_server - INFO - log_game_event:61 - Игровое событие: обновление_позиции - {"client_id": 2, "position": {"x": 765, "y": 555}, "inputs": {"left": false, "right": false, "up": false, "down": false}}
2025-09-23 17:51:12,604 - game_server - INFO - log_game_event:61 - Игровое событие: обновление_позиции - {"client_id": 2, "position": {"x": 765, "y": 555}, "inputs": {"left": false, "right": false, "up": false, "down": false}}
2025-09-23 17:51:12,639 - game_server - INFO - log_game_event:61 - Игровое событие: обновление_позиции - {"client_id": 2, "position": {"x": 765, "y": 555}, "inputs": {"left": false, "right": false, "up": false, "down": false}}
2025-09-23 17:51:12,671 - game_server - INFO - log_game_event:61 - Игровое событие: обновление_позиции - {"client_id": 2, "position": {"x": 765, "y": 555}, "inputs": {"left": false, "right": false, "up": false, "down": false}}
2025-09-23 17:51:12,705 - game_server - INFO - log_game_event:61 - Игровое событие: обновление_позиции - {"client_id": 2, "position": {"x": 765, "y": 555}, "inputs": {"left": false, "right": false, "up": false, "down": false}}
2025-09-23 17:51:12,740 - game_server - INFO - log_game_event:61 - Игровое событие: обновление_позиции - {"client_id": 2, "position": {"x": 765, "y": 555}, "inputs": {"left": false, "right": false, "up": false, "down": false}}
2025-09-23 17:51:12,774 - game_server - INFO - log_game_event:61 - Игровое событие: обновление_позиции - {"client_id": 2, "position": {"x": 765, "y": 555}, "inputs": {"left": false, "right": false, "up": false, "down": false}}
2025-09-23 17:51:12,806 - game_server - INFO - log_game_event:61 - Игровое событие: обновление_позиции - {"client_id": 2, "position": {"x": 765, "y": 555}, "inputs": {"left": false, "right": false, "up": false, "down": false}}
2025-09-23 17:51:12,840 - game_server - INFO - log_game_event:61 - Игровое событие: обновление_позиции - {"client_id": 2, "position": {"x": 765, "y": 555}, "inputs": {"left": false, "right": false, "up": false, "down": false}}
2025-09-23 17:51:12,872 - game_server - INFO - log_game_event:61 - Игровое событие: обновление_позиции - {"client_id": 2, "position": {"x": 765, "y": 555}, "inputs": {"left": false, "right": false, "up": false, "down": false}}
2025-09-23 17:51:12,905 - game_server - INFO - log_game_event:61 - Игровое событие: обновление_позиции - {"client_id": 2, "position": {"x": 765, "y": 555}, "inputs": {"left": false, "right": false, "up": false, "down": false}}
2025-09-23 17:51:12,939 - game_server - INFO - log_game_event:61 - Игровое событие: обновление_позиции - {"client_id": 2, "position": {"x": 765, "y": 555}, "inputs": {"left": false, "right": false, "up": false, "down": false}}
2025-09-23 17:51:12,970 - game_server - INFO - log_game_event:61 - Игровое событие: обновление_позиции - {"client_id": 2, "position": {"x": 765, "y": 555}, "inputs": {"left": false, "right": false, "up": false, "down": false}}
2025-09-23 17:51:13,004 - game_server - INFO - log_game_event:61 - Игровое событие: обновление_позиции - {"client_id": 2, "position": {"x": 765, "y": 555}, "inputs": {"left": false, "right": false, "up": false, "down": false}}
2025-09-23 17:51:13,033 - game_server - INFO - log_game_event:61 - Игровое событие: обновление_позиции - {"client_id": 2, "position": {"x": 765, "y": 555}, "inputs": {"left": false, "right": false, "up": false, "down": false}}
2025-09-23 17:51:13,063 - game_server - INFO - log_game_event:61 - Игровое событие: обновление_позиции - {"client_id": 2, "position": {"x": 765, "y": 555}, "inputs": {"left": false, "right": false, "up": false, "down": false}}
2025-09-23 17:51:13,096 - game_server - INFO - log_game_event:61 - Игровое событие: обновление_позиции - {"client_id": 2, "position": {"x": 765, "y": 555}, "inputs": {"left": false, "right": false, "up": false, "down": false}}
2025-09-23 17:51:13,132 - game_server - INFO - log_game_event:61 - Игровое событие: обновление_позиции - {"client_id": 2, "position": {"x": 765, "y": 555}, "inputs": {"left": false, "right": false, "up": false, "down": false}}
2025-09-23 17:51:13,164 - game_server - INFO - log_game_event:61 - Игровое событие: обновление_позиции - {"client_id": 2, "position": {"x": 765, "y": 555}, "inputs": {"left": false, "right": false, "up": false, "down": false}}
2025-09-23 17:51:13,198 - game_server - INFO - log_game_event:61 - Игровое событие: обновление_позиции - {"client_id": 2, "position": {"x": 765, "y": 555}, "inputs": {"left": false, "right": false, "up": false, "down": false}}
2025-09-23 17:51:13,232 - game_server - INFO - log_game_event:61 - Игровое событие: обновление_позиции - {"client_id": 2, "position": {"x": 765, "y": 555}, "inputs": {"left": false, "right": false, "up": false, "down": false}}
2025-09-23 17:51:13,265 - game_server - INFO - log_game_event:61 - Игровое событие: обновление_позиции - {"client_id": 2, "position": {"x": 765, "y": 555}, "inputs": {"left": false, "right": false, "up": false, "down": false}}
2025-09-23 17:51:13,298 - game_server - INFO - log_game_event:61 - Игровое событие: обновление_позиции - {"client_id": 2, "position": {"x": 765, "y": 555}, "inputs": {"left": false, "right": false, "up": false, "down": false}}
2025-09-23 17:51:13,333 - game_server - INFO - log_game_event:61 - Игровое событие: обновление_позиции - {"client_id": 2, "position": {"x": 765, "y": 555}, "inputs": {"left": false, "right": false, "up": false, "down": false}}
2025-09-23 17:51:13,368 - game_server - INFO - log_game_event:61 - Игровое событие: обновление_позиции - {"client_id": 2, "position": {"x": 765, "y": 555}, "inputs": {"left": false, "right": false, "up": false, "down": false}}
2025-09-23 17:51:13,403 - game_server - INFO - log_game_event:61 - Игровое событие: обновление_позиции - {"client_id": 2, "position": {"x": 765, "y": 555}, "inputs": {"left": false, "right": false, "up": false, "down": false}}
2025-09-23 17:51:13,435 - game_server - INFO - log_game_event:61 - Игровое событие: обновление_позиции - {"client_id": 2, "position": {"x": 765, "y": 555}, "inputs": {"left": false, "right": false, "up": false, "down": false}}
2025-09-23 17:51:13,470 - game_server - INFO - log_game_event:61 - Игровое событие: обновление_позиции - {"client_id": 2, "position": {"x": 765, "y": 555}, "inputs": {"left": false, "right": false, "up": false, "down": false}}
2025-09-23 17:51:13,502 - game_server - INFO - log_game_event:61 - Игровое событие: обновление_позиции - {"client_id": 2, "position": {"x": 765, "y": 555}, "inputs": {"left": false, "right": false, "up": false, "down": false}}
2025-09-23 17:51:13,535 - game_server - INFO - log_game_event:61 - Игровое событие: обновление_позиции - {"client_id": 2, "position": {"x": 765, "y": 555}, "inputs": {"left": false, "right": false, "up": false, "down": false}}
2025-09-23 17:51:13,566 - game_server - INFO - log_game_event:61 - Игровое событие: обновление_позиции - {"client_id": 2, "position": {"x": 765, "y": 555}, "inputs": {"left": false, "right": false, "up": false, "down": false}}
2025-09-23 17:51:13,599 - game_server - INFO - log_game_event:61 - Игровое событие: обновление_позиции - {"client_id": 2, "position": {"x": 765, "y": 555}, "inputs": {"left": false, "right": false, "up": false, "down": false}}
2025-09-23 17:51:13,626 - game_server - INFO - log_game_event:61 - Игровое событие: обновление_позиции - {"client_id": 2, "position": {"x": 765, "y": 555}, "inputs": {"left": false, "right": false, "up": false, "down": false}}
2025-09-23 17:51:13,656 - game_server - INFO - log_game_event:61 - Игровое событие: обновление_позиции - {"client_id": 2, "position": {"x": 765, "y": 555}, "inputs": {"left": false, "right": false, "up": false, "down": false}}
2025-09-23 17:51:13,686 - game_server - INFO - log_game_event:61 - Игровое событие: обновление_позиции - {"client_id": 2, "position": {"x": 765, "y": 555}, "inputs": {"left": false, "right": false, "up": false, "down": false}}
2025-09-23 17:51:13,717 - game_server - INFO - log_game_event:61 - Игровое событие: обновление_позиции - {"client_id": 2, "position": {"x": 765, "y": 555}, "inputs": {"left": false, "right": false, "up": false, "down": false}}
2025-09-23 17:51:13,751 - game_server - INFO - log_game_event:61 - Игровое событие: обновление_позиции - {"client_id": 2, "position": {"x": 765, "y": 555}, "inputs": {"left": false, "right": false, "up": false, "down": false}}
2025-09-23 17:51:13,783 - game_server - INFO - log_game_event:61 - Игровое событие: обновление_позиции - {"client_id": 2, "position": {"x": 765, "y": 555}, "inputs": {"left": false, "right": false, "up": false, "down": false}}
2025-09-23 17:51:13,813 - game_server - INFO - log_game_event:61 - Игровое событие: обновление_позиции - {"client_id": 2, "position": {"x": 765, "y": 555}, "inputs": {"left": false, "right": false, "up": false, "down": false}}
2025-09-23 17:51:13,847 - game_server - INFO - log_game_event:61 - Игровое событие: обновление_позиции - {"client_id": 2, "position": {"x": 765, "y": 555}, "inputs": {"left": false, "right": false, "up": false, "down": false}}
2025-09-23 17:51:13,881 - game_server - INFO - log_game_event:61 - Игровое событие: обновление_позиции - {"client_id": 2, "position": {"x": 765, "y": 555}, "inputs": {"left": false, "right": false, "up": false, "down": false}}
2025-09-23 17:51:13,908 - game_server - INFO - log_game_event:61 - Игровое событие: обновление_позиции - {"client_id": 2, "position": {"x": 765, "y": 555}, "inputs": {"left": false, "right": false, "up": false, "down": false}}
2025-09-23 17:51:13,937 - game_server - INFO - log_game_event:61 - Игровое событие: обновление_позиции - {"client_id": 2, "position": {"x": 765, "y": 555}, "inputs": {"left": false, "right": false, "up": false, "down": false}}
2025-09-23 17:51:13,969 - game_server - INFO - log_game_event:61 - Игровое событие: обновление_позиции - {"client_id": 2, "position": {"x": 765, "y": 555}, "inputs": {"left": false, "right": false, "up": false, "down": false}}
2025-09-23 17:51:14,001 - game_server - INFO - log_game_event:61 - Игровое событие: обновление_позиции - {"client_id": 2, "position": {"x": 765, "y": 555}, "inputs": {"left": false, "right": false, "up": false, "down": false}}
2025-09-23 17:51:14,035 - game_server - INFO - log_game_event:61 - Игровое событие: обновление_позиции - {"client_id": 2, "position": {"x": 765, "y": 555}, "inputs": {"left": false, "right": false, "up": false, "down": false}}
2025-09-23 17:51:14,067 - game_server - INFO - log_game_event:61 - Игровое событие: обновление_позиции - {"client_id": 2, "position": {"x": 765, "y": 555}, "inputs": {"left": false, "right": false, "up": false, "down": false}}
2025-09-23 17:51:14,101 - game_server - INFO - log_game_event:61 - Игровое событие: обновление_позиции - {"client_id": 2, "position": {"x": 765, "y": 555}, "inputs": {"left": false, "right": false, "up": false, "down": false}}
2025-09-23 17:51:14,132 - game_server - INFO - log_game_event:61 - Игровое событие: обновление_позиции - {"client_id": 2, "position": {"x": 765, "y": 555}, "inputs": {"left": false, "right": false, "up": false, "down": false}}
2025-09-23 17:51:14,165 - game_server - INFO - log_game_event:61 - Игровое событие: обновление_позиции - {"client_id": 2, "position": {"x": 765, "y": 555}, "inputs": {"left": false, "right": false, "up": false, "down": false}}
2025-09-23 17:51:14,199 - game_server - INFO - log_game_event:61 - Игровое событие: обновление_позиции - {"client_id": 2, "position": {"x": 765, "y": 555}, "inputs": {"left": false, "right": false, "up": false, "down": false}}
2025-09-23 17:51:14,233 - game_server - INFO - log_game_event:61 - Игровое событие: обновление_позиции - {"client_id": 2, "position": {"x": 765, "y": 555}, "inputs": {"left": false, "right": false, "up": false, "down": false}}
2025-09-23 17:51:14,266 - game_server - INFO - log_game_event:61 - Игровое событие: обновление_позиции - {"client_id": 2, "position": {"x": 765, "y": 555}, "inputs": {"left": false, "right": false, "up": false, "down": false}}
2025-09-23 17:51:14,299 - game_server - INFO - log_game_event:61 - Игровое событие: обновление_позиции - {"client_id": 2, "position": {"x": 765, "y": 555}, "inputs": {"left": false, "right": false, "up": false, "down": false}}
2025-09-23 17:51:14,334 - game_server - INFO - log_game_event:61 - Игровое событие: обновление_позиции - {"client_id": 2, "position": {"x": 765, "y": 555}, "inputs": {"left": false, "right": false, "up": false, "down": false}}
2025-09-23 17:51:14,367 - game_server - INFO - log_game_event:61 - Игровое событие: обновление_позиции - {"client_id": 2, "position": {"x": 765, "y": 555}, "inputs": {"left": false, "right": false, "up": false, "down": false}}
2025-09-23 17:51:14,401 - game_server - INFO - log_game_event:61 - Игровое событие: обновление_позиции - {"client_id": 2, "position": {"x": 765, "y": 555}, "inputs": {"left": false, "right": false, "up": false, "down": false}}
2025-09-23 17:51:14,434 - game_server - INFO - log_game_event:61 - Игровое событие: обновление_позиции - {"client_id": 2, "position": {"x": 765, "y": 555}, "inputs": {"left": false, "right": false, "up": false, "down": false}}
2025-09-23 17:51:14,467 - game_server - INFO - log_game_event:61 - Игровое событие: обновление_позиции - {"client_id": 2, "position": {"x": 765, "y": 555}, "inputs": {"left": false, "right": false, "up": false, "down": false}}
2025-09-23 17:51:14,500 - game_server - INFO - log_game_event:61 - Игровое событие: обновление_позиции - {"client_id": 2, "position": {"x": 765, "y": 555}, "inputs": {"left": false, "right": false, "up": false, "down": false}}
2025-09-23 17:51:14,533 - game_server - INFO - log_game_event:61 - Игровое событие: обновление_позиции - {"client_id": 2, "position": {"x": 765, "y": 555}, "inputs": {"left": false, "right": false, "up": false, "down": false}}
2025-09-23 17:51:14,559 - game_server - INFO - log_game_event:61 - Игровое событие: обновление_позиции - {"client_id": 2, "position": {"x": 765, "y": 555}, "inputs": {"left": false, "right": false, "up": false, "down": false}}
2025-09-23 17:51:14,593 - game_server - INFO - log_game_event:61 - Игровое событие: обновление_позиции - {"client_id": 2, "position": {"x": 765, "y": 555}, "inputs": {"left": false, "right": false, "up": false, "down": false}}
2025-09-23 17:51:14,625 - game_server - INFO - log_game_event:61 - Игровое событие: обновление_позиции - {"client_id": 2, "position": {"x": 765, "y": 555}, "inputs": {"left": false, "right": false, "up": false, "down": false}}
2025-09-23 17:51:14,656 - game_server - INFO - log_game_event:61 - Игровое событие: обновление_позиции - {"client_id": 2, "position": {"x": 765, "y": 555}, "inputs": {"left": false, "right": false, "up": false, "down": false}}
2025-09-23 17:51:14,688 - game_server - INFO - log_game_event:61 - Игровое событие: обновление_позиции - {"client_id": 2, "position": {"x": 765, "y": 555}, "inputs": {"left": false, "right": false, "up": false, "down": false}}
2025-09-23 17:51:14,720 - game_server - INFO - log_game_event:61 - Игровое событие: обновление_позиции - {"client_id": 2, "position": {"x": 765, "y": 555}, "inputs": {"left": false, "right": false, "up": false, "down": false}}
2025-09-23 17:51:14,750 - game_server - INFO - log_game_event:61 - Игровое событие: обновление_позиции - {"client_id": 2, "position": {"x": 765, "y": 555}, "inputs": {"left": false, "right": false, "up": false, "down": false}}
2025-09-23 17:51:14,780 - game_server - INFO - log_game_event:61 - Игровое событие: обновление_позиции - {"client_id": 2, "position": {"x": 765, "y": 555}, "inputs": {"left": false, "right": false, "up": false, "down": false}}
2025-09-23 17:51:14,809 - game_server - INFO - log_game_event:61 - Игровое событие: обновление_позиции - {"client_id": 2, "position": {"x": 765, "y": 555}, "inputs": {"left": false, "right": false, "up": false, "down": false}}
2025-09-23 17:51:14,840 - game_server - INFO - log_game_event:61 - Игровое событие: обновление_позиции - {"client_id": 2, "position": {"x": 765, "y": 555}, "inputs": {"left": false, "right": false, "up": false, "down": false}}
2025-09-23 17:51:14,871 - game_server - INFO - log_game_event:61 - Игровое событие: обновление_позиции - {"client_id": 2, "position": {"x": 765, "y": 555}, "inputs": {"left": false, "right": false, "up": false, "down": false}}
2025-09-23 17:51:14,901 - game_server - INFO - log_game_event:61 - Игровое событие: обновление_позиции - {"client_id": 2, "position": {"x": 765, "y": 555}, "inputs": {"left": false, "right": false, "up": false, "down": false}}
2025-09-23 17:51:14,934 - game_server - INFO - log_game_event:61 - Игровое событие: обновление_позиции - {"client_id": 2, "position": {"x": 765, "y": 555}, "inputs": {"left": false, "right": false, "up": false, "down": false}}
2025-09-23 17:51:14,967 - game_server - INFO - log_game_event:61 - Игровое событие: обновление_позиции - {"client_id": 2, "position": {"x": 765, "y": 555}, "inputs": {"left": false, "right": false, "up": false, "down": false}}
2025-09-23 17:51:15,000 - game_server - INFO - log_game_event:61 - Игровое событие: обновление_позиции - {"client_id": 2, "position": {"x": 765, "y": 555}, "inputs": {"left": false, "right": false, "up": false, "down": false}}
2025-09-23 17:51:15,034 - game_server - INFO - log_game_event:61 - Игровое событие: обновление_позиции - {"client_id": 2, "position": {"x": 765, "y": 555}, "inputs": {"left": false, "right": false, "up": false, "down": false}}
2025-09-23 17:51:15,068 - game_server - INFO - log_game_event:61 - Игровое событие: обновление_позиции - {"client_id": 2, "position": {"x": 765, "y": 555}, "inputs": {"left": false, "right": false, "up": false, "down": false}}
2025-09-23 17:51:15,102 - game_server - INFO - log_game_event:61 - Игровое событие: обновление_позиции - {"client_id": 2, "position": {"x": 765, "y": 555}, "inputs": {"left": false, "right": false, "up": false, "down": false}}
2025-09-23 17:51:15,135 - game_server - INFO - log_game_event:61 - Игровое событие: обновление_позиции - {"client_id": 2, "position": {"x": 765, "y": 555}, "inputs": {"left": false, "right": false, "up": false, "down": false}}
2025-09-23 17:51:15,169 - game_server - INFO - log_game_event:61 - Игровое событие: обновление_позиции - {"client_id": 2, "position": {"x": 765, "y": 555}, "inputs": {"left": false, "right": false, "up": false, "down": false}}
2025-09-23 17:51:15,202 - game_server - INFO - log_game_event:61 - Игровое событие: обновление_позиции - {"client_id": 2, "position": {"x": 765, "y": 555}, "inputs": {"left": false, "right": false, "up": false, "down": false}}
2025-09-23 17:51:15,234 - game_server - INFO - log_game_event:61 - Игровое событие: обновление_позиции - {"client_id": 2, "position": {"x": 765, "y": 555}, "inputs": {"left": false, "right": false, "up": false, "down": false}}
2025-09-23 17:51:15,268 - game_server - INFO - log_game_event:61 - Игровое событие: обновление_позиции - {"client_id": 2, "position": {"x": 765, "y": 555}, "inputs": {"left": false, "right": false, "up": false, "down": false}}
2025-09-23 17:51:15,302 - game_server - INFO - log_game_event:61 - Игровое событие: обновление_позиции - {"client_id": 2, "position": {"x": 765, "y": 555}, "inputs": {"left": false, "right": false, "up": false, "down": false}}
2025-09-23 17:51:15,335 - game_server - INFO - log_game_event:61 - Игровое событие: обновление_позиции - {"client_id": 2, "position": {"x": 765, "y": 555}, "inputs": {"left": false, "right": false, "up": false, "down": false}}
2025-09-23 17:51:15,369 - game_server - INFO - log_game_event:61 - Игровое событие: обновление_позиции - {"client_id": 2, "position": {"x": 765, "y": 555}, "inputs": {"left": false, "right": false, "up": false, "down": false}}
2025-09-23 17:51:15,402 - game_server - INFO - log_game_event:61 - Игровое событие: обновление_позиции - {"client_id": 2, "position": {"x": 765, "y": 555}, "inputs": {"left": false, "right": false, "up": false, "down": false}}
2025-09-23 17:51:15,433 - game_server - INFO - log_game_event:61 - Игровое событие: обновление_позиции - {"client_id": 2, "position": {"x": 765, "y": 555}, "inputs": {"left": false, "right": false, "up": false, "down": false}}
2025-09-23 17:51:15,465 - game_server - INFO - log_game_event:61 - Игровое событие: обновление_позиции - {"client_id": 2, "position": {"x": 765, "y": 555}, "inputs": {"left": false, "right": false, "up": false, "down": false}}
2025-09-23 17:51:15,497 - game_server - INFO - log_game_event:61 - Игровое событие: обновление_позиции - {"client_id": 2, "position": {"x": 765, "y": 555}, "inputs": {"left": false, "right": false, "up": false, "down": false}}
2025-09-23 17:51:15,531 - game_server - INFO - log_game_event:61 - Игровое событие: обновление_позиции - {"client_id": 2, "position": {"x": 765, "y": 555}, "inputs": {"left": false, "right": false, "up": false, "down": false}}
2025-09-23 17:51:15,563 - game_server - INFO - log_game_event:61 - Игровое событие: обновление_позиции - {"client_id": 2, "position": {"x": 765, "y": 555}, "inputs": {"left": false, "right": false, "up": false, "down": false}}
2025-09-23 17:51:15,595 - game_server - INFO - log_game_event:61 - Игровое событие: обновление_позиции - {"client_id": 2, "position": {"x": 765, "y": 555}, "inputs": {"left": false, "right": false, "up": false, "down": false}}
2025-09-23 17:51:15,629 - game_server - INFO - log_game_event:61 - Игровое событие: обновление_позиции - {"client_id": 2, "position": {"x": 765, "y": 555}, "inputs": {"left": false, "right": false, "up": false, "down": false}}
2025-09-23 17:51:15,664 - game_server - INFO - log_game_event:61 - Игровое событие: обновление_позиции - {"client_id": 2, "position": {"x": 765, "y": 555}, "inputs": {"left": false, "right": false, "up": false, "down": false}}
2025-09-23 17:51:15,697 - game_server - INFO - log_game_event:61 - Игровое событие: обновление_позиции - {"client_id": 2, "position": {"x": 765, "y": 555}, "inputs": {"left": false, "right": false, "up": false, "down": false}}
2025-09-23 17:51:15,730 - game_server - INFO - log_game_event:61 - Игровое событие: обновление_позиции - {"client_id": 2, "position": {"x": 765, "y": 555}, "inputs": {"left": false, "right": false, "up": false, "down": false}}
2025-09-23 17:51:15,763 - game_server - INFO - log_game_event:61 - Игровое событие: обновление_позиции - {"client_id": 2, "position": {"x": 765, "y": 555}, "inputs": {"left": false, "right": false, "up": false, "down": false}}
2025-09-23 17:51:15,796 - game_server - INFO - log_game_event:61 - Игровое событие: обновление_позиции - {"client_id": 2, "position": {"x": 765, "y": 555}, "inputs": {"left": false, "right": false, "up": false, "down": false}}
2025-09-23 17:51:15,829 - game_server - INFO - log_game_event:61 - Игровое событие: обновление_позиции - {"client_id": 2, "position": {"x": 765, "y": 555}, "inputs": {"left": false, "right": false, "up": false, "down": false}}
2025-09-23 17:51:15,863 - game_server - INFO - log_game_event:61 - Игровое событие: обновление_позиции - {"client_id": 2, "position": {"x": 765, "y": 555}, "inputs": {"left": false, "right": false, "up": false, "down": false}}
2025-09-23 17:51:15,895 - game_server - INFO - log_game_event:61 - Игровое событие: обновление_позиции - {"client_id": 2, "position": {"x": 765, "y": 555}, "inputs": {"left": false, "right": false, "up": false, "down": false}}
2025-09-23 17:51:15,924 - game_server - INFO - log_game_event:61 - Игровое событие: обновление_позиции - {"client_id": 2, "position": {"x": 765, "y": 555}, "inputs": {"left": false, "right": false, "up": false, "down": false}}
2025-09-23 17:51:15,957 - game_server - INFO - log_game_event:61 - Игровое событие: обновление_позиции - {"client_id": 2, "position": {"x": 765, "y": 555}, "inputs": {"left": false, "right": false, "up": false, "down": false}}
2025-09-23 17:51:15,989 - game_server - INFO - log_game_event:61 - Игровое событие: обновление_позиции - {"client_id": 2, "position": {"x": 765, "y": 555}, "inputs": {"left": false, "right": false, "up": false, "down": false}}
2025-09-23 17:51:16,021 - game_server - INFO - log_game_event:61 - Игровое событие: обновление_позиции - {"client_id": 2, "position": {"x": 765, "y": 555}, "inputs": {"left": false, "right": false, "up": false, "down": false}}
2025-09-23 17:51:16,052 - game_server - INFO - log_game_event:61 - Игровое событие: обновление_позиции - {"client_id": 2, "position": {"x": 765, "y": 555}, "inputs": {"left": false, "right": false, "up": false, "down": false}}
2025-09-23 17:51:16,084 - game_server - INFO - log_game_event:61 - Игровое событие: обновление_позиции - {"client_id": 2, "position": {"x": 765, "y": 555}, "inputs": {"left": false, "right": false, "up": false, "down": false}}
2025-09-23 17:51:16,118 - game_server - INFO - log_game_event:61 - Игровое событие: обновление_позиции - {"client_id": 2, "position": {"x": 765, "y": 555}, "inputs": {"left": false, "right": false, "up": false, "down": false}}
2025-09-23 17:51:16,152 - game_server - INFO - log_game_event:61 - Игровое событие: обновление_позиции - {"client_id": 2, "position": {"x": 765, "y": 555}, "inputs": {"left": false, "right": false, "up": false, "down": false}}
2025-09-23 17:51:16,183 - game_server - INFO - log_game_event:61 - Игровое событие: обновление_позиции - {"client_id": 2, "position": {"x": 765, "y": 555}, "inputs": {"left": false, "right": false, "up": false, "down": false}}
2025-09-23 17:51:16,215 - game_server - INFO - log_game_event:61 - Игровое событие: обновление_позиции - {"client_id": 2, "position": {"x": 765, "y": 555}, "inputs": {"left": false, "right": false, "up": false, "down": false}}
2025-09-23 17:51:16,248 - game_server - INFO - log_game_event:61 - Игровое событие: обновление_позиции - {"client_id": 2, "position": {"x": 765, "y": 555}, "inputs": {"left": false, "right": false, "up": false, "down": false}}
2025-09-23 17:51:16,281 - game_server - INFO - log_game_event:61 - Игровое событие: обновление_позиции - {"client_id": 2, "position": {"x": 765, "y": 555}, "inputs": {"left": false, "right": false, "up": false, "down": false}}
2025-09-23 17:51:16,314 - game_server - INFO - log_game_event:61 - Игровое событие: обновление_позиции - {"client_id": 2, "position": {"x": 765, "y": 555}, "inputs": {"left": false, "right": false, "up": false, "down": false}}
2025-09-23 17:51:16,348 - game_server - INFO - log_game_event:61 - Игровое событие: обновление_позиции - {"client_id": 2, "position": {"x": 765, "y": 555}, "inputs": {"left": false, "right": false, "up": false, "down": false}}
2025-09-23 17:51:16,382 - game_server - INFO - log_game_event:61 - Игровое событие: обновление_позиции - {"client_id": 2, "position": {"x": 765, "y": 555}, "inputs": {"left": false, "right": false, "up": false, "down": false}}
2025-09-23 17:51:16,416 - game_server - INFO - log_game_event:61 - Игровое событие: обновление_позиции - {"client_id": 2, "position": {"x": 765, "y": 555}, "inputs": {"left": false, "right": false, "up": false, "down": false}}
2025-09-23 17:51:16,451 - game_server - INFO - log_game_event:61 - Игровое событие: обновление_позиции - {"client_id": 2, "position": {"x": 765, "y": 555}, "inputs": {"left": false, "right": false, "up": false, "down": false}}
2025-09-23 17:51:16,485 - game_server - INFO - log_game_event:61 - Игровое событие: обновление_позиции - {"client_id": 2, "position": {"x": 765, "y": 555}, "inputs": {"left": false, "right": false, "up": false, "down": false}}
2025-09-23 17:51:16,517 - game_server - INFO - log_game_event:61 - Игровое событие: обновление_позиции - {"client_id": 2, "position": {"x": 765, "y": 555}, "inputs": {"left": false, "right": false, "up": false, "down": false}}
2025-09-23 17:51:16,550 - game_server - INFO - log_game_event:61 - Игровое событие: обновление_позиции - {"client_id": 2, "position": {"x": 765, "y": 555}, "inputs": {"left": false, "right": false, "up": false, "down": false}}
2025-09-23 17:51:16,584 - game_server - INFO - log_game_event:61 - Игровое событие: обновление_позиции - {"client_id": 2, "position": {"x": 765, "y": 555}, "inputs": {"left": false, "right": false, "up": false, "down": false}}
2025-09-23 17:51:16,617 - game_server - INFO - log_game_event:61 - Игровое событие: обновление_позиции - {"client_id": 2, "position": {"x": 765, "y": 555}, "inputs": {"left": false, "right": false, "up": false, "down": false}}
2025-09-23 17:51:16,651 - game_server - INFO - log_game_event:61 - Игровое событие: обновление_позиции - {"client_id": 2, "position": {"x": 765, "y": 555}, "inputs": {"left": false, "right": false, "up": false, "down": false}}
2025-09-23 17:51:16,683 - game_server - INFO - log_game_event:61 - Игровое событие: обновление_позиции - {"client_id": 2, "position": {"x": 765, "y": 555}, "inputs": {"left": false, "right": false, "up": false, "down": false}}
2025-09-23 17:51:16,716 - game_server - INFO - log_game_event:61 - Игровое событие: обновление_позиции - {"client_id": 2, "position": {"x": 765, "y": 555}, "inputs": {"left": false, "right": false, "up": false, "down": false}}
2025-09-23 17:51:16,748 - game_server - INFO - log_game_event:61 - Игровое событие: обновление_позиции - {"client_id": 2, "position": {"x": 765, "y": 555}, "inputs": {"left": false, "right": false, "up": false, "down": false}}
2025-09-23 17:51:16,780 - game_server - INFO - log_game_event:61 - Игровое событие: обновление_позиции - {"client_id": 2, "position": {"x": 765, "y": 555}, "inputs": {"left": false, "right": false, "up": false, "down": false}}
2025-09-23 17:51:16,813 - game_server - INFO - log_game_event:61 - Игровое событие: обновление_позиции - {"client_id": 2, "position": {"x": 765, "y": 555}, "inputs": {"left": false, "right": false, "up": false, "down": false}}
2025-09-23 17:51:16,847 - game_server - INFO - log_game_event:61 - Игровое событие: обновление_позиции - {"client_id": 2, "position": {"x": 765, "y": 555}, "inputs": {"left": false, "right": false, "up": false, "down": false}}
2025-09-23 17:51:16,879 - game_server - INFO - log_game_event:61 - Игровое событие: обновление_позиции - {"client_id": 2, "position": {"x": 765, "y": 555}, "inputs": {"left": false, "right": false, "up": false, "down": false}}
2025-09-23 17:51:16,910 - game_server - INFO - log_game_event:61 - Игровое событие: обновление_позиции - {"client_id": 2, "position": {"x": 765, "y": 555}, "inputs": {"left": false, "right": false, "up": false, "down": false}}
2025-09-23 17:51:16,943 - game_server - INFO - log_game_event:61 - Игровое событие: обновление_позиции - {"client_id": 2, "position": {"x": 765, "y": 555}, "inputs": {"left": false, "right": false, "up": false, "down": false}}
2025-09-23 17:51:16,975 - game_server - INFO - log_game_event:61 - Игровое событие: обновление_позиции - {"client_id": 2, "position": {"x": 765, "y": 555}, "inputs": {"left": false, "right": false, "up": false, "down": false}}
2025-09-23 17:51:17,009 - game_server - INFO - log_game_event:61 - Игровое событие: обновление_позиции - {"client_id": 2, "position": {"x": 765, "y": 555}, "inputs": {"left": false, "right": false, "up": false, "down": false}}
2025-09-23 17:51:17,042 - game_server - INFO - log_game_event:61 - Игровое событие: обновление_позиции - {"client_id": 2, "position": {"x": 765, "y": 555}, "inputs": {"left": false, "right": false, "up": false, "down": false}}
2025-09-23 17:51:17,074 - game_server - INFO - log_game_event:61 - Игровое событие: обновление_позиции - {"client_id": 2, "position": {"x": 765, "y": 555}, "inputs": {"left": false, "right": false, "up": false, "down": false}}
2025-09-23 17:51:17,105 - game_server - INFO - log_game_event:61 - Игровое событие: обновление_позиции - {"client_id": 2, "position": {"x": 765, "y": 555}, "inputs": {"left": false, "right": false, "up": false, "down": false}}
2025-09-23 17:51:17,138 - game_server - INFO - log_game_event:61 - Игровое событие: обновление_позиции - {"client_id": 2, "position": {"x": 765, "y": 555}, "inputs": {"left": false, "right": false, "up": false, "down": false}}
2025-09-23 17:51:17,171 - game_server - INFO - log_game_event:61 - Игровое событие: обновление_позиции - {"client_id": 2, "position": {"x": 765, "y": 555}, "inputs": {"left": false, "right": false, "up": false, "down": false}}
2025-09-23 17:51:17,205 - game_server - INFO - log_game_event:61 - Игровое событие: обновление_позиции - {"client_id": 2, "position": {"x": 765, "y": 555}, "inputs": {"left": false, "right": false, "up": false, "down": false}}
2025-09-23 17:51:17,238 - game_server - INFO - log_game_event:61 - Игровое событие: обновление_позиции - {"client_id": 2, "position": {"x": 765, "y": 555}, "inputs": {"left": false, "right": false, "up": false, "down": false}}
2025-09-23 17:51:17,271 - game_server - INFO - log_game_event:61 - Игровое событие: обновление_позиции - {"client_id": 2, "position": {"x": 765, "y": 555}, "inputs": {"left": false, "right": false, "up": false, "down": false}}
2025-09-23 17:51:17,304 - game_server - INFO - log_game_event:61 - Игровое событие: обновление_позиции - {"client_id": 2, "position": {"x": 765, "y": 555}, "inputs": {"left": false, "right": false, "up": false, "down": false}}
2025-09-23 17:51:17,336 - game_server - INFO - log_game_event:61 - Игровое событие: обновление_позиции - {"client_id": 2, "position": {"x": 765, "y": 555}, "inputs": {"left": false, "right": false, "up": false, "down": false}}
2025-09-23 17:51:17,369 - game_server - INFO - log_game_event:61 - Игровое событие: обновление_позиции - {"client_id": 2, "position": {"x": 765, "y": 555}, "inputs": {"left": false, "right": false, "up": false, "down": false}}
2025-09-23 17:51:17,402 - game_server - INFO - log_game_event:61 - Игровое событие: обновление_позиции - {"client_id": 2, "position": {"x": 765, "y": 555}, "inputs": {"left": false, "right": false, "up": false, "down": false}}
2025-09-23 17:51:17,433 - game_server - INFO - log_game_event:61 - Игровое событие: обновление_позиции - {"client_id": 2, "position": {"x": 765, "y": 555}, "inputs": {"left": false, "right": false, "up": false, "down": false}}
2025-09-23 17:51:17,460 - game_server - INFO - log_game_event:61 - Игровое событие: обновление_позиции - {"client_id": 2, "position": {"x": 765, "y": 555}, "inputs": {"left": false, "right": false, "up": false, "down": false}}
2025-09-23 17:51:17,492 - game_server - INFO - log_game_event:61 - Игровое событие: обновление_позиции - {"client_id": 2, "position": {"x": 765, "y": 555}, "inputs": {"left": false, "right": false, "up": false, "down": false}}
2025-09-23 17:51:17,523 - game_server - INFO - log_game_event:61 - Игровое событие: обновление_позиции - {"client_id": 2, "position": {"x": 765, "y": 555}, "inputs": {"left": false, "right": false, "up": false, "down": false}}
2025-09-23 17:51:17,556 - game_server - INFO - log_game_event:61 - Игровое событие: обновление_позиции - {"client_id": 2, "position": {"x": 765, "y": 555}, "inputs": {"left": false, "right": false, "up": false, "down": false}}
2025-09-23 17:51:17,589 - game_server - INFO - log_game_event:61 - Игровое событие: обновление_позиции - {"client_id": 2, "position": {"x": 765, "y": 555}, "inputs": {"left": false, "right": false, "up": false, "down": false}}
2025-09-23 17:51:17,620 - game_server - INFO - log_game_event:61 - Игровое событие: обновление_позиции - {"client_id": 2, "position": {"x": 765, "y": 555}, "inputs": {"left": false, "right": false, "up": false, "down": false}}
2025-09-23 17:51:17,654 - game_server - INFO - log_game_event:61 - Игровое событие: обновление_позиции - {"client_id": 2, "position": {"x": 765, "y": 555}, "inputs": {"left": false, "right": false, "up": false, "down": false}}
2025-09-23 17:51:17,686 - game_server - INFO - log_game_event:61 - Игровое событие: обновление_позиции - {"client_id": 2, "position": {"x": 765, "y": 555}, "inputs": {"left": false, "right": false, "up": false, "down": false}}
2025-09-23 17:51:17,719 - game_server - INFO - log_game_event:61 - Игровое событие: обновление_позиции - {"client_id": 2, "position": {"x": 765, "y": 555}, "inputs": {"left": false, "right": false, "up": false, "down": false}}
2025-09-23 17:51:17,752 - game_server - INFO - log_game_event:61 - Игровое событие: обновление_позиции - {"client_id": 2, "position": {"x": 765, "y": 555}, "inputs": {"left": false, "right": false, "up": false, "down": false}}
2025-09-23 17:51:17,785 - game_server - INFO - log_game_event:61 - Игровое событие: обновление_позиции - {"client_id": 2, "position": {"x": 765, "y": 555}, "inputs": {"left": false, "right": false, "up": false, "down": false}}
2025-09-23 17:51:17,819 - game_server - INFO - log_game_event:61 - Игровое событие: обновление_позиции - {"client_id": 2, "position": {"x": 765, "y": 555}, "inputs": {"left": false, "right": false, "up": false, "down": false}}
2025-09-23 17:51:17,853 - game_server - INFO - log_game_event:61 - Игровое событие: обновление_позиции - {"client_id": 2, "position": {"x": 765, "y": 555}, "inputs": {"left": false, "right": false, "up": false, "down": false}}
2025-09-23 17:51:17,886 - game_server - INFO - log_game_event:61 - Игровое событие: обновление_позиции - {"client_id": 2, "position": {"x": 765, "y": 555}, "inputs": {"left": false, "right": false, "up": false, "down": false}}
2025-09-23 17:51:17,920 - game_server - INFO - log_game_event:61 - Игровое событие: обновление_позиции - {"client_id": 2, "position": {"x": 765, "y": 555}, "inputs": {"left": false, "right": false, "up": false, "down": false}}
2025-09-23 17:51:17,951 - game_server - INFO - log_game_event:61 - Игровое событие: обновление_позиции - {"client_id": 2, "position": {"x": 765, "y": 555}, "inputs": {"left": false, "right": false, "up": false, "down": false}}
2025-09-23 17:51:17,984 - game_server - INFO - log_game_event:61 - Игровое событие: обновление_позиции - {"client_id": 2, "position": {"x": 765, "y": 555}, "inputs": {"left": false, "right": false, "up": false, "down": false}}
2025-09-23 17:51:18,015 - game_server - INFO - log_game_event:61 - Игровое событие: обновление_позиции - {"client_id": 2, "position": {"x": 765, "y": 555}, "inputs": {"left": false, "right": false, "up": false, "down": false}}
2025-09-23 17:51:18,047 - game_server - INFO - log_game_event:61 - Игровое событие: обновление_позиции - {"client_id": 2, "position": {"x": 765, "y": 555}, "inputs": {"left": false, "right": false, "up": false, "down": false}}
2025-09-23 17:51:18,080 - game_server - INFO - log_game_event:61 - Игровое событие: обновление_позиции - {"client_id": 2, "position": {"x": 765, "y": 555}, "inputs": {"left": false, "right": false, "up": false, "down": false}}
2025-09-23 17:51:18,115 - game_server - INFO - log_game_event:61 - Игровое событие: обновление_позиции - {"client_id": 2, "position": {"x": 765, "y": 555}, "inputs": {"left": false, "right": false, "up": false, "down": false}}
2025-09-23 17:51:18,148 - game_server - INFO - log_game_event:61 - Игровое событие: обновление_позиции - {"client_id": 2, "position": {"x": 765, "y": 555}, "inputs": {"left": false, "right": false, "up": false, "down": false}}
2025-09-23 17:51:18,180 - game_server - INFO - log_game_event:61 - Игровое событие: обновление_позиции - {"client_id": 2, "position": {"x": 765, "y": 555}, "inputs": {"left": false, "right": false, "up": false, "down": false}}
2025-09-23 17:51:18,214 - game_server - INFO - log_game_event:61 - Игровое событие: обновление_позиции - {"client_id": 2, "position": {"x": 765, "y": 555}, "inputs": {"left": false, "right": false, "up": false, "down": false}}
2025-09-23 17:51:18,246 - game_server - INFO - log_game_event:61 - Игровое событие: обновление_позиции - {"client_id": 2, "position": {"x": 765, "y": 555}, "inputs": {"left": false, "right": false, "up": false, "down": false}}
2025-09-23 17:51:18,278 - game_server - INFO - log_game_event:61 - Игровое событие: обновление_позиции - {"client_id": 2, "position": {"x": 765, "y": 555}, "inputs": {"left": false, "right": false, "up": false, "down": false}}
2025-09-23 17:51:18,311 - game_server - INFO - log_game_event:61 - Игровое событие: обновление_позиции - {"client_id": 2, "position": {"x": 765, "y": 555}, "inputs": {"left": false, "right": false, "up": false, "down": false}}
2025-09-23 17:51:18,344 - game_server - INFO - log_game_event:61 - Игровое событие: обновление_позиции - {"client_id": 2, "position": {"x": 765, "y": 555}, "inputs": {"left": false, "right": false, "up": false, "down": false}}
2025-09-23 17:51:18,376 - game_server - INFO - log_game_event:61 - Игровое событие: обновление_позиции - {"client_id": 2, "position": {"x": 765, "y": 555}, "inputs": {"left": false, "right": false, "up": false, "down": false}}
2025-09-23 17:51:18,408 - game_server - INFO - log_game_event:61 - Игровое событие: обновление_позиции - {"client_id": 2, "position": {"x": 765, "y": 555}, "inputs": {"left": false, "right": false, "up": false, "down": false}}
2025-09-23 17:51:18,439 - game_server - INFO - log_game_event:61 - Игровое событие: обновление_позиции - {"client_id": 2, "position": {"x": 765, "y": 555}, "inputs": {"left": false, "right": false, "up": false, "down": false}}
2025-09-23 17:51:18,471 - game_server - INFO - log_game_event:61 - Игровое событие: обновление_позиции - {"client_id": 2, "position": {"x": 765, "y": 555}, "inputs": {"left": false, "right": false, "up": false, "down": false}}
2025-09-23 17:51:18,504 - game_server - INFO - log_game_event:61 - Игровое событие: обновление_позиции - {"client_id": 2, "position": {"x": 765, "y": 555}, "inputs": {"left": false, "right": false, "up": false, "down": false}}
2025-09-23 17:51:18,535 - game_server - INFO - log_game_event:61 - Игровое событие: обновление_позиции - {"client_id": 2, "position": {"x": 765, "y": 555}, "inputs": {"left": false, "right": false, "up": false, "down": false}}
2025-09-23 17:51:18,569 - game_server - INFO - log_game_event:61 - Игровое событие: обновление_позиции - {"client_id": 2, "position": {"x": 765, "y": 555}, "inputs": {"left": false, "right": false, "up": false, "down": false}}
2025-09-23 17:51:18,600 - game_server - INFO - log_game_event:61 - Игровое событие: обновление_позиции - {"client_id": 2, "position": {"x": 765, "y": 555}, "inputs": {"left": false, "right": false, "up": false, "down": false}}
2025-09-23 17:51:18,634 - game_server - INFO - log_game_event:61 - Игровое событие: обновление_позиции - {"client_id": 2, "position": {"x": 765, "y": 555}, "inputs": {"left": false, "right": false, "up": false, "down": false}}
2025-09-23 17:51:18,666 - game_server - INFO - log_game_event:61 - Игровое событие: обновление_позиции - {"client_id": 2, "position": {"x": 765, "y": 555}, "inputs": {"left": false, "right": false, "up": false, "down": false}}
2025-09-23 17:51:18,699 - game_server - INFO - log_game_event:61 - Игровое событие: обновление_позиции - {"client_id": 2, "position": {"x": 765, "y": 555}, "inputs": {"left": false, "right": false, "up": false, "down": false}}
2025-09-23 17:51:18,730 - game_server - INFO - log_game_event:61 - Игровое событие: обновление_позиции - {"client_id": 2, "position": {"x": 765, "y": 555}, "inputs": {"left": false, "right": false, "up": false, "down": false}}
2025-09-23 17:51:18,764 - game_server - INFO - log_game_event:61 - Игровое событие: обновление_позиции - {"client_id": 2, "position": {"x": 765, "y": 555}, "inputs": {"left": false, "right": false, "up": false, "down": false}}
2025-09-23 17:51:18,798 - game_server - INFO - log_game_event:61 - Игровое событие: обновление_позиции - {"client_id": 2, "position": {"x": 765, "y": 555}, "inputs": {"left": false, "right": false, "up": false, "down": false}}
2025-09-23 17:51:18,832 - game_server - INFO - log_game_event:61 - Игровое событие: обновление_позиции - {"client_id": 2, "position": {"x": 765, "y": 555}, "inputs": {"left": false, "right": false, "up": false, "down": false}}
2025-09-23 17:51:18,857 - game_server - INFO - log_game_event:61 - Игровое событие: обновление_позиции - {"client_id": 2, "position": {"x": 765, "y": 555}, "inputs": {"left": false, "right": false, "up": false, "down": false}}
2025-09-23 17:51:18,890 - game_server - INFO - log_game_event:61 - Игровое событие: обновление_позиции - {"client_id": 2, "position": {"x": 765, "y": 555}, "inputs": {"left": false, "right": false, "up": false, "down": false}}
2025-09-23 17:51:18,923 - game_server - INFO - log_game_event:61 - Игровое событие: обновление_позиции - {"client_id": 2, "position": {"x": 765, "y": 555}, "inputs": {"left": false, "right": false, "up": false, "down": false}}
2025-09-23 17:51:18,955 - game_server - INFO - log_game_event:61 - Игровое событие: обновление_позиции - {"client_id": 2, "position": {"x": 765, "y": 555}, "inputs": {"left": false, "right": false, "up": false, "down": false}}
2025-09-23 17:51:18,988 - game_server - INFO - log_game_event:61 - Игровое событие: обновление_позиции - {"client_id": 2, "position": {"x": 765, "y": 555}, "inputs": {"left": false, "right": false, "up": false, "down": false}}
2025-09-23 17:51:19,020 - game_server - INFO - log_game_event:61 - Игровое событие: обновление_позиции - {"client_id": 2, "position": {"x": 765, "y": 555}, "inputs": {"left": false, "right": false, "up": false, "down": false}}
2025-09-23 17:51:19,054 - game_server - INFO - log_game_event:61 - Игровое событие: обновление_позиции - {"client_id": 2, "position": {"x": 765, "y": 555}, "inputs": {"left": false, "right": false, "up": false, "down": false}}
2025-09-23 17:51:19,087 - game_server - INFO - log_game_event:61 - Игровое событие: обновление_позиции - {"client_id": 2, "position": {"x": 765, "y": 555}, "inputs": {"left": false, "right": false, "up": false, "down": false}}
2025-09-23 17:51:19,119 - game_server - INFO - log_game_event:61 - Игровое событие: обновление_позиции - {"client_id": 2, "position": {"x": 765, "y": 555}, "inputs": {"left": false, "right": false, "up": false, "down": false}}
2025-09-23 17:51:19,153 - game_server - INFO - log_game_event:61 - Игровое событие: обновление_позиции - {"client_id": 2, "position": {"x": 765, "y": 555}, "inputs": {"left": false, "right": false, "up": false, "down": false}}
2025-09-23 17:51:19,187 - game_server - INFO - log_game_event:61 - Игровое событие: обновление_позиции - {"client_id": 2, "position": {"x": 765, "y": 555}, "inputs": {"left": false, "right": false, "up": false, "down": false}}
2025-09-23 17:51:19,222 - game_server - INFO - log_game_event:61 - Игровое событие: обновление_позиции - {"client_id": 2, "position": {"x": 765, "y": 555}, "inputs": {"left": false, "right": false, "up": false, "down": false}}
2025-09-23 17:51:19,254 - game_server - INFO - log_game_event:61 - Игровое событие: обновление_позиции - {"client_id": 2, "position": {"x": 765, "y": 555}, "inputs": {"left": false, "right": false, "up": false, "down": false}}
2025-09-23 17:51:19,287 - game_server - INFO - log_game_event:61 - Игровое событие: обновление_позиции - {"client_id": 2, "position": {"x": 765, "y": 555}, "inputs": {"left": false, "right": false, "up": false, "down": false}}
2025-09-23 17:51:19,318 - game_server - INFO - log_game_event:61 - Игровое событие: обновление_позиции - {"client_id": 2, "position": {"x": 765, "y": 555}, "inputs": {"left": false, "right": false, "up": false, "down": false}}
2025-09-23 17:51:19,352 - game_server - INFO - log_game_event:61 - Игровое событие: обновление_позиции - {"client_id": 2, "position": {"x": 765, "y": 555}, "inputs": {"left": false, "right": false, "up": false, "down": false}}
2025-09-23 17:51:19,384 - game_server - INFO - log_game_event:61 - Игровое событие: обновление_позиции - {"client_id": 2, "position": {"x": 765, "y": 555}, "inputs": {"left": false, "right": false, "up": false, "down": false}}
2025-09-23 17:51:19,417 - game_server - INFO - log_game_event:61 - Игровое событие: обновление_позиции - {"client_id": 2, "position": {"x": 765, "y": 555}, "inputs": {"left": false, "right": false, "up": false, "down": false}}
2025-09-23 17:51:19,449 - game_server - INFO - log_game_event:61 - Игровое событие: обновление_позиции - {"client_id": 2, "position": {"x": 765, "y": 555}, "inputs": {"left": false, "right": false, "up": false, "down": false}}
2025-09-23 17:51:19,483 - game_server - INFO - log_game_event:61 - Игровое событие: обновление_позиции - {"client_id": 2, "position": {"x": 765, "y": 555}, "inputs": {"left": false, "right": false, "up": false, "down": false}}
2025-09-23 17:51:19,517 - game_server - INFO - log_game_event:61 - Игровое событие: обновление_позиции - {"client_id": 2, "position": {"x": 765, "y": 555}, "inputs": {"left": false, "right": false, "up": false, "down": false}}
2025-09-23 17:51:19,549 - game_server - INFO - log_game_event:61 - Игровое событие: обновление_позиции - {"client_id": 2, "position": {"x": 765, "y": 555}, "inputs": {"left": false, "right": false, "up": false, "down": false}}
2025-09-23 17:51:19,583 - game_server - INFO - log_game_event:61 - Игровое событие: обновление_позиции - {"client_id": 2, "position": {"x": 765, "y": 555}, "inputs": {"left": false, "right": false, "up": false, "down": false}}
2025-09-23 17:51:19,616 - game_server - INFO - log_game_event:61 - Игровое событие: обновление_позиции - {"client_id": 2, "position": {"x": 765, "y": 555}, "inputs": {"left": false, "right": false, "up": false, "down": false}}
2025-09-23 17:51:19,650 - game_server - INFO - log_game_event:61 - Игровое событие: обновление_позиции - {"client_id": 2, "position": {"x": 765, "y": 555}, "inputs": {"left": false, "right": false, "up": false, "down": false}}
2025-09-23 17:51:19,683 - game_server - INFO - log_game_event:61 - Игровое событие: обновление_позиции - {"client_id": 2, "position": {"x": 765, "y": 555}, "inputs": {"left": false, "right": false, "up": false, "down": false}}
2025-09-23 17:51:19,714 - game_server - INFO - log_game_event:61 - Игровое событие: обновление_позиции - {"client_id": 2, "position": {"x": 765, "y": 555}, "inputs": {"left": false, "right": false, "up": false, "down": false}}
2025-09-23 17:51:19,747 - game_server - INFO - log_game_event:61 - Игровое событие: обновление_позиции - {"client_id": 2, "position": {"x": 765, "y": 555}, "inputs": {"left": false, "right": false, "up": false, "down": false}}
2025-09-23 17:51:19,779 - game_server - INFO - log_game_event:61 - Игровое событие: обновление_позиции - {"client_id": 2, "position": {"x": 765, "y": 555}, "inputs": {"left": false, "right": false, "up": false, "down": false}}
2025-09-23 17:51:19,813 - game_server - INFO - log_game_event:61 - Игровое событие: обновление_позиции - {"client_id": 2, "position": {"x": 765, "y": 555}, "inputs": {"left": false, "right": false, "up": false, "down": false}}
2025-09-23 17:51:19,846 - game_server - INFO - log_game_event:61 - Игровое событие: обновление_позиции - {"client_id": 2, "position": {"x": 765, "y": 555}, "inputs": {"left": false, "right": false, "up": false, "down": false}}
2025-09-23 17:51:19,878 - game_server - INFO - log_game_event:61 - Игровое событие: обновление_позиции - {"client_id": 2, "position": {"x": 765, "y": 555}, "inputs": {"left": false, "right": false, "up": false, "down": false}}
2025-09-23 17:51:19,914 - game_server - INFO - log_game_event:61 - Игровое событие: обновление_позиции - {"client_id": 2, "position": {"x": 765, "y": 555}, "inputs": {"left": false, "right": false, "up": false, "down": false}}
2025-09-23 17:51:19,946 - game_server - INFO - log_game_event:61 - Игровое событие: обновление_позиции - {"client_id": 2, "position": {"x": 765, "y": 555}, "inputs": {"left": false, "right": false, "up": false, "down": false}}
2025-09-23 17:51:19,980 - game_server - INFO - log_game_event:61 - Игровое событие: обновление_позиции - {"client_id": 2, "position": {"x": 765, "y": 555}, "inputs": {"left": false, "right": false, "up": false, "down": false}}
2025-09-23 17:51:20,014 - game_server - INFO - log_game_event:61 - Игровое событие: обновление_позиции - {"client_id": 2, "position": {"x": 765, "y": 555}, "inputs": {"left": false, "right": false, "up": false, "down": false}}
2025-09-23 17:51:20,046 - game_server - INFO - log_game_event:61 - Игровое событие: обновление_позиции - {"client_id": 2, "position": {"x": 765, "y": 555}, "inputs": {"left": false, "right": false, "up": false, "down": false}}
2025-09-23 17:51:20,080 - game_server - INFO - log_game_event:61 - Игровое событие: обновление_позиции - {"client_id": 2, "position": {"x": 765, "y": 555}, "inputs": {"left": false, "right": false, "up": false, "down": false}}
2025-09-23 17:51:20,112 - game_server - INFO - log_game_event:61 - Игровое событие: обновление_позиции - {"client_id": 2, "position": {"x": 765, "y": 555}, "inputs": {"left": false, "right": false, "up": false, "down": false}}
2025-09-23 17:51:20,145 - game_server - INFO - log_game_event:61 - Игровое событие: обновление_позиции - {"client_id": 2, "position": {"x": 765, "y": 555}, "inputs": {"left": false, "right": false, "up": false, "down": false}}
2025-09-23 17:51:20,178 - game_server - INFO - log_game_event:61 - Игровое событие: обновление_позиции - {"client_id": 2, "position": {"x": 765, "y": 555}, "inputs": {"left": false, "right": false, "up": false, "down": false}}
2025-09-23 17:51:20,211 - game_server - INFO - log_game_event:61 - Игровое событие: обновление_позиции - {"client_id": 2, "position": {"x": 765, "y": 555}, "inputs": {"left": false, "right": false, "up": false, "down": false}}
2025-09-23 17:51:20,244 - game_server - INFO - log_game_event:61 - Игровое событие: обновление_позиции - {"client_id": 2, "position": {"x": 765, "y": 555}, "inputs": {"left": false, "right": false, "up": false, "down": false}}
2025-09-23 17:51:20,277 - game_server - INFO - log_game_event:61 - Игровое событие: обновление_позиции - {"client_id": 2, "position": {"x": 765, "y": 555}, "inputs": {"left": false, "right": false, "up": false, "down": false}}
2025-09-23 17:51:20,310 - game_server - INFO - log_game_event:61 - Игровое событие: обновление_позиции - {"client_id": 2, "position": {"x": 765, "y": 555}, "inputs": {"left": false, "right": false, "up": false, "down": false}}
2025-09-23 17:51:20,343 - game_server - INFO - log_game_event:61 - Игровое событие: обновление_позиции - {"client_id": 2, "position": {"x": 765, "y": 555}, "inputs": {"left": false, "right": false, "up": false, "down": false}}
2025-09-23 17:51:20,376 - game_server - INFO - log_game_event:61 - Игровое событие: обновление_позиции - {"client_id": 2, "position": {"x": 765, "y": 555}, "inputs": {"left": false, "right": false, "up": false, "down": false}}
2025-09-23 17:51:20,409 - game_server - INFO - log_game_event:61 - Игровое событие: обновление_позиции - {"client_id": 2, "position": {"x": 765, "y": 555}, "inputs": {"left": false, "right": false, "up": false, "down": false}}
2025-09-23 17:51:20,442 - game_server - INFO - log_game_event:61 - Игровое событие: обновление_позиции - {"client_id": 2, "position": {"x": 765, "y": 555}, "inputs": {"left": false, "right": false, "up": false, "down": false}}
2025-09-23 17:51:20,475 - game_server - INFO - log_game_event:61 - Игровое событие: обновление_позиции - {"client_id": 2, "position": {"x": 765, "y": 555}, "inputs": {"left": false, "right": false, "up": false, "down": false}}
2025-09-23 17:51:20,507 - game_server - INFO - log_game_event:61 - Игровое событие: обновление_позиции - {"client_id": 2, "position": {"x": 765, "y": 555}, "inputs": {"left": false, "right": false, "up": false, "down": false}}
2025-09-23 17:51:20,540 - game_server - INFO - log_game_event:61 - Игровое событие: обновление_позиции - {"client_id": 2, "position": {"x": 765, "y": 555}, "inputs": {"left": false, "right": false, "up": false, "down": false}}
2025-09-23 17:51:20,571 - game_server - INFO - log_game_event:61 - Игровое событие: обновление_позиции - {"client_id": 2, "position": {"x": 765, "y": 555}, "inputs": {"left": false, "right": false, "up": false, "down": false}}
2025-09-23 17:51:20,603 - game_server - INFO - log_game_event:61 - Игровое событие: обновление_позиции - {"client_id": 2, "position": {"x": 765, "y": 555}, "inputs": {"left": false, "right": false, "up": false, "down": false}}
2025-09-23 17:51:20,635 - game_server - INFO - log_game_event:61 - Игровое событие: обновление_позиции - {"client_id": 2, "position": {"x": 765, "y": 555}, "inputs": {"left": false, "right": false, "up": false, "down": false}}
2025-09-23 17:51:20,668 - game_server - INFO - log_game_event:61 - Игровое событие: обновление_позиции - {"client_id": 2, "position": {"x": 765, "y": 555}, "inputs": {"left": false, "right": false, "up": false, "down": false}}
2025-09-23 17:51:20,702 - game_server - INFO - log_game_event:61 - Игровое событие: обновление_позиции - {"client_id": 2, "position": {"x": 765, "y": 555}, "inputs": {"left": false, "right": false, "up": false, "down": false}}
2025-09-23 17:51:20,734 - game_server - INFO - log_game_event:61 - Игровое событие: обновление_позиции - {"client_id": 2, "position": {"x": 765, "y": 555}, "inputs": {"left": false, "right": false, "up": false, "down": false}}
2025-09-23 17:51:20,767 - game_server - INFO - log_game_event:61 - Игровое событие: обновление_позиции - {"client_id": 2, "position": {"x": 765, "y": 555}, "inputs": {"left": false, "right": false, "up": false, "down": false}}
2025-09-23 17:51:20,800 - game_server - INFO - log_game_event:61 - Игровое событие: обновление_позиции - {"client_id": 2, "position": {"x": 765, "y": 555}, "inputs": {"left": false, "right": false, "up": false, "down": false}}
2025-09-23 17:51:20,833 - game_server - INFO - log_game_event:61 - Игровое событие: обновление_позиции - {"client_id": 2, "position": {"x": 765, "y": 555}, "inputs": {"left": false, "right": false, "up": false, "down": false}}
2025-09-23 17:51:20,868 - game_server - INFO - log_game_event:61 - Игровое событие: обновление_позиции - {"client_id": 2, "position": {"x": 765, "y": 555}, "inputs": {"left": false, "right": false, "up": false, "down": false}}
2025-09-23 17:51:20,901 - game_server - INFO - log_game_event:61 - Игровое событие: обновление_позиции - {"client_id": 2, "position": {"x": 765, "y": 555}, "inputs": {"left": false, "right": false, "up": false, "down": false}}
2025-09-23 17:51:20,934 - game_server - INFO - log_game_event:61 - Игровое событие: обновление_позиции - {"client_id": 2, "position": {"x": 765, "y": 555}, "inputs": {"left": false, "right": false, "up": false, "down": false}}
2025-09-23 17:51:20,966 - game_server - INFO - log_game_event:61 - Игровое событие: обновление_позиции - {"client_id": 2, "position": {"x": 765, "y": 555}, "inputs": {"left": false, "right": false, "up": false, "down": false}}
2025-09-23 17:51:20,999 - game_server - INFO - log_game_event:61 - Игровое событие: обновление_позиции - {"client_id": 2, "position": {"x": 765, "y": 555}, "inputs": {"left": false, "right": false, "up": false, "down": false}}
2025-09-23 17:51:21,032 - game_server - INFO - log_game_event:61 - Игровое событие: обновление_позиции - {"client_id": 2, "position": {"x": 765, "y": 555}, "inputs": {"left": false, "right": false, "up": false, "down": false}}
2025-09-23 17:51:21,065 - game_server - INFO - log_game_event:61 - Игровое событие: обновление_позиции - {"client_id": 2, "position": {"x": 765, "y": 555}, "inputs": {"left": false, "right": false, "up": false, "down": false}}
2025-09-23 17:51:21,098 - game_server - INFO - log_game_event:61 - Игровое событие: обновление_позиции - {"client_id": 2, "position": {"x": 765, "y": 555}, "inputs": {"left": false, "right": false, "up": false, "down": false}}
2025-09-23 17:51:21,131 - game_server - INFO - log_game_event:61 - Игровое событие: обновление_позиции - {"client_id": 2, "position": {"x": 765, "y": 555}, "inputs": {"left": false, "right": false, "up": false, "down": false}}
2025-09-23 17:51:21,165 - game_server - INFO - log_game_event:61 - Игровое событие: обновление_позиции - {"client_id": 2, "position": {"x": 765, "y": 555}, "inputs": {"left": false, "right": false, "up": false, "down": false}}
2025-09-23 17:51:21,198 - game_server - INFO - log_game_event:61 - Игровое событие: обновление_позиции - {"client_id": 2, "position": {"x": 765, "y": 555}, "inputs": {"left": false, "right": false, "up": false, "down": false}}
2025-09-23 17:51:21,232 - game_server - INFO - log_game_event:61 - Игровое событие: обновление_позиции - {"client_id": 2, "position": {"x": 765, "y": 555}, "inputs": {"left": false, "right": false, "up": false, "down": false}}
2025-09-23 17:51:21,264 - game_server - INFO - log_game_event:61 - Игровое событие: обновление_позиции - {"client_id": 2, "position": {"x": 765, "y": 555}, "inputs": {"left": false, "right": false, "up": false, "down": false}}
2025-09-23 17:51:21,295 - game_server - INFO - log_game_event:61 - Игровое событие: обновление_позиции - {"client_id": 2, "position": {"x": 765, "y": 555}, "inputs": {"left": false, "right": false, "up": false, "down": false}}
2025-09-23 17:51:21,326 - game_server - INFO - log_game_event:61 - Игровое событие: обновление_позиции - {"client_id": 2, "position": {"x": 765, "y": 555}, "inputs": {"left": false, "right": false, "up": false, "down": false}}
2025-09-23 17:51:21,358 - game_server - INFO - log_game_event:61 - Игровое событие: обновление_позиции - {"client_id": 2, "position": {"x": 765, "y": 555}, "inputs": {"left": false, "right": false, "up": false, "down": false}}
2025-09-23 17:51:21,391 - game_server - INFO - log_game_event:61 - Игровое событие: обновление_позиции - {"client_id": 2, "position": {"x": 765, "y": 555}, "inputs": {"left": false, "right": false, "up": false, "down": false}}
2025-09-23 17:51:21,422 - game_server - INFO - log_game_event:61 - Игровое событие: обновление_позиции - {"client_id": 2, "position": {"x": 765, "y": 555}, "inputs": {"left": false, "right": false, "up": false, "down": false}}
2025-09-23 17:51:21,456 - game_server - INFO - log_game_event:61 - Игровое событие: обновление_позиции - {"client_id": 2, "position": {"x": 765, "y": 555}, "inputs": {"left": false, "right": false, "up": false, "down": false}}
2025-09-23 17:51:21,486 - game_server - INFO - log_game_event:61 - Игровое событие: обновление_позиции - {"client_id": 2, "position": {"x": 765, "y": 555}, "inputs": {"left": false, "right": false, "up": false, "down": false}}
2025-09-23 17:51:21,519 - game_server - INFO - log_game_event:61 - Игровое событие: обновление_позиции - {"client_id": 2, "position": {"x": 765, "y": 555}, "inputs": {"left": false, "right": false, "up": false, "down": false}}
2025-09-23 17:51:21,552 - game_server - INFO - log_game_event:61 - Игровое событие: обновление_позиции - {"client_id": 2, "position": {"x": 765, "y": 555}, "inputs": {"left": false, "right": false, "up": false, "down": false}}
2025-09-23 17:51:21,587 - game_server - INFO - log_game_event:61 - Игровое событие: обновление_позиции - {"client_id": 2, "position": {"x": 765, "y": 555}, "inputs": {"left": false, "right": false, "up": false, "down": false}}
2025-09-23 17:51:21,622 - game_server - INFO - log_game_event:61 - Игровое событие: обновление_позиции - {"client_id": 2, "position": {"x": 765, "y": 555}, "inputs": {"left": false, "right": false, "up": false, "down": false}}
2025-09-23 17:51:21,654 - game_server - INFO - log_game_event:61 - Игровое событие: обновление_позиции - {"client_id": 2, "position": {"x": 765, "y": 555}, "inputs": {"left": false, "right": false, "up": false, "down": false}}
2025-09-23 17:51:21,686 - game_server - INFO - log_game_event:61 - Игровое событие: обновление_позиции - {"client_id": 2, "position": {"x": 765, "y": 555}, "inputs": {"left": false, "right": false, "up": false, "down": false}}
2025-09-23 17:51:21,719 - game_server - INFO - log_game_event:61 - Игровое событие: обновление_позиции - {"client_id": 2, "position": {"x": 765, "y": 555}, "inputs": {"left": false, "right": false, "up": false, "down": false}}
2025-09-23 17:51:21,747 - game_server - INFO - log_game_event:61 - Игровое событие: обновление_позиции - {"client_id": 2, "position": {"x": 765, "y": 555}, "inputs": {"left": false, "right": false, "up": false, "down": false}}
2025-09-23 17:51:21,780 - game_server - INFO - log_game_event:61 - Игровое событие: обновление_позиции - {"client_id": 2, "position": {"x": 765, "y": 555}, "inputs": {"left": false, "right": false, "up": false, "down": false}}
2025-09-23 17:51:21,813 - game_server - INFO - log_game_event:61 - Игровое событие: обновление_позиции - {"client_id": 2, "position": {"x": 765, "y": 555}, "inputs": {"left": false, "right": false, "up": false, "down": false}}
2025-09-23 17:51:21,846 - game_server - INFO - log_game_event:61 - Игровое событие: обновление_позиции - {"client_id": 2, "position": {"x": 765, "y": 555}, "inputs": {"left": false, "right": false, "up": false, "down": false}}
2025-09-23 17:51:21,880 - game_server - INFO - log_game_event:61 - Игровое событие: обновление_позиции - {"client_id": 2, "position": {"x": 765, "y": 555}, "inputs": {"left": false, "right": false, "up": false, "down": false}}
2025-09-23 17:51:21,914 - game_server - INFO - log_game_event:61 - Игровое событие: обновление_позиции - {"client_id": 2, "position": {"x": 765, "y": 555}, "inputs": {"left": false, "right": false, "up": false, "down": false}}
2025-09-23 17:51:21,948 - game_server - INFO - log_game_event:61 - Игровое событие: обновление_позиции - {"client_id": 2, "position": {"x": 765, "y": 555}, "inputs": {"left": false, "right": false, "up": false, "down": false}}
2025-09-23 17:51:21,980 - game_server - INFO - log_game_event:61 - Игровое событие: обновление_позиции - {"client_id": 2, "position": {"x": 765, "y": 555}, "inputs": {"left": false, "right": false, "up": false, "down": false}}
2025-09-23 17:51:22,011 - game_server - INFO - log_game_event:61 - Игровое событие: обновление_позиции - {"client_id": 2, "position": {"x": 765, "y": 555}, "inputs": {"left": false, "right": false, "up": false, "down": false}}
2025-09-23 17:51:22,044 - game_server - INFO - log_game_event:61 - Игровое событие: обновление_позиции - {"client_id": 2, "position": {"x": 765, "y": 555}, "inputs": {"left": false, "right": false, "up": false, "down": false}}
2025-09-23 17:51:22,077 - game_server - INFO - log_game_event:61 - Игровое событие: обновление_позиции - {"client_id": 2, "position": {"x": 765, "y": 555}, "inputs": {"left": false, "right": false, "up": false, "down": false}}
2025-09-23 17:51:22,105 - game_server - INFO - log_game_event:61 - Игровое событие: обновление_позиции - {"client_id": 2, "position": {"x": 765, "y": 555}, "inputs": {"left": false, "right": false, "up": false, "down": false}}
2025-09-23 17:51:22,138 - game_server - INFO - log_game_event:61 - Игровое событие: обновление_позиции - {"client_id": 2, "position": {"x": 765, "y": 555}, "inputs": {"left": false, "right": false, "up": false, "down": false}}
2025-09-23 17:51:22,172 - game_server - INFO - log_game_event:61 - Игровое событие: обновление_позиции - {"client_id": 2, "position": {"x": 765, "y": 555}, "inputs": {"left": false, "right": false, "up": false, "down": false}}
2025-09-23 17:51:22,204 - game_server - INFO - log_game_event:61 - Игровое событие: обновление_позиции - {"client_id": 2, "position": {"x": 765, "y": 555}, "inputs": {"left": false, "right": false, "up": false, "down": false}}
2025-09-23 17:51:22,237 - game_server - INFO - log_game_event:61 - Игровое событие: обновление_позиции - {"client_id": 2, "position": {"x": 765, "y": 555}, "inputs": {"left": false, "right": false, "up": false, "down": false}}
2025-09-23 17:51:22,270 - game_server - INFO - log_game_event:61 - Игровое событие: обновление_позиции - {"client_id": 2, "position": {"x": 765, "y": 555}, "inputs": {"left": false, "right": false, "up": false, "down": false}}
2025-09-23 17:51:22,302 - game_server - INFO - log_game_event:61 - Игровое событие: обновление_позиции - {"client_id": 2, "position": {"x": 765, "y": 555}, "inputs": {"left": false, "right": false, "up": false, "down": false}}
2025-09-23 17:51:22,335 - game_server - INFO - log_game_event:61 - Игровое событие: обновление_позиции - {"client_id": 2, "position": {"x": 765, "y": 555}, "inputs": {"left": false, "right": false, "up": false, "down": false}}
2025-09-23 17:51:22,369 - game_server - INFO - log_game_event:61 - Игровое событие: обновление_позиции - {"client_id": 2, "position": {"x": 765, "y": 555}, "inputs": {"left": false, "right": false, "up": false, "down": false}}
2025-09-23 17:51:22,402 - game_server - INFO - log_game_event:61 - Игровое событие: обновление_позиции - {"client_id": 2, "position": {"x": 765, "y": 555}, "inputs": {"left": false, "right": false, "up": false, "down": false}}
2025-09-23 17:51:22,435 - game_server - INFO - log_game_event:61 - Игровое событие: обновление_позиции - {"client_id": 2, "position": {"x": 765, "y": 555}, "inputs": {"left": false, "right": false, "up": false, "down": false}}
2025-09-23 17:51:22,468 - game_server - INFO - log_game_event:61 - Игровое событие: обновление_позиции - {"client_id": 2, "position": {"x": 765, "y": 555}, "inputs": {"left": false, "right": false, "up": false, "down": false}}
2025-09-23 17:51:22,501 - game_server - INFO - log_game_event:61 - Игровое событие: обновление_позиции - {"client_id": 2, "position": {"x": 765, "y": 555}, "inputs": {"left": false, "right": false, "up": false, "down": false}}
2025-09-23 17:51:22,534 - game_server - INFO - log_game_event:61 - Игровое событие: обновление_позиции - {"client_id": 2, "position": {"x": 765, "y": 555}, "inputs": {"left": false, "right": false, "up": false, "down": false}}
2025-09-23 17:51:22,567 - game_server - INFO - log_game_event:61 - Игровое событие: обновление_позиции - {"client_id": 2, "position": {"x": 765, "y": 555}, "inputs": {"left": false, "right": false, "up": false, "down": false}}
2025-09-23 17:51:22,600 - game_server - INFO - log_game_event:61 - Игровое событие: обновление_позиции - {"client_id": 2, "position": {"x": 765, "y": 555}, "inputs": {"left": false, "right": false, "up": false, "down": false}}
2025-09-23 17:51:22,635 - game_server - INFO - log_game_event:61 - Игровое событие: обновление_позиции - {"client_id": 2, "position": {"x": 765, "y": 555}, "inputs": {"left": false, "right": false, "up": false, "down": false}}
2025-09-23 17:51:22,669 - game_server - INFO - log_game_event:61 - Игровое событие: обновление_позиции - {"client_id": 2, "position": {"x": 765, "y": 555}, "inputs": {"left": false, "right": false, "up": false, "down": false}}
2025-09-23 17:51:22,700 - game_server - INFO - log_game_event:61 - Игровое событие: обновление_позиции - {"client_id": 2, "position": {"x": 765, "y": 555}, "inputs": {"left": false, "right": false, "up": false, "down": false}}
2025-09-23 17:51:22,734 - game_server - INFO - log_game_event:61 - Игровое событие: обновление_позиции - {"client_id": 2, "position": {"x": 765, "y": 555}, "inputs": {"left": false, "right": false, "up": false, "down": false}}
2025-09-23 17:51:22,766 - game_server - INFO - log_game_event:61 - Игровое событие: обновление_позиции - {"client_id": 2, "position": {"x": 765, "y": 555}, "inputs": {"left": false, "right": false, "up": false, "down": false}}
2025-09-23 17:51:22,799 - game_server - INFO - log_game_event:61 - Игровое событие: обновление_позиции - {"client_id": 2, "position": {"x": 765, "y": 555}, "inputs": {"left": false, "right": false, "up": false, "down": false}}
2025-09-23 17:51:22,833 - game_server - INFO - log_game_event:61 - Игровое событие: обновление_позиции - {"client_id": 2, "position": {"x": 765, "y": 555}, "inputs": {"left": false, "right": false, "up": false, "down": false}}
2025-09-23 17:51:22,866 - game_server - INFO - log_game_event:61 - Игровое событие: обновление_позиции - {"client_id": 2, "position": {"x": 765, "y": 555}, "inputs": {"left": false, "right": false, "up": false, "down": false}}
2025-09-23 17:51:22,900 - game_server - INFO - log_game_event:61 - Игровое событие: обновление_позиции - {"client_id": 2, "position": {"x": 765, "y": 555}, "inputs": {"left": false, "right": false, "up": false, "down": false}}
2025-09-23 17:51:22,933 - game_server - INFO - log_game_event:61 - Игровое событие: обновление_позиции - {"client_id": 2, "position": {"x": 765, "y": 555}, "inputs": {"left": false, "right": false, "up": false, "down": false}}
2025-09-23 17:51:22,966 - game_server - INFO - log_game_event:61 - Игровое событие: обновление_позиции - {"client_id": 2, "position": {"x": 765, "y": 555}, "inputs": {"left": false, "right": false, "up": false, "down": false}}
2025-09-23 17:51:22,999 - game_server - INFO - log_game_event:61 - Игровое событие: обновление_позиции - {"client_id": 2, "position": {"x": 765, "y": 555}, "inputs": {"left": false, "right": false, "up": false, "down": false}}
2025-09-23 17:51:23,034 - game_server - INFO - log_game_event:61 - Игровое событие: обновление_позиции - {"client_id": 2, "position": {"x": 765, "y": 555}, "inputs": {"left": false, "right": false, "up": false, "down": false}}
2025-09-23 17:51:23,066 - game_server - INFO - log_game_event:61 - Игровое событие: обновление_позиции - {"client_id": 2, "position": {"x": 765, "y": 555}, "inputs": {"left": false, "right": false, "up": false, "down": false}}
2025-09-23 17:51:23,100 - game_server - INFO - log_game_event:61 - Игровое событие: обновление_позиции - {"client_id": 2, "position": {"x": 765, "y": 555}, "inputs": {"left": false, "right": false, "up": false, "down": false}}
2025-09-23 17:51:23,134 - game_server - INFO - log_game_event:61 - Игровое событие: обновление_позиции - {"client_id": 2, "position": {"x": 765, "y": 555}, "inputs": {"left": false, "right": false, "up": false, "down": false}}
2025-09-23 17:51:23,165 - game_server - INFO - log_game_event:61 - Игровое событие: обновление_позиции - {"client_id": 2, "position": {"x": 765, "y": 555}, "inputs": {"left": false, "right": false, "up": false, "down": false}}
2025-09-23 17:51:23,196 - game_server - INFO - log_game_event:61 - Игровое событие: обновление_позиции - {"client_id": 2, "position": {"x": 765, "y": 555}, "inputs": {"left": false, "right": false, "up": false, "down": false}}
2025-09-23 17:51:23,228 - game_server - INFO - log_game_event:61 - Игровое событие: обновление_позиции - {"client_id": 2, "position": {"x": 765, "y": 555}, "inputs": {"left": false, "right": false, "up": false, "down": false}}
2025-09-23 17:51:23,257 - game_server - INFO - log_game_event:61 - Игровое событие: обновление_позиции - {"client_id": 2, "position": {"x": 765, "y": 555}, "inputs": {"left": false, "right": false, "up": false, "down": false}}
2025-09-23 17:51:23,288 - game_server - INFO - log_game_event:61 - Игровое событие: обновление_позиции - {"client_id": 2, "position": {"x": 765, "y": 555}, "inputs": {"left": false, "right": false, "up": false, "down": false}}
2025-09-23 17:51:23,318 - game_server - INFO - log_game_event:61 - Игровое событие: обновление_позиции - {"client_id": 2, "position": {"x": 765, "y": 555}, "inputs": {"left": false, "right": false, "up": false, "down": false}}
2025-09-23 17:51:23,350 - game_server - INFO - log_game_event:61 - Игровое событие: обновление_позиции - {"client_id": 2, "position": {"x": 765, "y": 555}, "inputs": {"left": false, "right": false, "up": false, "down": false}}
2025-09-23 17:51:23,382 - game_server - INFO - log_game_event:61 - Игровое событие: обновление_позиции - {"client_id": 2, "position": {"x": 765, "y": 555}, "inputs": {"left": false, "right": false, "up": false, "down": false}}
2025-09-23 17:51:23,412 - game_server - INFO - log_game_event:61 - Игровое событие: обновление_позиции - {"client_id": 2, "position": {"x": 765, "y": 555}, "inputs": {"left": false, "right": false, "up": false, "down": false}}
2025-09-23 17:51:23,444 - game_server - INFO - log_game_event:61 - Игровое событие: обновление_позиции - {"client_id": 2, "position": {"x": 765, "y": 555}, "inputs": {"left": false, "right": false, "up": false, "down": false}}
2025-09-23 17:51:23,474 - game_server - INFO - log_game_event:61 - Игровое событие: обновление_позиции - {"client_id": 2, "position": {"x": 765, "y": 555}, "inputs": {"left": false, "right": false, "up": false, "down": false}}
2025-09-23 17:51:23,506 - game_server - INFO - log_game_event:61 - Игровое событие: обновление_позиции - {"client_id": 2, "position": {"x": 765, "y": 555}, "inputs": {"left": false, "right": false, "up": false, "down": false}}
2025-09-23 17:51:23,538 - game_server - INFO - log_game_event:61 - Игровое событие: обновление_позиции - {"client_id": 2, "position": {"x": 765, "y": 555}, "inputs": {"left": false, "right": false, "up": false, "down": false}}
2025-09-23 17:51:23,570 - game_server - INFO - log_game_event:61 - Игровое событие: обновление_позиции - {"client_id": 2, "position": {"x": 765, "y": 555}, "inputs": {"left": false, "right": false, "up": false, "down": false}}
2025-09-23 17:51:23,604 - game_server - INFO - log_game_event:61 - Игровое событие: обновление_позиции - {"client_id": 2, "position": {"x": 765, "y": 555}, "inputs": {"left": false, "right": false, "up": false, "down": false}}
2025-09-23 17:51:23,637 - game_server - INFO - log_game_event:61 - Игровое событие: обновление_позиции - {"client_id": 2, "position": {"x": 765, "y": 555}, "inputs": {"left": false, "right": false, "up": false, "down": false}}
2025-09-23 17:51:23,670 - game_server - INFO - log_game_event:61 - Игровое событие: обновление_позиции - {"client_id": 2, "position": {"x": 765, "y": 555}, "inputs": {"left": false, "right": false, "up": false, "down": false}}
2025-09-23 17:51:23,703 - game_server - INFO - log_game_event:61 - Игровое событие: обновление_позиции - {"client_id": 2, "position": {"x": 765, "y": 555}, "inputs": {"left": false, "right": false, "up": false, "down": false}}
2025-09-23 17:51:23,736 - game_server - INFO - log_game_event:61 - Игровое событие: обновление_позиции - {"client_id": 2, "position": {"x": 765, "y": 555}, "inputs": {"left": false, "right": false, "up": false, "down": false}}
2025-09-23 17:51:23,769 - game_server - INFO - log_game_event:61 - Игровое событие: обновление_позиции - {"client_id": 2, "position": {"x": 765, "y": 555}, "inputs": {"left": false, "right": false, "up": false, "down": false}}
2025-09-23 17:51:23,801 - game_server - INFO - log_game_event:61 - Игровое событие: обновление_позиции - {"client_id": 2, "position": {"x": 765, "y": 555}, "inputs": {"left": false, "right": false, "up": false, "down": false}}
2025-09-23 17:51:23,832 - game_server - INFO - log_game_event:61 - Игровое событие: обновление_позиции - {"client_id": 2, "position": {"x": 765, "y": 555}, "inputs": {"left": false, "right": false, "up": false, "down": false}}
2025-09-23 17:51:23,863 - game_server - INFO - log_game_event:61 - Игровое событие: обновление_позиции - {"client_id": 2, "position": {"x": 765, "y": 555}, "inputs": {"left": false, "right": false, "up": false, "down": false}}
2025-09-23 17:51:23,895 - game_server - INFO - log_game_event:61 - Игровое событие: обновление_позиции - {"client_id": 2, "position": {"x": 765, "y": 555}, "inputs": {"left": false, "right": false, "up": false, "down": false}}
2025-09-23 17:51:23,928 - game_server - INFO - log_game_event:61 - Игровое событие: обновление_позиции - {"client_id": 2, "position": {"x": 765, "y": 555}, "inputs": {"left": false, "right": false, "up": false, "down": false}}
2025-09-23 17:51:23,962 - game_server - INFO - log_game_event:61 - Игровое событие: обновление_позиции - {"client_id": 2, "position": {"x": 765, "y": 555}, "inputs": {"left": false, "right": false, "up": false, "down": false}}
2025-09-23 17:51:23,997 - game_server - INFO - log_game_event:61 - Игровое событие: обновление_позиции - {"client_id": 2, "position": {"x": 765, "y": 555}, "inputs": {"left": false, "right": false, "up": false, "down": false}}
2025-09-23 17:51:24,032 - game_server - INFO - log_game_event:61 - Игровое событие: обновление_позиции - {"client_id": 2, "position": {"x": 765, "y": 555}, "inputs": {"left": false, "right": false, "up": false, "down": false}}
2025-09-23 17:51:24,065 - game_server - INFO - log_game_event:61 - Игровое событие: обновление_позиции - {"client_id": 2, "position": {"x": 765, "y": 555}, "inputs": {"left": false, "right": false, "up": false, "down": false}}
2025-09-23 17:51:24,100 - game_server - INFO - log_game_event:61 - Игровое событие: обновление_позиции - {"client_id": 2, "position": {"x": 765, "y": 555}, "inputs": {"left": false, "right": false, "up": false, "down": false}}
2025-09-23 17:51:24,134 - game_server - INFO - log_game_event:61 - Игровое событие: обновление_позиции - {"client_id": 2, "position": {"x": 765, "y": 555}, "inputs": {"left": false, "right": false, "up": false, "down": false}}
2025-09-23 17:51:24,167 - game_server - INFO - log_game_event:61 - Игровое событие: обновление_позиции - {"client_id": 2, "position": {"x": 765, "y": 555}, "inputs": {"left": false, "right": false, "up": false, "down": false}}
2025-09-23 17:51:24,200 - game_server - INFO - log_game_event:61 - Игровое событие: обновление_позиции - {"client_id": 2, "position": {"x": 765, "y": 555}, "inputs": {"left": false, "right": false, "up": false, "down": false}}
2025-09-23 17:51:24,233 - game_server - INFO - log_game_event:61 - Игровое событие: обновление_позиции - {"client_id": 2, "position": {"x": 765, "y": 555}, "inputs": {"left": false, "right": false, "up": false, "down": false}}
2025-09-23 17:51:24,266 - game_server - INFO - log_game_event:61 - Игровое событие: обновление_позиции - {"client_id": 2, "position": {"x": 765, "y": 555}, "inputs": {"left": false, "right": false, "up": false, "down": false}}
2025-09-23 17:51:24,299 - game_server - INFO - log_game_event:61 - Игровое событие: обновление_позиции - {"client_id": 2, "position": {"x": 765, "y": 555}, "inputs": {"left": false, "right": false, "up": false, "down": false}}
2025-09-23 17:51:24,332 - game_server - INFO - log_game_event:61 - Игровое событие: обновление_позиции - {"client_id": 2, "position": {"x": 765, "y": 555}, "inputs": {"left": false, "right": false, "up": false, "down": false}}
2025-09-23 17:51:24,365 - game_server - INFO - log_game_event:61 - Игровое событие: обновление_позиции - {"client_id": 2, "position": {"x": 765, "y": 555}, "inputs": {"left": false, "right": false, "up": false, "down": false}}
2025-09-23 17:51:24,395 - game_server - INFO - log_game_event:61 - Игровое событие: обновление_позиции - {"client_id": 2, "position": {"x": 765, "y": 555}, "inputs": {"left": false, "right": false, "up": false, "down": false}}
2025-09-23 17:51:24,427 - game_server - INFO - log_game_event:61 - Игровое событие: обновление_позиции - {"client_id": 2, "position": {"x": 765, "y": 555}, "inputs": {"left": false, "right": false, "up": false, "down": false}}
2025-09-23 17:51:24,461 - game_server - INFO - log_game_event:61 - Игровое событие: обновление_позиции - {"client_id": 2, "position": {"x": 765, "y": 555}, "inputs": {"left": false, "right": false, "up": false, "down": false}}
2025-09-23 17:51:24,489 - game_server - INFO - log_game_event:61 - Игровое событие: обновление_позиции - {"client_id": 2, "position": {"x": 765, "y": 555}, "inputs": {"left": false, "right": false, "up": false, "down": false}}
2025-09-23 17:51:24,519 - game_server - INFO - log_game_event:61 - Игровое событие: обновление_позиции - {"client_id": 2, "position": {"x": 765, "y": 555}, "inputs": {"left": false, "right": false, "up": false, "down": false}}
2025-09-23 17:51:24,552 - game_server - INFO - log_game_event:61 - Игровое событие: обновление_позиции - {"client_id": 2, "position": {"x": 765, "y": 555}, "inputs": {"left": false, "right": false, "up": false, "down": false}}
2025-09-23 17:51:24,586 - game_server - INFO - log_game_event:61 - Игровое событие: обновление_позиции - {"client_id": 2, "position": {"x": 765, "y": 555}, "inputs": {"left": false, "right": false, "up": false, "down": false}}
2025-09-23 17:51:24,621 - game_server - INFO - log_game_event:61 - Игровое событие: обновление_позиции - {"client_id": 2, "position": {"x": 765, "y": 555}, "inputs": {"left": false, "right": false, "up": false, "down": false}}
2025-09-23 17:51:24,652 - game_server - INFO - log_game_event:61 - Игровое событие: обновление_позиции - {"client_id": 2, "position": {"x": 765, "y": 555}, "inputs": {"left": false, "right": false, "up": false, "down": false}}
2025-09-23 17:51:24,684 - game_server - INFO - log_game_event:61 - Игровое событие: обновление_позиции - {"client_id": 2, "position": {"x": 765, "y": 555}, "inputs": {"left": false, "right": false, "up": false, "down": false}}
2025-09-23 17:51:24,715 - game_server - INFO - log_game_event:61 - Игровое событие: обновление_позиции - {"client_id": 2, "position": {"x": 765, "y": 555}, "inputs": {"left": false, "right": false, "up": false, "down": false}}
2025-09-23 17:51:24,748 - game_server - INFO - log_game_event:61 - Игровое событие: обновление_позиции - {"client_id": 2, "position": {"x": 765, "y": 555}, "inputs": {"left": false, "right": false, "up": false, "down": false}}
2025-09-23 17:51:24,780 - game_server - INFO - log_game_event:61 - Игровое событие: обновление_позиции - {"client_id": 2, "position": {"x": 765, "y": 555}, "inputs": {"left": false, "right": false, "up": false, "down": false}}
2025-09-23 17:51:24,812 - game_server - INFO - log_game_event:61 - Игровое событие: обновление_позиции - {"client_id": 2, "position": {"x": 765, "y": 555}, "inputs": {"left": false, "right": false, "up": false, "down": false}}
2025-09-23 17:51:24,844 - game_server - INFO - log_game_event:61 - Игровое событие: обновление_позиции - {"client_id": 2, "position": {"x": 765, "y": 555}, "inputs": {"left": false, "right": false, "up": false, "down": false}}
2025-09-23 17:51:24,876 - game_server - INFO - log_game_event:61 - Игровое событие: обновление_позиции - {"client_id": 2, "position": {"x": 765, "y": 555}, "inputs": {"left": false, "right": false, "up": false, "down": false}}
2025-09-23 17:51:24,909 - game_server - INFO - log_game_event:61 - Игровое событие: обновление_позиции - {"client_id": 2, "position": {"x": 765, "y": 555}, "inputs": {"left": false, "right": false, "up": false, "down": false}}
2025-09-23 17:51:24,943 - game_server - INFO - log_game_event:61 - Игровое событие: обновление_позиции - {"client_id": 2, "position": {"x": 765, "y": 555}, "inputs": {"left": false, "right": false, "up": false, "down": false}}
2025-09-23 17:51:24,977 - game_server - INFO - log_game_event:61 - Игровое событие: обновление_позиции - {"client_id": 2, "position": {"x": 765, "y": 555}, "inputs": {"left": false, "right": false, "up": false, "down": false}}
2025-09-23 17:51:25,010 - game_server - INFO - log_game_event:61 - Игровое событие: обновление_позиции - {"client_id": 2, "position": {"x": 765, "y": 555}, "inputs": {"left": false, "right": false, "up": false, "down": false}}
2025-09-23 17:51:25,043 - game_server - INFO - log_game_event:61 - Игровое событие: обновление_позиции - {"client_id": 2, "position": {"x": 765, "y": 555}, "inputs": {"left": false, "right": false, "up": false, "down": false}}
2025-09-23 17:51:25,074 - game_server - INFO - log_game_event:61 - Игровое событие: обновление_позиции - {"client_id": 2, "position": {"x": 765, "y": 555}, "inputs": {"left": false, "right": false, "up": false, "down": false}}
2025-09-23 17:51:25,106 - game_server - INFO - log_game_event:61 - Игровое событие: обновление_позиции - {"client_id": 2, "position": {"x": 765, "y": 555}, "inputs": {"left": false, "right": false, "up": false, "down": false}}
2025-09-23 17:51:25,138 - game_server - INFO - log_game_event:61 - Игровое событие: обновление_позиции - {"client_id": 2, "position": {"x": 765, "y": 555}, "inputs": {"left": false, "right": false, "up": false, "down": false}}
2025-09-23 17:51:25,164 - game_server - INFO - log_game_event:61 - Игровое событие: обновление_позиции - {"client_id": 2, "position": {"x": 765, "y": 555}, "inputs": {"left": false, "right": false, "up": false, "down": false}}
2025-09-23 17:51:25,197 - game_server - INFO - log_game_event:61 - Игровое событие: обновление_позиции - {"client_id": 2, "position": {"x": 765, "y": 555}, "inputs": {"left": false, "right": false, "up": false, "down": false}}
2025-09-23 17:51:25,229 - game_server - INFO - log_game_event:61 - Игровое событие: обновление_позиции - {"client_id": 2, "position": {"x": 765, "y": 555}, "inputs": {"left": false, "right": false, "up": false, "down": false}}
2025-09-23 17:51:25,262 - game_server - INFO - log_game_event:61 - Игровое событие: обновление_позиции - {"client_id": 2, "position": {"x": 765, "y": 555}, "inputs": {"left": false, "right": false, "up": false, "down": false}}
2025-09-23 17:51:25,294 - game_server - INFO - log_game_event:61 - Игровое событие: обновление_позиции - {"client_id": 2, "position": {"x": 765, "y": 555}, "inputs": {"left": false, "right": false, "up": false, "down": false}}
2025-09-23 17:51:25,328 - game_server - INFO - log_game_event:61 - Игровое событие: обновление_позиции - {"client_id": 2, "position": {"x": 765, "y": 555}, "inputs": {"left": false, "right": false, "up": false, "down": false}}
2025-09-23 17:51:25,362 - game_server - INFO - log_game_event:61 - Игровое событие: обновление_позиции - {"client_id": 2, "position": {"x": 765, "y": 555}, "inputs": {"left": false, "right": false, "up": false, "down": false}}
2025-09-23 17:51:25,393 - game_server - INFO - log_game_event:61 - Игровое событие: обновление_позиции - {"client_id": 2, "position": {"x": 765, "y": 555}, "inputs": {"left": false, "right": false, "up": false, "down": false}}
2025-09-23 17:51:25,426 - game_server - INFO - log_game_event:61 - Игровое событие: обновление_позиции - {"client_id": 2, "position": {"x": 765, "y": 555}, "inputs": {"left": false, "right": false, "up": false, "down": false}}
2025-09-23 17:51:25,459 - game_server - INFO - log_game_event:61 - Игровое событие: обновление_позиции - {"client_id": 2, "position": {"x": 765, "y": 555}, "inputs": {"left": false, "right": false, "up": false, "down": false}}
2025-09-23 17:51:25,492 - game_server - INFO - log_game_event:61 - Игровое событие: обновление_позиции - {"client_id": 2, "position": {"x": 765, "y": 555}, "inputs": {"left": false, "right": false, "up": false, "down": false}}
2025-09-23 17:51:25,525 - game_server - INFO - log_game_event:61 - Игровое событие: обновление_позиции - {"client_id": 2, "position": {"x": 765, "y": 555}, "inputs": {"left": false, "right": false, "up": false, "down": false}}
2025-09-23 17:51:25,547 - game_server - INFO - log_game_event:61 - Игровое событие: обновление_позиции - {"client_id": 2, "position": {"x": 765, "y": 555}, "inputs": {"left": false, "right": false, "up": false, "down": false}}
2025-09-23 17:51:25,580 - game_server - INFO - log_game_event:61 - Игровое событие: обновление_позиции - {"client_id": 2, "position": {"x": 765, "y": 555}, "inputs": {"left": false, "right": false, "up": false, "down": false}}
2025-09-23 17:51:25,612 - game_server - INFO - log_game_event:61 - Игровое событие: обновление_позиции - {"client_id": 2, "position": {"x": 765, "y": 555}, "inputs": {"left": false, "right": false, "up": false, "down": false}}
2025-09-23 17:51:25,644 - game_server - INFO - log_game_event:61 - Игровое событие: обновление_позиции - {"client_id": 2, "position": {"x": 765, "y": 555}, "inputs": {"left": false, "right": false, "up": false, "down": false}}
2025-09-23 17:51:25,676 - game_server - INFO - log_game_event:61 - Игровое событие: обновление_позиции - {"client_id": 2, "position": {"x": 765, "y": 555}, "inputs": {"left": false, "right": false, "up": false, "down": false}}
2025-09-23 17:51:25,710 - game_server - INFO - log_game_event:61 - Игровое событие: обновление_позиции - {"client_id": 2, "position": {"x": 765, "y": 555}, "inputs": {"left": false, "right": false, "up": false, "down": false}}
2025-09-23 17:51:25,742 - game_server - INFO - log_game_event:61 - Игровое событие: обновление_позиции - {"client_id": 2, "position": {"x": 765, "y": 555}, "inputs": {"left": false, "right": false, "up": false, "down": false}}
2025-09-23 17:51:25,774 - game_server - INFO - log_game_event:61 - Игровое событие: обновление_позиции - {"client_id": 2, "position": {"x": 765, "y": 555}, "inputs": {"left": false, "right": false, "up": false, "down": false}}
2025-09-23 17:51:25,806 - game_server - INFO - log_game_event:61 - Игровое событие: обновление_позиции - {"client_id": 2, "position": {"x": 765, "y": 555}, "inputs": {"left": false, "right": false, "up": false, "down": false}}
2025-09-23 17:51:25,839 - game_server - INFO - log_game_event:61 - Игровое событие: обновление_позиции - {"client_id": 2, "position": {"x": 765, "y": 555}, "inputs": {"left": false, "right": false, "up": false, "down": false}}
2025-09-23 17:51:25,873 - game_server - INFO - log_game_event:61 - Игровое событие: обновление_позиции - {"client_id": 2, "position": {"x": 765, "y": 555}, "inputs": {"left": false, "right": false, "up": false, "down": false}}
2025-09-23 17:51:25,905 - game_server - INFO - log_game_event:61 - Игровое событие: обновление_позиции - {"client_id": 2, "position": {"x": 765, "y": 555}, "inputs": {"left": false, "right": false, "up": false, "down": false}}
2025-09-23 17:51:25,939 - game_server - INFO - log_game_event:61 - Игровое событие: обновление_позиции - {"client_id": 2, "position": {"x": 765, "y": 555}, "inputs": {"left": false, "right": false, "up": false, "down": false}}
2025-09-23 17:51:25,969 - game_server - INFO - log_game_event:61 - Игровое событие: обновление_позиции - {"client_id": 2, "position": {"x": 765, "y": 555}, "inputs": {"left": false, "right": false, "up": false, "down": false}}
2025-09-23 17:51:25,996 - game_server - INFO - log_game_event:61 - Игровое событие: обновление_позиции - {"client_id": 2, "position": {"x": 765, "y": 555}, "inputs": {"left": false, "right": false, "up": false, "down": false}}
2025-09-23 17:51:26,020 - game_server - INFO - log_game_event:61 - Игровое событие: обновление_позиции - {"client_id": 2, "position": {"x": 765, "y": 555}, "inputs": {"left": false, "right": false, "up": false, "down": false}}
2025-09-23 17:51:26,050 - game_server - INFO - log_game_event:61 - Игровое событие: обновление_позиции - {"client_id": 2, "position": {"x": 765, "y": 555}, "inputs": {"left": false, "right": false, "up": false, "down": false}}
2025-09-23 17:51:26,081 - game_server - INFO - log_game_event:61 - Игровое событие: обновление_позиции - {"client_id": 2, "position": {"x": 765, "y": 555}, "inputs": {"left": false, "right": false, "up": false, "down": false}}
2025-09-23 17:51:26,113 - game_server - INFO - log_game_event:61 - Игровое событие: обновление_позиции - {"client_id": 2, "position": {"x": 765, "y": 555}, "inputs": {"left": false, "right": false, "up": false, "down": false}}
2025-09-23 17:51:26,143 - game_server - INFO - log_game_event:61 - Игровое событие: обновление_позиции - {"client_id": 2, "position": {"x": 765, "y": 555}, "inputs": {"left": false, "right": false, "up": false, "down": false}}
2025-09-23 17:51:26,174 - game_server - INFO - log_game_event:61 - Игровое событие: обновление_позиции - {"client_id": 2, "position": {"x": 765, "y": 555}, "inputs": {"left": false, "right": false, "up": false, "down": false}}
2025-09-23 17:51:26,204 - game_server - INFO - log_game_event:61 - Игровое событие: обновление_позиции - {"client_id": 2, "position": {"x": 765, "y": 555}, "inputs": {"left": false, "right": false, "up": false, "down": false}}
2025-09-23 17:51:26,234 - game_server - INFO - log_game_event:61 - Игровое событие: обновление_позиции - {"client_id": 2, "position": {"x": 765, "y": 555}, "inputs": {"left": false, "right": false, "up": false, "down": false}}
2025-09-23 17:51:26,265 - game_server - INFO - log_game_event:61 - Игровое событие: обновление_позиции - {"client_id": 2, "position": {"x": 765, "y": 555}, "inputs": {"left": false, "right": false, "up": false, "down": false}}
2025-09-23 17:51:26,296 - game_server - INFO - log_game_event:61 - Игровое событие: обновление_позиции - {"client_id": 2, "position": {"x": 765, "y": 555}, "inputs": {"left": false, "right": false, "up": false, "down": false}}
2025-09-23 17:51:26,325 - game_server - INFO - log_game_event:61 - Игровое событие: обновление_позиции - {"client_id": 2, "position": {"x": 765, "y": 555}, "inputs": {"left": false, "right": false, "up": false, "down": false}}
2025-09-23 17:51:26,356 - game_server - INFO - log_game_event:61 - Игровое событие: обновление_позиции - {"client_id": 2, "position": {"x": 765, "y": 555}, "inputs": {"left": false, "right": false, "up": false, "down": false}}
2025-09-23 17:51:26,388 - game_server - INFO - log_game_event:61 - Игровое событие: обновление_позиции - {"client_id": 2, "position": {"x": 765, "y": 555}, "inputs": {"left": false, "right": false, "up": false, "down": false}}
2025-09-23 17:51:26,421 - game_server - INFO - log_game_event:61 - Игровое событие: обновление_позиции - {"client_id": 2, "position": {"x": 765, "y": 555}, "inputs": {"left": false, "right": false, "up": false, "down": false}}
2025-09-23 17:51:26,453 - game_server - INFO - log_game_event:61 - Игровое событие: обновление_позиции - {"client_id": 2, "position": {"x": 765, "y": 555}, "inputs": {"left": false, "right": false, "up": false, "down": false}}
2025-09-23 17:51:26,485 - game_server - INFO - log_game_event:61 - Игровое событие: обновление_позиции - {"client_id": 2, "position": {"x": 765, "y": 555}, "inputs": {"left": false, "right": false, "up": false, "down": false}}
2025-09-23 17:51:26,517 - game_server - INFO - log_game_event:61 - Игровое событие: обновление_позиции - {"client_id": 2, "position": {"x": 765, "y": 555}, "inputs": {"left": false, "right": false, "up": false, "down": false}}
2025-09-23 17:51:26,552 - game_server - INFO - log_game_event:61 - Игровое событие: обновление_позиции - {"client_id": 2, "position": {"x": 765, "y": 555}, "inputs": {"left": false, "right": false, "up": false, "down": false}}
2025-09-23 17:51:26,586 - game_server - INFO - log_game_event:61 - Игровое событие: обновление_позиции - {"client_id": 2, "position": {"x": 765, "y": 555}, "inputs": {"left": false, "right": false, "up": false, "down": false}}
2025-09-23 17:51:26,619 - game_server - INFO - log_game_event:61 - Игровое событие: обновление_позиции - {"client_id": 2, "position": {"x": 765, "y": 555}, "inputs": {"left": false, "right": false, "up": false, "down": false}}
2025-09-23 17:51:26,652 - game_server - INFO - log_game_event:61 - Игровое событие: обновление_позиции - {"client_id": 2, "position": {"x": 765, "y": 555}, "inputs": {"left": false, "right": false, "up": false, "down": false}}
2025-09-23 17:51:26,686 - game_server - INFO - log_game_event:61 - Игровое событие: обновление_позиции - {"client_id": 2, "position": {"x": 765, "y": 555}, "inputs": {"left": false, "right": false, "up": false, "down": false}}
2025-09-23 17:51:26,719 - game_server - INFO - log_game_event:61 - Игровое событие: обновление_позиции - {"client_id": 2, "position": {"x": 765, "y": 555}, "inputs": {"left": false, "right": false, "up": false, "down": false}}
2025-09-23 17:51:26,753 - game_server - INFO - log_game_event:61 - Игровое событие: обновление_позиции - {"client_id": 2, "position": {"x": 765, "y": 555}, "inputs": {"left": false, "right": false, "up": false, "down": false}}
2025-09-23 17:51:26,786 - game_server - INFO - log_game_event:61 - Игровое событие: обновление_позиции - {"client_id": 2, "position": {"x": 765, "y": 555}, "inputs": {"left": false, "right": false, "up": false, "down": false}}
2025-09-23 17:51:26,819 - game_server - INFO - log_game_event:61 - Игровое событие: обновление_позиции - {"client_id": 2, "position": {"x": 765, "y": 555}, "inputs": {"left": false, "right": false, "up": false, "down": false}}
2025-09-23 17:51:26,854 - game_server - INFO - log_game_event:61 - Игровое событие: обновление_позиции - {"client_id": 2, "position": {"x": 765, "y": 555}, "inputs": {"left": false, "right": false, "up": false, "down": false}}
2025-09-23 17:51:26,886 - game_server - INFO - log_game_event:61 - Игровое событие: обновление_позиции - {"client_id": 2, "position": {"x": 765, "y": 555}, "inputs": {"left": false, "right": false, "up": false, "down": false}}
2025-09-23 17:51:26,919 - game_server - INFO - log_game_event:61 - Игровое событие: обновление_позиции - {"client_id": 2, "position": {"x": 765, "y": 555}, "inputs": {"left": false, "right": false, "up": false, "down": false}}
2025-09-23 17:51:26,953 - game_server - INFO - log_game_event:61 - Игровое событие: обновление_позиции - {"client_id": 2, "position": {"x": 765, "y": 555}, "inputs": {"left": false, "right": false, "up": false, "down": false}}
2025-09-23 17:51:26,985 - game_server - INFO - log_game_event:61 - Игровое событие: обновление_позиции - {"client_id": 2, "position": {"x": 765, "y": 555}, "inputs": {"left": false, "right": false, "up": false, "down": false}}
2025-09-23 17:51:27,018 - game_server - INFO - log_game_event:61 - Игровое событие: обновление_позиции - {"client_id": 2, "position": {"x": 765, "y": 555}, "inputs": {"left": false, "right": false, "up": false, "down": false}}
2025-09-23 17:51:27,051 - game_server - INFO - log_game_event:61 - Игровое событие: обновление_позиции - {"client_id": 2, "position": {"x": 765, "y": 555}, "inputs": {"left": false, "right": false, "up": false, "down": false}}
2025-09-23 17:51:27,085 - game_server - INFO - log_game_event:61 - Игровое событие: обновление_позиции - {"client_id": 2, "position": {"x": 765, "y": 555}, "inputs": {"left": false, "right": false, "up": false, "down": false}}
2025-09-23 17:51:27,117 - game_server - INFO - log_game_event:61 - Игровое событие: обновление_позиции - {"client_id": 2, "position": {"x": 765, "y": 555}, "inputs": {"left": false, "right": false, "up": false, "down": false}}
2025-09-23 17:51:27,151 - game_server - INFO - log_game_event:61 - Игровое событие: обновление_позиции - {"client_id": 2, "position": {"x": 765, "y": 555}, "inputs": {"left": false, "right": false, "up": false, "down": false}}
2025-09-23 17:51:27,185 - game_server - INFO - log_game_event:61 - Игровое событие: обновление_позиции - {"client_id": 2, "position": {"x": 765, "y": 555}, "inputs": {"left": false, "right": false, "up": false, "down": false}}
2025-09-23 17:51:27,218 - game_server - INFO - log_game_event:61 - Игровое событие: обновление_позиции - {"client_id": 2, "position": {"x": 765, "y": 555}, "inputs": {"left": false, "right": false, "up": false, "down": false}}
2025-09-23 17:51:27,249 - game_server - INFO - log_game_event:61 - Игровое событие: обновление_позиции - {"client_id": 2, "position": {"x": 765, "y": 555}, "inputs": {"left": false, "right": false, "up": false, "down": false}}
2025-09-23 17:51:27,283 - game_server - INFO - log_game_event:61 - Игровое событие: обновление_позиции - {"client_id": 2, "position": {"x": 765, "y": 555}, "inputs": {"left": false, "right": false, "up": false, "down": false}}
2025-09-23 17:51:27,316 - game_server - INFO - log_game_event:61 - Игровое событие: обновление_позиции - {"client_id": 2, "position": {"x": 765, "y": 555}, "inputs": {"left": false, "right": false, "up": false, "down": false}}
2025-09-23 17:51:27,348 - game_server - INFO - log_game_event:61 - Игровое событие: обновление_позиции - {"client_id": 2, "position": {"x": 765, "y": 555}, "inputs": {"left": false, "right": false, "up": false, "down": false}}
2025-09-23 17:51:27,380 - game_server - INFO - log_game_event:61 - Игровое событие: обновление_позиции - {"client_id": 2, "position": {"x": 765, "y": 555}, "inputs": {"left": false, "right": false, "up": false, "down": false}}
2025-09-23 17:51:27,414 - game_server - INFO - log_game_event:61 - Игровое событие: обновление_позиции - {"client_id": 2, "position": {"x": 765, "y": 555}, "inputs": {"left": false, "right": false, "up": false, "down": false}}
2025-09-23 17:51:27,444 - game_server - INFO - log_game_event:61 - Игровое событие: обновление_позиции - {"client_id": 2, "position": {"x": 765, "y": 555}, "inputs": {"left": false, "right": false, "up": false, "down": false}}
2025-09-23 17:51:27,477 - game_server - INFO - log_game_event:61 - Игровое событие: обновление_позиции - {"client_id": 2, "position": {"x": 765, "y": 555}, "inputs": {"left": false, "right": false, "up": false, "down": false}}
2025-09-23 17:51:27,511 - game_server - INFO - log_game_event:61 - Игровое событие: обновление_позиции - {"client_id": 2, "position": {"x": 765, "y": 555}, "inputs": {"left": false, "right": false, "up": false, "down": false}}
2025-09-23 17:51:27,545 - game_server - INFO - log_game_event:61 - Игровое событие: обновление_позиции - {"client_id": 2, "position": {"x": 765, "y": 555}, "inputs": {"left": false, "right": false, "up": false, "down": false}}
2025-09-23 17:51:27,578 - game_server - INFO - log_game_event:61 - Игровое событие: обновление_позиции - {"client_id": 2, "position": {"x": 765, "y": 555}, "inputs": {"left": false, "right": false, "up": false, "down": false}}
2025-09-23 17:51:27,610 - game_server - INFO - log_game_event:61 - Игровое событие: обновление_позиции - {"client_id": 2, "position": {"x": 765, "y": 555}, "inputs": {"left": false, "right": false, "up": false, "down": false}}
2025-09-23 17:51:27,643 - game_server - INFO - log_game_event:61 - Игровое событие: обновление_позиции - {"client_id": 2, "position": {"x": 765, "y": 555}, "inputs": {"left": false, "right": false, "up": false, "down": false}}
2025-09-23 17:51:27,676 - game_server - INFO - log_game_event:61 - Игровое событие: обновление_позиции - {"client_id": 2, "position": {"x": 765, "y": 555}, "inputs": {"left": false, "right": false, "up": false, "down": false}}
2025-09-23 17:51:27,708 - game_server - INFO - log_game_event:61 - Игровое событие: обновление_позиции - {"client_id": 2, "position": {"x": 765, "y": 555}, "inputs": {"left": false, "right": false, "up": false, "down": false}}
2025-09-23 17:51:27,739 - game_server - INFO - log_game_event:61 - Игровое событие: обновление_позиции - {"client_id": 2, "position": {"x": 765, "y": 555}, "inputs": {"left": false, "right": false, "up": false, "down": false}}
2025-09-23 17:51:27,771 - game_server - INFO - log_game_event:61 - Игровое событие: обновление_позиции - {"client_id": 2, "position": {"x": 765, "y": 555}, "inputs": {"left": false, "right": false, "up": false, "down": false}}
2025-09-23 17:51:27,803 - game_server - INFO - log_game_event:61 - Игровое событие: обновление_позиции - {"client_id": 2, "position": {"x": 765, "y": 555}, "inputs": {"left": false, "right": false, "up": false, "down": false}}
2025-09-23 17:51:27,836 - game_server - INFO - log_game_event:61 - Игровое событие: обновление_позиции - {"client_id": 2, "position": {"x": 765, "y": 555}, "inputs": {"left": false, "right": false, "up": false, "down": false}}
2025-09-23 17:51:27,869 - game_server - INFO - log_game_event:61 - Игровое событие: обновление_позиции - {"client_id": 2, "position": {"x": 765, "y": 555}, "inputs": {"left": false, "right": false, "up": false, "down": false}}
2025-09-23 17:51:27,902 - game_server - INFO - log_game_event:61 - Игровое событие: обновление_позиции - {"client_id": 2, "position": {"x": 765, "y": 555}, "inputs": {"left": false, "right": false, "up": false, "down": false}}
2025-09-23 17:51:27,935 - game_server - INFO - log_game_event:61 - Игровое событие: обновление_позиции - {"client_id": 2, "position": {"x": 765, "y": 555}, "inputs": {"left": false, "right": false, "up": false, "down": false}}
2025-09-23 17:51:27,966 - game_server - INFO - log_game_event:61 - Игровое событие: обновление_позиции - {"client_id": 2, "position": {"x": 765, "y": 555}, "inputs": {"left": false, "right": false, "up": false, "down": false}}
2025-09-23 17:51:27,999 - game_server - INFO - log_game_event:61 - Игровое событие: обновление_позиции - {"client_id": 2, "position": {"x": 765, "y": 555}, "inputs": {"left": false, "right": false, "up": false, "down": false}}
2025-09-23 17:51:28,032 - game_server - INFO - log_game_event:61 - Игровое событие: обновление_позиции - {"client_id": 2, "position": {"x": 765, "y": 555}, "inputs": {"left": false, "right": false, "up": false, "down": false}}
2025-09-23 17:51:28,065 - game_server - INFO - log_game_event:61 - Игровое событие: обновление_позиции - {"client_id": 2, "position": {"x": 765, "y": 555}, "inputs": {"left": false, "right": false, "up": false, "down": false}}
2025-09-23 17:51:28,098 - game_server - INFO - log_game_event:61 - Игровое событие: обновление_позиции - {"client_id": 2, "position": {"x": 765, "y": 555}, "inputs": {"left": false, "right": false, "up": false, "down": false}}
2025-09-23 17:51:28,129 - game_server - INFO - log_game_event:61 - Игровое событие: обновление_позиции - {"client_id": 2, "position": {"x": 765, "y": 555}, "inputs": {"left": false, "right": false, "up": false, "down": false}}
2025-09-23 17:51:28,162 - game_server - INFO - log_game_event:61 - Игровое событие: обновление_позиции - {"client_id": 2, "position": {"x": 765, "y": 555}, "inputs": {"left": false, "right": false, "up": false, "down": false}}
2025-09-23 17:51:28,194 - game_server - INFO - log_game_event:61 - Игровое событие: обновление_позиции - {"client_id": 2, "position": {"x": 765, "y": 555}, "inputs": {"left": false, "right": false, "up": false, "down": false}}
2025-09-23 17:51:28,226 - game_server - INFO - log_game_event:61 - Игровое событие: обновление_позиции - {"client_id": 2, "position": {"x": 765, "y": 555}, "inputs": {"left": false, "right": false, "up": false, "down": false}}
2025-09-23 17:51:28,259 - game_server - INFO - log_game_event:61 - Игровое событие: обновление_позиции - {"client_id": 2, "position": {"x": 765, "y": 555}, "inputs": {"left": false, "right": false, "up": false, "down": false}}
2025-09-23 17:51:28,293 - game_server - INFO - log_game_event:61 - Игровое событие: обновление_позиции - {"client_id": 2, "position": {"x": 765, "y": 555}, "inputs": {"left": false, "right": false, "up": false, "down": false}}
2025-09-23 17:51:28,327 - game_server - INFO - log_game_event:61 - Игровое событие: обновление_позиции - {"client_id": 2, "position": {"x": 765, "y": 555}, "inputs": {"left": false, "right": false, "up": false, "down": false}}
2025-09-23 17:51:28,362 - game_server - INFO - log_game_event:61 - Игровое событие: обновление_позиции - {"client_id": 2, "position": {"x": 765, "y": 555}, "inputs": {"left": false, "right": false, "up": false, "down": false}}
2025-09-23 17:51:28,394 - game_server - INFO - log_game_event:61 - Игровое событие: обновление_позиции - {"client_id": 2, "position": {"x": 765, "y": 555}, "inputs": {"left": false, "right": false, "up": false, "down": false}}
2025-09-23 17:51:28,426 - game_server - INFO - log_game_event:61 - Игровое событие: обновление_позиции - {"client_id": 2, "position": {"x": 765, "y": 555}, "inputs": {"left": false, "right": false, "up": false, "down": false}}
2025-09-23 17:51:28,459 - game_server - INFO - log_game_event:61 - Игровое событие: обновление_позиции - {"client_id": 2, "position": {"x": 765, "y": 555}, "inputs": {"left": false, "right": false, "up": false, "down": false}}
2025-09-23 17:51:28,493 - game_server - INFO - log_game_event:61 - Игровое событие: обновление_позиции - {"client_id": 2, "position": {"x": 765, "y": 555}, "inputs": {"left": false, "right": false, "up": false, "down": false}}
2025-09-23 17:51:28,526 - game_server - INFO - log_game_event:61 - Игровое событие: обновление_позиции - {"client_id": 2, "position": {"x": 765, "y": 555}, "inputs": {"left": false, "right": false, "up": false, "down": false}}
2025-09-23 17:51:28,559 - game_server - INFO - log_game_event:61 - Игровое событие: обновление_позиции - {"client_id": 2, "position": {"x": 765, "y": 555}, "inputs": {"left": false, "right": false, "up": false, "down": false}}
2025-09-23 17:51:28,592 - game_server - INFO - log_game_event:61 - Игровое событие: обновление_позиции - {"client_id": 2, "position": {"x": 765, "y": 555}, "inputs": {"left": false, "right": false, "up": false, "down": false}}
2025-09-23 17:51:28,623 - game_server - INFO - log_game_event:61 - Игровое событие: обновление_позиции - {"client_id": 2, "position": {"x": 765, "y": 555}, "inputs": {"left": false, "right": false, "up": false, "down": false}}
2025-09-23 17:51:28,657 - game_server - INFO - log_game_event:61 - Игровое событие: обновление_позиции - {"client_id": 2, "position": {"x": 765, "y": 555}, "inputs": {"left": false, "right": false, "up": false, "down": false}}
2025-09-23 17:51:28,688 - game_server - INFO - log_game_event:61 - Игровое событие: обновление_позиции - {"client_id": 2, "position": {"x": 765, "y": 555}, "inputs": {"left": false, "right": false, "up": false, "down": false}}
2025-09-23 17:51:28,721 - game_server - INFO - log_game_event:61 - Игровое событие: обновление_позиции - {"client_id": 2, "position": {"x": 765, "y": 555}, "inputs": {"left": false, "right": false, "up": false, "down": false}}
2025-09-23 17:51:28,751 - game_server - INFO - log_game_event:61 - Игровое событие: обновление_позиции - {"client_id": 2, "position": {"x": 765, "y": 555}, "inputs": {"left": false, "right": false, "up": false, "down": false}}
2025-09-23 17:51:28,785 - game_server - INFO - log_game_event:61 - Игровое событие: обновление_позиции - {"client_id": 2, "position": {"x": 765, "y": 555}, "inputs": {"left": false, "right": false, "up": false, "down": false}}
2025-09-23 17:51:28,819 - game_server - INFO - log_game_event:61 - Игровое событие: обновление_позиции - {"client_id": 2, "position": {"x": 765, "y": 555}, "inputs": {"left": false, "right": false, "up": false, "down": false}}
2025-09-23 17:51:28,850 - game_server - INFO - log_game_event:61 - Игровое событие: обновление_позиции - {"client_id": 2, "position": {"x": 765, "y": 555}, "inputs": {"left": false, "right": false, "up": false, "down": false}}
2025-09-23 17:51:28,885 - game_server - INFO - log_game_event:61 - Игровое событие: обновление_позиции - {"client_id": 2, "position": {"x": 765, "y": 555}, "inputs": {"left": false, "right": false, "up": false, "down": false}}
2025-09-23 17:51:28,917 - game_server - INFO - log_game_event:61 - Игровое событие: обновление_позиции - {"client_id": 2, "position": {"x": 765, "y": 555}, "inputs": {"left": false, "right": false, "up": false, "down": false}}
2025-09-23 17:51:28,949 - game_server - INFO - log_game_event:61 - Игровое событие: обновление_позиции - {"client_id": 2, "position": {"x": 765, "y": 555}, "inputs": {"left": false, "right": false, "up": false, "down": false}}
2025-09-23 17:51:28,982 - game_server - INFO - log_game_event:61 - Игровое событие: обновление_позиции - {"client_id": 2, "position": {"x": 765, "y": 555}, "inputs": {"left": false, "right": false, "up": false, "down": false}}
2025-09-23 17:51:29,015 - game_server - INFO - log_game_event:61 - Игровое событие: обновление_позиции - {"client_id": 2, "position": {"x": 765, "y": 555}, "inputs": {"left": false, "right": false, "up": false, "down": false}}
2025-09-23 17:51:29,049 - game_server - INFO - log_game_event:61 - Игровое событие: обновление_позиции - {"client_id": 2, "position": {"x": 765, "y": 555}, "inputs": {"left": false, "right": false, "up": false, "down": false}}
2025-09-23 17:51:29,084 - game_server - INFO - log_game_event:61 - Игровое событие: обновление_позиции - {"client_id": 2, "position": {"x": 765, "y": 555}, "inputs": {"left": false, "right": false, "up": false, "down": false}}
2025-09-23 17:51:29,118 - game_server - INFO - log_game_event:61 - Игровое событие: обновление_позиции - {"client_id": 2, "position": {"x": 765, "y": 555}, "inputs": {"left": false, "right": false, "up": false, "down": false}}
2025-09-23 17:51:29,152 - game_server - INFO - log_game_event:61 - Игровое событие: обновление_позиции - {"client_id": 2, "position": {"x": 765, "y": 555}, "inputs": {"left": false, "right": false, "up": false, "down": false}}
2025-09-23 17:51:29,185 - game_server - INFO - log_game_event:61 - Игровое событие: обновление_позиции - {"client_id": 2, "position": {"x": 765, "y": 555}, "inputs": {"left": false, "right": false, "up": false, "down": false}}
2025-09-23 17:51:29,218 - game_server - INFO - log_game_event:61 - Игровое событие: обновление_позиции - {"client_id": 2, "position": {"x": 765, "y": 555}, "inputs": {"left": false, "right": false, "up": false, "down": false}}
2025-09-23 17:51:29,250 - game_server - INFO - log_game_event:61 - Игровое событие: обновление_позиции - {"client_id": 2, "position": {"x": 765, "y": 555}, "inputs": {"left": false, "right": false, "up": false, "down": false}}
2025-09-23 17:51:29,283 - game_server - INFO - log_game_event:61 - Игровое событие: обновление_позиции - {"client_id": 2, "position": {"x": 765, "y": 555}, "inputs": {"left": false, "right": false, "up": false, "down": false}}
2025-09-23 17:51:29,315 - game_server - INFO - log_game_event:61 - Игровое событие: обновление_позиции - {"client_id": 2, "position": {"x": 765, "y": 555}, "inputs": {"left": false, "right": false, "up": false, "down": false}}
2025-09-23 17:51:29,347 - game_server - INFO - log_game_event:61 - Игровое событие: обновление_позиции - {"client_id": 2, "position": {"x": 765, "y": 555}, "inputs": {"left": false, "right": false, "up": false, "down": false}}
2025-09-23 17:51:29,379 - game_server - INFO - log_game_event:61 - Игровое событие: обновление_позиции - {"client_id": 2, "position": {"x": 765, "y": 555}, "inputs": {"left": false, "right": false, "up": false, "down": false}}
2025-09-23 17:51:29,413 - game_server - INFO - log_game_event:61 - Игровое событие: обновление_позиции - {"client_id": 2, "position": {"x": 765, "y": 555}, "inputs": {"left": false, "right": false, "up": false, "down": false}}
2025-09-23 17:51:29,446 - game_server - INFO - log_game_event:61 - Игровое событие: обновление_позиции - {"client_id": 2, "position": {"x": 765, "y": 555}, "inputs": {"left": false, "right": false, "up": false, "down": false}}
2025-09-23 17:51:29,478 - game_server - INFO - log_game_event:61 - Игровое событие: обновление_позиции - {"client_id": 2, "position": {"x": 765, "y": 555}, "inputs": {"left": false, "right": false, "up": false, "down": false}}
2025-09-23 17:51:29,511 - game_server - INFO - log_game_event:61 - Игровое событие: обновление_позиции - {"client_id": 2, "position": {"x": 765, "y": 555}, "inputs": {"left": false, "right": false, "up": false, "down": false}}
2025-09-23 17:51:29,546 - game_server - INFO - log_game_event:61 - Игровое событие: обновление_позиции - {"client_id": 2, "position": {"x": 765, "y": 555}, "inputs": {"left": false, "right": false, "up": false, "down": false}}
2025-09-23 17:51:29,579 - game_server - INFO - log_game_event:61 - Игровое событие: обновление_позиции - {"client_id": 2, "position": {"x": 765, "y": 555}, "inputs": {"left": false, "right": false, "up": false, "down": false}}
2025-09-23 17:51:29,609 - game_server - INFO - log_game_event:61 - Игровое событие: обновление_позиции - {"client_id": 2, "position": {"x": 765, "y": 555}, "inputs": {"left": false, "right": false, "up": false, "down": false}}
2025-09-23 17:51:29,641 - game_server - INFO - log_game_event:61 - Игровое событие: обновление_позиции - {"client_id": 2, "position": {"x": 765, "y": 555}, "inputs": {"left": false, "right": false, "up": false, "down": false}}
2025-09-23 17:51:29,673 - game_server - INFO - log_game_event:61 - Игровое событие: обновление_позиции - {"client_id": 2, "position": {"x": 765, "y": 555}, "inputs": {"left": false, "right": false, "up": false, "down": false}}
2025-09-23 17:51:29,705 - game_server - INFO - log_game_event:61 - Игровое событие: обновление_позиции - {"client_id": 2, "position": {"x": 765, "y": 555}, "inputs": {"left": false, "right": false, "up": false, "down": false}}
2025-09-23 17:51:29,738 - game_server - INFO - log_game_event:61 - Игровое событие: обновление_позиции - {"client_id": 2, "position": {"x": 765, "y": 555}, "inputs": {"left": false, "right": false, "up": false, "down": false}}
2025-09-23 17:51:29,770 - game_server - INFO - log_game_event:61 - Игровое событие: обновление_позиции - {"client_id": 2, "position": {"x": 765, "y": 555}, "inputs": {"left": false, "right": false, "up": false, "down": false}}
2025-09-23 17:51:29,802 - game_server - INFO - log_game_event:61 - Игровое событие: обновление_позиции - {"client_id": 2, "position": {"x": 765, "y": 555}, "inputs": {"left": false, "right": false, "up": false, "down": false}}
2025-09-23 17:51:29,834 - game_server - INFO - log_game_event:61 - Игровое событие: обновление_позиции - {"client_id": 2, "position": {"x": 765, "y": 555}, "inputs": {"left": false, "right": false, "up": false, "down": false}}
2025-09-23 17:51:29,869 - game_server - INFO - log_game_event:61 - Игровое событие: обновление_позиции - {"client_id": 2, "position": {"x": 765, "y": 555}, "inputs": {"left": false, "right": false, "up": false, "down": false}}
2025-09-23 17:51:29,902 - game_server - INFO - log_game_event:61 - Игровое событие: обновление_позиции - {"client_id": 2, "position": {"x": 765, "y": 555}, "inputs": {"left": false, "right": false, "up": false, "down": false}}
2025-09-23 17:51:29,936 - game_server - INFO - log_game_event:61 - Игровое событие: обновление_позиции - {"client_id": 2, "position": {"x": 765, "y": 555}, "inputs": {"left": false, "right": false, "up": false, "down": false}}
2025-09-23 17:51:29,970 - game_server - INFO - log_game_event:61 - Игровое событие: обновление_позиции - {"client_id": 2, "position": {"x": 765, "y": 555}, "inputs": {"left": false, "right": false, "up": false, "down": false}}
2025-09-23 17:51:30,003 - game_server - INFO - log_game_event:61 - Игровое событие: обновление_позиции - {"client_id": 2, "position": {"x": 765, "y": 555}, "inputs": {"left": false, "right": false, "up": false, "down": false}}
2025-09-23 17:51:30,035 - game_server - INFO - log_game_event:61 - Игровое событие: обновление_позиции - {"client_id": 2, "position": {"x": 765, "y": 555}, "inputs": {"left": false, "right": false, "up": false, "down": false}}
2025-09-23 17:51:30,067 - game_server - INFO - log_game_event:61 - Игровое событие: обновление_позиции - {"client_id": 2, "position": {"x": 765, "y": 555}, "inputs": {"left": false, "right": false, "up": false, "down": false}}
2025-09-23 17:51:30,100 - game_server - INFO - log_game_event:61 - Игровое событие: обновление_позиции - {"client_id": 2, "position": {"x": 765, "y": 555}, "inputs": {"left": false, "right": false, "up": false, "down": false}}
2025-09-23 17:51:30,134 - game_server - INFO - log_game_event:61 - Игровое событие: обновление_позиции - {"client_id": 2, "position": {"x": 765, "y": 555}, "inputs": {"left": false, "right": false, "up": false, "down": false}}
2025-09-23 17:51:30,166 - game_server - INFO - log_game_event:61 - Игровое событие: обновление_позиции - {"client_id": 2, "position": {"x": 765, "y": 555}, "inputs": {"left": false, "right": false, "up": false, "down": false}}
2025-09-23 17:51:30,199 - game_server - INFO - log_game_event:61 - Игровое событие: обновление_позиции - {"client_id": 2, "position": {"x": 765, "y": 555}, "inputs": {"left": false, "right": false, "up": false, "down": false}}
2025-09-23 17:51:30,233 - game_server - INFO - log_game_event:61 - Игровое событие: обновление_позиции - {"client_id": 2, "position": {"x": 765, "y": 555}, "inputs": {"left": false, "right": false, "up": false, "down": false}}
2025-09-23 17:51:30,266 - game_server - INFO - log_game_event:61 - Игровое событие: обновление_позиции - {"client_id": 2, "position": {"x": 765, "y": 555}, "inputs": {"left": false, "right": false, "up": false, "down": false}}
2025-09-23 17:51:30,298 - game_server - INFO - log_game_event:61 - Игровое событие: обновление_позиции - {"client_id": 2, "position": {"x": 765, "y": 555}, "inputs": {"left": false, "right": false, "up": false, "down": false}}
2025-09-23 17:51:30,329 - game_server - INFO - log_game_event:61 - Игровое событие: обновление_позиции - {"client_id": 2, "position": {"x": 765, "y": 555}, "inputs": {"left": false, "right": false, "up": false, "down": false}}
2025-09-23 17:51:30,364 - game_server - INFO - log_game_event:61 - Игровое событие: обновление_позиции - {"client_id": 2, "position": {"x": 765, "y": 555}, "inputs": {"left": false, "right": false, "up": false, "down": false}}
2025-09-23 17:51:30,398 - game_server - INFO - log_game_event:61 - Игровое событие: обновление_позиции - {"client_id": 2, "position": {"x": 765, "y": 555}, "inputs": {"left": false, "right": false, "up": false, "down": false}}
2025-09-23 17:51:30,431 - game_server - INFO - log_game_event:61 - Игровое событие: обновление_позиции - {"client_id": 2, "position": {"x": 765, "y": 555}, "inputs": {"left": false, "right": false, "up": false, "down": false}}
2025-09-23 17:51:30,466 - game_server - INFO - log_game_event:61 - Игровое событие: обновление_позиции - {"client_id": 2, "position": {"x": 765, "y": 555}, "inputs": {"left": false, "right": false, "up": false, "down": false}}
2025-09-23 17:51:30,498 - game_server - INFO - log_game_event:61 - Игровое событие: обновление_позиции - {"client_id": 2, "position": {"x": 765, "y": 555}, "inputs": {"left": false, "right": false, "up": false, "down": false}}
2025-09-23 17:51:30,534 - game_server - INFO - log_game_event:61 - Игровое событие: обновление_позиции - {"client_id": 2, "position": {"x": 765, "y": 555}, "inputs": {"left": false, "right": false, "up": false, "down": false}}
2025-09-23 17:51:30,566 - game_server - INFO - log_game_event:61 - Игровое событие: обновление_позиции - {"client_id": 2, "position": {"x": 765, "y": 555}, "inputs": {"left": false, "right": false, "up": false, "down": false}}
2025-09-23 17:51:30,598 - game_server - INFO - log_game_event:61 - Игровое событие: обновление_позиции - {"client_id": 2, "position": {"x": 765, "y": 555}, "inputs": {"left": false, "right": false, "up": false, "down": false}}
2025-09-23 17:51:30,631 - game_server - INFO - log_game_event:61 - Игровое событие: обновление_позиции - {"client_id": 2, "position": {"x": 765, "y": 555}, "inputs": {"left": false, "right": false, "up": false, "down": false}}
2025-09-23 17:51:30,663 - game_server - INFO - log_game_event:61 - Игровое событие: обновление_позиции - {"client_id": 2, "position": {"x": 765, "y": 555}, "inputs": {"left": false, "right": false, "up": false, "down": false}}
2025-09-23 17:51:30,696 - game_server - INFO - log_game_event:61 - Игровое событие: обновление_позиции - {"client_id": 2, "position": {"x": 765, "y": 555}, "inputs": {"left": false, "right": false, "up": false, "down": false}}
2025-09-23 17:51:30,729 - game_server - INFO - log_game_event:61 - Игровое событие: обновление_позиции - {"client_id": 2, "position": {"x": 765, "y": 555}, "inputs": {"left": false, "right": false, "up": false, "down": false}}
2025-09-23 17:51:30,764 - game_server - INFO - log_game_event:61 - Игровое событие: обновление_позиции - {"client_id": 2, "position": {"x": 765, "y": 555}, "inputs": {"left": false, "right": false, "up": false, "down": false}}
2025-09-23 17:51:30,797 - game_server - INFO - log_game_event:61 - Игровое событие: обновление_позиции - {"client_id": 2, "position": {"x": 765, "y": 555}, "inputs": {"left": false, "right": false, "up": false, "down": false}}
2025-09-23 17:51:30,830 - game_server - INFO - log_game_event:61 - Игровое событие: обновление_позиции - {"client_id": 2, "position": {"x": 765, "y": 555}, "inputs": {"left": false, "right": false, "up": false, "down": false}}
2025-09-23 17:51:30,862 - game_server - INFO - log_game_event:61 - Игровое событие: обновление_позиции - {"client_id": 2, "position": {"x": 765, "y": 555}, "inputs": {"left": false, "right": false, "up": false, "down": false}}
2025-09-23 17:51:30,894 - game_server - INFO - log_game_event:61 - Игровое событие: обновление_позиции - {"client_id": 2, "position": {"x": 765, "y": 555}, "inputs": {"left": false, "right": false, "up": false, "down": false}}
2025-09-23 17:51:30,927 - game_server - INFO - log_game_event:61 - Игровое событие: обновление_позиции - {"client_id": 2, "position": {"x": 765, "y": 555}, "inputs": {"left": false, "right": false, "up": false, "down": false}}
2025-09-23 17:51:30,960 - game_server - INFO - log_game_event:61 - Игровое событие: обновление_позиции - {"client_id": 2, "position": {"x": 765, "y": 555}, "inputs": {"left": false, "right": false, "up": false, "down": false}}
2025-09-23 17:51:30,993 - game_server - INFO - log_game_event:61 - Игровое событие: обновление_позиции - {"client_id": 2, "position": {"x": 765, "y": 555}, "inputs": {"left": false, "right": false, "up": false, "down": false}}
2025-09-23 17:51:31,026 - game_server - INFO - log_game_event:61 - Игровое событие: обновление_позиции - {"client_id": 2, "position": {"x": 765, "y": 555}, "inputs": {"left": false, "right": false, "up": false, "down": false}}
2025-09-23 17:51:31,061 - game_server - INFO - log_game_event:61 - Игровое событие: обновление_позиции - {"client_id": 2, "position": {"x": 765, "y": 555}, "inputs": {"left": false, "right": false, "up": false, "down": false}}
2025-09-23 17:51:31,094 - game_server - INFO - log_game_event:61 - Игровое событие: обновление_позиции - {"client_id": 2, "position": {"x": 765, "y": 555}, "inputs": {"left": false, "right": false, "up": false, "down": false}}
2025-09-23 17:51:31,127 - game_server - INFO - log_game_event:61 - Игровое событие: обновление_позиции - {"client_id": 2, "position": {"x": 765, "y": 555}, "inputs": {"left": false, "right": false, "up": false, "down": false}}
2025-09-23 17:51:31,162 - game_server - INFO - log_game_event:61 - Игровое событие: обновление_позиции - {"client_id": 2, "position": {"x": 765, "y": 555}, "inputs": {"left": false, "right": false, "up": false, "down": false}}
2025-09-23 17:51:31,195 - game_server - INFO - log_game_event:61 - Игровое событие: обновление_позиции - {"client_id": 2, "position": {"x": 765, "y": 555}, "inputs": {"left": false, "right": false, "up": false, "down": false}}
2025-09-23 17:51:31,227 - game_server - INFO - log_game_event:61 - Игровое событие: обновление_позиции - {"client_id": 2, "position": {"x": 765, "y": 555}, "inputs": {"left": false, "right": false, "up": false, "down": false}}
2025-09-23 17:51:31,262 - game_server - INFO - log_game_event:61 - Игровое событие: обновление_позиции - {"client_id": 2, "position": {"x": 765, "y": 555}, "inputs": {"left": false, "right": false, "up": false, "down": false}}
2025-09-23 17:51:31,295 - game_server - INFO - log_game_event:61 - Игровое событие: обновление_позиции - {"client_id": 2, "position": {"x": 765, "y": 555}, "inputs": {"left": false, "right": false, "up": false, "down": false}}
2025-09-23 17:51:31,328 - game_server - INFO - log_game_event:61 - Игровое событие: обновление_позиции - {"client_id": 2, "position": {"x": 765, "y": 555}, "inputs": {"left": false, "right": false, "up": false, "down": false}}
2025-09-23 17:51:31,360 - game_server - INFO - log_game_event:61 - Игровое событие: обновление_позиции - {"client_id": 2, "position": {"x": 765, "y": 555}, "inputs": {"left": false, "right": false, "up": false, "down": false}}
2025-09-23 17:51:31,394 - game_server - INFO - log_game_event:61 - Игровое событие: обновление_позиции - {"client_id": 2, "position": {"x": 765, "y": 555}, "inputs": {"left": false, "right": false, "up": false, "down": false}}
2025-09-23 17:51:31,425 - game_server - INFO - log_game_event:61 - Игровое событие: обновление_позиции - {"client_id": 2, "position": {"x": 765, "y": 555}, "inputs": {"left": false, "right": false, "up": false, "down": false}}
2025-09-23 17:51:31,457 - game_server - INFO - log_game_event:61 - Игровое событие: обновление_позиции - {"client_id": 2, "position": {"x": 765, "y": 555}, "inputs": {"left": false, "right": false, "up": false, "down": false}}
2025-09-23 17:51:31,490 - game_server - INFO - log_game_event:61 - Игровое событие: обновление_позиции - {"client_id": 2, "position": {"x": 765, "y": 555}, "inputs": {"left": false, "right": false, "up": false, "down": false}}
2025-09-23 17:51:31,523 - game_server - INFO - log_game_event:61 - Игровое событие: обновление_позиции - {"client_id": 2, "position": {"x": 765, "y": 555}, "inputs": {"left": false, "right": false, "up": false, "down": false}}
2025-09-23 17:51:31,556 - game_server - INFO - log_game_event:61 - Игровое событие: обновление_позиции - {"client_id": 2, "position": {"x": 765, "y": 555}, "inputs": {"left": false, "right": false, "up": false, "down": false}}
2025-09-23 17:51:31,589 - game_server - INFO - log_game_event:61 - Игровое событие: обновление_позиции - {"client_id": 2, "position": {"x": 765, "y": 555}, "inputs": {"left": false, "right": false, "up": false, "down": false}}
2025-09-23 17:51:31,622 - game_server - INFO - log_game_event:61 - Игровое событие: обновление_позиции - {"client_id": 2, "position": {"x": 765, "y": 555}, "inputs": {"left": false, "right": false, "up": false, "down": false}}
2025-09-23 17:51:31,652 - game_server - INFO - log_game_event:61 - Игровое событие: обновление_позиции - {"client_id": 2, "position": {"x": 765, "y": 555}, "inputs": {"left": false, "right": false, "up": false, "down": false}}
2025-09-23 17:51:31,676 - game_server - INFO - log_game_event:61 - Игровое событие: обновление_позиции - {"client_id": 2, "position": {"x": 765, "y": 555}, "inputs": {"left": false, "right": false, "up": false, "down": false}}
2025-09-23 17:51:31,709 - game_server - INFO - log_game_event:61 - Игровое событие: обновление_позиции - {"client_id": 2, "position": {"x": 765, "y": 555}, "inputs": {"left": false, "right": false, "up": false, "down": false}}
2025-09-23 17:51:31,743 - game_server - INFO - log_game_event:61 - Игровое событие: обновление_позиции - {"client_id": 2, "position": {"x": 765, "y": 555}, "inputs": {"left": false, "right": false, "up": false, "down": false}}
2025-09-23 17:51:31,775 - game_server - INFO - log_game_event:61 - Игровое событие: обновление_позиции - {"client_id": 2, "position": {"x": 765, "y": 555}, "inputs": {"left": false, "right": false, "up": false, "down": false}}
2025-09-23 17:51:31,805 - game_server - INFO - log_game_event:61 - Игровое событие: обновление_позиции - {"client_id": 2, "position": {"x": 765, "y": 555}, "inputs": {"left": false, "right": false, "up": false, "down": false}}
2025-09-23 17:51:31,836 - game_server - INFO - log_game_event:61 - Игровое событие: обновление_позиции - {"client_id": 2, "position": {"x": 765, "y": 555}, "inputs": {"left": false, "right": false, "up": false, "down": false}}
2025-09-23 17:51:31,868 - game_server - INFO - log_game_event:61 - Игровое событие: обновление_позиции - {"client_id": 2, "position": {"x": 765, "y": 555}, "inputs": {"left": false, "right": false, "up": false, "down": false}}
2025-09-23 17:51:31,902 - game_server - INFO - log_game_event:61 - Игровое событие: обновление_позиции - {"client_id": 2, "position": {"x": 765, "y": 555}, "inputs": {"left": false, "right": false, "up": false, "down": false}}
2025-09-23 17:51:31,935 - game_server - INFO - log_game_event:61 - Игровое событие: обновление_позиции - {"client_id": 2, "position": {"x": 765, "y": 555}, "inputs": {"left": false, "right": false, "up": false, "down": false}}
2025-09-23 17:51:31,968 - game_server - INFO - log_game_event:61 - Игровое событие: обновление_позиции - {"client_id": 2, "position": {"x": 765, "y": 555}, "inputs": {"left": false, "right": false, "up": false, "down": false}}
2025-09-23 17:51:32,002 - game_server - INFO - log_game_event:61 - Игровое событие: обновление_позиции - {"client_id": 2, "position": {"x": 765, "y": 555}, "inputs": {"left": false, "right": false, "up": false, "down": false}}
2025-09-23 17:51:32,034 - game_server - INFO - log_game_event:61 - Игровое событие: обновление_позиции - {"client_id": 2, "position": {"x": 765, "y": 555}, "inputs": {"left": false, "right": false, "up": false, "down": false}}
2025-09-23 17:51:32,065 - game_server - INFO - log_game_event:61 - Игровое событие: обновление_позиции - {"client_id": 2, "position": {"x": 765, "y": 555}, "inputs": {"left": false, "right": false, "up": false, "down": false}}
2025-09-23 17:51:32,098 - game_server - INFO - log_game_event:61 - Игровое событие: обновление_позиции - {"client_id": 2, "position": {"x": 765, "y": 555}, "inputs": {"left": false, "right": false, "up": false, "down": false}}
2025-09-23 17:51:32,131 - game_server - INFO - log_game_event:61 - Игровое событие: обновление_позиции - {"client_id": 2, "position": {"x": 765, "y": 555}, "inputs": {"left": false, "right": false, "up": false, "down": false}}
2025-09-23 17:51:32,165 - game_server - INFO - log_game_event:61 - Игровое событие: обновление_позиции - {"client_id": 2, "position": {"x": 765, "y": 555}, "inputs": {"left": false, "right": false, "up": false, "down": false}}
2025-09-23 17:51:32,199 - game_server - INFO - log_game_event:61 - Игровое событие: обновление_позиции - {"client_id": 2, "position": {"x": 765, "y": 555}, "inputs": {"left": false, "right": false, "up": false, "down": false}}
2025-09-23 17:51:32,232 - game_server - INFO - log_game_event:61 - Игровое событие: обновление_позиции - {"client_id": 2, "position": {"x": 765, "y": 555}, "inputs": {"left": false, "right": false, "up": false, "down": false}}
2025-09-23 17:51:32,259 - game_server - INFO - log_game_event:61 - Игровое событие: обновление_позиции - {"client_id": 2, "position": {"x": 765, "y": 555}, "inputs": {"left": false, "right": false, "up": false, "down": false}}
2025-09-23 17:51:32,287 - game_server - INFO - log_game_event:61 - Игровое событие: обновление_позиции - {"client_id": 2, "position": {"x": 765, "y": 555}, "inputs": {"left": false, "right": false, "up": false, "down": false}}
2025-09-23 17:51:32,320 - game_server - INFO - log_game_event:61 - Игровое событие: обновление_позиции - {"client_id": 2, "position": {"x": 765, "y": 555}, "inputs": {"left": false, "right": false, "up": false, "down": false}}
2025-09-23 17:51:32,352 - game_server - INFO - log_game_event:61 - Игровое событие: обновление_позиции - {"client_id": 2, "position": {"x": 765, "y": 555}, "inputs": {"left": false, "right": false, "up": false, "down": false}}
2025-09-23 17:51:32,384 - game_server - INFO - log_game_event:61 - Игровое событие: обновление_позиции - {"client_id": 2, "position": {"x": 765, "y": 555}, "inputs": {"left": false, "right": false, "up": false, "down": false}}
2025-09-23 17:51:32,418 - game_server - INFO - log_game_event:61 - Игровое событие: обновление_позиции - {"client_id": 2, "position": {"x": 765, "y": 555}, "inputs": {"left": false, "right": false, "up": false, "down": false}}
2025-09-23 17:51:32,451 - game_server - INFO - log_game_event:61 - Игровое событие: обновление_позиции - {"client_id": 2, "position": {"x": 765, "y": 555}, "inputs": {"left": false, "right": false, "up": false, "down": false}}
2025-09-23 17:51:32,484 - game_server - INFO - log_game_event:61 - Игровое событие: обновление_позиции - {"client_id": 2, "position": {"x": 765, "y": 555}, "inputs": {"left": false, "right": false, "up": false, "down": false}}
2025-09-23 17:51:32,518 - game_server - INFO - log_game_event:61 - Игровое событие: обновление_позиции - {"client_id": 2, "position": {"x": 765, "y": 555}, "inputs": {"left": false, "right": false, "up": false, "down": false}}
2025-09-23 17:51:32,551 - game_server - INFO - log_game_event:61 - Игровое событие: обновление_позиции - {"client_id": 2, "position": {"x": 765, "y": 555}, "inputs": {"left": false, "right": false, "up": false, "down": false}}
2025-09-23 17:51:32,586 - game_server - INFO - log_game_event:61 - Игровое событие: обновление_позиции - {"client_id": 2, "position": {"x": 765, "y": 555}, "inputs": {"left": false, "right": false, "up": false, "down": false}}
2025-09-23 17:51:32,618 - game_server - INFO - log_game_event:61 - Игровое событие: обновление_позиции - {"client_id": 2, "position": {"x": 765, "y": 555}, "inputs": {"left": false, "right": false, "up": false, "down": false}}
2025-09-23 17:51:32,653 - game_server - INFO - log_game_event:61 - Игровое событие: обновление_позиции - {"client_id": 2, "position": {"x": 765, "y": 555}, "inputs": {"left": false, "right": false, "up": false, "down": false}}
2025-09-23 17:51:32,686 - game_server - INFO - log_game_event:61 - Игровое событие: обновление_позиции - {"client_id": 2, "position": {"x": 765, "y": 555}, "inputs": {"left": false, "right": false, "up": false, "down": false}}
2025-09-23 17:51:32,718 - game_server - INFO - log_game_event:61 - Игровое событие: обновление_позиции - {"client_id": 2, "position": {"x": 765, "y": 555}, "inputs": {"left": false, "right": false, "up": false, "down": false}}
2025-09-23 17:51:32,750 - game_server - INFO - log_game_event:61 - Игровое событие: обновление_позиции - {"client_id": 2, "position": {"x": 765, "y": 555}, "inputs": {"left": false, "right": false, "up": false, "down": false}}
2025-09-23 17:51:32,784 - game_server - INFO - log_game_event:61 - Игровое событие: обновление_позиции - {"client_id": 2, "position": {"x": 765, "y": 555}, "inputs": {"left": false, "right": false, "up": false, "down": false}}
2025-09-23 17:51:32,815 - game_server - INFO - log_game_event:61 - Игровое событие: обновление_позиции - {"client_id": 2, "position": {"x": 765, "y": 555}, "inputs": {"left": false, "right": false, "up": false, "down": false}}
2025-09-23 17:51:32,849 - game_server - INFO - log_game_event:61 - Игровое событие: обновление_позиции - {"client_id": 2, "position": {"x": 765, "y": 555}, "inputs": {"left": false, "right": false, "up": false, "down": false}}
2025-09-23 17:51:32,884 - game_server - INFO - log_game_event:61 - Игровое событие: обновление_позиции - {"client_id": 2, "position": {"x": 765, "y": 555}, "inputs": {"left": false, "right": false, "up": false, "down": false}}
2025-09-23 17:51:32,918 - game_server - INFO - log_game_event:61 - Игровое событие: обновление_позиции - {"client_id": 2, "position": {"x": 765, "y": 555}, "inputs": {"left": false, "right": false, "up": false, "down": false}}
2025-09-23 17:51:32,952 - game_server - INFO - log_game_event:61 - Игровое событие: обновление_позиции - {"client_id": 2, "position": {"x": 765, "y": 555}, "inputs": {"left": false, "right": false, "up": false, "down": false}}
2025-09-23 17:51:32,985 - game_server - INFO - log_game_event:61 - Игровое событие: обновление_позиции - {"client_id": 2, "position": {"x": 765, "y": 555}, "inputs": {"left": false, "right": false, "up": false, "down": false}}
2025-09-23 17:51:33,016 - game_server - INFO - log_game_event:61 - Игровое событие: обновление_позиции - {"client_id": 2, "position": {"x": 765, "y": 555}, "inputs": {"left": false, "right": false, "up": false, "down": false}}
2025-09-23 17:51:33,049 - game_server - INFO - log_game_event:61 - Игровое событие: обновление_позиции - {"client_id": 2, "position": {"x": 765, "y": 555}, "inputs": {"left": false, "right": false, "up": false, "down": false}}
2025-09-23 17:51:33,084 - game_server - INFO - log_game_event:61 - Игровое событие: обновление_позиции - {"client_id": 2, "position": {"x": 765, "y": 555}, "inputs": {"left": false, "right": false, "up": false, "down": false}}
2025-09-23 17:51:33,115 - game_server - INFO - log_game_event:61 - Игровое событие: обновление_позиции - {"client_id": 2, "position": {"x": 765, "y": 555}, "inputs": {"left": false, "right": false, "up": false, "down": false}}
2025-09-23 17:51:33,150 - game_server - INFO - log_game_event:61 - Игровое событие: обновление_позиции - {"client_id": 2, "position": {"x": 765, "y": 555}, "inputs": {"left": false, "right": false, "up": false, "down": false}}
2025-09-23 17:51:33,184 - game_server - INFO - log_game_event:61 - Игровое событие: обновление_позиции - {"client_id": 2, "position": {"x": 765, "y": 555}, "inputs": {"left": false, "right": false, "up": false, "down": false}}
2025-09-23 17:51:33,216 - game_server - INFO - log_game_event:61 - Игровое событие: обновление_позиции - {"client_id": 2, "position": {"x": 765, "y": 555}, "inputs": {"left": false, "right": false, "up": false, "down": false}}
2025-09-23 17:51:33,249 - game_server - INFO - log_game_event:61 - Игровое событие: обновление_позиции - {"client_id": 2, "position": {"x": 765, "y": 555}, "inputs": {"left": false, "right": false, "up": false, "down": false}}
2025-09-23 17:51:33,281 - game_server - INFO - log_game_event:61 - Игровое событие: обновление_позиции - {"client_id": 2, "position": {"x": 765, "y": 555}, "inputs": {"left": false, "right": false, "up": false, "down": false}}
2025-09-23 17:51:33,315 - game_server - INFO - log_game_event:61 - Игровое событие: обновление_позиции - {"client_id": 2, "position": {"x": 765, "y": 555}, "inputs": {"left": false, "right": false, "up": false, "down": false}}
2025-09-23 17:51:33,349 - game_server - INFO - log_game_event:61 - Игровое событие: обновление_позиции - {"client_id": 2, "position": {"x": 765, "y": 555}, "inputs": {"left": false, "right": false, "up": false, "down": false}}
2025-09-23 17:51:33,382 - game_server - INFO - log_game_event:61 - Игровое событие: обновление_позиции - {"client_id": 2, "position": {"x": 765, "y": 555}, "inputs": {"left": false, "right": false, "up": false, "down": false}}
2025-09-23 17:51:33,414 - game_server - INFO - log_game_event:61 - Игровое событие: обновление_позиции - {"client_id": 2, "position": {"x": 765, "y": 555}, "inputs": {"left": false, "right": false, "up": false, "down": false}}
2025-09-23 17:51:33,448 - game_server - INFO - log_game_event:61 - Игровое событие: обновление_позиции - {"client_id": 2, "position": {"x": 765, "y": 555}, "inputs": {"left": false, "right": false, "up": false, "down": false}}
2025-09-23 17:51:33,481 - game_server - INFO - log_game_event:61 - Игровое событие: обновление_позиции - {"client_id": 2, "position": {"x": 765, "y": 555}, "inputs": {"left": false, "right": false, "up": false, "down": false}}
2025-09-23 17:51:33,512 - game_server - INFO - log_game_event:61 - Игровое событие: обновление_позиции - {"client_id": 2, "position": {"x": 765, "y": 555}, "inputs": {"left": false, "right": false, "up": false, "down": false}}
2025-09-23 17:51:33,545 - game_server - INFO - log_game_event:61 - Игровое событие: обновление_позиции - {"client_id": 2, "position": {"x": 765, "y": 555}, "inputs": {"left": false, "right": false, "up": false, "down": false}}
2025-09-23 17:51:33,579 - game_server - INFO - log_game_event:61 - Игровое событие: обновление_позиции - {"client_id": 2, "position": {"x": 765, "y": 555}, "inputs": {"left": false, "right": false, "up": false, "down": false}}
2025-09-23 17:51:33,611 - game_server - INFO - log_game_event:61 - Игровое событие: обновление_позиции - {"client_id": 2, "position": {"x": 765, "y": 555}, "inputs": {"left": false, "right": false, "up": false, "down": false}}
2025-09-23 17:51:33,646 - game_server - INFO - log_game_event:61 - Игровое событие: обновление_позиции - {"client_id": 2, "position": {"x": 765, "y": 555}, "inputs": {"left": false, "right": false, "up": false, "down": false}}
2025-09-23 17:51:33,679 - game_server - INFO - log_game_event:61 - Игровое событие: обновление_позиции - {"client_id": 2, "position": {"x": 765, "y": 555}, "inputs": {"left": false, "right": false, "up": false, "down": false}}
2025-09-23 17:51:33,712 - game_server - INFO - log_game_event:61 - Игровое событие: обновление_позиции - {"client_id": 2, "position": {"x": 765, "y": 555}, "inputs": {"left": false, "right": false, "up": false, "down": false}}
2025-09-23 17:51:33,745 - game_server - INFO - log_game_event:61 - Игровое событие: обновление_позиции - {"client_id": 2, "position": {"x": 765, "y": 555}, "inputs": {"left": false, "right": false, "up": false, "down": false}}
2025-09-23 17:51:33,774 - game_server - INFO - log_game_event:61 - Игровое событие: обновление_позиции - {"client_id": 2, "position": {"x": 765, "y": 555}, "inputs": {"left": false, "right": false, "up": false, "down": false}}
2025-09-23 17:51:33,807 - game_server - INFO - log_game_event:61 - Игровое событие: обновление_позиции - {"client_id": 2, "position": {"x": 765, "y": 555}, "inputs": {"left": false, "right": false, "up": false, "down": false}}
2025-09-23 17:51:33,841 - game_server - INFO - log_game_event:61 - Игровое событие: обновление_позиции - {"client_id": 2, "position": {"x": 765, "y": 555}, "inputs": {"left": false, "right": false, "up": false, "down": false}}
2025-09-23 17:51:33,875 - game_server - INFO - log_game_event:61 - Игровое событие: обновление_позиции - {"client_id": 2, "position": {"x": 765, "y": 555}, "inputs": {"left": false, "right": false, "up": false, "down": false}}
2025-09-23 17:51:33,909 - game_server - INFO - log_game_event:61 - Игровое событие: обновление_позиции - {"client_id": 2, "position": {"x": 765, "y": 555}, "inputs": {"left": false, "right": false, "up": false, "down": false}}
2025-09-23 17:51:33,936 - game_server - INFO - log_game_event:61 - Игровое событие: обновление_позиции - {"client_id": 2, "position": {"x": 765, "y": 555}, "inputs": {"left": false, "right": false, "up": false, "down": false}}
2025-09-23 17:51:33,969 - game_server - INFO - log_game_event:61 - Игровое событие: обновление_позиции - {"client_id": 2, "position": {"x": 765, "y": 555}, "inputs": {"left": false, "right": false, "up": false, "down": false}}
2025-09-23 17:51:34,001 - game_server - INFO - log_game_event:61 - Игровое событие: обновление_позиции - {"client_id": 2, "position": {"x": 765, "y": 555}, "inputs": {"left": false, "right": false, "up": false, "down": false}}
2025-09-23 17:51:34,036 - game_server - INFO - log_game_event:61 - Игровое событие: обновление_позиции - {"client_id": 2, "position": {"x": 765, "y": 555}, "inputs": {"left": false, "right": false, "up": false, "down": false}}
2025-09-23 17:51:34,068 - game_server - INFO - log_game_event:61 - Игровое событие: обновление_позиции - {"client_id": 2, "position": {"x": 765, "y": 555}, "inputs": {"left": false, "right": false, "up": false, "down": false}}
2025-09-23 17:51:34,103 - game_server - INFO - log_game_event:61 - Игровое событие: обновление_позиции - {"client_id": 2, "position": {"x": 765, "y": 555}, "inputs": {"left": false, "right": false, "up": false, "down": false}}
2025-09-23 17:51:34,127 - game_server - INFO - log_game_event:61 - Игровое событие: обновление_позиции - {"client_id": 2, "position": {"x": 765, "y": 555}, "inputs": {"left": false, "right": false, "up": false, "down": false}}
2025-09-23 17:51:34,161 - game_server - INFO - log_game_event:61 - Игровое событие: обновление_позиции - {"client_id": 2, "position": {"x": 765, "y": 555}, "inputs": {"left": false, "right": false, "up": false, "down": false}}
2025-09-23 17:51:34,194 - game_server - INFO - log_game_event:61 - Игровое событие: обновление_позиции - {"client_id": 2, "position": {"x": 765, "y": 555}, "inputs": {"left": false, "right": false, "up": false, "down": false}}
2025-09-23 17:51:34,227 - game_server - INFO - log_game_event:61 - Игровое событие: обновление_позиции - {"client_id": 2, "position": {"x": 765, "y": 555}, "inputs": {"left": false, "right": false, "up": false, "down": false}}
2025-09-23 17:51:34,259 - game_server - INFO - log_game_event:61 - Игровое событие: обновление_позиции - {"client_id": 2, "position": {"x": 765, "y": 555}, "inputs": {"left": false, "right": false, "up": false, "down": false}}
2025-09-23 17:51:34,293 - game_server - INFO - log_game_event:61 - Игровое событие: обновление_позиции - {"client_id": 2, "position": {"x": 765, "y": 555}, "inputs": {"left": false, "right": false, "up": false, "down": false}}
2025-09-23 17:51:34,324 - game_server - INFO - log_game_event:61 - Игровое событие: обновление_позиции - {"client_id": 2, "position": {"x": 765, "y": 555}, "inputs": {"left": false, "right": false, "up": false, "down": false}}
2025-09-23 17:51:34,356 - game_server - INFO - log_game_event:61 - Игровое событие: обновление_позиции - {"client_id": 2, "position": {"x": 765, "y": 555}, "inputs": {"left": false, "right": false, "up": false, "down": false}}
2025-09-23 17:51:34,388 - game_server - INFO - log_game_event:61 - Игровое событие: обновление_позиции - {"client_id": 2, "position": {"x": 765, "y": 555}, "inputs": {"left": false, "right": false, "up": false, "down": false}}
2025-09-23 17:51:34,420 - game_server - INFO - log_game_event:61 - Игровое событие: обновление_позиции - {"client_id": 2, "position": {"x": 765, "y": 555}, "inputs": {"left": false, "right": false, "up": false, "down": false}}
2025-09-23 17:51:34,453 - game_server - INFO - log_game_event:61 - Игровое событие: обновление_позиции - {"client_id": 2, "position": {"x": 765, "y": 555}, "inputs": {"left": false, "right": false, "up": false, "down": false}}
2025-09-23 17:51:34,486 - game_server - INFO - log_game_event:61 - Игровое событие: обновление_позиции - {"client_id": 2, "position": {"x": 765, "y": 555}, "inputs": {"left": false, "right": false, "up": false, "down": false}}
2025-09-23 17:51:34,518 - game_server - INFO - log_game_event:61 - Игровое событие: обновление_позиции - {"client_id": 2, "position": {"x": 765, "y": 555}, "inputs": {"left": false, "right": false, "up": false, "down": false}}
2025-09-23 17:51:34,552 - game_server - INFO - log_game_event:61 - Игровое событие: обновление_позиции - {"client_id": 2, "position": {"x": 765, "y": 555}, "inputs": {"left": false, "right": false, "up": false, "down": false}}
2025-09-23 17:51:34,584 - game_server - INFO - log_game_event:61 - Игровое событие: обновление_позиции - {"client_id": 2, "position": {"x": 765, "y": 555}, "inputs": {"left": false, "right": false, "up": false, "down": false}}
2025-09-23 17:51:34,617 - game_server - INFO - log_game_event:61 - Игровое событие: обновление_позиции - {"client_id": 2, "position": {"x": 765, "y": 555}, "inputs": {"left": false, "right": false, "up": false, "down": false}}
2025-09-23 17:51:34,642 - game_server - INFO - log_game_event:61 - Игровое событие: обновление_позиции - {"client_id": 2, "position": {"x": 765, "y": 555}, "inputs": {"left": false, "right": false, "up": false, "down": false}}
2025-09-23 17:51:34,676 - game_server - INFO - log_game_event:61 - Игровое событие: обновление_позиции - {"client_id": 2, "position": {"x": 765, "y": 555}, "inputs": {"left": false, "right": false, "up": false, "down": false}}
2025-09-23 17:51:34,708 - game_server - INFO - log_game_event:61 - Игровое событие: обновление_позиции - {"client_id": 2, "position": {"x": 765, "y": 555}, "inputs": {"left": false, "right": false, "up": false, "down": false}}
2025-09-23 17:51:34,741 - game_server - INFO - log_game_event:61 - Игровое событие: обновление_позиции - {"client_id": 2, "position": {"x": 765, "y": 555}, "inputs": {"left": false, "right": false, "up": false, "down": false}}
2025-09-23 17:51:34,774 - game_server - INFO - log_game_event:61 - Игровое событие: обновление_позиции - {"client_id": 2, "position": {"x": 765, "y": 555}, "inputs": {"left": false, "right": false, "up": false, "down": false}}
2025-09-23 17:51:34,806 - game_server - INFO - log_game_event:61 - Игровое событие: обновление_позиции - {"client_id": 2, "position": {"x": 765, "y": 555}, "inputs": {"left": false, "right": false, "up": false, "down": false}}
2025-09-23 17:51:34,839 - game_server - INFO - log_game_event:61 - Игровое событие: обновление_позиции - {"client_id": 2, "position": {"x": 765, "y": 555}, "inputs": {"left": false, "right": false, "up": false, "down": false}}
2025-09-23 17:51:34,873 - game_server - INFO - log_game_event:61 - Игровое событие: обновление_позиции - {"client_id": 2, "position": {"x": 765, "y": 555}, "inputs": {"left": false, "right": false, "up": false, "down": false}}
2025-09-23 17:51:34,907 - game_server - INFO - log_game_event:61 - Игровое событие: обновление_позиции - {"client_id": 2, "position": {"x": 765, "y": 555}, "inputs": {"left": false, "right": false, "up": false, "down": false}}
2025-09-23 17:51:34,942 - game_server - INFO - log_game_event:61 - Игровое событие: обновление_позиции - {"client_id": 2, "position": {"x": 765, "y": 555}, "inputs": {"left": false, "right": false, "up": false, "down": false}}
2025-09-23 17:51:34,968 - game_server - INFO - log_game_event:61 - Игровое событие: обновление_позиции - {"client_id": 2, "position": {"x": 765, "y": 555}, "inputs": {"left": false, "right": false, "up": false, "down": false}}
2025-09-23 17:51:35,001 - game_server - INFO - log_game_event:61 - Игровое событие: обновление_позиции - {"client_id": 2, "position": {"x": 765, "y": 555}, "inputs": {"left": false, "right": false, "up": false, "down": false}}
2025-09-23 17:51:35,034 - game_server - INFO - log_game_event:61 - Игровое событие: обновление_позиции - {"client_id": 2, "position": {"x": 765, "y": 555}, "inputs": {"left": false, "right": false, "up": false, "down": false}}
2025-09-23 17:51:35,069 - game_server - INFO - log_game_event:61 - Игровое событие: обновление_позиции - {"client_id": 2, "position": {"x": 765, "y": 555}, "inputs": {"left": false, "right": false, "up": false, "down": false}}
2025-09-23 17:51:35,095 - game_server - INFO - log_game_event:61 - Игровое событие: обновление_позиции - {"client_id": 2, "position": {"x": 765, "y": 555}, "inputs": {"left": false, "right": false, "up": false, "down": false}}
2025-09-23 17:51:35,127 - game_server - INFO - log_game_event:61 - Игровое событие: обновление_позиции - {"client_id": 2, "position": {"x": 765, "y": 555}, "inputs": {"left": false, "right": false, "up": false, "down": false}}
2025-09-23 17:51:35,161 - game_server - INFO - log_game_event:61 - Игровое событие: обновление_позиции - {"client_id": 2, "position": {"x": 765, "y": 555}, "inputs": {"left": false, "right": false, "up": false, "down": false}}
2025-09-23 17:51:35,194 - game_server - INFO - log_game_event:61 - Игровое событие: обновление_позиции - {"client_id": 2, "position": {"x": 765, "y": 555}, "inputs": {"left": false, "right": false, "up": false, "down": false}}
2025-09-23 17:51:35,229 - game_server - INFO - log_game_event:61 - Игровое событие: обновление_позиции - {"client_id": 2, "position": {"x": 765, "y": 555}, "inputs": {"left": false, "right": false, "up": false, "down": false}}
2025-09-23 17:51:35,262 - game_server - INFO - log_game_event:61 - Игровое событие: обновление_позиции - {"client_id": 2, "position": {"x": 765, "y": 555}, "inputs": {"left": false, "right": false, "up": false, "down": false}}
2025-09-23 17:51:35,295 - game_server - INFO - log_game_event:61 - Игровое событие: обновление_позиции - {"client_id": 2, "position": {"x": 765, "y": 555}, "inputs": {"left": false, "right": false, "up": false, "down": false}}
2025-09-23 17:51:35,328 - game_server - INFO - log_game_event:61 - Игровое событие: обновление_позиции - {"client_id": 2, "position": {"x": 765, "y": 555}, "inputs": {"left": false, "right": false, "up": false, "down": false}}
2025-09-23 17:51:35,362 - game_server - INFO - log_game_event:61 - Игровое событие: обновление_позиции - {"client_id": 2, "position": {"x": 765, "y": 555}, "inputs": {"left": false, "right": false, "up": false, "down": false}}
2025-09-23 17:51:35,394 - game_server - INFO - log_game_event:61 - Игровое событие: обновление_позиции - {"client_id": 2, "position": {"x": 765, "y": 555}, "inputs": {"left": false, "right": false, "up": false, "down": false}}
2025-09-23 17:51:35,425 - game_server - INFO - log_game_event:61 - Игровое событие: обновление_позиции - {"client_id": 2, "position": {"x": 765, "y": 555}, "inputs": {"left": false, "right": false, "up": false, "down": false}}
2025-09-23 17:51:35,457 - game_server - INFO - log_game_event:61 - Игровое событие: обновление_позиции - {"client_id": 2, "position": {"x": 765, "y": 555}, "inputs": {"left": false, "right": false, "up": false, "down": false}}
2025-09-23 17:51:35,492 - game_server - INFO - log_game_event:61 - Игровое событие: обновление_позиции - {"client_id": 2, "position": {"x": 765, "y": 555}, "inputs": {"left": false, "right": false, "up": false, "down": false}}
2025-09-23 17:51:35,524 - game_server - INFO - log_game_event:61 - Игровое событие: обновление_позиции - {"client_id": 2, "position": {"x": 765, "y": 555}, "inputs": {"left": false, "right": false, "up": false, "down": false}}
2025-09-23 17:51:35,554 - game_server - INFO - log_game_event:61 - Игровое событие: обновление_позиции - {"client_id": 2, "position": {"x": 765, "y": 555}, "inputs": {"left": false, "right": false, "up": false, "down": false}}
2025-09-23 17:51:35,587 - game_server - INFO - log_game_event:61 - Игровое событие: обновление_позиции - {"client_id": 2, "position": {"x": 765, "y": 555}, "inputs": {"left": false, "right": false, "up": false, "down": false}}
2025-09-23 17:51:35,619 - game_server - INFO - log_game_event:61 - Игровое событие: обновление_позиции - {"client_id": 2, "position": {"x": 765, "y": 555}, "inputs": {"left": false, "right": false, "up": false, "down": false}}
2025-09-23 17:51:35,652 - game_server - INFO - log_game_event:61 - Игровое событие: обновление_позиции - {"client_id": 2, "position": {"x": 765, "y": 555}, "inputs": {"left": false, "right": false, "up": false, "down": false}}
2025-09-23 17:51:35,686 - game_server - INFO - log_game_event:61 - Игровое событие: обновление_позиции - {"client_id": 2, "position": {"x": 765, "y": 555}, "inputs": {"left": false, "right": false, "up": false, "down": false}}
2025-09-23 17:51:35,718 - game_server - INFO - log_game_event:61 - Игровое событие: обновление_позиции - {"client_id": 2, "position": {"x": 765, "y": 555}, "inputs": {"left": false, "right": false, "up": false, "down": false}}
2025-09-23 17:51:35,752 - game_server - INFO - log_game_event:61 - Игровое событие: обновление_позиции - {"client_id": 2, "position": {"x": 765, "y": 555}, "inputs": {"left": false, "right": false, "up": false, "down": false}}
2025-09-23 17:51:35,785 - game_server - INFO - log_game_event:61 - Игровое событие: обновление_позиции - {"client_id": 2, "position": {"x": 765, "y": 555}, "inputs": {"left": false, "right": false, "up": false, "down": false}}
2025-09-23 17:51:35,818 - game_server - INFO - log_game_event:61 - Игровое событие: обновление_позиции - {"client_id": 2, "position": {"x": 765, "y": 555}, "inputs": {"left": false, "right": false, "up": false, "down": false}}
2025-09-23 17:51:35,851 - game_server - INFO - log_game_event:61 - Игровое событие: обновление_позиции - {"client_id": 2, "position": {"x": 765, "y": 555}, "inputs": {"left": false, "right": false, "up": false, "down": false}}
2025-09-23 17:51:35,882 - game_server - INFO - log_game_event:61 - Игровое событие: обновление_позиции - {"client_id": 2, "position": {"x": 765, "y": 555}, "inputs": {"left": false, "right": false, "up": false, "down": false}}
2025-09-23 17:51:35,915 - game_server - INFO - log_game_event:61 - Игровое событие: обновление_позиции - {"client_id": 2, "position": {"x": 765, "y": 555}, "inputs": {"left": false, "right": false, "up": false, "down": false}}
2025-09-23 17:51:35,948 - game_server - INFO - log_game_event:61 - Игровое событие: обновление_позиции - {"client_id": 2, "position": {"x": 765, "y": 555}, "inputs": {"left": false, "right": false, "up": false, "down": false}}
2025-09-23 17:51:35,984 - game_server - INFO - log_game_event:61 - Игровое событие: обновление_позиции - {"client_id": 2, "position": {"x": 765, "y": 555}, "inputs": {"left": false, "right": false, "up": false, "down": false}}
2025-09-23 17:51:36,017 - game_server - INFO - log_game_event:61 - Игровое событие: обновление_позиции - {"client_id": 2, "position": {"x": 765, "y": 555}, "inputs": {"left": false, "right": false, "up": false, "down": false}}
2025-09-23 17:51:36,050 - game_server - INFO - log_game_event:61 - Игровое событие: обновление_позиции - {"client_id": 2, "position": {"x": 765, "y": 555}, "inputs": {"left": false, "right": false, "up": false, "down": false}}
2025-09-23 17:51:36,083 - game_server - INFO - log_game_event:61 - Игровое событие: обновление_позиции - {"client_id": 2, "position": {"x": 765, "y": 555}, "inputs": {"left": false, "right": false, "up": false, "down": false}}
2025-09-23 17:51:36,115 - game_server - INFO - log_game_event:61 - Игровое событие: обновление_позиции - {"client_id": 2, "position": {"x": 765, "y": 555}, "inputs": {"left": false, "right": false, "up": false, "down": false}}
2025-09-23 17:51:36,147 - game_server - INFO - log_game_event:61 - Игровое событие: обновление_позиции - {"client_id": 2, "position": {"x": 765, "y": 555}, "inputs": {"left": false, "right": false, "up": false, "down": false}}
2025-09-23 17:51:36,178 - game_server - INFO - log_game_event:61 - Игровое событие: обновление_позиции - {"client_id": 2, "position": {"x": 765, "y": 555}, "inputs": {"left": false, "right": false, "up": false, "down": false}}
2025-09-23 17:51:36,211 - game_server - INFO - log_game_event:61 - Игровое событие: обновление_позиции - {"client_id": 2, "position": {"x": 765, "y": 555}, "inputs": {"left": false, "right": false, "up": false, "down": false}}
2025-09-23 17:51:36,244 - game_server - INFO - log_game_event:61 - Игровое событие: обновление_позиции - {"client_id": 2, "position": {"x": 765, "y": 555}, "inputs": {"left": false, "right": false, "up": false, "down": false}}
2025-09-23 17:51:36,277 - game_server - INFO - log_game_event:61 - Игровое событие: обновление_позиции - {"client_id": 2, "position": {"x": 765, "y": 555}, "inputs": {"left": false, "right": false, "up": false, "down": false}}
2025-09-23 17:51:36,309 - game_server - INFO - log_game_event:61 - Игровое событие: обновление_позиции - {"client_id": 2, "position": {"x": 765, "y": 555}, "inputs": {"left": false, "right": false, "up": false, "down": false}}
2025-09-23 17:51:36,343 - game_server - INFO - log_game_event:61 - Игровое событие: обновление_позиции - {"client_id": 2, "position": {"x": 765, "y": 555}, "inputs": {"left": false, "right": false, "up": false, "down": false}}
2025-09-23 17:51:36,375 - game_server - INFO - log_game_event:61 - Игровое событие: обновление_позиции - {"client_id": 2, "position": {"x": 765, "y": 555}, "inputs": {"left": false, "right": false, "up": false, "down": false}}
2025-09-23 17:51:36,406 - game_server - INFO - log_game_event:61 - Игровое событие: обновление_позиции - {"client_id": 2, "position": {"x": 765, "y": 555}, "inputs": {"left": false, "right": false, "up": false, "down": false}}
2025-09-23 17:51:36,439 - game_server - INFO - log_game_event:61 - Игровое событие: обновление_позиции - {"client_id": 2, "position": {"x": 765, "y": 555}, "inputs": {"left": false, "right": false, "up": false, "down": false}}
2025-09-23 17:51:36,472 - game_server - INFO - log_game_event:61 - Игровое событие: обновление_позиции - {"client_id": 2, "position": {"x": 765, "y": 555}, "inputs": {"left": false, "right": false, "up": false, "down": false}}
2025-09-23 17:51:36,506 - game_server - INFO - log_game_event:61 - Игровое событие: обновление_позиции - {"client_id": 2, "position": {"x": 765, "y": 555}, "inputs": {"left": false, "right": false, "up": false, "down": false}}
2025-09-23 17:51:36,538 - game_server - INFO - log_game_event:61 - Игровое событие: обновление_позиции - {"client_id": 2, "position": {"x": 765, "y": 555}, "inputs": {"left": false, "right": false, "up": false, "down": false}}
2025-09-23 17:51:36,570 - game_server - INFO - log_game_event:61 - Игровое событие: обновление_позиции - {"client_id": 2, "position": {"x": 765, "y": 555}, "inputs": {"left": false, "right": false, "up": false, "down": false}}
2025-09-23 17:51:36,601 - game_server - INFO - log_game_event:61 - Игровое событие: обновление_позиции - {"client_id": 2, "position": {"x": 765, "y": 555}, "inputs": {"left": false, "right": false, "up": false, "down": false}}
2025-09-23 17:51:36,634 - game_server - INFO - log_game_event:61 - Игровое событие: обновление_позиции - {"client_id": 2, "position": {"x": 765, "y": 555}, "inputs": {"left": false, "right": false, "up": false, "down": false}}
2025-09-23 17:51:36,667 - game_server - INFO - log_game_event:61 - Игровое событие: обновление_позиции - {"client_id": 2, "position": {"x": 765, "y": 555}, "inputs": {"left": false, "right": false, "up": false, "down": false}}
2025-09-23 17:51:36,701 - game_server - INFO - log_game_event:61 - Игровое событие: обновление_позиции - {"client_id": 2, "position": {"x": 765, "y": 555}, "inputs": {"left": false, "right": false, "up": false, "down": false}}
2025-09-23 17:51:36,735 - game_server - INFO - log_game_event:61 - Игровое событие: обновление_позиции - {"client_id": 2, "position": {"x": 765, "y": 555}, "inputs": {"left": false, "right": false, "up": false, "down": false}}
2025-09-23 17:51:36,768 - game_server - INFO - log_game_event:61 - Игровое событие: обновление_позиции - {"client_id": 2, "position": {"x": 765, "y": 555}, "inputs": {"left": false, "right": false, "up": false, "down": false}}
2025-09-23 17:51:36,802 - game_server - INFO - log_game_event:61 - Игровое событие: обновление_позиции - {"client_id": 2, "position": {"x": 765, "y": 555}, "inputs": {"left": false, "right": false, "up": false, "down": false}}
2025-09-23 17:51:36,834 - game_server - INFO - log_game_event:61 - Игровое событие: обновление_позиции - {"client_id": 2, "position": {"x": 765, "y": 555}, "inputs": {"left": false, "right": false, "up": false, "down": false}}
2025-09-23 17:51:36,866 - game_server - INFO - log_game_event:61 - Игровое событие: обновление_позиции - {"client_id": 2, "position": {"x": 765, "y": 555}, "inputs": {"left": false, "right": false, "up": false, "down": false}}
2025-09-23 17:51:36,898 - game_server - INFO - log_game_event:61 - Игровое событие: обновление_позиции - {"client_id": 2, "position": {"x": 765, "y": 555}, "inputs": {"left": false, "right": false, "up": false, "down": false}}
2025-09-23 17:51:36,932 - game_server - INFO - log_game_event:61 - Игровое событие: обновление_позиции - {"client_id": 2, "position": {"x": 765, "y": 555}, "inputs": {"left": false, "right": false, "up": false, "down": false}}
2025-09-23 17:51:36,965 - game_server - INFO - log_game_event:61 - Игровое событие: обновление_позиции - {"client_id": 2, "position": {"x": 765, "y": 555}, "inputs": {"left": false, "right": false, "up": false, "down": false}}
2025-09-23 17:51:36,999 - game_server - INFO - log_game_event:61 - Игровое событие: обновление_позиции - {"client_id": 2, "position": {"x": 765, "y": 555}, "inputs": {"left": false, "right": false, "up": false, "down": false}}
2025-09-23 17:51:37,032 - game_server - INFO - log_game_event:61 - Игровое событие: обновление_позиции - {"client_id": 2, "position": {"x": 765, "y": 555}, "inputs": {"left": false, "right": false, "up": false, "down": false}}
2025-09-23 17:51:37,065 - game_server - INFO - log_game_event:61 - Игровое событие: обновление_позиции - {"client_id": 2, "position": {"x": 765, "y": 555}, "inputs": {"left": false, "right": false, "up": false, "down": false}}
2025-09-23 17:51:37,098 - game_server - INFO - log_game_event:61 - Игровое событие: обновление_позиции - {"client_id": 2, "position": {"x": 765, "y": 555}, "inputs": {"left": false, "right": false, "up": false, "down": false}}
2025-09-23 17:51:37,130 - game_server - INFO - log_game_event:61 - Игровое событие: обновление_позиции - {"client_id": 2, "position": {"x": 765, "y": 555}, "inputs": {"left": false, "right": false, "up": false, "down": false}}
2025-09-23 17:51:37,162 - game_server - INFO - log_game_event:61 - Игровое событие: обновление_позиции - {"client_id": 2, "position": {"x": 765, "y": 555}, "inputs": {"left": false, "right": false, "up": false, "down": false}}
2025-09-23 17:51:37,192 - game_server - INFO - log_game_event:61 - Игровое событие: обновление_позиции - {"client_id": 2, "position": {"x": 765, "y": 555}, "inputs": {"left": false, "right": false, "up": false, "down": false}}
2025-09-23 17:51:37,224 - game_server - INFO - log_game_event:61 - Игровое событие: обновление_позиции - {"client_id": 2, "position": {"x": 765, "y": 555}, "inputs": {"left": false, "right": false, "up": false, "down": false}}
2025-09-23 17:51:37,256 - game_server - INFO - log_game_event:61 - Игровое событие: обновление_позиции - {"client_id": 2, "position": {"x": 765, "y": 555}, "inputs": {"left": false, "right": false, "up": false, "down": false}}
2025-09-23 17:51:37,290 - game_server - INFO - log_game_event:61 - Игровое событие: обновление_позиции - {"client_id": 2, "position": {"x": 765, "y": 555}, "inputs": {"left": false, "right": false, "up": false, "down": false}}
2025-09-23 17:51:37,323 - game_server - INFO - log_game_event:61 - Игровое событие: обновление_позиции - {"client_id": 2, "position": {"x": 765, "y": 555}, "inputs": {"left": false, "right": false, "up": false, "down": false}}
2025-09-23 17:51:37,356 - game_server - INFO - log_game_event:61 - Игровое событие: обновление_позиции - {"client_id": 2, "position": {"x": 765, "y": 555}, "inputs": {"left": false, "right": false, "up": false, "down": false}}
2025-09-23 17:51:37,388 - game_server - INFO - log_game_event:61 - Игровое событие: обновление_позиции - {"client_id": 2, "position": {"x": 765, "y": 555}, "inputs": {"left": false, "right": false, "up": false, "down": false}}
2025-09-23 17:51:37,421 - game_server - INFO - log_game_event:61 - Игровое событие: обновление_позиции - {"client_id": 2, "position": {"x": 765, "y": 555}, "inputs": {"left": false, "right": false, "up": false, "down": false}}
2025-09-23 17:51:37,452 - game_server - INFO - log_game_event:61 - Игровое событие: обновление_позиции - {"client_id": 2, "position": {"x": 765, "y": 555}, "inputs": {"left": false, "right": false, "up": false, "down": false}}
2025-09-23 17:51:37,480 - game_server - INFO - log_game_event:61 - Игровое событие: обновление_позиции - {"client_id": 2, "position": {"x": 765, "y": 555}, "inputs": {"left": false, "right": false, "up": false, "down": false}}
2025-09-23 17:51:37,511 - game_server - INFO - log_game_event:61 - Игровое событие: обновление_позиции - {"client_id": 2, "position": {"x": 765, "y": 555}, "inputs": {"left": false, "right": false, "up": false, "down": false}}
2025-09-23 17:51:37,542 - game_server - INFO - log_game_event:61 - Игровое событие: обновление_позиции - {"client_id": 2, "position": {"x": 765, "y": 555}, "inputs": {"left": false, "right": false, "up": false, "down": false}}
2025-09-23 17:51:37,571 - game_server - INFO - log_game_event:61 - Игровое событие: обновление_позиции - {"client_id": 2, "position": {"x": 765, "y": 555}, "inputs": {"left": false, "right": false, "up": false, "down": false}}
2025-09-23 17:51:37,593 - game_server - INFO - log_game_event:61 - Игровое событие: обновление_позиции - {"client_id": 2, "position": {"x": 765, "y": 555}, "inputs": {"left": false, "right": false, "up": false, "down": false}}
2025-09-23 17:51:37,624 - game_server - INFO - log_game_event:61 - Игровое событие: обновление_позиции - {"client_id": 2, "position": {"x": 765, "y": 555}, "inputs": {"left": false, "right": false, "up": false, "down": false}}
2025-09-23 17:51:37,654 - game_server - INFO - log_game_event:61 - Игровое событие: обновление_позиции - {"client_id": 2, "position": {"x": 765, "y": 555}, "inputs": {"left": false, "right": false, "up": false, "down": false}}
2025-09-23 17:51:37,683 - game_server - INFO - log_game_event:61 - Игровое событие: обновление_позиции - {"client_id": 2, "position": {"x": 765, "y": 555}, "inputs": {"left": false, "right": false, "up": false, "down": false}}
2025-09-23 17:51:37,713 - game_server - INFO - log_game_event:61 - Игровое событие: обновление_позиции - {"client_id": 2, "position": {"x": 765, "y": 555}, "inputs": {"left": false, "right": false, "up": false, "down": false}}
2025-09-23 17:51:37,746 - game_server - INFO - log_game_event:61 - Игровое событие: обновление_позиции - {"client_id": 2, "position": {"x": 765, "y": 555}, "inputs": {"left": false, "right": false, "up": false, "down": false}}
2025-09-23 17:51:37,779 - game_server - INFO - log_game_event:61 - Игровое событие: обновление_позиции - {"client_id": 2, "position": {"x": 765, "y": 555}, "inputs": {"left": false, "right": false, "up": false, "down": false}}
2025-09-23 17:51:37,811 - game_server - INFO - log_game_event:61 - Игровое событие: обновление_позиции - {"client_id": 2, "position": {"x": 765, "y": 555}, "inputs": {"left": false, "right": false, "up": false, "down": false}}
2025-09-23 17:51:37,844 - game_server - INFO - log_game_event:61 - Игровое событие: обновление_позиции - {"client_id": 2, "position": {"x": 765, "y": 555}, "inputs": {"left": false, "right": false, "up": false, "down": false}}
2025-09-23 17:51:37,878 - game_server - INFO - log_game_event:61 - Игровое событие: обновление_позиции - {"client_id": 2, "position": {"x": 765, "y": 555}, "inputs": {"left": false, "right": false, "up": false, "down": false}}
2025-09-23 17:51:37,912 - game_server - INFO - log_game_event:61 - Игровое событие: обновление_позиции - {"client_id": 2, "position": {"x": 765, "y": 555}, "inputs": {"left": false, "right": false, "up": false, "down": false}}
2025-09-23 17:51:37,944 - game_server - INFO - log_game_event:61 - Игровое событие: обновление_позиции - {"client_id": 2, "position": {"x": 765, "y": 555}, "inputs": {"left": false, "right": false, "up": false, "down": false}}
2025-09-23 17:51:37,976 - game_server - INFO - log_game_event:61 - Игровое событие: обновление_позиции - {"client_id": 2, "position": {"x": 765, "y": 555}, "inputs": {"left": false, "right": false, "up": false, "down": false}}
2025-09-23 17:51:38,010 - game_server - INFO - log_game_event:61 - Игровое событие: обновление_позиции - {"client_id": 2, "position": {"x": 765, "y": 555}, "inputs": {"left": false, "right": false, "up": false, "down": false}}
2025-09-23 17:51:38,043 - game_server - INFO - log_game_event:61 - Игровое событие: обновление_позиции - {"client_id": 2, "position": {"x": 765, "y": 555}, "inputs": {"left": false, "right": false, "up": false, "down": false}}
2025-09-23 17:51:38,074 - game_server - INFO - log_game_event:61 - Игровое событие: обновление_позиции - {"client_id": 2, "position": {"x": 765, "y": 555}, "inputs": {"left": false, "right": false, "up": false, "down": false}}
2025-09-23 17:51:38,106 - game_server - INFO - log_game_event:61 - Игровое событие: обновление_позиции - {"client_id": 2, "position": {"x": 765, "y": 555}, "inputs": {"left": false, "right": false, "up": false, "down": false}}
2025-09-23 17:51:38,139 - game_server - INFO - log_game_event:61 - Игровое событие: обновление_позиции - {"client_id": 2, "position": {"x": 765, "y": 555}, "inputs": {"left": false, "right": false, "up": false, "down": false}}
2025-09-23 17:51:38,172 - game_server - INFO - log_game_event:61 - Игровое событие: обновление_позиции - {"client_id": 2, "position": {"x": 765, "y": 555}, "inputs": {"left": false, "right": false, "up": false, "down": false}}
2025-09-23 17:51:38,203 - game_server - INFO - log_game_event:61 - Игровое событие: обновление_позиции - {"client_id": 2, "position": {"x": 765, "y": 555}, "inputs": {"left": false, "right": false, "up": false, "down": false}}
2025-09-23 17:51:38,235 - game_server - INFO - log_game_event:61 - Игровое событие: обновление_позиции - {"client_id": 2, "position": {"x": 765, "y": 555}, "inputs": {"left": false, "right": false, "up": false, "down": false}}
2025-09-23 17:51:38,268 - game_server - INFO - log_game_event:61 - Игровое событие: обновление_позиции - {"client_id": 2, "position": {"x": 765, "y": 555}, "inputs": {"left": false, "right": false, "up": false, "down": false}}
2025-09-23 17:51:38,300 - game_server - INFO - log_game_event:61 - Игровое событие: обновление_позиции - {"client_id": 2, "position": {"x": 765, "y": 555}, "inputs": {"left": false, "right": false, "up": false, "down": false}}
2025-09-23 17:51:38,333 - game_server - INFO - log_game_event:61 - Игровое событие: обновление_позиции - {"client_id": 2, "position": {"x": 765, "y": 555}, "inputs": {"left": false, "right": false, "up": false, "down": false}}
2025-09-23 17:51:38,366 - game_server - INFO - log_game_event:61 - Игровое событие: обновление_позиции - {"client_id": 2, "position": {"x": 765, "y": 555}, "inputs": {"left": false, "right": false, "up": false, "down": false}}
2025-09-23 17:51:38,399 - game_server - INFO - log_game_event:61 - Игровое событие: обновление_позиции - {"client_id": 2, "position": {"x": 765, "y": 555}, "inputs": {"left": false, "right": false, "up": false, "down": false}}
2025-09-23 17:51:38,429 - game_server - INFO - log_game_event:61 - Игровое событие: обновление_позиции - {"client_id": 2, "position": {"x": 765, "y": 555}, "inputs": {"left": false, "right": false, "up": false, "down": false}}
2025-09-23 17:51:38,464 - game_server - INFO - log_game_event:61 - Игровое событие: обновление_позиции - {"client_id": 2, "position": {"x": 765, "y": 555}, "inputs": {"left": false, "right": false, "up": false, "down": false}}
2025-09-23 17:51:38,498 - game_server - INFO - log_game_event:61 - Игровое событие: обновление_позиции - {"client_id": 2, "position": {"x": 765, "y": 555}, "inputs": {"left": false, "right": false, "up": false, "down": false}}
2025-09-23 17:51:38,531 - game_server - INFO - log_game_event:61 - Игровое событие: обновление_позиции - {"client_id": 2, "position": {"x": 765, "y": 555}, "inputs": {"left": false, "right": false, "up": false, "down": false}}
2025-09-23 17:51:38,565 - game_server - INFO - log_game_event:61 - Игровое событие: обновление_позиции - {"client_id": 2, "position": {"x": 765, "y": 555}, "inputs": {"left": false, "right": false, "up": false, "down": false}}
2025-09-23 17:51:38,597 - game_server - INFO - log_game_event:61 - Игровое событие: обновление_позиции - {"client_id": 2, "position": {"x": 765, "y": 555}, "inputs": {"left": false, "right": false, "up": false, "down": false}}
2025-09-23 17:51:38,630 - game_server - INFO - log_game_event:61 - Игровое событие: обновление_позиции - {"client_id": 2, "position": {"x": 765, "y": 555}, "inputs": {"left": false, "right": false, "up": false, "down": false}}
2025-09-23 17:51:38,663 - game_server - INFO - log_game_event:61 - Игровое событие: обновление_позиции - {"client_id": 2, "position": {"x": 765, "y": 555}, "inputs": {"left": false, "right": false, "up": false, "down": false}}
2025-09-23 17:51:38,697 - game_server - INFO - log_game_event:61 - Игровое событие: обновление_позиции - {"client_id": 2, "position": {"x": 765, "y": 555}, "inputs": {"left": false, "right": false, "up": false, "down": false}}
2025-09-23 17:51:38,729 - game_server - INFO - log_game_event:61 - Игровое событие: обновление_позиции - {"client_id": 2, "position": {"x": 765, "y": 555}, "inputs": {"left": false, "right": false, "up": false, "down": false}}
2025-09-23 17:51:38,763 - game_server - INFO - log_game_event:61 - Игровое событие: обновление_позиции - {"client_id": 2, "position": {"x": 765, "y": 555}, "inputs": {"left": false, "right": false, "up": false, "down": false}}
2025-09-23 17:51:38,795 - game_server - INFO - log_game_event:61 - Игровое событие: обновление_позиции - {"client_id": 2, "position": {"x": 765, "y": 555}, "inputs": {"left": false, "right": false, "up": false, "down": false}}
2025-09-23 17:51:38,828 - game_server - INFO - log_game_event:61 - Игровое событие: обновление_позиции - {"client_id": 2, "position": {"x": 765, "y": 555}, "inputs": {"left": false, "right": false, "up": false, "down": false}}
2025-09-23 17:51:38,861 - game_server - INFO - log_game_event:61 - Игровое событие: обновление_позиции - {"client_id": 2, "position": {"x": 765, "y": 555}, "inputs": {"left": false, "right": false, "up": false, "down": false}}
2025-09-23 17:51:38,892 - game_server - INFO - log_game_event:61 - Игровое событие: обновление_позиции - {"client_id": 2, "position": {"x": 765, "y": 555}, "inputs": {"left": false, "right": false, "up": false, "down": false}}
2025-09-23 17:51:38,925 - game_server - INFO - log_game_event:61 - Игровое событие: обновление_позиции - {"client_id": 2, "position": {"x": 765, "y": 555}, "inputs": {"left": false, "right": false, "up": false, "down": false}}
2025-09-23 17:51:38,958 - game_server - INFO - log_game_event:61 - Игровое событие: обновление_позиции - {"client_id": 2, "position": {"x": 765, "y": 555}, "inputs": {"left": false, "right": false, "up": false, "down": false}}
2025-09-23 17:51:38,991 - game_server - INFO - log_game_event:61 - Игровое событие: обновление_позиции - {"client_id": 2, "position": {"x": 765, "y": 555}, "inputs": {"left": false, "right": false, "up": false, "down": false}}
2025-09-23 17:51:39,025 - game_server - INFO - log_game_event:61 - Игровое событие: обновление_позиции - {"client_id": 2, "position": {"x": 765, "y": 555}, "inputs": {"left": false, "right": false, "up": false, "down": false}}
2025-09-23 17:51:39,058 - game_server - INFO - log_game_event:61 - Игровое событие: обновление_позиции - {"client_id": 2, "position": {"x": 765, "y": 555}, "inputs": {"left": false, "right": false, "up": false, "down": false}}
2025-09-23 17:51:39,092 - game_server - INFO - log_game_event:61 - Игровое событие: обновление_позиции - {"client_id": 2, "position": {"x": 765, "y": 555}, "inputs": {"left": false, "right": false, "up": false, "down": false}}
2025-09-23 17:51:39,125 - game_server - INFO - log_game_event:61 - Игровое событие: обновление_позиции - {"client_id": 2, "position": {"x": 765, "y": 555}, "inputs": {"left": false, "right": false, "up": false, "down": false}}
2025-09-23 17:51:39,158 - game_server - INFO - log_game_event:61 - Игровое событие: обновление_позиции - {"client_id": 2, "position": {"x": 765, "y": 555}, "inputs": {"left": false, "right": false, "up": false, "down": false}}
2025-09-23 17:51:39,193 - game_server - INFO - log_game_event:61 - Игровое событие: обновление_позиции - {"client_id": 2, "position": {"x": 765, "y": 555}, "inputs": {"left": false, "right": false, "up": false, "down": false}}
2025-09-23 17:51:39,226 - game_server - INFO - log_game_event:61 - Игровое событие: обновление_позиции - {"client_id": 2, "position": {"x": 765, "y": 555}, "inputs": {"left": false, "right": false, "up": false, "down": false}}
2025-09-23 17:51:39,258 - game_server - INFO - log_game_event:61 - Игровое событие: обновление_позиции - {"client_id": 2, "position": {"x": 765, "y": 555}, "inputs": {"left": false, "right": false, "up": false, "down": false}}
2025-09-23 17:51:39,286 - game_server - INFO - log_game_event:61 - Игровое событие: обновление_позиции - {"client_id": 2, "position": {"x": 765, "y": 555}, "inputs": {"left": false, "right": false, "up": false, "down": false}}
2025-09-23 17:51:39,313 - game_server - INFO - log_game_event:61 - Игровое событие: обновление_позиции - {"client_id": 2, "position": {"x": 765, "y": 555}, "inputs": {"left": false, "right": false, "up": false, "down": false}}
2025-09-23 17:51:39,344 - game_server - INFO - log_game_event:61 - Игровое событие: обновление_позиции - {"client_id": 2, "position": {"x": 765, "y": 555}, "inputs": {"left": false, "right": false, "up": false, "down": false}}
2025-09-23 17:51:39,375 - game_server - INFO - log_game_event:61 - Игровое событие: обновление_позиции - {"client_id": 2, "position": {"x": 765, "y": 555}, "inputs": {"left": false, "right": false, "up": false, "down": false}}
2025-09-23 17:51:39,406 - game_server - INFO - log_game_event:61 - Игровое событие: обновление_позиции - {"client_id": 2, "position": {"x": 765, "y": 555}, "inputs": {"left": false, "right": false, "up": false, "down": false}}
2025-09-23 17:51:39,433 - game_server - INFO - log_game_event:61 - Игровое событие: обновление_позиции - {"client_id": 2, "position": {"x": 765, "y": 555}, "inputs": {"left": false, "right": false, "up": false, "down": false}}
2025-09-23 17:51:39,461 - game_server - INFO - log_game_event:61 - Игровое событие: обновление_позиции - {"client_id": 2, "position": {"x": 765, "y": 555}, "inputs": {"left": false, "right": false, "up": false, "down": false}}
2025-09-23 17:51:39,489 - game_server - INFO - log_game_event:61 - Игровое событие: обновление_позиции - {"client_id": 2, "position": {"x": 765, "y": 555}, "inputs": {"left": false, "right": false, "up": false, "down": false}}
2025-09-23 17:51:39,521 - game_server - INFO - log_game_event:61 - Игровое событие: обновление_позиции - {"client_id": 2, "position": {"x": 765, "y": 555}, "inputs": {"left": false, "right": false, "up": false, "down": false}}
2025-09-23 17:51:39,548 - game_server - INFO - log_game_event:61 - Игровое событие: обновление_позиции - {"client_id": 2, "position": {"x": 765, "y": 555}, "inputs": {"left": false, "right": false, "up": false, "down": false}}
2025-09-23 17:51:39,579 - game_server - INFO - log_game_event:61 - Игровое событие: обновление_позиции - {"client_id": 2, "position": {"x": 765, "y": 555}, "inputs": {"left": false, "right": false, "up": false, "down": false}}
2025-09-23 17:51:39,610 - game_server - INFO - log_game_event:61 - Игровое событие: обновление_позиции - {"client_id": 2, "position": {"x": 765, "y": 555}, "inputs": {"left": false, "right": false, "up": false, "down": false}}
2025-09-23 17:51:39,640 - game_server - INFO - log_game_event:61 - Игровое событие: обновление_позиции - {"client_id": 2, "position": {"x": 765, "y": 555}, "inputs": {"left": false, "right": false, "up": false, "down": false}}
2025-09-23 17:51:39,672 - game_server - INFO - log_game_event:61 - Игровое событие: обновление_позиции - {"client_id": 2, "position": {"x": 765, "y": 555}, "inputs": {"left": false, "right": false, "up": false, "down": false}}
2025-09-23 17:51:39,703 - game_server - INFO - log_game_event:61 - Игровое событие: обновление_позиции - {"client_id": 2, "position": {"x": 765, "y": 555}, "inputs": {"left": false, "right": false, "up": false, "down": false}}
2025-09-23 17:51:39,734 - game_server - INFO - log_game_event:61 - Игровое событие: обновление_позиции - {"client_id": 2, "position": {"x": 765, "y": 555}, "inputs": {"left": false, "right": false, "up": false, "down": false}}
2025-09-23 17:51:39,767 - game_server - INFO - log_game_event:61 - Игровое событие: обновление_позиции - {"client_id": 2, "position": {"x": 765, "y": 555}, "inputs": {"left": false, "right": false, "up": false, "down": false}}
2025-09-23 17:51:39,797 - game_server - INFO - log_game_event:61 - Игровое событие: обновление_позиции - {"client_id": 2, "position": {"x": 765, "y": 555}, "inputs": {"left": false, "right": false, "up": false, "down": false}}
2025-09-23 17:51:39,830 - game_server - INFO - log_game_event:61 - Игровое событие: обновление_позиции - {"client_id": 2, "position": {"x": 765, "y": 555}, "inputs": {"left": false, "right": false, "up": false, "down": false}}
2025-09-23 17:51:39,864 - game_server - INFO - log_game_event:61 - Игровое событие: обновление_позиции - {"client_id": 2, "position": {"x": 765, "y": 555}, "inputs": {"left": false, "right": false, "up": false, "down": false}}
2025-09-23 17:51:39,898 - game_server - INFO - log_game_event:61 - Игровое событие: обновление_позиции - {"client_id": 2, "position": {"x": 765, "y": 555}, "inputs": {"left": false, "right": false, "up": false, "down": false}}
2025-09-23 17:51:39,931 - game_server - INFO - log_game_event:61 - Игровое событие: обновление_позиции - {"client_id": 2, "position": {"x": 765, "y": 555}, "inputs": {"left": false, "right": false, "up": false, "down": false}}
2025-09-23 17:51:39,963 - game_server - INFO - log_game_event:61 - Игровое событие: обновление_позиции - {"client_id": 2, "position": {"x": 765, "y": 555}, "inputs": {"left": false, "right": false, "up": false, "down": false}}
2025-09-23 17:51:39,996 - game_server - INFO - log_game_event:61 - Игровое событие: обновление_позиции - {"client_id": 2, "position": {"x": 765, "y": 555}, "inputs": {"left": false, "right": false, "up": false, "down": false}}
2025-09-23 17:51:40,030 - game_server - INFO - log_game_event:61 - Игровое событие: обновление_позиции - {"client_id": 2, "position": {"x": 765, "y": 555}, "inputs": {"left": false, "right": false, "up": false, "down": false}}
2025-09-23 17:51:40,062 - game_server - INFO - log_game_event:61 - Игровое событие: обновление_позиции - {"client_id": 2, "position": {"x": 765, "y": 555}, "inputs": {"left": false, "right": false, "up": false, "down": false}}
2025-09-23 17:51:40,095 - game_server - INFO - log_game_event:61 - Игровое событие: обновление_позиции - {"client_id": 2, "position": {"x": 765, "y": 555}, "inputs": {"left": false, "right": false, "up": false, "down": false}}
2025-09-23 17:51:40,127 - game_server - INFO - log_game_event:61 - Игровое событие: обновление_позиции - {"client_id": 2, "position": {"x": 765, "y": 555}, "inputs": {"left": false, "right": false, "up": false, "down": false}}
2025-09-23 17:51:40,159 - game_server - INFO - log_game_event:61 - Игровое событие: обновление_позиции - {"client_id": 2, "position": {"x": 765, "y": 555}, "inputs": {"left": false, "right": false, "up": false, "down": false}}
2025-09-23 17:51:40,186 - game_server - INFO - log_game_event:61 - Игровое событие: обновление_позиции - {"client_id": 2, "position": {"x": 765, "y": 555}, "inputs": {"left": false, "right": false, "up": false, "down": false}}
2025-09-23 17:51:40,220 - game_server - INFO - log_game_event:61 - Игровое событие: обновление_позиции - {"client_id": 2, "position": {"x": 765, "y": 555}, "inputs": {"left": false, "right": false, "up": false, "down": false}}
2025-09-23 17:51:40,252 - game_server - INFO - log_game_event:61 - Игровое событие: обновление_позиции - {"client_id": 2, "position": {"x": 765, "y": 555}, "inputs": {"left": false, "right": false, "up": false, "down": false}}
2025-09-23 17:51:40,284 - game_server - INFO - log_game_event:61 - Игровое событие: обновление_позиции - {"client_id": 2, "position": {"x": 765, "y": 555}, "inputs": {"left": false, "right": false, "up": false, "down": false}}
2025-09-23 17:51:40,317 - game_server - INFO - log_game_event:61 - Игровое событие: обновление_позиции - {"client_id": 2, "position": {"x": 765, "y": 555}, "inputs": {"left": false, "right": false, "up": false, "down": false}}
2025-09-23 17:51:40,350 - game_server - INFO - log_game_event:61 - Игровое событие: обновление_позиции - {"client_id": 2, "position": {"x": 765, "y": 555}, "inputs": {"left": false, "right": false, "up": false, "down": false}}
2025-09-23 17:51:40,383 - game_server - INFO - log_game_event:61 - Игровое событие: обновление_позиции - {"client_id": 2, "position": {"x": 765, "y": 555}, "inputs": {"left": false, "right": false, "up": false, "down": false}}
2025-09-23 17:51:40,418 - game_server - INFO - log_game_event:61 - Игровое событие: обновление_позиции - {"client_id": 2, "position": {"x": 765, "y": 555}, "inputs": {"left": false, "right": false, "up": false, "down": false}}
2025-09-23 17:51:40,451 - game_server - INFO - log_game_event:61 - Игровое событие: обновление_позиции - {"client_id": 2, "position": {"x": 765, "y": 555}, "inputs": {"left": false, "right": false, "up": false, "down": false}}
2025-09-23 17:51:40,485 - game_server - INFO - log_game_event:61 - Игровое событие: обновление_позиции - {"client_id": 2, "position": {"x": 765, "y": 555}, "inputs": {"left": false, "right": false, "up": false, "down": false}}
2025-09-23 17:51:40,517 - game_server - INFO - log_game_event:61 - Игровое событие: обновление_позиции - {"client_id": 2, "position": {"x": 765, "y": 555}, "inputs": {"left": false, "right": false, "up": false, "down": false}}
2025-09-23 17:51:40,549 - game_server - INFO - log_game_event:61 - Игровое событие: обновление_позиции - {"client_id": 2, "position": {"x": 765, "y": 555}, "inputs": {"left": false, "right": false, "up": false, "down": false}}
2025-09-23 17:51:40,583 - game_server - INFO - log_game_event:61 - Игровое событие: обновление_позиции - {"client_id": 2, "position": {"x": 765, "y": 555}, "inputs": {"left": false, "right": false, "up": false, "down": false}}
2025-09-23 17:51:40,613 - game_server - INFO - log_game_event:61 - Игровое событие: обновление_позиции - {"client_id": 2, "position": {"x": 765, "y": 555}, "inputs": {"left": false, "right": false, "up": false, "down": false}}
2025-09-23 17:51:40,643 - game_server - INFO - log_game_event:61 - Игровое событие: обновление_позиции - {"client_id": 2, "position": {"x": 765, "y": 555}, "inputs": {"left": false, "right": false, "up": false, "down": false}}
2025-09-23 17:51:40,674 - game_server - INFO - log_game_event:61 - Игровое событие: обновление_позиции - {"client_id": 2, "position": {"x": 765, "y": 555}, "inputs": {"left": false, "right": false, "up": false, "down": false}}
2025-09-23 17:51:40,706 - game_server - INFO - log_game_event:61 - Игровое событие: обновление_позиции - {"client_id": 2, "position": {"x": 765, "y": 555}, "inputs": {"left": false, "right": false, "up": false, "down": false}}
2025-09-23 17:51:40,737 - game_server - INFO - log_game_event:61 - Игровое событие: обновление_позиции - {"client_id": 2, "position": {"x": 765, "y": 555}, "inputs": {"left": false, "right": false, "up": false, "down": false}}
2025-09-23 17:51:40,765 - game_server - INFO - log_game_event:61 - Игровое событие: обновление_позиции - {"client_id": 2, "position": {"x": 765, "y": 555}, "inputs": {"left": false, "right": false, "up": false, "down": false}}
2025-09-23 17:51:40,797 - game_server - INFO - log_game_event:61 - Игровое событие: обновление_позиции - {"client_id": 2, "position": {"x": 765, "y": 555}, "inputs": {"left": false, "right": false, "up": false, "down": false}}
2025-09-23 17:51:40,831 - game_server - INFO - log_game_event:61 - Игровое событие: обновление_позиции - {"client_id": 2, "position": {"x": 765, "y": 555}, "inputs": {"left": false, "right": false, "up": false, "down": false}}
2025-09-23 17:51:40,864 - game_server - INFO - log_game_event:61 - Игровое событие: обновление_позиции - {"client_id": 2, "position": {"x": 765, "y": 555}, "inputs": {"left": false, "right": false, "up": false, "down": false}}
2025-09-23 17:51:40,898 - game_server - INFO - log_game_event:61 - Игровое событие: обновление_позиции - {"client_id": 2, "position": {"x": 765, "y": 555}, "inputs": {"left": false, "right": false, "up": false, "down": false}}
2025-09-23 17:51:40,930 - game_server - INFO - log_game_event:61 - Игровое событие: обновление_позиции - {"client_id": 2, "position": {"x": 765, "y": 555}, "inputs": {"left": false, "right": false, "up": false, "down": false}}
2025-09-23 17:51:40,958 - game_server - INFO - log_game_event:61 - Игровое событие: обновление_позиции - {"client_id": 2, "position": {"x": 765, "y": 555}, "inputs": {"left": false, "right": false, "up": false, "down": false}}
2025-09-23 17:51:40,986 - game_server - INFO - log_game_event:61 - Игровое событие: обновление_позиции - {"client_id": 2, "position": {"x": 765, "y": 555}, "inputs": {"left": false, "right": false, "up": false, "down": false}}
2025-09-23 17:51:41,019 - game_server - INFO - log_game_event:61 - Игровое событие: обновление_позиции - {"client_id": 2, "position": {"x": 765, "y": 555}, "inputs": {"left": false, "right": false, "up": false, "down": false}}
2025-09-23 17:51:41,050 - game_server - INFO - log_game_event:61 - Игровое событие: обновление_позиции - {"client_id": 2, "position": {"x": 765, "y": 555}, "inputs": {"left": false, "right": false, "up": false, "down": false}}
2025-09-23 17:51:41,081 - game_server - INFO - log_game_event:61 - Игровое событие: обновление_позиции - {"client_id": 2, "position": {"x": 765, "y": 555}, "inputs": {"left": false, "right": false, "up": false, "down": false}}
2025-09-23 17:51:41,108 - game_server - INFO - log_game_event:61 - Игровое событие: обновление_позиции - {"client_id": 2, "position": {"x": 765, "y": 555}, "inputs": {"left": false, "right": false, "up": false, "down": false}}
2025-09-23 17:51:41,136 - game_server - INFO - log_game_event:61 - Игровое событие: обновление_позиции - {"client_id": 2, "position": {"x": 765, "y": 555}, "inputs": {"left": false, "right": false, "up": false, "down": false}}
2025-09-23 17:51:41,163 - game_server - INFO - log_game_event:61 - Игровое событие: обновление_позиции - {"client_id": 2, "position": {"x": 765, "y": 555}, "inputs": {"left": false, "right": false, "up": false, "down": false}}
2025-09-23 17:51:41,193 - game_server - INFO - log_game_event:61 - Игровое событие: обновление_позиции - {"client_id": 2, "position": {"x": 765, "y": 555}, "inputs": {"left": false, "right": false, "up": false, "down": false}}
2025-09-23 17:51:41,221 - game_server - INFO - log_game_event:61 - Игровое событие: обновление_позиции - {"client_id": 2, "position": {"x": 765, "y": 555}, "inputs": {"left": false, "right": false, "up": false, "down": false}}
2025-09-23 17:51:41,251 - game_server - INFO - log_game_event:61 - Игровое событие: обновление_позиции - {"client_id": 2, "position": {"x": 765, "y": 555}, "inputs": {"left": false, "right": false, "up": false, "down": false}}
2025-09-23 17:51:41,281 - game_server - INFO - log_game_event:61 - Игровое событие: обновление_позиции - {"client_id": 2, "position": {"x": 765, "y": 555}, "inputs": {"left": false, "right": false, "up": false, "down": false}}
2025-09-23 17:51:41,310 - game_server - INFO - log_game_event:61 - Игровое событие: обновление_позиции - {"client_id": 2, "position": {"x": 765, "y": 555}, "inputs": {"left": false, "right": false, "up": false, "down": false}}
2025-09-23 17:51:41,343 - game_server - INFO - log_game_event:61 - Игровое событие: обновление_позиции - {"client_id": 2, "position": {"x": 765, "y": 555}, "inputs": {"left": false, "right": false, "up": false, "down": false}}
2025-09-23 17:51:41,375 - game_server - INFO - log_game_event:61 - Игровое событие: обновление_позиции - {"client_id": 2, "position": {"x": 765, "y": 555}, "inputs": {"left": false, "right": false, "up": false, "down": false}}
2025-09-23 17:51:41,406 - game_server - INFO - log_game_event:61 - Игровое событие: обновление_позиции - {"client_id": 2, "position": {"x": 765, "y": 555}, "inputs": {"left": false, "right": false, "up": false, "down": false}}
2025-09-23 17:51:41,430 - game_server - INFO - log_game_event:61 - Игровое событие: обновление_позиции - {"client_id": 2, "position": {"x": 765, "y": 555}, "inputs": {"left": false, "right": false, "up": false, "down": false}}
2025-09-23 17:51:41,462 - game_server - INFO - log_game_event:61 - Игровое событие: обновление_позиции - {"client_id": 2, "position": {"x": 765, "y": 555}, "inputs": {"left": false, "right": false, "up": false, "down": false}}
2025-09-23 17:51:41,493 - game_server - INFO - log_game_event:61 - Игровое событие: обновление_позиции - {"client_id": 2, "position": {"x": 765, "y": 555}, "inputs": {"left": false, "right": false, "up": false, "down": false}}
2025-09-23 17:51:41,523 - game_server - INFO - log_game_event:61 - Игровое событие: обновление_позиции - {"client_id": 2, "position": {"x": 765, "y": 555}, "inputs": {"left": false, "right": false, "up": false, "down": false}}
2025-09-23 17:51:41,554 - game_server - INFO - log_game_event:61 - Игровое событие: обновление_позиции - {"client_id": 2, "position": {"x": 765, "y": 555}, "inputs": {"left": false, "right": false, "up": false, "down": false}}
2025-09-23 17:51:41,585 - game_server - INFO - log_game_event:61 - Игровое событие: обновление_позиции - {"client_id": 2, "position": {"x": 765, "y": 555}, "inputs": {"left": false, "right": false, "up": false, "down": false}}
2025-09-23 17:51:41,614 - game_server - INFO - log_game_event:61 - Игровое событие: обновление_позиции - {"client_id": 2, "position": {"x": 765, "y": 555}, "inputs": {"left": false, "right": false, "up": false, "down": false}}
2025-09-23 17:51:41,644 - game_server - INFO - log_game_event:61 - Игровое событие: обновление_позиции - {"client_id": 2, "position": {"x": 765, "y": 555}, "inputs": {"left": false, "right": false, "up": false, "down": false}}
2025-09-23 17:51:41,672 - game_server - INFO - log_game_event:61 - Игровое событие: обновление_позиции - {"client_id": 2, "position": {"x": 765, "y": 555}, "inputs": {"left": false, "right": false, "up": false, "down": false}}
2025-09-23 17:51:41,705 - game_server - INFO - log_game_event:61 - Игровое событие: обновление_позиции - {"client_id": 2, "position": {"x": 765, "y": 555}, "inputs": {"left": false, "right": false, "up": false, "down": false}}
2025-09-23 17:51:41,735 - game_server - INFO - log_game_event:61 - Игровое событие: обновление_позиции - {"client_id": 2, "position": {"x": 765, "y": 555}, "inputs": {"left": false, "right": false, "up": false, "down": false}}
2025-09-23 17:51:41,767 - game_server - INFO - log_game_event:61 - Игровое событие: обновление_позиции - {"client_id": 2, "position": {"x": 765, "y": 555}, "inputs": {"left": false, "right": false, "up": false, "down": false}}
2025-09-23 17:51:41,801 - game_server - INFO - log_game_event:61 - Игровое событие: обновление_позиции - {"client_id": 2, "position": {"x": 765, "y": 555}, "inputs": {"left": false, "right": false, "up": false, "down": false}}
2025-09-23 17:51:41,833 - game_server - INFO - log_game_event:61 - Игровое событие: обновление_позиции - {"client_id": 2, "position": {"x": 765, "y": 555}, "inputs": {"left": false, "right": false, "up": false, "down": false}}
2025-09-23 17:51:41,866 - game_server - INFO - log_game_event:61 - Игровое событие: обновление_позиции - {"client_id": 2, "position": {"x": 765, "y": 555}, "inputs": {"left": false, "right": false, "up": false, "down": false}}
2025-09-23 17:51:41,895 - game_server - INFO - log_game_event:61 - Игровое событие: обновление_позиции - {"client_id": 2, "position": {"x": 765, "y": 555}, "inputs": {"left": false, "right": false, "up": false, "down": false}}
2025-09-23 17:51:41,927 - game_server - INFO - log_game_event:61 - Игровое событие: обновление_позиции - {"client_id": 2, "position": {"x": 765, "y": 555}, "inputs": {"left": false, "right": false, "up": false, "down": false}}
2025-09-23 17:51:41,960 - game_server - INFO - log_game_event:61 - Игровое событие: обновление_позиции - {"client_id": 2, "position": {"x": 765, "y": 555}, "inputs": {"left": false, "right": false, "up": false, "down": false}}
2025-09-23 17:51:41,994 - game_server - INFO - log_game_event:61 - Игровое событие: обновление_позиции - {"client_id": 2, "position": {"x": 765, "y": 555}, "inputs": {"left": false, "right": false, "up": false, "down": false}}
2025-09-23 17:51:42,028 - game_server - INFO - log_game_event:61 - Игровое событие: обновление_позиции - {"client_id": 2, "position": {"x": 765, "y": 555}, "inputs": {"left": false, "right": false, "up": false, "down": false}}
2025-09-23 17:51:42,061 - game_server - INFO - log_game_event:61 - Игровое событие: обновление_позиции - {"client_id": 2, "position": {"x": 765, "y": 555}, "inputs": {"left": false, "right": false, "up": false, "down": false}}
2025-09-23 17:51:42,095 - game_server - INFO - log_game_event:61 - Игровое событие: обновление_позиции - {"client_id": 2, "position": {"x": 765, "y": 555}, "inputs": {"left": false, "right": false, "up": false, "down": false}}
2025-09-23 17:51:42,123 - game_server - INFO - log_game_event:61 - Игровое событие: обновление_позиции - {"client_id": 2, "position": {"x": 765, "y": 555}, "inputs": {"left": false, "right": false, "up": false, "down": false}}
2025-09-23 17:51:42,156 - game_server - INFO - log_game_event:61 - Игровое событие: обновление_позиции - {"client_id": 2, "position": {"x": 765, "y": 555}, "inputs": {"left": false, "right": false, "up": false, "down": false}}
2025-09-23 17:51:42,185 - game_server - INFO - log_game_event:61 - Игровое событие: обновление_позиции - {"client_id": 2, "position": {"x": 765, "y": 555}, "inputs": {"left": false, "right": false, "up": false, "down": false}}
2025-09-23 17:51:42,214 - game_server - INFO - log_game_event:61 - Игровое событие: обновление_позиции - {"client_id": 2, "position": {"x": 765, "y": 555}, "inputs": {"left": false, "right": false, "up": false, "down": false}}
2025-09-23 17:51:42,243 - game_server - INFO - log_game_event:61 - Игровое событие: обновление_позиции - {"client_id": 2, "position": {"x": 765, "y": 555}, "inputs": {"left": false, "right": false, "up": false, "down": false}}
2025-09-23 17:51:42,274 - game_server - INFO - log_game_event:61 - Игровое событие: обновление_позиции - {"client_id": 2, "position": {"x": 765, "y": 555}, "inputs": {"left": false, "right": false, "up": false, "down": false}}
2025-09-23 17:51:42,298 - game_server - INFO - log_game_event:61 - Игровое событие: обновление_позиции - {"client_id": 2, "position": {"x": 765, "y": 555}, "inputs": {"left": false, "right": false, "up": false, "down": false}}
2025-09-23 17:51:42,328 - game_server - INFO - log_game_event:61 - Игровое событие: обновление_позиции - {"client_id": 2, "position": {"x": 765, "y": 555}, "inputs": {"left": false, "right": false, "up": false, "down": false}}
2025-09-23 17:51:42,360 - game_server - INFO - log_game_event:61 - Игровое событие: обновление_позиции - {"client_id": 2, "position": {"x": 765, "y": 555}, "inputs": {"left": false, "right": false, "up": false, "down": false}}
2025-09-23 17:51:42,393 - game_server - INFO - log_game_event:61 - Игровое событие: обновление_позиции - {"client_id": 2, "position": {"x": 765, "y": 555}, "inputs": {"left": false, "right": false, "up": false, "down": false}}
2025-09-23 17:51:42,423 - game_server - INFO - log_game_event:61 - Игровое событие: обновление_позиции - {"client_id": 2, "position": {"x": 765, "y": 555}, "inputs": {"left": false, "right": false, "up": false, "down": false}}
2025-09-23 17:51:42,454 - game_server - INFO - log_game_event:61 - Игровое событие: обновление_позиции - {"client_id": 2, "position": {"x": 765, "y": 555}, "inputs": {"left": false, "right": false, "up": false, "down": false}}
2025-09-23 17:51:42,486 - game_server - INFO - log_game_event:61 - Игровое событие: обновление_позиции - {"client_id": 2, "position": {"x": 765, "y": 555}, "inputs": {"left": false, "right": false, "up": false, "down": false}}
2025-09-23 17:51:42,517 - game_server - INFO - log_game_event:61 - Игровое событие: обновление_позиции - {"client_id": 2, "position": {"x": 765, "y": 555}, "inputs": {"left": false, "right": false, "up": false, "down": false}}
2025-09-23 17:51:42,548 - game_server - INFO - log_game_event:61 - Игровое событие: обновление_позиции - {"client_id": 2, "position": {"x": 765, "y": 555}, "inputs": {"left": false, "right": false, "up": false, "down": false}}
2025-09-23 17:51:42,579 - game_server - INFO - log_game_event:61 - Игровое событие: обновление_позиции - {"client_id": 2, "position": {"x": 765, "y": 555}, "inputs": {"left": false, "right": false, "up": false, "down": false}}
2025-09-23 17:51:42,609 - game_server - INFO - log_game_event:61 - Игровое событие: обновление_позиции - {"client_id": 2, "position": {"x": 765, "y": 555}, "inputs": {"left": false, "right": false, "up": false, "down": false}}
2025-09-23 17:51:42,638 - game_server - INFO - log_game_event:61 - Игровое событие: обновление_позиции - {"client_id": 2, "position": {"x": 765, "y": 555}, "inputs": {"left": false, "right": false, "up": false, "down": false}}
2025-09-23 17:51:42,672 - game_server - INFO - log_game_event:61 - Игровое событие: обновление_позиции - {"client_id": 2, "position": {"x": 765, "y": 555}, "inputs": {"left": false, "right": false, "up": false, "down": false}}
2025-09-23 17:51:42,704 - game_server - INFO - log_game_event:61 - Игровое событие: обновление_позиции - {"client_id": 2, "position": {"x": 765, "y": 555}, "inputs": {"left": false, "right": false, "up": false, "down": false}}
2025-09-23 17:51:42,735 - game_server - INFO - log_game_event:61 - Игровое событие: обновление_позиции - {"client_id": 2, "position": {"x": 765, "y": 555}, "inputs": {"left": false, "right": false, "up": false, "down": false}}
2025-09-23 17:51:42,767 - game_server - INFO - log_game_event:61 - Игровое событие: обновление_позиции - {"client_id": 2, "position": {"x": 765, "y": 555}, "inputs": {"left": false, "right": false, "up": false, "down": false}}
2025-09-23 17:51:42,797 - game_server - INFO - log_game_event:61 - Игровое событие: обновление_позиции - {"client_id": 2, "position": {"x": 765, "y": 555}, "inputs": {"left": false, "right": false, "up": false, "down": false}}
2025-09-23 17:51:42,824 - game_server - INFO - log_game_event:61 - Игровое событие: обновление_позиции - {"client_id": 2, "position": {"x": 765, "y": 555}, "inputs": {"left": false, "right": false, "up": false, "down": false}}
2025-09-23 17:51:42,854 - game_server - INFO - log_game_event:61 - Игровое событие: обновление_позиции - {"client_id": 2, "position": {"x": 765, "y": 555}, "inputs": {"left": false, "right": false, "up": false, "down": false}}
2025-09-23 17:51:42,887 - game_server - INFO - log_game_event:61 - Игровое событие: обновление_позиции - {"client_id": 2, "position": {"x": 765, "y": 555}, "inputs": {"left": false, "right": false, "up": false, "down": false}}
2025-09-23 17:51:42,916 - game_server - INFO - log_game_event:61 - Игровое событие: обновление_позиции - {"client_id": 2, "position": {"x": 765, "y": 555}, "inputs": {"left": false, "right": false, "up": false, "down": false}}
2025-09-23 17:51:42,948 - game_server - INFO - log_game_event:61 - Игровое событие: обновление_позиции - {"client_id": 2, "position": {"x": 765, "y": 555}, "inputs": {"left": false, "right": false, "up": false, "down": false}}
2025-09-23 17:51:42,981 - game_server - INFO - log_game_event:61 - Игровое событие: обновление_позиции - {"client_id": 2, "position": {"x": 765, "y": 555}, "inputs": {"left": false, "right": false, "up": false, "down": false}}
2025-09-23 17:51:43,015 - game_server - INFO - log_game_event:61 - Игровое событие: обновление_позиции - {"client_id": 2, "position": {"x": 765, "y": 555}, "inputs": {"left": false, "right": false, "up": false, "down": false}}
2025-09-23 17:51:43,048 - game_server - INFO - log_game_event:61 - Игровое событие: обновление_позиции - {"client_id": 2, "position": {"x": 765, "y": 555}, "inputs": {"left": false, "right": false, "up": false, "down": false}}
2025-09-23 17:51:43,080 - game_server - INFO - log_game_event:61 - Игровое событие: обновление_позиции - {"client_id": 2, "position": {"x": 765, "y": 555}, "inputs": {"left": false, "right": false, "up": false, "down": false}}
2025-09-23 17:51:43,114 - game_server - INFO - log_game_event:61 - Игровое событие: обновление_позиции - {"client_id": 2, "position": {"x": 765, "y": 555}, "inputs": {"left": false, "right": false, "up": false, "down": false}}
2025-09-23 17:51:43,146 - game_server - INFO - log_game_event:61 - Игровое событие: обновление_позиции - {"client_id": 2, "position": {"x": 765, "y": 555}, "inputs": {"left": false, "right": false, "up": false, "down": false}}
2025-09-23 17:51:43,178 - game_server - INFO - log_game_event:61 - Игровое событие: обновление_позиции - {"client_id": 2, "position": {"x": 765, "y": 555}, "inputs": {"left": false, "right": false, "up": false, "down": false}}
2025-09-23 17:51:43,212 - game_server - INFO - log_game_event:61 - Игровое событие: обновление_позиции - {"client_id": 2, "position": {"x": 765, "y": 555}, "inputs": {"left": false, "right": false, "up": false, "down": false}}
2025-09-23 17:51:43,244 - game_server - INFO - log_game_event:61 - Игровое событие: обновление_позиции - {"client_id": 2, "position": {"x": 765, "y": 555}, "inputs": {"left": false, "right": false, "up": false, "down": false}}
2025-09-23 17:51:43,278 - game_server - INFO - log_game_event:61 - Игровое событие: обновление_позиции - {"client_id": 2, "position": {"x": 765, "y": 555}, "inputs": {"left": false, "right": false, "up": false, "down": false}}
2025-09-23 17:51:43,309 - game_server - INFO - log_game_event:61 - Игровое событие: обновление_позиции - {"client_id": 2, "position": {"x": 765, "y": 555}, "inputs": {"left": false, "right": false, "up": false, "down": false}}
2025-09-23 17:51:43,343 - game_server - INFO - log_game_event:61 - Игровое событие: обновление_позиции - {"client_id": 2, "position": {"x": 765, "y": 555}, "inputs": {"left": false, "right": false, "up": false, "down": false}}
2025-09-23 17:51:43,376 - game_server - INFO - log_game_event:61 - Игровое событие: обновление_позиции - {"client_id": 2, "position": {"x": 765, "y": 555}, "inputs": {"left": false, "right": false, "up": false, "down": false}}
2025-09-23 17:51:43,408 - game_server - INFO - log_game_event:61 - Игровое событие: обновление_позиции - {"client_id": 2, "position": {"x": 765, "y": 555}, "inputs": {"left": false, "right": false, "up": false, "down": false}}
2025-09-23 17:51:43,442 - game_server - INFO - log_game_event:61 - Игровое событие: обновление_позиции - {"client_id": 2, "position": {"x": 765, "y": 555}, "inputs": {"left": false, "right": false, "up": false, "down": false}}
2025-09-23 17:51:43,474 - game_server - INFO - log_game_event:61 - Игровое событие: обновление_позиции - {"client_id": 2, "position": {"x": 765, "y": 555}, "inputs": {"left": false, "right": false, "up": false, "down": false}}
2025-09-23 17:51:43,505 - game_server - INFO - log_game_event:61 - Игровое событие: обновление_позиции - {"client_id": 2, "position": {"x": 765, "y": 555}, "inputs": {"left": false, "right": false, "up": false, "down": false}}
2025-09-23 17:51:43,538 - game_server - INFO - log_game_event:61 - Игровое событие: обновление_позиции - {"client_id": 2, "position": {"x": 765, "y": 555}, "inputs": {"left": false, "right": false, "up": false, "down": false}}
2025-09-23 17:51:43,571 - game_server - INFO - log_game_event:61 - Игровое событие: обновление_позиции - {"client_id": 2, "position": {"x": 765, "y": 555}, "inputs": {"left": false, "right": false, "up": false, "down": false}}
2025-09-23 17:51:43,604 - game_server - INFO - log_game_event:61 - Игровое событие: обновление_позиции - {"client_id": 2, "position": {"x": 765, "y": 555}, "inputs": {"left": false, "right": false, "up": false, "down": false}}
2025-09-23 17:51:43,636 - game_server - INFO - log_game_event:61 - Игровое событие: обновление_позиции - {"client_id": 2, "position": {"x": 765, "y": 555}, "inputs": {"left": false, "right": false, "up": false, "down": false}}
2025-09-23 17:51:43,669 - game_server - INFO - log_game_event:61 - Игровое событие: обновление_позиции - {"client_id": 2, "position": {"x": 765, "y": 555}, "inputs": {"left": false, "right": false, "up": false, "down": false}}
2025-09-23 17:51:43,703 - game_server - INFO - log_game_event:61 - Игровое событие: обновление_позиции - {"client_id": 2, "position": {"x": 765, "y": 555}, "inputs": {"left": false, "right": false, "up": false, "down": false}}
2025-09-23 17:51:43,735 - game_server - INFO - log_game_event:61 - Игровое событие: обновление_позиции - {"client_id": 2, "position": {"x": 765, "y": 555}, "inputs": {"left": false, "right": false, "up": false, "down": false}}
2025-09-23 17:51:43,768 - game_server - INFO - log_game_event:61 - Игровое событие: обновление_позиции - {"client_id": 2, "position": {"x": 765, "y": 555}, "inputs": {"left": false, "right": false, "up": false, "down": false}}
2025-09-23 17:51:43,801 - game_server - INFO - log_game_event:61 - Игровое событие: обновление_позиции - {"client_id": 2, "position": {"x": 765, "y": 555}, "inputs": {"left": false, "right": false, "up": false, "down": false}}
2025-09-23 17:51:43,834 - game_server - INFO - log_game_event:61 - Игровое событие: обновление_позиции - {"client_id": 2, "position": {"x": 765, "y": 555}, "inputs": {"left": false, "right": false, "up": false, "down": false}}
2025-09-23 17:51:43,866 - game_server - INFO - log_game_event:61 - Игровое событие: обновление_позиции - {"client_id": 2, "position": {"x": 765, "y": 555}, "inputs": {"left": false, "right": false, "up": false, "down": false}}
2025-09-23 17:51:43,898 - game_server - INFO - log_game_event:61 - Игровое событие: обновление_позиции - {"client_id": 2, "position": {"x": 765, "y": 555}, "inputs": {"left": false, "right": false, "up": false, "down": false}}
2025-09-23 17:51:43,931 - game_server - INFO - log_game_event:61 - Игровое событие: обновление_позиции - {"client_id": 2, "position": {"x": 765, "y": 555}, "inputs": {"left": false, "right": false, "up": false, "down": false}}
2025-09-23 17:51:43,964 - game_server - INFO - log_game_event:61 - Игровое событие: обновление_позиции - {"client_id": 2, "position": {"x": 765, "y": 555}, "inputs": {"left": false, "right": false, "up": false, "down": false}}
2025-09-23 17:51:43,997 - game_server - INFO - log_game_event:61 - Игровое событие: обновление_позиции - {"client_id": 2, "position": {"x": 765, "y": 555}, "inputs": {"left": false, "right": false, "up": false, "down": false}}
2025-09-23 17:51:44,030 - game_server - INFO - log_game_event:61 - Игровое событие: обновление_позиции - {"client_id": 2, "position": {"x": 765, "y": 555}, "inputs": {"left": false, "right": false, "up": false, "down": false}}
2025-09-23 17:51:44,064 - game_server - INFO - log_game_event:61 - Игровое событие: обновление_позиции - {"client_id": 2, "position": {"x": 765, "y": 555}, "inputs": {"left": false, "right": false, "up": false, "down": false}}
2025-09-23 17:51:44,097 - game_server - INFO - log_game_event:61 - Игровое событие: обновление_позиции - {"client_id": 2, "position": {"x": 765, "y": 555}, "inputs": {"left": false, "right": false, "up": false, "down": false}}
2025-09-23 17:51:44,130 - game_server - INFO - log_game_event:61 - Игровое событие: обновление_позиции - {"client_id": 2, "position": {"x": 765, "y": 555}, "inputs": {"left": false, "right": false, "up": false, "down": false}}
2025-09-23 17:51:44,164 - game_server - INFO - log_game_event:61 - Игровое событие: обновление_позиции - {"client_id": 2, "position": {"x": 765, "y": 555}, "inputs": {"left": false, "right": false, "up": false, "down": false}}
2025-09-23 17:51:44,198 - game_server - INFO - log_game_event:61 - Игровое событие: обновление_позиции - {"client_id": 2, "position": {"x": 765, "y": 555}, "inputs": {"left": false, "right": false, "up": false, "down": false}}
2025-09-23 17:51:44,231 - game_server - INFO - log_game_event:61 - Игровое событие: обновление_позиции - {"client_id": 2, "position": {"x": 765, "y": 555}, "inputs": {"left": false, "right": false, "up": false, "down": false}}
2025-09-23 17:51:44,264 - game_server - INFO - log_game_event:61 - Игровое событие: обновление_позиции - {"client_id": 2, "position": {"x": 765, "y": 555}, "inputs": {"left": false, "right": false, "up": false, "down": false}}
2025-09-23 17:51:44,298 - game_server - INFO - log_game_event:61 - Игровое событие: обновление_позиции - {"client_id": 2, "position": {"x": 765, "y": 555}, "inputs": {"left": false, "right": false, "up": false, "down": false}}
2025-09-23 17:51:44,332 - game_server - INFO - log_game_event:61 - Игровое событие: обновление_позиции - {"client_id": 2, "position": {"x": 765, "y": 555}, "inputs": {"left": false, "right": false, "up": false, "down": false}}
2025-09-23 17:51:44,365 - game_server - INFO - log_game_event:61 - Игровое событие: обновление_позиции - {"client_id": 2, "position": {"x": 765, "y": 555}, "inputs": {"left": false, "right": false, "up": false, "down": false}}
2025-09-23 17:51:44,397 - game_server - INFO - log_game_event:61 - Игровое событие: обновление_позиции - {"client_id": 2, "position": {"x": 765, "y": 555}, "inputs": {"left": false, "right": false, "up": false, "down": false}}
2025-09-23 17:51:44,429 - game_server - INFO - log_game_event:61 - Игровое событие: обновление_позиции - {"client_id": 2, "position": {"x": 765, "y": 555}, "inputs": {"left": false, "right": false, "up": false, "down": false}}
2025-09-23 17:51:44,461 - game_server - INFO - log_game_event:61 - Игровое событие: обновление_позиции - {"client_id": 2, "position": {"x": 765, "y": 555}, "inputs": {"left": false, "right": false, "up": false, "down": false}}
2025-09-23 17:51:44,497 - game_server - INFO - log_game_event:61 - Игровое событие: обновление_позиции - {"client_id": 2, "position": {"x": 765, "y": 555}, "inputs": {"left": false, "right": false, "up": false, "down": false}}
2025-09-23 17:51:44,532 - game_server - INFO - log_game_event:61 - Игровое событие: обновление_позиции - {"client_id": 2, "position": {"x": 765, "y": 555}, "inputs": {"left": false, "right": false, "up": false, "down": false}}
2025-09-23 17:51:44,565 - game_server - INFO - log_game_event:61 - Игровое событие: обновление_позиции - {"client_id": 2, "position": {"x": 765, "y": 555}, "inputs": {"left": false, "right": false, "up": false, "down": false}}
2025-09-23 17:51:44,599 - game_server - INFO - log_game_event:61 - Игровое событие: обновление_позиции - {"client_id": 2, "position": {"x": 765, "y": 555}, "inputs": {"left": false, "right": false, "up": false, "down": false}}
2025-09-23 17:51:44,631 - game_server - INFO - log_game_event:61 - Игровое событие: обновление_позиции - {"client_id": 2, "position": {"x": 765, "y": 555}, "inputs": {"left": false, "right": false, "up": false, "down": false}}
2025-09-23 17:51:44,665 - game_server - INFO - log_game_event:61 - Игровое событие: обновление_позиции - {"client_id": 2, "position": {"x": 765, "y": 555}, "inputs": {"left": false, "right": false, "up": false, "down": false}}
2025-09-23 17:51:44,697 - game_server - INFO - log_game_event:61 - Игровое событие: обновление_позиции - {"client_id": 2, "position": {"x": 765, "y": 555}, "inputs": {"left": false, "right": false, "up": false, "down": false}}
2025-09-23 17:51:44,732 - game_server - INFO - log_game_event:61 - Игровое событие: обновление_позиции - {"client_id": 2, "position": {"x": 765, "y": 555}, "inputs": {"left": false, "right": false, "up": false, "down": false}}
2025-09-23 17:51:44,766 - game_server - INFO - log_game_event:61 - Игровое событие: обновление_позиции - {"client_id": 2, "position": {"x": 765, "y": 555}, "inputs": {"left": false, "right": false, "up": false, "down": false}}
2025-09-23 17:51:44,798 - game_server - INFO - log_game_event:61 - Игровое событие: обновление_позиции - {"client_id": 2, "position": {"x": 765, "y": 555}, "inputs": {"left": false, "right": false, "up": false, "down": false}}
2025-09-23 17:51:44,830 - game_server - INFO - log_game_event:61 - Игровое событие: обновление_позиции - {"client_id": 2, "position": {"x": 765, "y": 555}, "inputs": {"left": false, "right": false, "up": false, "down": false}}
2025-09-23 17:51:44,862 - game_server - INFO - log_game_event:61 - Игровое событие: обновление_позиции - {"client_id": 2, "position": {"x": 765, "y": 555}, "inputs": {"left": false, "right": false, "up": false, "down": false}}
2025-09-23 17:51:44,896 - game_server - INFO - log_game_event:61 - Игровое событие: обновление_позиции - {"client_id": 2, "position": {"x": 765, "y": 555}, "inputs": {"left": false, "right": false, "up": false, "down": false}}
2025-09-23 17:51:44,929 - game_server - INFO - log_game_event:61 - Игровое событие: обновление_позиции - {"client_id": 2, "position": {"x": 765, "y": 555}, "inputs": {"left": false, "right": false, "up": false, "down": false}}
2025-09-23 17:51:44,964 - game_server - INFO - log_game_event:61 - Игровое событие: обновление_позиции - {"client_id": 2, "position": {"x": 765, "y": 555}, "inputs": {"left": false, "right": false, "up": false, "down": false}}
2025-09-23 17:51:44,996 - game_server - INFO - log_game_event:61 - Игровое событие: обновление_позиции - {"client_id": 2, "position": {"x": 765, "y": 555}, "inputs": {"left": false, "right": false, "up": false, "down": false}}
2025-09-23 17:51:45,029 - game_server - INFO - log_game_event:61 - Игровое событие: обновление_позиции - {"client_id": 2, "position": {"x": 765, "y": 555}, "inputs": {"left": false, "right": false, "up": false, "down": false}}
2025-09-23 17:51:45,062 - game_server - INFO - log_game_event:61 - Игровое событие: обновление_позиции - {"client_id": 2, "position": {"x": 765, "y": 555}, "inputs": {"left": false, "right": false, "up": false, "down": false}}
2025-09-23 17:51:45,095 - game_server - INFO - log_game_event:61 - Игровое событие: обновление_позиции - {"client_id": 2, "position": {"x": 765, "y": 555}, "inputs": {"left": false, "right": false, "up": false, "down": false}}
2025-09-23 17:51:45,127 - game_server - INFO - log_game_event:61 - Игровое событие: обновление_позиции - {"client_id": 2, "position": {"x": 765, "y": 555}, "inputs": {"left": false, "right": false, "up": false, "down": false}}
2025-09-23 17:51:45,160 - game_server - INFO - log_game_event:61 - Игровое событие: обновление_позиции - {"client_id": 2, "position": {"x": 765, "y": 555}, "inputs": {"left": false, "right": false, "up": false, "down": false}}
2025-09-23 17:51:45,194 - game_server - INFO - log_game_event:61 - Игровое событие: обновление_позиции - {"client_id": 2, "position": {"x": 765, "y": 555}, "inputs": {"left": false, "right": false, "up": false, "down": false}}
2025-09-23 17:51:45,229 - game_server - INFO - log_game_event:61 - Игровое событие: обновление_позиции - {"client_id": 2, "position": {"x": 765, "y": 555}, "inputs": {"left": false, "right": false, "up": false, "down": false}}
2025-09-23 17:51:45,264 - game_server - INFO - log_game_event:61 - Игровое событие: обновление_позиции - {"client_id": 2, "position": {"x": 765, "y": 555}, "inputs": {"left": false, "right": false, "up": false, "down": false}}
2025-09-23 17:51:45,296 - game_server - INFO - log_game_event:61 - Игровое событие: обновление_позиции - {"client_id": 2, "position": {"x": 765, "y": 555}, "inputs": {"left": false, "right": false, "up": false, "down": false}}
2025-09-23 17:51:45,330 - game_server - INFO - log_game_event:61 - Игровое событие: обновление_позиции - {"client_id": 2, "position": {"x": 765, "y": 555}, "inputs": {"left": false, "right": false, "up": false, "down": false}}
2025-09-23 17:51:45,363 - game_server - INFO - log_game_event:61 - Игровое событие: обновление_позиции - {"client_id": 2, "position": {"x": 765, "y": 555}, "inputs": {"left": false, "right": false, "up": false, "down": false}}
2025-09-23 17:51:45,396 - game_server - INFO - log_game_event:61 - Игровое событие: обновление_позиции - {"client_id": 2, "position": {"x": 765, "y": 555}, "inputs": {"left": false, "right": false, "up": false, "down": false}}
2025-09-23 17:51:45,428 - game_server - INFO - log_game_event:61 - Игровое событие: обновление_позиции - {"client_id": 2, "position": {"x": 765, "y": 555}, "inputs": {"left": false, "right": false, "up": false, "down": false}}
2025-09-23 17:51:45,460 - game_server - INFO - log_game_event:61 - Игровое событие: обновление_позиции - {"client_id": 2, "position": {"x": 765, "y": 555}, "inputs": {"left": false, "right": false, "up": false, "down": false}}
2025-09-23 17:51:45,492 - game_server - INFO - log_game_event:61 - Игровое событие: обновление_позиции - {"client_id": 2, "position": {"x": 765, "y": 555}, "inputs": {"left": false, "right": false, "up": false, "down": false}}
2025-09-23 17:51:45,524 - game_server - INFO - log_game_event:61 - Игровое событие: обновление_позиции - {"client_id": 2, "position": {"x": 765, "y": 555}, "inputs": {"left": false, "right": false, "up": false, "down": false}}
2025-09-23 17:51:45,556 - game_server - INFO - log_game_event:61 - Игровое событие: обновление_позиции - {"client_id": 2, "position": {"x": 765, "y": 555}, "inputs": {"left": false, "right": false, "up": false, "down": false}}
2025-09-23 17:51:45,586 - game_server - INFO - log_game_event:61 - Игровое событие: обновление_позиции - {"client_id": 2, "position": {"x": 765, "y": 555}, "inputs": {"left": false, "right": false, "up": false, "down": false}}
2025-09-23 17:51:45,618 - game_server - INFO - log_game_event:61 - Игровое событие: обновление_позиции - {"client_id": 2, "position": {"x": 765, "y": 555}, "inputs": {"left": false, "right": false, "up": false, "down": false}}
2025-09-23 17:51:45,651 - game_server - INFO - log_game_event:61 - Игровое событие: обновление_позиции - {"client_id": 2, "position": {"x": 765, "y": 555}, "inputs": {"left": false, "right": false, "up": false, "down": false}}
2025-09-23 17:51:45,683 - game_server - INFO - log_game_event:61 - Игровое событие: обновление_позиции - {"client_id": 2, "position": {"x": 765, "y": 555}, "inputs": {"left": false, "right": false, "up": false, "down": false}}
2025-09-23 17:51:45,716 - game_server - INFO - log_game_event:61 - Игровое событие: обновление_позиции - {"client_id": 2, "position": {"x": 765, "y": 555}, "inputs": {"left": false, "right": false, "up": false, "down": false}}
2025-09-23 17:51:45,745 - game_server - INFO - log_game_event:61 - Игровое событие: обновление_позиции - {"client_id": 2, "position": {"x": 765, "y": 555}, "inputs": {"left": false, "right": false, "up": false, "down": false}}
2025-09-23 17:51:45,777 - game_server - INFO - log_game_event:61 - Игровое событие: обновление_позиции - {"client_id": 2, "position": {"x": 765, "y": 555}, "inputs": {"left": false, "right": false, "up": false, "down": false}}
2025-09-23 17:51:45,810 - game_server - INFO - log_game_event:61 - Игровое событие: обновление_позиции - {"client_id": 2, "position": {"x": 765, "y": 555}, "inputs": {"left": false, "right": false, "up": false, "down": false}}
2025-09-23 17:51:45,843 - game_server - INFO - log_game_event:61 - Игровое событие: обновление_позиции - {"client_id": 2, "position": {"x": 765, "y": 555}, "inputs": {"left": false, "right": false, "up": false, "down": false}}
2025-09-23 17:51:45,878 - game_server - INFO - log_game_event:61 - Игровое событие: обновление_позиции - {"client_id": 2, "position": {"x": 765, "y": 555}, "inputs": {"left": false, "right": false, "up": false, "down": false}}
2025-09-23 17:51:45,910 - game_server - INFO - log_game_event:61 - Игровое событие: обновление_позиции - {"client_id": 2, "position": {"x": 765, "y": 555}, "inputs": {"left": false, "right": false, "up": false, "down": false}}
2025-09-23 17:51:45,945 - game_server - INFO - log_game_event:61 - Игровое событие: обновление_позиции - {"client_id": 2, "position": {"x": 765, "y": 555}, "inputs": {"left": false, "right": false, "up": false, "down": false}}
2025-09-23 17:51:45,978 - game_server - INFO - log_game_event:61 - Игровое событие: обновление_позиции - {"client_id": 2, "position": {"x": 765, "y": 555}, "inputs": {"left": false, "right": false, "up": false, "down": false}}
2025-09-23 17:51:46,011 - game_server - INFO - log_game_event:61 - Игровое событие: обновление_позиции - {"client_id": 2, "position": {"x": 765, "y": 555}, "inputs": {"left": false, "right": false, "up": false, "down": false}}
2025-09-23 17:51:46,044 - game_server - INFO - log_game_event:61 - Игровое событие: обновление_позиции - {"client_id": 2, "position": {"x": 765, "y": 555}, "inputs": {"left": false, "right": false, "up": false, "down": false}}
2025-09-23 17:51:46,077 - game_server - INFO - log_game_event:61 - Игровое событие: обновление_позиции - {"client_id": 2, "position": {"x": 765, "y": 555}, "inputs": {"left": false, "right": false, "up": false, "down": false}}
2025-09-23 17:51:46,109 - game_server - INFO - log_game_event:61 - Игровое событие: обновление_позиции - {"client_id": 2, "position": {"x": 765, "y": 555}, "inputs": {"left": false, "right": false, "up": false, "down": false}}
2025-09-23 17:51:46,142 - game_server - INFO - log_game_event:61 - Игровое событие: обновление_позиции - {"client_id": 2, "position": {"x": 765, "y": 555}, "inputs": {"left": false, "right": false, "up": false, "down": false}}
2025-09-23 17:51:46,175 - game_server - INFO - log_game_event:61 - Игровое событие: обновление_позиции - {"client_id": 2, "position": {"x": 765, "y": 555}, "inputs": {"left": false, "right": false, "up": false, "down": false}}
2025-09-23 17:51:46,208 - game_server - INFO - log_game_event:61 - Игровое событие: обновление_позиции - {"client_id": 2, "position": {"x": 765, "y": 555}, "inputs": {"left": false, "right": false, "up": false, "down": false}}
2025-09-23 17:51:46,241 - game_server - INFO - log_game_event:61 - Игровое событие: обновление_позиции - {"client_id": 2, "position": {"x": 765, "y": 555}, "inputs": {"left": false, "right": false, "up": false, "down": false}}
2025-09-23 17:51:46,275 - game_server - INFO - log_game_event:61 - Игровое событие: обновление_позиции - {"client_id": 2, "position": {"x": 765, "y": 555}, "inputs": {"left": false, "right": false, "up": false, "down": false}}
2025-09-23 17:51:46,305 - game_server - INFO - log_game_event:61 - Игровое событие: обновление_позиции - {"client_id": 2, "position": {"x": 765, "y": 555}, "inputs": {"left": false, "right": false, "up": false, "down": false}}
2025-09-23 17:51:46,333 - game_server - INFO - log_game_event:61 - Игровое событие: обновление_позиции - {"client_id": 2, "position": {"x": 765, "y": 555}, "inputs": {"left": false, "right": false, "up": false, "down": false}}
2025-09-23 17:51:46,362 - game_server - INFO - log_game_event:61 - Игровое событие: обновление_позиции - {"client_id": 2, "position": {"x": 765, "y": 555}, "inputs": {"left": false, "right": false, "up": false, "down": false}}
2025-09-23 17:51:46,395 - game_server - INFO - log_game_event:61 - Игровое событие: обновление_позиции - {"client_id": 2, "position": {"x": 765, "y": 555}, "inputs": {"left": false, "right": false, "up": false, "down": false}}
2025-09-23 17:51:46,424 - game_server - INFO - log_game_event:61 - Игровое событие: обновление_позиции - {"client_id": 2, "position": {"x": 765, "y": 555}, "inputs": {"left": false, "right": false, "up": false, "down": false}}
2025-09-23 17:51:46,458 - game_server - INFO - log_game_event:61 - Игровое событие: обновление_позиции - {"client_id": 2, "position": {"x": 765, "y": 555}, "inputs": {"left": false, "right": false, "up": false, "down": false}}
2025-09-23 17:51:46,490 - game_server - INFO - log_game_event:61 - Игровое событие: обновление_позиции - {"client_id": 2, "position": {"x": 765, "y": 555}, "inputs": {"left": false, "right": false, "up": false, "down": false}}
2025-09-23 17:51:46,524 - game_server - INFO - log_game_event:61 - Игровое событие: обновление_позиции - {"client_id": 2, "position": {"x": 765, "y": 555}, "inputs": {"left": false, "right": false, "up": false, "down": false}}
2025-09-23 17:51:46,557 - game_server - INFO - log_game_event:61 - Игровое событие: обновление_позиции - {"client_id": 2, "position": {"x": 765, "y": 555}, "inputs": {"left": false, "right": false, "up": false, "down": false}}
2025-09-23 17:51:46,591 - game_server - INFO - log_game_event:61 - Игровое событие: обновление_позиции - {"client_id": 2, "position": {"x": 765, "y": 555}, "inputs": {"left": false, "right": false, "up": false, "down": false}}
2025-09-23 17:51:46,623 - game_server - INFO - log_game_event:61 - Игровое событие: обновление_позиции - {"client_id": 2, "position": {"x": 765, "y": 555}, "inputs": {"left": false, "right": false, "up": false, "down": false}}
2025-09-23 17:51:46,658 - game_server - INFO - log_game_event:61 - Игровое событие: обновление_позиции - {"client_id": 2, "position": {"x": 765, "y": 555}, "inputs": {"left": false, "right": false, "up": false, "down": false}}
2025-09-23 17:51:46,691 - game_server - INFO - log_game_event:61 - Игровое событие: обновление_позиции - {"client_id": 2, "position": {"x": 765, "y": 555}, "inputs": {"left": false, "right": false, "up": false, "down": false}}
2025-09-23 17:51:46,724 - game_server - INFO - log_game_event:61 - Игровое событие: обновление_позиции - {"client_id": 2, "position": {"x": 765, "y": 555}, "inputs": {"left": false, "right": false, "up": false, "down": false}}
2025-09-23 17:51:46,757 - game_server - INFO - log_game_event:61 - Игровое событие: обновление_позиции - {"client_id": 2, "position": {"x": 765, "y": 555}, "inputs": {"left": false, "right": false, "up": false, "down": false}}
2025-09-23 17:51:46,789 - game_server - INFO - log_game_event:61 - Игровое событие: обновление_позиции - {"client_id": 2, "position": {"x": 765, "y": 555}, "inputs": {"left": false, "right": false, "up": false, "down": false}}
2025-09-23 17:51:46,823 - game_server - INFO - log_game_event:61 - Игровое событие: обновление_позиции - {"client_id": 2, "position": {"x": 765, "y": 555}, "inputs": {"left": false, "right": false, "up": false, "down": false}}
2025-09-23 17:51:46,853 - game_server - INFO - log_game_event:61 - Игровое событие: обновление_позиции - {"client_id": 2, "position": {"x": 765, "y": 555}, "inputs": {"left": false, "right": false, "up": false, "down": false}}
2025-09-23 17:51:46,882 - game_server - INFO - log_game_event:61 - Игровое событие: обновление_позиции - {"client_id": 2, "position": {"x": 765, "y": 555}, "inputs": {"left": false, "right": false, "up": false, "down": false}}
2025-09-23 17:51:46,914 - game_server - INFO - log_game_event:61 - Игровое событие: обновление_позиции - {"client_id": 2, "position": {"x": 765, "y": 555}, "inputs": {"left": false, "right": false, "up": false, "down": false}}
2025-09-23 17:51:46,947 - game_server - INFO - log_game_event:61 - Игровое событие: обновление_позиции - {"client_id": 2, "position": {"x": 765, "y": 555}, "inputs": {"left": false, "right": false, "up": false, "down": false}}
2025-09-23 17:51:46,981 - game_server - INFO - log_game_event:61 - Игровое событие: обновление_позиции - {"client_id": 2, "position": {"x": 765, "y": 555}, "inputs": {"left": false, "right": false, "up": false, "down": false}}
2025-09-23 17:51:47,015 - game_server - INFO - log_game_event:61 - Игровое событие: обновление_позиции - {"client_id": 2, "position": {"x": 765, "y": 555}, "inputs": {"left": false, "right": false, "up": false, "down": false}}
2025-09-23 17:51:47,049 - game_server - INFO - log_game_event:61 - Игровое событие: обновление_позиции - {"client_id": 2, "position": {"x": 765, "y": 555}, "inputs": {"left": false, "right": false, "up": false, "down": false}}
2025-09-23 17:51:47,082 - game_server - INFO - log_game_event:61 - Игровое событие: обновление_позиции - {"client_id": 2, "position": {"x": 765, "y": 555}, "inputs": {"left": false, "right": false, "up": false, "down": false}}
2025-09-23 17:51:47,115 - game_server - INFO - log_game_event:61 - Игровое событие: обновление_позиции - {"client_id": 2, "position": {"x": 765, "y": 555}, "inputs": {"left": false, "right": false, "up": false, "down": false}}
2025-09-23 17:51:47,147 - game_server - INFO - log_game_event:61 - Игровое событие: обновление_позиции - {"client_id": 2, "position": {"x": 765, "y": 555}, "inputs": {"left": false, "right": false, "up": false, "down": false}}
2025-09-23 17:51:47,180 - game_server - INFO - log_game_event:61 - Игровое событие: обновление_позиции - {"client_id": 2, "position": {"x": 765, "y": 555}, "inputs": {"left": false, "right": false, "up": false, "down": false}}
2025-09-23 17:51:47,213 - game_server - INFO - log_game_event:61 - Игровое событие: обновление_позиции - {"client_id": 2, "position": {"x": 765, "y": 555}, "inputs": {"left": false, "right": false, "up": false, "down": false}}
2025-09-23 17:51:47,247 - game_server - INFO - log_game_event:61 - Игровое событие: обновление_позиции - {"client_id": 2, "position": {"x": 765, "y": 555}, "inputs": {"left": false, "right": false, "up": false, "down": false}}
2025-09-23 17:51:47,279 - game_server - INFO - log_game_event:61 - Игровое событие: обновление_позиции - {"client_id": 2, "position": {"x": 765, "y": 555}, "inputs": {"left": false, "right": false, "up": false, "down": false}}
2025-09-23 17:51:47,314 - game_server - INFO - log_game_event:61 - Игровое событие: обновление_позиции - {"client_id": 2, "position": {"x": 765, "y": 555}, "inputs": {"left": false, "right": false, "up": false, "down": false}}
2025-09-23 17:51:47,348 - game_server - INFO - log_game_event:61 - Игровое событие: обновление_позиции - {"client_id": 2, "position": {"x": 765, "y": 555}, "inputs": {"left": false, "right": false, "up": false, "down": false}}
2025-09-23 17:51:47,377 - game_server - INFO - log_game_event:61 - Игровое событие: обновление_позиции - {"client_id": 2, "position": {"x": 765, "y": 555}, "inputs": {"left": false, "right": false, "up": false, "down": false}}
2025-09-23 17:51:47,410 - game_server - INFO - log_game_event:61 - Игровое событие: обновление_позиции - {"client_id": 2, "position": {"x": 765, "y": 555}, "inputs": {"left": false, "right": false, "up": false, "down": false}}
2025-09-23 17:51:47,444 - game_server - INFO - log_game_event:61 - Игровое событие: обновление_позиции - {"client_id": 2, "position": {"x": 765, "y": 555}, "inputs": {"left": false, "right": false, "up": false, "down": false}}
2025-09-23 17:51:47,475 - game_server - INFO - log_game_event:61 - Игровое событие: обновление_позиции - {"client_id": 2, "position": {"x": 765, "y": 555}, "inputs": {"left": false, "right": false, "up": false, "down": false}}
2025-09-23 17:51:47,508 - game_server - INFO - log_game_event:61 - Игровое событие: обновление_позиции - {"client_id": 2, "position": {"x": 765, "y": 555}, "inputs": {"left": false, "right": false, "up": false, "down": false}}
2025-09-23 17:51:47,541 - game_server - INFO - log_game_event:61 - Игровое событие: обновление_позиции - {"client_id": 2, "position": {"x": 765, "y": 555}, "inputs": {"left": false, "right": false, "up": false, "down": false}}
2025-09-23 17:51:47,574 - game_server - INFO - log_game_event:61 - Игровое событие: обновление_позиции - {"client_id": 2, "position": {"x": 765, "y": 555}, "inputs": {"left": false, "right": false, "up": false, "down": false}}
2025-09-23 17:51:47,606 - game_server - INFO - log_game_event:61 - Игровое событие: обновление_позиции - {"client_id": 2, "position": {"x": 765, "y": 555}, "inputs": {"left": false, "right": false, "up": false, "down": false}}
2025-09-23 17:51:47,636 - game_server - INFO - log_game_event:61 - Игровое событие: обновление_позиции - {"client_id": 2, "position": {"x": 765, "y": 555}, "inputs": {"left": false, "right": false, "up": false, "down": false}}
2025-09-23 17:51:47,667 - game_server - INFO - log_game_event:61 - Игровое событие: обновление_позиции - {"client_id": 2, "position": {"x": 765, "y": 555}, "inputs": {"left": false, "right": false, "up": false, "down": false}}
2025-09-23 17:51:47,697 - game_server - INFO - log_game_event:61 - Игровое событие: обновление_позиции - {"client_id": 2, "position": {"x": 765, "y": 555}, "inputs": {"left": false, "right": false, "up": false, "down": false}}
2025-09-23 17:51:47,732 - game_server - INFO - log_game_event:61 - Игровое событие: обновление_позиции - {"client_id": 2, "position": {"x": 765, "y": 555}, "inputs": {"left": false, "right": false, "up": false, "down": false}}
2025-09-23 17:51:47,765 - game_server - INFO - log_game_event:61 - Игровое событие: обновление_позиции - {"client_id": 2, "position": {"x": 765, "y": 555}, "inputs": {"left": false, "right": false, "up": false, "down": false}}
2025-09-23 17:51:47,799 - game_server - INFO - log_game_event:61 - Игровое событие: обновление_позиции - {"client_id": 2, "position": {"x": 765, "y": 555}, "inputs": {"left": false, "right": false, "up": false, "down": false}}
2025-09-23 17:51:47,832 - game_server - INFO - log_game_event:61 - Игровое событие: обновление_позиции - {"client_id": 2, "position": {"x": 765, "y": 555}, "inputs": {"left": false, "right": false, "up": false, "down": false}}
2025-09-23 17:51:47,865 - game_server - INFO - log_game_event:61 - Игровое событие: обновление_позиции - {"client_id": 2, "position": {"x": 765, "y": 555}, "inputs": {"left": false, "right": false, "up": false, "down": false}}
2025-09-23 17:51:47,898 - game_server - INFO - log_game_event:61 - Игровое событие: обновление_позиции - {"client_id": 2, "position": {"x": 765, "y": 555}, "inputs": {"left": false, "right": false, "up": false, "down": false}}
2025-09-23 17:51:47,932 - game_server - INFO - log_game_event:61 - Игровое событие: обновление_позиции - {"client_id": 2, "position": {"x": 765, "y": 555}, "inputs": {"left": false, "right": false, "up": false, "down": false}}
2025-09-23 17:51:47,965 - game_server - INFO - log_game_event:61 - Игровое событие: обновление_позиции - {"client_id": 2, "position": {"x": 765, "y": 555}, "inputs": {"left": false, "right": false, "up": false, "down": false}}
2025-09-23 17:51:47,999 - game_server - INFO - log_game_event:61 - Игровое событие: обновление_позиции - {"client_id": 2, "position": {"x": 765, "y": 555}, "inputs": {"left": false, "right": false, "up": false, "down": false}}
2025-09-23 17:51:48,031 - game_server - INFO - log_game_event:61 - Игровое событие: обновление_позиции - {"client_id": 2, "position": {"x": 765, "y": 555}, "inputs": {"left": false, "right": false, "up": false, "down": false}}
2025-09-23 17:51:48,064 - game_server - INFO - log_game_event:61 - Игровое событие: обновление_позиции - {"client_id": 2, "position": {"x": 765, "y": 555}, "inputs": {"left": false, "right": false, "up": false, "down": false}}
2025-09-23 17:51:48,098 - game_server - INFO - log_game_event:61 - Игровое событие: обновление_позиции - {"client_id": 2, "position": {"x": 765, "y": 555}, "inputs": {"left": false, "right": false, "up": false, "down": false}}
2025-09-23 17:51:48,132 - game_server - INFO - log_game_event:61 - Игровое событие: обновление_позиции - {"client_id": 2, "position": {"x": 765, "y": 555}, "inputs": {"left": false, "right": false, "up": false, "down": false}}
2025-09-23 17:51:48,164 - game_server - INFO - log_game_event:61 - Игровое событие: обновление_позиции - {"client_id": 2, "position": {"x": 765, "y": 555}, "inputs": {"left": false, "right": false, "up": false, "down": false}}
2025-09-23 17:51:48,196 - game_server - INFO - log_game_event:61 - Игровое событие: обновление_позиции - {"client_id": 2, "position": {"x": 765, "y": 555}, "inputs": {"left": false, "right": false, "up": false, "down": false}}
2025-09-23 17:51:48,229 - game_server - INFO - log_game_event:61 - Игровое событие: обновление_позиции - {"client_id": 2, "position": {"x": 765, "y": 555}, "inputs": {"left": false, "right": false, "up": false, "down": false}}
2025-09-23 17:51:48,262 - game_server - INFO - log_game_event:61 - Игровое событие: обновление_позиции - {"client_id": 2, "position": {"x": 765, "y": 555}, "inputs": {"left": false, "right": false, "up": false, "down": false}}
2025-09-23 17:51:48,296 - game_server - INFO - log_game_event:61 - Игровое событие: обновление_позиции - {"client_id": 2, "position": {"x": 765, "y": 555}, "inputs": {"left": false, "right": false, "up": false, "down": false}}
2025-09-23 17:51:48,328 - game_server - INFO - log_game_event:61 - Игровое событие: обновление_позиции - {"client_id": 2, "position": {"x": 765, "y": 555}, "inputs": {"left": false, "right": false, "up": false, "down": false}}
2025-09-23 17:51:48,362 - game_server - INFO - log_game_event:61 - Игровое событие: обновление_позиции - {"client_id": 2, "position": {"x": 765, "y": 555}, "inputs": {"left": false, "right": false, "up": false, "down": false}}
2025-09-23 17:51:48,396 - game_server - INFO - log_game_event:61 - Игровое событие: обновление_позиции - {"client_id": 2, "position": {"x": 765, "y": 555}, "inputs": {"left": false, "right": false, "up": false, "down": false}}
2025-09-23 17:51:48,428 - game_server - INFO - log_game_event:61 - Игровое событие: обновление_позиции - {"client_id": 2, "position": {"x": 765, "y": 555}, "inputs": {"left": false, "right": false, "up": false, "down": false}}
2025-09-23 17:51:48,460 - game_server - INFO - log_game_event:61 - Игровое событие: обновление_позиции - {"client_id": 2, "position": {"x": 765, "y": 555}, "inputs": {"left": false, "right": false, "up": false, "down": false}}
2025-09-23 17:51:48,494 - game_server - INFO - log_game_event:61 - Игровое событие: обновление_позиции - {"client_id": 2, "position": {"x": 765, "y": 555}, "inputs": {"left": false, "right": false, "up": false, "down": false}}
2025-09-23 17:51:48,528 - game_server - INFO - log_game_event:61 - Игровое событие: обновление_позиции - {"client_id": 2, "position": {"x": 765, "y": 555}, "inputs": {"left": false, "right": false, "up": false, "down": false}}
2025-09-23 17:51:48,561 - game_server - INFO - log_game_event:61 - Игровое событие: обновление_позиции - {"client_id": 2, "position": {"x": 765, "y": 555}, "inputs": {"left": false, "right": false, "up": false, "down": false}}
2025-09-23 17:51:48,593 - game_server - INFO - log_game_event:61 - Игровое событие: обновление_позиции - {"client_id": 2, "position": {"x": 765, "y": 555}, "inputs": {"left": false, "right": false, "up": false, "down": false}}
2025-09-23 17:51:48,626 - game_server - INFO - log_game_event:61 - Игровое событие: обновление_позиции - {"client_id": 2, "position": {"x": 765, "y": 555}, "inputs": {"left": false, "right": false, "up": false, "down": false}}
2025-09-23 17:51:48,659 - game_server - INFO - log_game_event:61 - Игровое событие: обновление_позиции - {"client_id": 2, "position": {"x": 765, "y": 555}, "inputs": {"left": false, "right": false, "up": false, "down": false}}
2025-09-23 17:51:48,692 - game_server - INFO - log_game_event:61 - Игровое событие: обновление_позиции - {"client_id": 2, "position": {"x": 765, "y": 555}, "inputs": {"left": false, "right": false, "up": false, "down": false}}
2025-09-23 17:51:48,725 - game_server - INFO - log_game_event:61 - Игровое событие: обновление_позиции - {"client_id": 2, "position": {"x": 765, "y": 555}, "inputs": {"left": false, "right": false, "up": false, "down": false}}
2025-09-23 17:51:48,755 - game_server - INFO - log_game_event:61 - Игровое событие: обновление_позиции - {"client_id": 2, "position": {"x": 765, "y": 555}, "inputs": {"left": false, "right": false, "up": false, "down": false}}
2025-09-23 17:51:48,787 - game_server - INFO - log_game_event:61 - Игровое событие: обновление_позиции - {"client_id": 2, "position": {"x": 765, "y": 555}, "inputs": {"left": false, "right": false, "up": false, "down": false}}
2025-09-23 17:51:48,819 - game_server - INFO - log_game_event:61 - Игровое событие: обновление_позиции - {"client_id": 2, "position": {"x": 765, "y": 555}, "inputs": {"left": false, "right": false, "up": false, "down": false}}
2025-09-23 17:51:48,850 - game_server - INFO - log_game_event:61 - Игровое событие: обновление_позиции - {"client_id": 2, "position": {"x": 765, "y": 555}, "inputs": {"left": false, "right": false, "up": false, "down": false}}
2025-09-23 17:51:48,882 - game_server - INFO - log_game_event:61 - Игровое событие: обновление_позиции - {"client_id": 2, "position": {"x": 765, "y": 555}, "inputs": {"left": false, "right": false, "up": false, "down": false}}
2025-09-23 17:51:48,912 - game_server - INFO - log_game_event:61 - Игровое событие: обновление_позиции - {"client_id": 2, "position": {"x": 765, "y": 555}, "inputs": {"left": false, "right": false, "up": false, "down": false}}
2025-09-23 17:51:48,943 - game_server - INFO - log_game_event:61 - Игровое событие: обновление_позиции - {"client_id": 2, "position": {"x": 765, "y": 555}, "inputs": {"left": false, "right": false, "up": false, "down": false}}
2025-09-23 17:51:48,974 - game_server - INFO - log_game_event:61 - Игровое событие: обновление_позиции - {"client_id": 2, "position": {"x": 765, "y": 555}, "inputs": {"left": false, "right": false, "up": false, "down": false}}
2025-09-23 17:51:49,004 - game_server - INFO - log_game_event:61 - Игровое событие: обновление_позиции - {"client_id": 2, "position": {"x": 765, "y": 555}, "inputs": {"left": false, "right": false, "up": false, "down": false}}
2025-09-23 17:51:49,036 - game_server - INFO - log_game_event:61 - Игровое событие: обновление_позиции - {"client_id": 2, "position": {"x": 765, "y": 555}, "inputs": {"left": false, "right": false, "up": false, "down": false}}
2025-09-23 17:51:49,066 - game_server - INFO - log_game_event:61 - Игровое событие: обновление_позиции - {"client_id": 2, "position": {"x": 765, "y": 555}, "inputs": {"left": false, "right": false, "up": false, "down": false}}
2025-09-23 17:51:49,097 - game_server - INFO - log_game_event:61 - Игровое событие: обновление_позиции - {"client_id": 2, "position": {"x": 765, "y": 555}, "inputs": {"left": false, "right": false, "up": false, "down": false}}
2025-09-23 17:51:49,129 - game_server - INFO - log_game_event:61 - Игровое событие: обновление_позиции - {"client_id": 2, "position": {"x": 765, "y": 555}, "inputs": {"left": false, "right": false, "up": false, "down": false}}
2025-09-23 17:51:49,160 - game_server - INFO - log_game_event:61 - Игровое событие: обновление_позиции - {"client_id": 2, "position": {"x": 765, "y": 555}, "inputs": {"left": false, "right": false, "up": false, "down": false}}
2025-09-23 17:51:49,195 - game_server - INFO - log_game_event:61 - Игровое событие: обновление_позиции - {"client_id": 2, "position": {"x": 765, "y": 555}, "inputs": {"left": false, "right": false, "up": false, "down": false}}
2025-09-23 17:51:49,227 - game_server - INFO - log_game_event:61 - Игровое событие: обновление_позиции - {"client_id": 2, "position": {"x": 765, "y": 555}, "inputs": {"left": false, "right": false, "up": false, "down": false}}
2025-09-23 17:51:49,262 - game_server - INFO - log_game_event:61 - Игровое событие: обновление_позиции - {"client_id": 2, "position": {"x": 765, "y": 555}, "inputs": {"left": false, "right": false, "up": false, "down": false}}
2025-09-23 17:51:49,296 - game_server - INFO - log_game_event:61 - Игровое событие: обновление_позиции - {"client_id": 2, "position": {"x": 765, "y": 555}, "inputs": {"left": false, "right": false, "up": false, "down": false}}
2025-09-23 17:51:49,330 - game_server - INFO - log_game_event:61 - Игровое событие: обновление_позиции - {"client_id": 2, "position": {"x": 765, "y": 555}, "inputs": {"left": false, "right": false, "up": false, "down": false}}
2025-09-23 17:51:49,354 - game_server - INFO - log_game_event:61 - Игровое событие: обновление_позиции - {"client_id": 2, "position": {"x": 765, "y": 555}, "inputs": {"left": false, "right": false, "up": false, "down": false}}
2025-09-23 17:51:49,387 - game_server - INFO - log_game_event:61 - Игровое событие: обновление_позиции - {"client_id": 2, "position": {"x": 765, "y": 555}, "inputs": {"left": false, "right": false, "up": false, "down": false}}
2025-09-23 17:51:49,420 - game_server - INFO - log_game_event:61 - Игровое событие: обновление_позиции - {"client_id": 2, "position": {"x": 765, "y": 555}, "inputs": {"left": false, "right": false, "up": false, "down": false}}
2025-09-23 17:51:49,452 - game_server - INFO - log_game_event:61 - Игровое событие: обновление_позиции - {"client_id": 2, "position": {"x": 765, "y": 555}, "inputs": {"left": false, "right": false, "up": false, "down": false}}
2025-09-23 17:51:49,485 - game_server - INFO - log_game_event:61 - Игровое событие: обновление_позиции - {"client_id": 2, "position": {"x": 765, "y": 555}, "inputs": {"left": false, "right": false, "up": false, "down": false}}
2025-09-23 17:51:49,517 - game_server - INFO - log_game_event:61 - Игровое событие: обновление_позиции - {"client_id": 2, "position": {"x": 765, "y": 555}, "inputs": {"left": false, "right": false, "up": false, "down": false}}
2025-09-23 17:51:49,550 - game_server - INFO - log_game_event:61 - Игровое событие: обновление_позиции - {"client_id": 2, "position": {"x": 765, "y": 555}, "inputs": {"left": false, "right": false, "up": false, "down": false}}
2025-09-23 17:51:49,582 - game_server - INFO - log_game_event:61 - Игровое событие: обновление_позиции - {"client_id": 2, "position": {"x": 765, "y": 555}, "inputs": {"left": false, "right": false, "up": false, "down": false}}
2025-09-23 17:51:49,613 - game_server - INFO - log_game_event:61 - Игровое событие: обновление_позиции - {"client_id": 2, "position": {"x": 765, "y": 555}, "inputs": {"left": false, "right": false, "up": false, "down": false}}
2025-09-23 17:51:49,645 - game_server - INFO - log_game_event:61 - Игровое событие: обновление_позиции - {"client_id": 2, "position": {"x": 765, "y": 555}, "inputs": {"left": false, "right": false, "up": false, "down": false}}
2025-09-23 17:51:49,678 - game_server - INFO - log_game_event:61 - Игровое событие: обновление_позиции - {"client_id": 2, "position": {"x": 765, "y": 555}, "inputs": {"left": false, "right": false, "up": false, "down": false}}
2025-09-23 17:51:49,703 - game_server - INFO - log_game_event:61 - Игровое событие: обновление_позиции - {"client_id": 2, "position": {"x": 765, "y": 555}, "inputs": {"left": false, "right": false, "up": false, "down": false}}
2025-09-23 17:51:49,731 - game_server - INFO - log_game_event:61 - Игровое событие: обновление_позиции - {"client_id": 2, "position": {"x": 765, "y": 555}, "inputs": {"left": false, "right": false, "up": false, "down": false}}
2025-09-23 17:51:49,760 - game_server - INFO - log_game_event:61 - Игровое событие: обновление_позиции - {"client_id": 2, "position": {"x": 765, "y": 555}, "inputs": {"left": false, "right": false, "up": false, "down": false}}
2025-09-23 17:51:49,785 - game_server - INFO - log_game_event:61 - Игровое событие: обновление_позиции - {"client_id": 2, "position": {"x": 765, "y": 555}, "inputs": {"left": false, "right": false, "up": false, "down": false}}
2025-09-23 17:51:49,814 - game_server - INFO - log_game_event:61 - Игровое событие: обновление_позиции - {"client_id": 2, "position": {"x": 765, "y": 555}, "inputs": {"left": false, "right": false, "up": false, "down": false}}
2025-09-23 17:51:49,845 - game_server - INFO - log_game_event:61 - Игровое событие: обновление_позиции - {"client_id": 2, "position": {"x": 765, "y": 555}, "inputs": {"left": false, "right": false, "up": false, "down": false}}
2025-09-23 17:51:49,875 - game_server - INFO - log_game_event:61 - Игровое событие: обновление_позиции - {"client_id": 2, "position": {"x": 765, "y": 555}, "inputs": {"left": false, "right": false, "up": false, "down": false}}
2025-09-23 17:51:49,904 - game_server - INFO - log_game_event:61 - Игровое событие: обновление_позиции - {"client_id": 2, "position": {"x": 765, "y": 555}, "inputs": {"left": false, "right": false, "up": false, "down": false}}
2025-09-23 17:51:49,934 - game_server - INFO - log_game_event:61 - Игровое событие: обновление_позиции - {"client_id": 2, "position": {"x": 765, "y": 555}, "inputs": {"left": false, "right": false, "up": false, "down": false}}
2025-09-23 17:51:49,966 - game_server - INFO - log_game_event:61 - Игровое событие: обновление_позиции - {"client_id": 2, "position": {"x": 765, "y": 555}, "inputs": {"left": false, "right": false, "up": false, "down": false}}
2025-09-23 17:51:49,998 - game_server - INFO - log_game_event:61 - Игровое событие: обновление_позиции - {"client_id": 2, "position": {"x": 765, "y": 555}, "inputs": {"left": false, "right": false, "up": false, "down": false}}
2025-09-23 17:51:50,030 - game_server - INFO - log_game_event:61 - Игровое событие: обновление_позиции - {"client_id": 2, "position": {"x": 765, "y": 555}, "inputs": {"left": false, "right": false, "up": false, "down": false}}
2025-09-23 17:51:50,064 - game_server - INFO - log_game_event:61 - Игровое событие: обновление_позиции - {"client_id": 2, "position": {"x": 765, "y": 555}, "inputs": {"left": false, "right": false, "up": false, "down": false}}
2025-09-23 17:51:50,096 - game_server - INFO - log_game_event:61 - Игровое событие: обновление_позиции - {"client_id": 2, "position": {"x": 765, "y": 555}, "inputs": {"left": false, "right": false, "up": false, "down": false}}
2025-09-23 17:51:50,128 - game_server - INFO - log_game_event:61 - Игровое событие: обновление_позиции - {"client_id": 2, "position": {"x": 765, "y": 555}, "inputs": {"left": false, "right": false, "up": false, "down": false}}
2025-09-23 17:51:50,161 - game_server - INFO - log_game_event:61 - Игровое событие: обновление_позиции - {"client_id": 2, "position": {"x": 765, "y": 555}, "inputs": {"left": false, "right": false, "up": false, "down": false}}
2025-09-23 17:51:50,194 - game_server - INFO - log_game_event:61 - Игровое событие: обновление_позиции - {"client_id": 2, "position": {"x": 765, "y": 555}, "inputs": {"left": false, "right": false, "up": false, "down": false}}
2025-09-23 17:51:50,229 - game_server - INFO - log_game_event:61 - Игровое событие: обновление_позиции - {"client_id": 2, "position": {"x": 765, "y": 555}, "inputs": {"left": false, "right": false, "up": false, "down": false}}
2025-09-23 17:51:50,262 - game_server - INFO - log_game_event:61 - Игровое событие: обновление_позиции - {"client_id": 2, "position": {"x": 765, "y": 555}, "inputs": {"left": false, "right": false, "up": false, "down": false}}
2025-09-23 17:51:50,294 - game_server - INFO - log_game_event:61 - Игровое событие: обновление_позиции - {"client_id": 2, "position": {"x": 765, "y": 555}, "inputs": {"left": false, "right": false, "up": false, "down": false}}
2025-09-23 17:51:50,326 - game_server - INFO - log_game_event:61 - Игровое событие: обновление_позиции - {"client_id": 2, "position": {"x": 765, "y": 555}, "inputs": {"left": false, "right": false, "up": false, "down": false}}
2025-09-23 17:51:50,359 - game_server - INFO - log_game_event:61 - Игровое событие: обновление_позиции - {"client_id": 2, "position": {"x": 765, "y": 555}, "inputs": {"left": false, "right": false, "up": false, "down": false}}
2025-09-23 17:51:50,391 - game_server - INFO - log_game_event:61 - Игровое событие: обновление_позиции - {"client_id": 2, "position": {"x": 765, "y": 555}, "inputs": {"left": false, "right": false, "up": false, "down": false}}
2025-09-23 17:51:50,423 - game_server - INFO - log_game_event:61 - Игровое событие: обновление_позиции - {"client_id": 2, "position": {"x": 765, "y": 555}, "inputs": {"left": false, "right": false, "up": false, "down": false}}
2025-09-23 17:51:50,455 - game_server - INFO - log_game_event:61 - Игровое событие: обновление_позиции - {"client_id": 2, "position": {"x": 765, "y": 555}, "inputs": {"left": false, "right": false, "up": false, "down": false}}
2025-09-23 17:51:50,488 - game_server - INFO - log_game_event:61 - Игровое событие: обновление_позиции - {"client_id": 2, "position": {"x": 765, "y": 555}, "inputs": {"left": false, "right": false, "up": false, "down": false}}
2025-09-23 17:51:50,521 - game_server - INFO - log_game_event:61 - Игровое событие: обновление_позиции - {"client_id": 2, "position": {"x": 765, "y": 555}, "inputs": {"left": false, "right": false, "up": false, "down": false}}
2025-09-23 17:51:50,552 - game_server - INFO - log_game_event:61 - Игровое событие: обновление_позиции - {"client_id": 2, "position": {"x": 765, "y": 555}, "inputs": {"left": false, "right": false, "up": false, "down": false}}
2025-09-23 17:51:50,583 - game_server - INFO - log_game_event:61 - Игровое событие: обновление_позиции - {"client_id": 2, "position": {"x": 765, "y": 555}, "inputs": {"left": false, "right": false, "up": false, "down": false}}
2025-09-23 17:51:50,615 - game_server - INFO - log_game_event:61 - Игровое событие: обновление_позиции - {"client_id": 2, "position": {"x": 765, "y": 555}, "inputs": {"left": false, "right": false, "up": false, "down": false}}
2025-09-23 17:51:50,643 - game_server - INFO - log_game_event:61 - Игровое событие: обновление_позиции - {"client_id": 2, "position": {"x": 765, "y": 555}, "inputs": {"left": false, "right": false, "up": false, "down": false}}
2025-09-23 17:51:50,676 - game_server - INFO - log_game_event:61 - Игровое событие: обновление_позиции - {"client_id": 2, "position": {"x": 765, "y": 555}, "inputs": {"left": false, "right": false, "up": false, "down": false}}
2025-09-23 17:51:50,709 - game_server - INFO - log_game_event:61 - Игровое событие: обновление_позиции - {"client_id": 2, "position": {"x": 765, "y": 555}, "inputs": {"left": false, "right": false, "up": false, "down": false}}
2025-09-23 17:51:50,740 - game_server - INFO - log_game_event:61 - Игровое событие: обновление_позиции - {"client_id": 2, "position": {"x": 765, "y": 555}, "inputs": {"left": false, "right": false, "up": false, "down": false}}
2025-09-23 17:51:50,774 - game_server - INFO - log_game_event:61 - Игровое событие: обновление_позиции - {"client_id": 2, "position": {"x": 765, "y": 555}, "inputs": {"left": false, "right": false, "up": false, "down": false}}
2025-09-23 17:51:50,808 - game_server - INFO - log_game_event:61 - Игровое событие: обновление_позиции - {"client_id": 2, "position": {"x": 765, "y": 555}, "inputs": {"left": false, "right": false, "up": false, "down": false}}
2025-09-23 17:51:50,841 - game_server - INFO - log_game_event:61 - Игровое событие: обновление_позиции - {"client_id": 2, "position": {"x": 765, "y": 555}, "inputs": {"left": false, "right": false, "up": false, "down": false}}
2025-09-23 17:51:50,874 - game_server - INFO - log_game_event:61 - Игровое событие: обновление_позиции - {"client_id": 2, "position": {"x": 765, "y": 555}, "inputs": {"left": false, "right": false, "up": false, "down": false}}
2025-09-23 17:51:50,907 - game_server - INFO - log_game_event:61 - Игровое событие: обновление_позиции - {"client_id": 2, "position": {"x": 765, "y": 555}, "inputs": {"left": false, "right": false, "up": false, "down": false}}
2025-09-23 17:51:50,942 - game_server - INFO - log_game_event:61 - Игровое событие: обновление_позиции - {"client_id": 2, "position": {"x": 765, "y": 555}, "inputs": {"left": false, "right": false, "up": false, "down": false}}
2025-09-23 17:51:50,976 - game_server - INFO - log_game_event:61 - Игровое событие: обновление_позиции - {"client_id": 2, "position": {"x": 765, "y": 555}, "inputs": {"left": false, "right": false, "up": false, "down": false}}
2025-09-23 17:51:51,010 - game_server - INFO - log_game_event:61 - Игровое событие: обновление_позиции - {"client_id": 2, "position": {"x": 765, "y": 555}, "inputs": {"left": false, "right": false, "up": false, "down": false}}
2025-09-23 17:51:51,043 - game_server - INFO - log_game_event:61 - Игровое событие: обновление_позиции - {"client_id": 2, "position": {"x": 765, "y": 555}, "inputs": {"left": false, "right": false, "up": false, "down": false}}
2025-09-23 17:51:51,076 - game_server - INFO - log_game_event:61 - Игровое событие: обновление_позиции - {"client_id": 2, "position": {"x": 765, "y": 555}, "inputs": {"left": false, "right": false, "up": false, "down": false}}
2025-09-23 17:51:51,109 - game_server - INFO - log_game_event:61 - Игровое событие: обновление_позиции - {"client_id": 2, "position": {"x": 765, "y": 555}, "inputs": {"left": false, "right": false, "up": false, "down": false}}
2025-09-23 17:51:51,142 - game_server - INFO - log_game_event:61 - Игровое событие: обновление_позиции - {"client_id": 2, "position": {"x": 765, "y": 555}, "inputs": {"left": false, "right": false, "up": false, "down": false}}
2025-09-23 17:51:51,175 - game_server - INFO - log_game_event:61 - Игровое событие: обновление_позиции - {"client_id": 2, "position": {"x": 765, "y": 555}, "inputs": {"left": false, "right": false, "up": false, "down": false}}
2025-09-23 17:51:51,209 - game_server - INFO - log_game_event:61 - Игровое событие: обновление_позиции - {"client_id": 2, "position": {"x": 765, "y": 555}, "inputs": {"left": false, "right": false, "up": false, "down": false}}
2025-09-23 17:51:51,243 - game_server - INFO - log_game_event:61 - Игровое событие: обновление_позиции - {"client_id": 2, "position": {"x": 765, "y": 555}, "inputs": {"left": false, "right": false, "up": false, "down": false}}
2025-09-23 17:51:51,277 - game_server - INFO - log_game_event:61 - Игровое событие: обновление_позиции - {"client_id": 2, "position": {"x": 765, "y": 555}, "inputs": {"left": false, "right": false, "up": false, "down": false}}
2025-09-23 17:51:51,310 - game_server - INFO - log_game_event:61 - Игровое событие: обновление_позиции - {"client_id": 2, "position": {"x": 765, "y": 555}, "inputs": {"left": false, "right": false, "up": false, "down": false}}
2025-09-23 17:51:51,344 - game_server - INFO - log_game_event:61 - Игровое событие: обновление_позиции - {"client_id": 2, "position": {"x": 765, "y": 555}, "inputs": {"left": false, "right": false, "up": false, "down": false}}
2025-09-23 17:51:51,378 - game_server - INFO - log_game_event:61 - Игровое событие: обновление_позиции - {"client_id": 2, "position": {"x": 765, "y": 555}, "inputs": {"left": false, "right": false, "up": false, "down": false}}
2025-09-23 17:51:51,411 - game_server - INFO - log_game_event:61 - Игровое событие: обновление_позиции - {"client_id": 2, "position": {"x": 765, "y": 555}, "inputs": {"left": false, "right": false, "up": false, "down": false}}
2025-09-23 17:51:51,444 - game_server - INFO - log_game_event:61 - Игровое событие: обновление_позиции - {"client_id": 2, "position": {"x": 765, "y": 555}, "inputs": {"left": false, "right": false, "up": false, "down": false}}
2025-09-23 17:51:51,477 - game_server - INFO - log_game_event:61 - Игровое событие: обновление_позиции - {"client_id": 2, "position": {"x": 765, "y": 555}, "inputs": {"left": false, "right": false, "up": false, "down": false}}
2025-09-23 17:51:51,511 - game_server - INFO - log_game_event:61 - Игровое событие: обновление_позиции - {"client_id": 2, "position": {"x": 765, "y": 555}, "inputs": {"left": false, "right": false, "up": false, "down": false}}
2025-09-23 17:51:51,543 - game_server - INFO - log_game_event:61 - Игровое событие: обновление_позиции - {"client_id": 2, "position": {"x": 765, "y": 555}, "inputs": {"left": false, "right": false, "up": false, "down": false}}
2025-09-23 17:51:51,576 - game_server - INFO - log_game_event:61 - Игровое событие: обновление_позиции - {"client_id": 2, "position": {"x": 765, "y": 555}, "inputs": {"left": false, "right": false, "up": false, "down": false}}
2025-09-23 17:51:51,609 - game_server - INFO - log_game_event:61 - Игровое событие: обновление_позиции - {"client_id": 2, "position": {"x": 765, "y": 555}, "inputs": {"left": false, "right": false, "up": false, "down": false}}
2025-09-23 17:51:51,642 - game_server - INFO - log_game_event:61 - Игровое событие: обновление_позиции - {"client_id": 2, "position": {"x": 765, "y": 555}, "inputs": {"left": false, "right": false, "up": false, "down": false}}
2025-09-23 17:51:51,675 - game_server - INFO - log_game_event:61 - Игровое событие: обновление_позиции - {"client_id": 2, "position": {"x": 765, "y": 555}, "inputs": {"left": false, "right": false, "up": false, "down": false}}
2025-09-23 17:51:51,712 - game_server - INFO - log_game_event:61 - Игровое событие: обновление_позиции - {"client_id": 2, "position": {"x": 765, "y": 555}, "inputs": {"left": false, "right": false, "up": false, "down": false}}
2025-09-23 17:51:51,745 - game_server - INFO - log_game_event:61 - Игровое событие: обновление_позиции - {"client_id": 2, "position": {"x": 765, "y": 555}, "inputs": {"left": false, "right": false, "up": false, "down": false}}
2025-09-23 17:51:51,778 - game_server - INFO - log_game_event:61 - Игровое событие: обновление_позиции - {"client_id": 2, "position": {"x": 765, "y": 555}, "inputs": {"left": false, "right": false, "up": false, "down": false}}
2025-09-23 17:51:51,811 - game_server - INFO - log_game_event:61 - Игровое событие: обновление_позиции - {"client_id": 2, "position": {"x": 765, "y": 555}, "inputs": {"left": false, "right": false, "up": false, "down": false}}
2025-09-23 17:51:51,845 - game_server - INFO - log_game_event:61 - Игровое событие: обновление_позиции - {"client_id": 2, "position": {"x": 765, "y": 555}, "inputs": {"left": false, "right": false, "up": false, "down": false}}
2025-09-23 17:51:51,878 - game_server - INFO - log_game_event:61 - Игровое событие: обновление_позиции - {"client_id": 2, "position": {"x": 765, "y": 555}, "inputs": {"left": false, "right": false, "up": false, "down": false}}
2025-09-23 17:51:51,911 - game_server - INFO - log_game_event:61 - Игровое событие: обновление_позиции - {"client_id": 2, "position": {"x": 765, "y": 555}, "inputs": {"left": false, "right": false, "up": false, "down": false}}
2025-09-23 17:51:51,944 - game_server - INFO - log_game_event:61 - Игровое событие: обновление_позиции - {"client_id": 2, "position": {"x": 765, "y": 555}, "inputs": {"left": false, "right": false, "up": false, "down": false}}
2025-09-23 17:51:51,978 - game_server - INFO - log_game_event:61 - Игровое событие: обновление_позиции - {"client_id": 2, "position": {"x": 765, "y": 555}, "inputs": {"left": false, "right": false, "up": false, "down": false}}
2025-09-23 17:51:52,011 - game_server - INFO - log_game_event:61 - Игровое событие: обновление_позиции - {"client_id": 2, "position": {"x": 765, "y": 555}, "inputs": {"left": false, "right": false, "up": false, "down": false}}
2025-09-23 17:51:52,045 - game_server - INFO - log_game_event:61 - Игровое событие: обновление_позиции - {"client_id": 2, "position": {"x": 765, "y": 555}, "inputs": {"left": false, "right": false, "up": false, "down": false}}
2025-09-23 17:51:52,078 - game_server - INFO - log_game_event:61 - Игровое событие: обновление_позиции - {"client_id": 2, "position": {"x": 765, "y": 555}, "inputs": {"left": false, "right": false, "up": false, "down": false}}
2025-09-23 17:51:52,111 - game_server - INFO - log_game_event:61 - Игровое событие: обновление_позиции - {"client_id": 2, "position": {"x": 765, "y": 555}, "inputs": {"left": false, "right": false, "up": false, "down": false}}
2025-09-23 17:51:52,145 - game_server - INFO - log_game_event:61 - Игровое событие: обновление_позиции - {"client_id": 2, "position": {"x": 765, "y": 555}, "inputs": {"left": false, "right": false, "up": false, "down": false}}
2025-09-23 17:51:52,180 - game_server - INFO - log_game_event:61 - Игровое событие: обновление_позиции - {"client_id": 2, "position": {"x": 765, "y": 555}, "inputs": {"left": false, "right": false, "up": false, "down": false}}
2025-09-23 17:51:52,215 - game_server - INFO - log_game_event:61 - Игровое событие: обновление_позиции - {"client_id": 2, "position": {"x": 765, "y": 555}, "inputs": {"left": false, "right": false, "up": false, "down": false}}
2025-09-23 17:51:52,249 - game_server - INFO - log_game_event:61 - Игровое событие: обновление_позиции - {"client_id": 2, "position": {"x": 765, "y": 555}, "inputs": {"left": false, "right": false, "up": false, "down": false}}
2025-09-23 17:51:52,281 - game_server - INFO - log_game_event:61 - Игровое событие: обновление_позиции - {"client_id": 2, "position": {"x": 765, "y": 555}, "inputs": {"left": false, "right": false, "up": false, "down": false}}
2025-09-23 17:51:52,314 - game_server - INFO - log_game_event:61 - Игровое событие: обновление_позиции - {"client_id": 2, "position": {"x": 765, "y": 555}, "inputs": {"left": false, "right": false, "up": false, "down": false}}
2025-09-23 17:51:52,347 - game_server - INFO - log_game_event:61 - Игровое событие: обновление_позиции - {"client_id": 2, "position": {"x": 765, "y": 555}, "inputs": {"left": false, "right": false, "up": false, "down": false}}
2025-09-23 17:51:52,380 - game_server - INFO - log_game_event:61 - Игровое событие: обновление_позиции - {"client_id": 2, "position": {"x": 765, "y": 555}, "inputs": {"left": false, "right": false, "up": false, "down": false}}
2025-09-23 17:51:52,414 - game_server - INFO - log_game_event:61 - Игровое событие: обновление_позиции - {"client_id": 2, "position": {"x": 765, "y": 555}, "inputs": {"left": false, "right": false, "up": false, "down": false}}
2025-09-23 17:51:52,447 - game_server - INFO - log_game_event:61 - Игровое событие: обновление_позиции - {"client_id": 2, "position": {"x": 765, "y": 555}, "inputs": {"left": false, "right": false, "up": false, "down": false}}
2025-09-23 17:51:52,479 - game_server - INFO - log_game_event:61 - Игровое событие: обновление_позиции - {"client_id": 2, "position": {"x": 765, "y": 555}, "inputs": {"left": false, "right": false, "up": false, "down": false}}
2025-09-23 17:51:52,513 - game_server - INFO - log_game_event:61 - Игровое событие: обновление_позиции - {"client_id": 2, "position": {"x": 765, "y": 555}, "inputs": {"left": false, "right": false, "up": false, "down": false}}
2025-09-23 17:51:52,546 - game_server - INFO - log_game_event:61 - Игровое событие: обновление_позиции - {"client_id": 2, "position": {"x": 765, "y": 555}, "inputs": {"left": false, "right": false, "up": false, "down": false}}
2025-09-23 17:51:52,580 - game_server - INFO - log_game_event:61 - Игровое событие: обновление_позиции - {"client_id": 2, "position": {"x": 765, "y": 555}, "inputs": {"left": false, "right": false, "up": false, "down": false}}
2025-09-23 17:51:52,613 - game_server - INFO - log_game_event:61 - Игровое событие: обновление_позиции - {"client_id": 2, "position": {"x": 765, "y": 555}, "inputs": {"left": false, "right": false, "up": false, "down": false}}
2025-09-23 17:51:52,647 - game_server - INFO - log_game_event:61 - Игровое событие: обновление_позиции - {"client_id": 2, "position": {"x": 765, "y": 555}, "inputs": {"left": false, "right": false, "up": false, "down": false}}
2025-09-23 17:51:52,681 - game_server - INFO - log_game_event:61 - Игровое событие: обновление_позиции - {"client_id": 2, "position": {"x": 765, "y": 555}, "inputs": {"left": false, "right": false, "up": false, "down": false}}
2025-09-23 17:51:52,714 - game_server - INFO - log_game_event:61 - Игровое событие: обновление_позиции - {"client_id": 2, "position": {"x": 765, "y": 555}, "inputs": {"left": false, "right": false, "up": false, "down": false}}
2025-09-23 17:51:52,747 - game_server - INFO - log_game_event:61 - Игровое событие: обновление_позиции - {"client_id": 2, "position": {"x": 765, "y": 555}, "inputs": {"left": false, "right": false, "up": false, "down": false}}
2025-09-23 17:51:52,781 - game_server - INFO - log_game_event:61 - Игровое событие: обновление_позиции - {"client_id": 2, "position": {"x": 765, "y": 555}, "inputs": {"left": false, "right": false, "up": false, "down": false}}
2025-09-23 17:51:52,815 - game_server - INFO - log_game_event:61 - Игровое событие: обновление_позиции - {"client_id": 2, "position": {"x": 765, "y": 555}, "inputs": {"left": false, "right": false, "up": false, "down": false}}
2025-09-23 17:51:52,848 - game_server - INFO - log_game_event:61 - Игровое событие: обновление_позиции - {"client_id": 2, "position": {"x": 765, "y": 555}, "inputs": {"left": false, "right": false, "up": false, "down": false}}
2025-09-23 17:51:52,882 - game_server - INFO - log_game_event:61 - Игровое событие: обновление_позиции - {"client_id": 2, "position": {"x": 765, "y": 555}, "inputs": {"left": false, "right": false, "up": false, "down": false}}
2025-09-23 17:51:52,915 - game_server - INFO - log_game_event:61 - Игровое событие: обновление_позиции - {"client_id": 2, "position": {"x": 765, "y": 555}, "inputs": {"left": false, "right": false, "up": false, "down": false}}
2025-09-23 17:51:52,948 - game_server - INFO - log_game_event:61 - Игровое событие: обновление_позиции - {"client_id": 2, "position": {"x": 765, "y": 555}, "inputs": {"left": false, "right": false, "up": false, "down": false}}
2025-09-23 17:51:52,981 - game_server - INFO - log_game_event:61 - Игровое событие: обновление_позиции - {"client_id": 2, "position": {"x": 765, "y": 555}, "inputs": {"left": false, "right": false, "up": false, "down": false}}
2025-09-23 17:51:53,014 - game_server - INFO - log_game_event:61 - Игровое событие: обновление_позиции - {"client_id": 2, "position": {"x": 765, "y": 555}, "inputs": {"left": false, "right": false, "up": false, "down": false}}
2025-09-23 17:51:53,049 - game_server - INFO - log_game_event:61 - Игровое событие: обновление_позиции - {"client_id": 2, "position": {"x": 765, "y": 555}, "inputs": {"left": false, "right": false, "up": false, "down": false}}
2025-09-23 17:51:53,081 - game_server - INFO - log_game_event:61 - Игровое событие: обновление_позиции - {"client_id": 2, "position": {"x": 765, "y": 555}, "inputs": {"left": false, "right": false, "up": false, "down": false}}
2025-09-23 17:51:53,116 - game_server - INFO - log_game_event:61 - Игровое событие: обновление_позиции - {"client_id": 2, "position": {"x": 765, "y": 555}, "inputs": {"left": false, "right": false, "up": false, "down": false}}
2025-09-23 17:51:53,148 - game_server - INFO - log_game_event:61 - Игровое событие: обновление_позиции - {"client_id": 2, "position": {"x": 765, "y": 555}, "inputs": {"left": false, "right": false, "up": false, "down": false}}
2025-09-23 17:51:53,182 - game_server - INFO - log_game_event:61 - Игровое событие: обновление_позиции - {"client_id": 2, "position": {"x": 765, "y": 555}, "inputs": {"left": false, "right": false, "up": false, "down": false}}
2025-09-23 17:51:53,215 - game_server - INFO - log_game_event:61 - Игровое событие: обновление_позиции - {"client_id": 2, "position": {"x": 765, "y": 555}, "inputs": {"left": false, "right": false, "up": false, "down": false}}
2025-09-23 17:51:53,248 - game_server - INFO - log_game_event:61 - Игровое событие: обновление_позиции - {"client_id": 2, "position": {"x": 765, "y": 555}, "inputs": {"left": false, "right": false, "up": false, "down": false}}
2025-09-23 17:51:53,281 - game_server - INFO - log_game_event:61 - Игровое событие: обновление_позиции - {"client_id": 2, "position": {"x": 765, "y": 555}, "inputs": {"left": false, "right": false, "up": false, "down": false}}
2025-09-23 17:51:53,313 - game_server - INFO - log_game_event:61 - Игровое событие: обновление_позиции - {"client_id": 2, "position": {"x": 765, "y": 555}, "inputs": {"left": false, "right": false, "up": false, "down": false}}
2025-09-23 17:51:53,346 - game_server - INFO - log_game_event:61 - Игровое событие: обновление_позиции - {"client_id": 2, "position": {"x": 765, "y": 555}, "inputs": {"left": false, "right": false, "up": false, "down": false}}
2025-09-23 17:51:53,379 - game_server - INFO - log_game_event:61 - Игровое событие: обновление_позиции - {"client_id": 2, "position": {"x": 765, "y": 555}, "inputs": {"left": false, "right": false, "up": false, "down": false}}
2025-09-23 17:51:53,412 - game_server - INFO - log_game_event:61 - Игровое событие: обновление_позиции - {"client_id": 2, "position": {"x": 765, "y": 555}, "inputs": {"left": false, "right": false, "up": false, "down": false}}
2025-09-23 17:51:53,443 - game_server - INFO - log_game_event:61 - Игровое событие: обновление_позиции - {"client_id": 2, "position": {"x": 765, "y": 555}, "inputs": {"left": false, "right": false, "up": false, "down": false}}
2025-09-23 17:51:53,477 - game_server - INFO - log_game_event:61 - Игровое событие: обновление_позиции - {"client_id": 2, "position": {"x": 765, "y": 555}, "inputs": {"left": false, "right": false, "up": false, "down": false}}
2025-09-23 17:51:53,510 - game_server - INFO - log_game_event:61 - Игровое событие: обновление_позиции - {"client_id": 2, "position": {"x": 765, "y": 555}, "inputs": {"left": false, "right": false, "up": false, "down": false}}
2025-09-23 17:51:53,544 - game_server - INFO - log_game_event:61 - Игровое событие: обновление_позиции - {"client_id": 2, "position": {"x": 765, "y": 555}, "inputs": {"left": false, "right": false, "up": false, "down": false}}
2025-09-23 17:51:53,576 - game_server - INFO - log_game_event:61 - Игровое событие: обновление_позиции - {"client_id": 2, "position": {"x": 765, "y": 555}, "inputs": {"left": false, "right": false, "up": false, "down": false}}
2025-09-23 17:51:53,609 - game_server - INFO - log_game_event:61 - Игровое событие: обновление_позиции - {"client_id": 2, "position": {"x": 765, "y": 555}, "inputs": {"left": false, "right": false, "up": false, "down": false}}
2025-09-23 17:51:53,642 - game_server - INFO - log_game_event:61 - Игровое событие: обновление_позиции - {"client_id": 2, "position": {"x": 765, "y": 555}, "inputs": {"left": false, "right": false, "up": false, "down": false}}
2025-09-23 17:51:53,674 - game_server - INFO - log_game_event:61 - Игровое событие: обновление_позиции - {"client_id": 2, "position": {"x": 765, "y": 555}, "inputs": {"left": false, "right": false, "up": false, "down": false}}
2025-09-23 17:51:53,707 - game_server - INFO - log_game_event:61 - Игровое событие: обновление_позиции - {"client_id": 2, "position": {"x": 765, "y": 555}, "inputs": {"left": false, "right": false, "up": false, "down": false}}
2025-09-23 17:51:53,742 - game_server - INFO - log_game_event:61 - Игровое событие: обновление_позиции - {"client_id": 2, "position": {"x": 765, "y": 555}, "inputs": {"left": false, "right": false, "up": false, "down": false}}
2025-09-23 17:51:53,777 - game_server - INFO - log_game_event:61 - Игровое событие: обновление_позиции - {"client_id": 2, "position": {"x": 765, "y": 555}, "inputs": {"left": false, "right": false, "up": false, "down": false}}
2025-09-23 17:51:53,807 - game_server - INFO - log_game_event:61 - Игровое событие: обновление_позиции - {"client_id": 2, "position": {"x": 765, "y": 555}, "inputs": {"left": false, "right": false, "up": false, "down": false}}
2025-09-23 17:51:53,839 - game_server - INFO - log_game_event:61 - Игровое событие: обновление_позиции - {"client_id": 2, "position": {"x": 765, "y": 555}, "inputs": {"left": false, "right": false, "up": false, "down": false}}
2025-09-23 17:51:53,870 - game_server - INFO - log_game_event:61 - Игровое событие: обновление_позиции - {"client_id": 2, "position": {"x": 765, "y": 555}, "inputs": {"left": false, "right": false, "up": false, "down": false}}
2025-09-23 17:51:53,906 - game_server - INFO - log_game_event:61 - Игровое событие: обновление_позиции - {"client_id": 2, "position": {"x": 765, "y": 555}, "inputs": {"left": false, "right": false, "up": false, "down": false}}
2025-09-23 17:51:53,943 - game_server - INFO - log_game_event:61 - Игровое событие: обновление_позиции - {"client_id": 2, "position": {"x": 765, "y": 555}, "inputs": {"left": false, "right": false, "up": false, "down": false}}
2025-09-23 17:51:53,982 - game_server - INFO - log_game_event:61 - Игровое событие: обновление_позиции - {"client_id": 2, "position": {"x": 765, "y": 555}, "inputs": {"left": false, "right": false, "up": false, "down": false}}
2025-09-23 17:51:54,008 - game_server - INFO - log_game_event:61 - Игровое событие: обновление_позиции - {"client_id": 2, "position": {"x": 765, "y": 555}, "inputs": {"left": false, "right": false, "up": false, "down": false}}
2025-09-23 17:51:54,035 - game_server - INFO - log_game_event:61 - Игровое событие: обновление_позиции - {"client_id": 2, "position": {"x": 765, "y": 555}, "inputs": {"left": false, "right": false, "up": false, "down": false}}
2025-09-23 17:51:54,061 - game_server - INFO - log_game_event:61 - Игровое событие: обновление_позиции - {"client_id": 2, "position": {"x": 765, "y": 555}, "inputs": {"left": false, "right": false, "up": false, "down": false}}
2025-09-23 17:51:54,088 - game_server - INFO - log_game_event:61 - Игровое событие: обновление_позиции - {"client_id": 2, "position": {"x": 765, "y": 555}, "inputs": {"left": false, "right": false, "up": false, "down": false}}
2025-09-23 17:51:54,122 - game_server - INFO - log_game_event:61 - Игровое событие: обновление_позиции - {"client_id": 2, "position": {"x": 765, "y": 555}, "inputs": {"left": false, "right": false, "up": false, "down": false}}
2025-09-23 17:51:54,151 - game_server - INFO - log_game_event:61 - Игровое событие: обновление_позиции - {"client_id": 2, "position": {"x": 765, "y": 555}, "inputs": {"left": false, "right": false, "up": false, "down": false}}
2025-09-23 17:51:54,176 - game_server - INFO - log_game_event:61 - Игровое событие: обновление_позиции - {"client_id": 2, "position": {"x": 765, "y": 555}, "inputs": {"left": false, "right": false, "up": false, "down": false}}
2025-09-23 17:51:54,203 - game_server - INFO - log_game_event:61 - Игровое событие: обновление_позиции - {"client_id": 2, "position": {"x": 765, "y": 555}, "inputs": {"left": false, "right": false, "up": false, "down": false}}
2025-09-23 17:51:54,227 - game_server - INFO - log_game_event:61 - Игровое событие: обновление_позиции - {"client_id": 2, "position": {"x": 765, "y": 555}, "inputs": {"left": false, "right": false, "up": false, "down": false}}
2025-09-23 17:51:54,257 - game_server - INFO - log_game_event:61 - Игровое событие: обновление_позиции - {"client_id": 2, "position": {"x": 765, "y": 555}, "inputs": {"left": false, "right": false, "up": false, "down": false}}
2025-09-23 17:51:54,290 - game_server - INFO - log_game_event:61 - Игровое событие: обновление_позиции - {"client_id": 2, "position": {"x": 765, "y": 555}, "inputs": {"left": false, "right": false, "up": false, "down": false}}
2025-09-23 17:51:54,319 - game_server - INFO - log_game_event:61 - Игровое событие: обновление_позиции - {"client_id": 2, "position": {"x": 765, "y": 555}, "inputs": {"left": false, "right": false, "up": false, "down": false}}
2025-09-23 17:51:54,351 - game_server - INFO - log_game_event:61 - Игровое событие: обновление_позиции - {"client_id": 2, "position": {"x": 765, "y": 555}, "inputs": {"left": false, "right": false, "up": false, "down": false}}
2025-09-23 17:51:54,384 - game_server - INFO - log_game_event:61 - Игровое событие: обновление_позиции - {"client_id": 2, "position": {"x": 765, "y": 555}, "inputs": {"left": false, "right": false, "up": false, "down": false}}
2025-09-23 17:51:54,418 - game_server - INFO - log_game_event:61 - Игровое событие: обновление_позиции - {"client_id": 2, "position": {"x": 765, "y": 555}, "inputs": {"left": false, "right": false, "up": false, "down": false}}
2025-09-23 17:51:54,451 - game_server - INFO - log_game_event:61 - Игровое событие: обновление_позиции - {"client_id": 2, "position": {"x": 765, "y": 555}, "inputs": {"left": false, "right": false, "up": false, "down": false}}
2025-09-23 17:51:54,484 - game_server - INFO - log_game_event:61 - Игровое событие: обновление_позиции - {"client_id": 2, "position": {"x": 765, "y": 555}, "inputs": {"left": false, "right": false, "up": false, "down": false}}
2025-09-23 17:51:54,518 - game_server - INFO - log_game_event:61 - Игровое событие: обновление_позиции - {"client_id": 2, "position": {"x": 765, "y": 555}, "inputs": {"left": false, "right": false, "up": false, "down": false}}
2025-09-23 17:51:54,552 - game_server - INFO - log_game_event:61 - Игровое событие: обновление_позиции - {"client_id": 2, "position": {"x": 765, "y": 555}, "inputs": {"left": false, "right": false, "up": false, "down": false}}
2025-09-23 17:51:54,581 - game_server - INFO - log_game_event:61 - Игровое событие: обновление_позиции - {"client_id": 2, "position": {"x": 765, "y": 555}, "inputs": {"left": false, "right": false, "up": false, "down": false}}
2025-09-23 17:51:54,615 - game_server - INFO - log_game_event:61 - Игровое событие: обновление_позиции - {"client_id": 2, "position": {"x": 765, "y": 555}, "inputs": {"left": false, "right": false, "up": false, "down": false}}
2025-09-23 17:51:54,649 - game_server - INFO - log_game_event:61 - Игровое событие: обновление_позиции - {"client_id": 2, "position": {"x": 765, "y": 555}, "inputs": {"left": false, "right": false, "up": false, "down": false}}
2025-09-23 17:51:54,683 - game_server - INFO - log_game_event:61 - Игровое событие: обновление_позиции - {"client_id": 2, "position": {"x": 765, "y": 555}, "inputs": {"left": false, "right": false, "up": false, "down": false}}
2025-09-23 17:51:54,716 - game_server - INFO - log_game_event:61 - Игровое событие: обновление_позиции - {"client_id": 2, "position": {"x": 765, "y": 555}, "inputs": {"left": false, "right": false, "up": false, "down": false}}
2025-09-23 17:51:54,750 - game_server - INFO - log_game_event:61 - Игровое событие: обновление_позиции - {"client_id": 2, "position": {"x": 765, "y": 555}, "inputs": {"left": false, "right": false, "up": false, "down": false}}
2025-09-23 17:51:54,781 - game_server - INFO - log_game_event:61 - Игровое событие: обновление_позиции - {"client_id": 2, "position": {"x": 765, "y": 555}, "inputs": {"left": false, "right": false, "up": false, "down": false}}
2025-09-23 17:51:54,817 - game_server - INFO - log_game_event:61 - Игровое событие: обновление_позиции - {"client_id": 2, "position": {"x": 765, "y": 555}, "inputs": {"left": false, "right": false, "up": false, "down": false}}
2025-09-23 17:51:54,851 - game_server - INFO - log_game_event:61 - Игровое событие: обновление_позиции - {"client_id": 2, "position": {"x": 765, "y": 555}, "inputs": {"left": false, "right": false, "up": false, "down": false}}
2025-09-23 17:51:54,884 - game_server - INFO - log_game_event:61 - Игровое событие: обновление_позиции - {"client_id": 2, "position": {"x": 765, "y": 555}, "inputs": {"left": false, "right": false, "up": false, "down": false}}
2025-09-23 17:51:54,918 - game_server - INFO - log_game_event:61 - Игровое событие: обновление_позиции - {"client_id": 2, "position": {"x": 765, "y": 555}, "inputs": {"left": false, "right": false, "up": false, "down": false}}
2025-09-23 17:51:54,951 - game_server - INFO - log_game_event:61 - Игровое событие: обновление_позиции - {"client_id": 2, "position": {"x": 765, "y": 555}, "inputs": {"left": false, "right": false, "up": false, "down": false}}
2025-09-23 17:51:54,982 - game_server - INFO - log_game_event:61 - Игровое событие: обновление_позиции - {"client_id": 2, "position": {"x": 765, "y": 555}, "inputs": {"left": false, "right": false, "up": false, "down": false}}
2025-09-23 17:51:55,009 - game_server - INFO - log_game_event:61 - Игровое событие: обновление_позиции - {"client_id": 2, "position": {"x": 765, "y": 555}, "inputs": {"left": false, "right": false, "up": false, "down": false}}
2025-09-23 17:51:55,043 - game_server - INFO - log_game_event:61 - Игровое событие: обновление_позиции - {"client_id": 2, "position": {"x": 765, "y": 555}, "inputs": {"left": false, "right": false, "up": false, "down": false}}
2025-09-23 17:51:55,069 - game_server - INFO - log_game_event:61 - Игровое событие: обновление_позиции - {"client_id": 2, "position": {"x": 765, "y": 555}, "inputs": {"left": false, "right": false, "up": false, "down": false}}
2025-09-23 17:51:55,091 - game_server - INFO - log_game_event:61 - Игровое событие: обновление_позиции - {"client_id": 2, "position": {"x": 765, "y": 555}, "inputs": {"left": false, "right": false, "up": false, "down": false}}
2025-09-23 17:51:55,112 - game_server - INFO - log_game_event:61 - Игровое событие: обновление_позиции - {"client_id": 2, "position": {"x": 765, "y": 555}, "inputs": {"left": false, "right": false, "up": false, "down": false}}
2025-09-23 17:51:55,135 - game_server - INFO - log_game_event:61 - Игровое событие: обновление_позиции - {"client_id": 2, "position": {"x": 765, "y": 555}, "inputs": {"left": false, "right": false, "up": false, "down": false}}
2025-09-23 17:51:55,157 - game_server - INFO - log_game_event:61 - Игровое событие: обновление_позиции - {"client_id": 2, "position": {"x": 765, "y": 555}, "inputs": {"left": false, "right": false, "up": false, "down": false}}
2025-09-23 17:51:55,179 - game_server - INFO - log_game_event:61 - Игровое событие: обновление_позиции - {"client_id": 2, "position": {"x": 765, "y": 555}, "inputs": {"left": false, "right": false, "up": false, "down": false}}
2025-09-23 17:51:55,201 - game_server - INFO - log_game_event:61 - Игровое событие: обновление_позиции - {"client_id": 2, "position": {"x": 765, "y": 555}, "inputs": {"left": false, "right": false, "up": false, "down": false}}
2025-09-23 17:51:55,224 - game_server - INFO - log_game_event:61 - Игровое событие: обновление_позиции - {"client_id": 2, "position": {"x": 765, "y": 555}, "inputs": {"left": false, "right": false, "up": false, "down": false}}
2025-09-23 17:51:55,246 - game_server - INFO - log_game_event:61 - Игровое событие: обновление_позиции - {"client_id": 2, "position": {"x": 765, "y": 555}, "inputs": {"left": false, "right": false, "up": false, "down": false}}
2025-09-23 17:51:55,267 - game_server - INFO - log_game_event:61 - Игровое событие: обновление_позиции - {"client_id": 2, "position": {"x": 765, "y": 555}, "inputs": {"left": false, "right": false, "up": false, "down": false}}
2025-09-23 17:51:55,290 - game_server - INFO - log_game_event:61 - Игровое событие: обновление_позиции - {"client_id": 2, "position": {"x": 765, "y": 555}, "inputs": {"left": false, "right": false, "up": false, "down": false}}
2025-09-23 17:51:55,312 - game_server - INFO - log_game_event:61 - Игровое событие: обновление_позиции - {"client_id": 2, "position": {"x": 765, "y": 555}, "inputs": {"left": false, "right": false, "up": false, "down": false}}
2025-09-23 17:51:55,333 - game_server - INFO - log_game_event:61 - Игровое событие: обновление_позиции - {"client_id": 2, "position": {"x": 765, "y": 555}, "inputs": {"left": false, "right": false, "up": false, "down": false}}
2025-09-23 17:51:55,355 - game_server - INFO - log_game_event:61 - Игровое событие: обновление_позиции - {"client_id": 2, "position": {"x": 765, "y": 555}, "inputs": {"left": false, "right": false, "up": false, "down": false}}
2025-09-23 17:51:55,377 - game_server - INFO - log_game_event:61 - Игровое событие: обновление_позиции - {"client_id": 2, "position": {"x": 765, "y": 555}, "inputs": {"left": false, "right": false, "up": false, "down": false}}
2025-09-23 17:51:55,399 - game_server - INFO - log_game_event:61 - Игровое событие: обновление_позиции - {"client_id": 2, "position": {"x": 765, "y": 555}, "inputs": {"left": false, "right": false, "up": false, "down": false}}
2025-09-23 17:51:55,421 - game_server - INFO - log_game_event:61 - Игровое событие: обновление_позиции - {"client_id": 2, "position": {"x": 765, "y": 555}, "inputs": {"left": false, "right": false, "up": false, "down": false}}
2025-09-23 17:51:55,443 - game_server - INFO - log_game_event:61 - Игровое событие: обновление_позиции - {"client_id": 2, "position": {"x": 765, "y": 555}, "inputs": {"left": false, "right": false, "up": false, "down": false}}
2025-09-23 17:51:55,466 - game_server - INFO - log_game_event:61 - Игровое событие: обновление_позиции - {"client_id": 2, "position": {"x": 765, "y": 555}, "inputs": {"left": false, "right": false, "up": false, "down": false}}
2025-09-23 17:51:55,488 - game_server - INFO - log_game_event:61 - Игровое событие: обновление_позиции - {"client_id": 2, "position": {"x": 765, "y": 555}, "inputs": {"left": false, "right": false, "up": false, "down": false}}
2025-09-23 17:51:55,510 - game_server - INFO - log_game_event:61 - Игровое событие: обновление_позиции - {"client_id": 2, "position": {"x": 765, "y": 555}, "inputs": {"left": false, "right": false, "up": false, "down": false}}
2025-09-23 17:51:55,532 - game_server - INFO - log_game_event:61 - Игровое событие: обновление_позиции - {"client_id": 2, "position": {"x": 765, "y": 555}, "inputs": {"left": false, "right": false, "up": false, "down": false}}
2025-09-23 17:51:55,554 - game_server - INFO - log_game_event:61 - Игровое событие: обновление_позиции - {"client_id": 2, "position": {"x": 765, "y": 555}, "inputs": {"left": false, "right": false, "up": false, "down": false}}
2025-09-23 17:51:55,576 - game_server - INFO - log_game_event:61 - Игровое событие: обновление_позиции - {"client_id": 2, "position": {"x": 765, "y": 555}, "inputs": {"left": false, "right": false, "up": false, "down": false}}
2025-09-23 17:51:55,598 - game_server - INFO - log_game_event:61 - Игровое событие: обновление_позиции - {"client_id": 2, "position": {"x": 765, "y": 555}, "inputs": {"left": false, "right": false, "up": false, "down": false}}
2025-09-23 17:51:55,620 - game_server - INFO - log_game_event:61 - Игровое событие: обновление_позиции - {"client_id": 2, "position": {"x": 765, "y": 555}, "inputs": {"left": false, "right": false, "up": false, "down": false}}
2025-09-23 17:51:55,642 - game_server - INFO - log_game_event:61 - Игровое событие: обновление_позиции - {"client_id": 2, "position": {"x": 765, "y": 555}, "inputs": {"left": false, "right": false, "up": false, "down": false}}
2025-09-23 17:51:55,665 - game_server - INFO - log_game_event:61 - Игровое событие: обновление_позиции - {"client_id": 2, "position": {"x": 765, "y": 555}, "inputs": {"left": false, "right": false, "up": false, "down": false}}
2025-09-23 17:51:55,686 - game_server - INFO - log_game_event:61 - Игровое событие: обновление_позиции - {"client_id": 2, "position": {"x": 765, "y": 555}, "inputs": {"left": false, "right": false, "up": false, "down": false}}
2025-09-23 17:51:55,708 - game_server - INFO - log_game_event:61 - Игровое событие: обновление_позиции - {"client_id": 2, "position": {"x": 765, "y": 555}, "inputs": {"left": false, "right": false, "up": false, "down": false}}
2025-09-23 17:51:55,730 - game_server - INFO - log_game_event:61 - Игровое событие: обновление_позиции - {"client_id": 2, "position": {"x": 765, "y": 555}, "inputs": {"left": false, "right": false, "up": false, "down": false}}
2025-09-23 17:51:55,752 - game_server - INFO - log_game_event:61 - Игровое событие: обновление_позиции - {"client_id": 2, "position": {"x": 765, "y": 555}, "inputs": {"left": false, "right": false, "up": false, "down": false}}
2025-09-23 17:51:55,774 - game_server - INFO - log_game_event:61 - Игровое событие: обновление_позиции - {"client_id": 2, "position": {"x": 765, "y": 555}, "inputs": {"left": false, "right": false, "up": false, "down": false}}
2025-09-23 17:51:55,796 - game_server - INFO - log_game_event:61 - Игровое событие: обновление_позиции - {"client_id": 2, "position": {"x": 765, "y": 555}, "inputs": {"left": false, "right": false, "up": false, "down": false}}
2025-09-23 17:51:55,819 - game_server - INFO - log_game_event:61 - Игровое событие: обновление_позиции - {"client_id": 2, "position": {"x": 765, "y": 555}, "inputs": {"left": false, "right": false, "up": false, "down": false}}
2025-09-23 17:51:55,840 - game_server - INFO - log_game_event:61 - Игровое событие: обновление_позиции - {"client_id": 2, "position": {"x": 765, "y": 555}, "inputs": {"left": false, "right": false, "up": false, "down": false}}
2025-09-23 17:51:55,863 - game_server - INFO - log_game_event:61 - Игровое событие: обновление_позиции - {"client_id": 2, "position": {"x": 765, "y": 555}, "inputs": {"left": false, "right": false, "up": false, "down": false}}
2025-09-23 17:51:55,885 - game_server - INFO - log_game_event:61 - Игровое событие: обновление_позиции - {"client_id": 2, "position": {"x": 765, "y": 555}, "inputs": {"left": false, "right": false, "up": false, "down": false}}
2025-09-23 17:51:55,906 - game_server - INFO - log_game_event:61 - Игровое событие: обновление_позиции - {"client_id": 2, "position": {"x": 765, "y": 555}, "inputs": {"left": false, "right": false, "up": false, "down": false}}
2025-09-23 17:51:55,928 - game_server - INFO - log_game_event:61 - Игровое событие: обновление_позиции - {"client_id": 2, "position": {"x": 765, "y": 555}, "inputs": {"left": false, "right": false, "up": false, "down": false}}
2025-09-23 17:51:55,951 - game_server - INFO - log_game_event:61 - Игровое событие: обновление_позиции - {"client_id": 2, "position": {"x": 765, "y": 555}, "inputs": {"left": false, "right": false, "up": false, "down": false}}
2025-09-23 17:51:55,972 - game_server - INFO - log_game_event:61 - Игровое событие: обновление_позиции - {"client_id": 2, "position": {"x": 765, "y": 555}, "inputs": {"left": false, "right": false, "up": false, "down": false}}
2025-09-23 17:51:55,996 - game_server - INFO - log_game_event:61 - Игровое событие: обновление_позиции - {"client_id": 2, "position": {"x": 765, "y": 555}, "inputs": {"left": false, "right": false, "up": false, "down": false}}
2025-09-23 17:51:56,019 - game_server - INFO - log_game_event:61 - Игровое событие: обновление_позиции - {"client_id": 2, "position": {"x": 765, "y": 555}, "inputs": {"left": false, "right": false, "up": false, "down": false}}
2025-09-23 17:51:56,040 - game_server - INFO - log_game_event:61 - Игровое событие: обновление_позиции - {"client_id": 2, "position": {"x": 765, "y": 555}, "inputs": {"left": false, "right": false, "up": false, "down": false}}
2025-09-23 17:51:56,062 - game_server - INFO - log_game_event:61 - Игровое событие: обновление_позиции - {"client_id": 2, "position": {"x": 765, "y": 555}, "inputs": {"left": false, "right": false, "up": false, "down": false}}
2025-09-23 17:51:56,084 - game_server - INFO - log_game_event:61 - Игровое событие: обновление_позиции - {"client_id": 2, "position": {"x": 765, "y": 555}, "inputs": {"left": false, "right": false, "up": false, "down": false}}
2025-09-23 17:51:56,106 - game_server - INFO - log_game_event:61 - Игровое событие: обновление_позиции - {"client_id": 2, "position": {"x": 765, "y": 555}, "inputs": {"left": false, "right": false, "up": false, "down": false}}
2025-09-23 17:51:56,128 - game_server - INFO - log_game_event:61 - Игровое событие: обновление_позиции - {"client_id": 2, "position": {"x": 765, "y": 555}, "inputs": {"left": false, "right": false, "up": false, "down": false}}
2025-09-23 17:51:56,150 - game_server - INFO - log_game_event:61 - Игровое событие: обновление_позиции - {"client_id": 2, "position": {"x": 765, "y": 555}, "inputs": {"left": false, "right": false, "up": false, "down": false}}
2025-09-23 17:51:56,172 - game_server - INFO - log_game_event:61 - Игровое событие: обновление_позиции - {"client_id": 2, "position": {"x": 765, "y": 555}, "inputs": {"left": false, "right": false, "up": false, "down": false}}
2025-09-23 17:51:56,195 - game_server - INFO - log_game_event:61 - Игровое событие: обновление_позиции - {"client_id": 2, "position": {"x": 765, "y": 555}, "inputs": {"left": false, "right": false, "up": false, "down": false}}
2025-09-23 17:51:56,216 - game_server - INFO - log_game_event:61 - Игровое событие: обновление_позиции - {"client_id": 2, "position": {"x": 765, "y": 555}, "inputs": {"left": false, "right": false, "up": false, "down": false}}
2025-09-23 17:51:56,238 - game_server - INFO - log_game_event:61 - Игровое событие: обновление_позиции - {"client_id": 2, "position": {"x": 765, "y": 555}, "inputs": {"left": false, "right": false, "up": false, "down": false}}
2025-09-23 17:51:56,260 - game_server - INFO - log_game_event:61 - Игровое событие: обновление_позиции - {"client_id": 2, "position": {"x": 765, "y": 555}, "inputs": {"left": false, "right": false, "up": false, "down": false}}
2025-09-23 17:51:56,282 - game_server - INFO - log_game_event:61 - Игровое событие: обновление_позиции - {"client_id": 2, "position": {"x": 765, "y": 555}, "inputs": {"left": false, "right": false, "up": false, "down": false}}
2025-09-23 17:51:56,304 - game_server - INFO - log_game_event:61 - Игровое событие: обновление_позиции - {"client_id": 2, "position": {"x": 765, "y": 555}, "inputs": {"left": false, "right": false, "up": false, "down": false}}
2025-09-23 17:51:56,326 - game_server - INFO - log_game_event:61 - Игровое событие: обновление_позиции - {"client_id": 2, "position": {"x": 765, "y": 555}, "inputs": {"left": false, "right": false, "up": false, "down": false}}
2025-09-23 17:51:56,349 - game_server - INFO - log_game_event:61 - Игровое событие: обновление_позиции - {"client_id": 2, "position": {"x": 765, "y": 555}, "inputs": {"left": false, "right": false, "up": false, "down": false}}
2025-09-23 17:51:56,370 - game_server - INFO - log_game_event:61 - Игровое событие: обновление_позиции - {"client_id": 2, "position": {"x": 765, "y": 555}, "inputs": {"left": false, "right": false, "up": false, "down": false}}
2025-09-23 17:51:56,392 - game_server - INFO - log_game_event:61 - Игровое событие: обновление_позиции - {"client_id": 2, "position": {"x": 765, "y": 555}, "inputs": {"left": false, "right": false, "up": false, "down": false}}
2025-09-23 17:51:56,414 - game_server - INFO - log_game_event:61 - Игровое событие: обновление_позиции - {"client_id": 2, "position": {"x": 765, "y": 555}, "inputs": {"left": false, "right": false, "up": false, "down": false}}
2025-09-23 17:51:56,436 - game_server - INFO - log_game_event:61 - Игровое событие: обновление_позиции - {"client_id": 2, "position": {"x": 765, "y": 555}, "inputs": {"left": false, "right": false, "up": false, "down": false}}
2025-09-23 17:51:56,458 - game_server - INFO - log_game_event:61 - Игровое событие: обновление_позиции - {"client_id": 2, "position": {"x": 765, "y": 555}, "inputs": {"left": false, "right": false, "up": false, "down": false}}
2025-09-23 17:51:56,480 - game_server - INFO - log_game_event:61 - Игровое событие: обновление_позиции - {"client_id": 2, "position": {"x": 765, "y": 555}, "inputs": {"left": false, "right": false, "up": false, "down": false}}
2025-09-23 17:51:56,503 - game_server - INFO - log_game_event:61 - Игровое событие: обновление_позиции - {"client_id": 2, "position": {"x": 765, "y": 555}, "inputs": {"left": false, "right": false, "up": false, "down": false}}
2025-09-23 17:51:56,525 - game_server - INFO - log_game_event:61 - Игровое событие: обновление_позиции - {"client_id": 2, "position": {"x": 765, "y": 555}, "inputs": {"left": false, "right": false, "up": false, "down": false}}
2025-09-23 17:51:56,547 - game_server - INFO - log_game_event:61 - Игровое событие: обновление_позиции - {"client_id": 2, "position": {"x": 765, "y": 555}, "inputs": {"left": false, "right": false, "up": false, "down": false}}
2025-09-23 17:51:56,569 - game_server - INFO - log_game_event:61 - Игровое событие: обновление_позиции - {"client_id": 2, "position": {"x": 765, "y": 555}, "inputs": {"left": false, "right": false, "up": false, "down": false}}
2025-09-23 17:51:56,591 - game_server - INFO - log_game_event:61 - Игровое событие: обновление_позиции - {"client_id": 2, "position": {"x": 765, "y": 555}, "inputs": {"left": false, "right": false, "up": false, "down": false}}
2025-09-23 17:51:56,613 - game_server - INFO - log_game_event:61 - Игровое событие: обновление_позиции - {"client_id": 2, "position": {"x": 765, "y": 555}, "inputs": {"left": false, "right": false, "up": false, "down": false}}
2025-09-23 17:51:56,635 - game_server - INFO - log_game_event:61 - Игровое событие: обновление_позиции - {"client_id": 2, "position": {"x": 765, "y": 555}, "inputs": {"left": false, "right": false, "up": false, "down": false}}
2025-09-23 17:51:56,656 - game_server - INFO - log_game_event:61 - Игровое событие: обновление_позиции - {"client_id": 2, "position": {"x": 765, "y": 555}, "inputs": {"left": false, "right": false, "up": false, "down": false}}
2025-09-23 17:51:56,678 - game_server - INFO - log_game_event:61 - Игровое событие: обновление_позиции - {"client_id": 2, "position": {"x": 765, "y": 555}, "inputs": {"left": false, "right": false, "up": false, "down": false}}
2025-09-23 17:51:56,700 - game_server - INFO - log_game_event:61 - Игровое событие: обновление_позиции - {"client_id": 2, "position": {"x": 765, "y": 555}, "inputs": {"left": false, "right": false, "up": false, "down": false}}
2025-09-23 17:51:56,723 - game_server - INFO - log_game_event:61 - Игровое событие: обновление_позиции - {"client_id": 2, "position": {"x": 765, "y": 555}, "inputs": {"left": false, "right": false, "up": false, "down": false}}
2025-09-23 17:51:56,745 - game_server - INFO - log_game_event:61 - Игровое событие: обновление_позиции - {"client_id": 2, "position": {"x": 765, "y": 555}, "inputs": {"left": false, "right": false, "up": false, "down": false}}
2025-09-23 17:51:56,766 - game_server - INFO - log_game_event:61 - Игровое событие: обновление_позиции - {"client_id": 2, "position": {"x": 765, "y": 555}, "inputs": {"left": false, "right": false, "up": false, "down": false}}
2025-09-23 17:51:56,788 - game_server - INFO - log_game_event:61 - Игровое событие: обновление_позиции - {"client_id": 2, "position": {"x": 765, "y": 555}, "inputs": {"left": false, "right": false, "up": false, "down": false}}
2025-09-23 17:51:56,810 - game_server - INFO - log_game_event:61 - Игровое событие: обновление_позиции - {"client_id": 2, "position": {"x": 765, "y": 555}, "inputs": {"left": false, "right": false, "up": false, "down": false}}
2025-09-23 17:51:56,832 - game_server - INFO - log_game_event:61 - Игровое событие: обновление_позиции - {"client_id": 2, "position": {"x": 765, "y": 555}, "inputs": {"left": false, "right": false, "up": false, "down": false}}
2025-09-23 17:51:56,854 - game_server - INFO - log_game_event:61 - Игровое событие: обновление_позиции - {"client_id": 2, "position": {"x": 765, "y": 555}, "inputs": {"left": false, "right": false, "up": false, "down": false}}
2025-09-23 17:51:56,876 - game_server - INFO - log_game_event:61 - Игровое событие: обновление_позиции - {"client_id": 2, "position": {"x": 765, "y": 555}, "inputs": {"left": false, "right": false, "up": false, "down": false}}
2025-09-23 17:51:56,898 - game_server - INFO - log_game_event:61 - Игровое событие: обновление_позиции - {"client_id": 2, "position": {"x": 765, "y": 555}, "inputs": {"left": false, "right": false, "up": false, "down": false}}
2025-09-23 17:51:56,919 - game_server - INFO - log_game_event:61 - Игровое событие: обновление_позиции - {"client_id": 2, "position": {"x": 765, "y": 555}, "inputs": {"left": false, "right": false, "up": false, "down": false}}
2025-09-23 17:51:56,941 - game_server - INFO - log_game_event:61 - Игровое событие: обновление_позиции - {"client_id": 2, "position": {"x": 765, "y": 555}, "inputs": {"left": false, "right": false, "up": false, "down": false}}
2025-09-23 17:51:56,963 - game_server - INFO - log_game_event:61 - Игровое событие: обновление_позиции - {"client_id": 2, "position": {"x": 765, "y": 555}, "inputs": {"left": false, "right": false, "up": false, "down": false}}
2025-09-23 17:51:56,984 - game_server - INFO - log_game_event:61 - Игровое событие: обновление_позиции - {"client_id": 2, "position": {"x": 765, "y": 555}, "inputs": {"left": false, "right": false, "up": false, "down": false}}
2025-09-23 17:51:57,006 - game_server - INFO - log_game_event:61 - Игровое событие: обновление_позиции - {"client_id": 2, "position": {"x": 765, "y": 555}, "inputs": {"left": false, "right": false, "up": false, "down": false}}
2025-09-23 17:51:57,027 - game_server - INFO - log_game_event:61 - Игровое событие: обновление_позиции - {"client_id": 2, "position": {"x": 765, "y": 555}, "inputs": {"left": false, "right": false, "up": false, "down": false}}
2025-09-23 17:51:57,049 - game_server - INFO - log_game_event:61 - Игровое событие: обновление_позиции - {"client_id": 2, "position": {"x": 765, "y": 555}, "inputs": {"left": false, "right": false, "up": false, "down": false}}
2025-09-23 17:51:57,070 - game_server - INFO - log_game_event:61 - Игровое событие: обновление_позиции - {"client_id": 2, "position": {"x": 765, "y": 555}, "inputs": {"left": false, "right": false, "up": false, "down": false}}
2025-09-23 17:51:57,103 - game_server - INFO - log_game_event:61 - Игровое событие: обновление_позиции - {"client_id": 2, "position": {"x": 765, "y": 555}, "inputs": {"left": false, "right": false, "up": false, "down": false}}
2025-09-23 17:51:57,136 - game_server - INFO - log_game_event:61 - Игровое событие: обновление_позиции - {"client_id": 2, "position": {"x": 765, "y": 555}, "inputs": {"left": false, "right": false, "up": false, "down": false}}
2025-09-23 17:51:57,169 - game_server - INFO - log_game_event:61 - Игровое событие: обновление_позиции - {"client_id": 2, "position": {"x": 765, "y": 555}, "inputs": {"left": false, "right": false, "up": false, "down": false}}
2025-09-23 17:51:57,201 - game_server - INFO - log_game_event:61 - Игровое событие: обновление_позиции - {"client_id": 2, "position": {"x": 765, "y": 555}, "inputs": {"left": false, "right": false, "up": false, "down": false}}
2025-09-23 17:51:57,234 - game_server - INFO - log_game_event:61 - Игровое событие: обновление_позиции - {"client_id": 2, "position": {"x": 765, "y": 555}, "inputs": {"left": false, "right": false, "up": false, "down": false}}
2025-09-23 17:51:57,267 - game_server - INFO - log_game_event:61 - Игровое событие: обновление_позиции - {"client_id": 2, "position": {"x": 765, "y": 555}, "inputs": {"left": false, "right": false, "up": false, "down": false}}
2025-09-23 17:51:57,301 - game_server - INFO - log_game_event:61 - Игровое событие: обновление_позиции - {"client_id": 2, "position": {"x": 765, "y": 555}, "inputs": {"left": false, "right": false, "up": false, "down": false}}
2025-09-23 17:51:57,332 - game_server - INFO - log_game_event:61 - Игровое событие: обновление_позиции - {"client_id": 2, "position": {"x": 765, "y": 555}, "inputs": {"left": false, "right": false, "up": false, "down": false}}
2025-09-23 17:51:57,365 - game_server - INFO - log_game_event:61 - Игровое событие: обновление_позиции - {"client_id": 2, "position": {"x": 765, "y": 555}, "inputs": {"left": false, "right": false, "up": false, "down": false}}
2025-09-23 17:51:57,396 - game_server - INFO - log_game_event:61 - Игровое событие: обновление_позиции - {"client_id": 2, "position": {"x": 765, "y": 555}, "inputs": {"left": false, "right": false, "up": false, "down": false}}
2025-09-23 17:51:57,430 - game_server - INFO - log_game_event:61 - Игровое событие: обновление_позиции - {"client_id": 2, "position": {"x": 765, "y": 555}, "inputs": {"left": false, "right": false, "up": false, "down": false}}
2025-09-23 17:51:57,463 - game_server - INFO - log_game_event:61 - Игровое событие: обновление_позиции - {"client_id": 2, "position": {"x": 765, "y": 555}, "inputs": {"left": false, "right": false, "up": false, "down": false}}
2025-09-23 17:51:57,495 - game_server - INFO - log_game_event:61 - Игровое событие: обновление_позиции - {"client_id": 2, "position": {"x": 765, "y": 555}, "inputs": {"left": false, "right": false, "up": false, "down": false}}
2025-09-23 17:51:57,527 - game_server - INFO - log_game_event:61 - Игровое событие: обновление_позиции - {"client_id": 2, "position": {"x": 765, "y": 555}, "inputs": {"left": false, "right": false, "up": false, "down": false}}
2025-09-23 17:51:57,561 - game_server - INFO - log_game_event:61 - Игровое событие: обновление_позиции - {"client_id": 2, "position": {"x": 765, "y": 555}, "inputs": {"left": false, "right": false, "up": false, "down": false}}
2025-09-23 17:51:57,594 - game_server - INFO - log_game_event:61 - Игровое событие: обновление_позиции - {"client_id": 2, "position": {"x": 765, "y": 555}, "inputs": {"left": false, "right": false, "up": false, "down": false}}
2025-09-23 17:51:57,629 - game_server - INFO - log_game_event:61 - Игровое событие: обновление_позиции - {"client_id": 2, "position": {"x": 765, "y": 555}, "inputs": {"left": false, "right": false, "up": false, "down": false}}
2025-09-23 17:51:57,662 - game_server - INFO - log_game_event:61 - Игровое событие: обновление_позиции - {"client_id": 2, "position": {"x": 765, "y": 555}, "inputs": {"left": false, "right": false, "up": false, "down": false}}
2025-09-23 17:51:57,695 - game_server - INFO - log_game_event:61 - Игровое событие: обновление_позиции - {"client_id": 2, "position": {"x": 765, "y": 555}, "inputs": {"left": false, "right": false, "up": false, "down": false}}
2025-09-23 17:51:57,728 - game_server - INFO - log_game_event:61 - Игровое событие: обновление_позиции - {"client_id": 2, "position": {"x": 765, "y": 555}, "inputs": {"left": false, "right": false, "up": false, "down": false}}
2025-09-23 17:51:57,762 - game_server - INFO - log_game_event:61 - Игровое событие: обновление_позиции - {"client_id": 2, "position": {"x": 765, "y": 555}, "inputs": {"left": false, "right": false, "up": false, "down": false}}
2025-09-23 17:51:57,795 - game_server - INFO - log_game_event:61 - Игровое событие: обновление_позиции - {"client_id": 2, "position": {"x": 765, "y": 555}, "inputs": {"left": false, "right": false, "up": false, "down": false}}
2025-09-23 17:51:57,828 - game_server - INFO - log_game_event:61 - Игровое событие: обновление_позиции - {"client_id": 2, "position": {"x": 765, "y": 555}, "inputs": {"left": false, "right": false, "up": false, "down": false}}
2025-09-23 17:51:57,861 - game_server - INFO - log_game_event:61 - Игровое событие: обновление_позиции - {"client_id": 2, "position": {"x": 765, "y": 555}, "inputs": {"left": false, "right": false, "up": false, "down": false}}
2025-09-23 17:51:57,895 - game_server - INFO - log_game_event:61 - Игровое событие: обновление_позиции - {"client_id": 2, "position": {"x": 765, "y": 555}, "inputs": {"left": false, "right": false, "up": false, "down": false}}
2025-09-23 17:51:57,928 - game_server - INFO - log_game_event:61 - Игровое событие: обновление_позиции - {"client_id": 2, "position": {"x": 765, "y": 555}, "inputs": {"left": false, "right": false, "up": false, "down": false}}
2025-09-23 17:51:57,961 - game_server - INFO - log_game_event:61 - Игровое событие: обновление_позиции - {"client_id": 2, "position": {"x": 765, "y": 555}, "inputs": {"left": false, "right": false, "up": false, "down": false}}
2025-09-23 17:51:57,994 - game_server - INFO - log_game_event:61 - Игровое событие: обновление_позиции - {"client_id": 2, "position": {"x": 765, "y": 555}, "inputs": {"left": false, "right": false, "up": false, "down": false}}
2025-09-23 17:51:58,028 - game_server - INFO - log_game_event:61 - Игровое событие: обновление_позиции - {"client_id": 2, "position": {"x": 765, "y": 555}, "inputs": {"left": false, "right": false, "up": false, "down": false}}
2025-09-23 17:51:58,062 - game_server - INFO - log_game_event:61 - Игровое событие: обновление_позиции - {"client_id": 2, "position": {"x": 765, "y": 555}, "inputs": {"left": false, "right": false, "up": false, "down": false}}
2025-09-23 17:51:58,095 - game_server - INFO - log_game_event:61 - Игровое событие: обновление_позиции - {"client_id": 2, "position": {"x": 765, "y": 555}, "inputs": {"left": false, "right": false, "up": false, "down": false}}
2025-09-23 17:51:58,128 - game_server - INFO - log_game_event:61 - Игровое событие: обновление_позиции - {"client_id": 2, "position": {"x": 765, "y": 555}, "inputs": {"left": false, "right": false, "up": false, "down": false}}
2025-09-23 17:51:58,161 - game_server - INFO - log_game_event:61 - Игровое событие: обновление_позиции - {"client_id": 2, "position": {"x": 765, "y": 555}, "inputs": {"left": false, "right": false, "up": false, "down": false}}
2025-09-23 17:51:58,192 - game_server - INFO - log_game_event:61 - Игровое событие: обновление_позиции - {"client_id": 2, "position": {"x": 765, "y": 555}, "inputs": {"left": false, "right": false, "up": false, "down": false}}
2025-09-23 17:51:58,225 - game_server - INFO - log_game_event:61 - Игровое событие: обновление_позиции - {"client_id": 2, "position": {"x": 765, "y": 555}, "inputs": {"left": false, "right": false, "up": false, "down": false}}
2025-09-23 17:51:58,257 - game_server - INFO - log_game_event:61 - Игровое событие: обновление_позиции - {"client_id": 2, "position": {"x": 765, "y": 555}, "inputs": {"left": false, "right": false, "up": false, "down": false}}
2025-09-23 17:51:58,290 - game_server - INFO - log_game_event:61 - Игровое событие: обновление_позиции - {"client_id": 2, "position": {"x": 765, "y": 555}, "inputs": {"left": false, "right": false, "up": false, "down": false}}
2025-09-23 17:51:58,324 - game_server - INFO - log_game_event:61 - Игровое событие: обновление_позиции - {"client_id": 2, "position": {"x": 765, "y": 555}, "inputs": {"left": false, "right": false, "up": false, "down": false}}
2025-09-23 17:51:58,357 - game_server - INFO - log_game_event:61 - Игровое событие: обновление_позиции - {"client_id": 2, "position": {"x": 765, "y": 555}, "inputs": {"left": false, "right": false, "up": false, "down": false}}
2025-09-23 17:51:58,388 - game_server - INFO - log_game_event:61 - Игровое событие: обновление_позиции - {"client_id": 2, "position": {"x": 765, "y": 555}, "inputs": {"left": false, "right": false, "up": false, "down": false}}
2025-09-23 17:51:58,413 - game_server - INFO - log_game_event:61 - Игровое событие: обновление_позиции - {"client_id": 2, "position": {"x": 765, "y": 555}, "inputs": {"left": false, "right": false, "up": false, "down": false}}
2025-09-23 17:51:58,437 - game_server - INFO - log_game_event:61 - Игровое событие: обновление_позиции - {"client_id": 2, "position": {"x": 765, "y": 555}, "inputs": {"left": false, "right": false, "up": false, "down": false}}
2025-09-23 17:51:58,462 - game_server - INFO - log_game_event:61 - Игровое событие: обновление_позиции - {"client_id": 2, "position": {"x": 765, "y": 555}, "inputs": {"left": false, "right": false, "up": false, "down": false}}
2025-09-23 17:51:58,492 - game_server - INFO - log_game_event:61 - Игровое событие: обновление_позиции - {"client_id": 2, "position": {"x": 765, "y": 555}, "inputs": {"left": false, "right": false, "up": false, "down": false}}
