2025-09-25 17:38:54,174 - game_server - INFO - <module>:87 - Сервер запущен на 192.168.1.4:5555 (привязан к 0.0.0.0)
2025-09-25 17:39:13,780 - game_server - INFO - log_connection:56 - Клиент 0: подключен - {"ip": "192.168.1.4", "port": 53344}
2025-09-25 17:39:13,797 - game_server - INFO - log_game_event:61 - Игровое событие: обновление_позиции - {"client_id": 0, "position": {"x": 960, "y": 540}, "inputs": {"left": false, "right": false, "up": false, "down": false}}
2025-09-25 17:39:14,191 - game_server - INFO - log_connection:56 - Клиент 0: отключен
2025-09-25 17:40:30,764 - game_server - INFO - log_connection:56 - Клиент 1: подключен - {"ip": "192.168.1.4", "port": 53372}
2025-09-25 17:40:30,780 - game_server - INFO - log_game_event:61 - Игровое событие: обновление_позиции - {"client_id": 1, "position": {"x": 960, "y": 540}, "inputs": {"left": false, "right": false, "up": false, "down": false}}
2025-09-25 17:40:30,806 - game_server - INFO - log_game_event:61 - Игровое событие: обновление_позиции - {"client_id": 1, "position": {"x": 960, "y": 540}, "inputs": {"left": false, "right": false, "up": false, "down": false}}
2025-09-25 17:40:30,836 - game_server - INFO - log_game_event:61 - Игровое событие: обновление_позиции - {"client_id": 1, "position": {"x": 960, "y": 540}, "inputs": {"left": false, "right": false, "up": false, "down": false}}
2025-09-25 17:40:30,872 - game_server - INFO - log_game_event:61 - Игровое событие: обновление_позиции - {"client_id": 1, "position": {"x": 960, "y": 540}, "inputs": {"left": false, "right": false, "up": false, "down": false}}
2025-09-25 17:40:30,907 - game_server - INFO - log_game_event:61 - Игровое событие: обновление_позиции - {"client_id": 1, "position": {"x": 960, "y": 540}, "inputs": {"left": false, "right": false, "up": false, "down": false}}
2025-09-25 17:40:30,943 - game_server - INFO - log_game_event:61 - Игровое событие: обновление_позиции - {"client_id": 1, "position": {"x": 960, "y": 540}, "inputs": {"left": false, "right": false, "up": false, "down": false}}
2025-09-25 17:40:30,980 - game_server - INFO - log_game_event:61 - Игровое событие: обновление_позиции - {"client_id": 1, "position": {"x": 960, "y": 540}, "inputs": {"left": false, "right": false, "up": false, "down": false}}
2025-09-25 17:40:31,016 - game_server - INFO - log_game_event:61 - Игровое событие: обновление_позиции - {"client_id": 1, "position": {"x": 960, "y": 540}, "inputs": {"left": false, "right": false, "up": false, "down": false}}
2025-09-25 17:40:31,051 - game_server - INFO - log_game_event:61 - Игровое событие: обновление_позиции - {"client_id": 1, "position": {"x": 960, "y": 540}, "inputs": {"left": false, "right": false, "up": false, "down": false}}
2025-09-25 17:40:31,085 - game_server - INFO - log_game_event:61 - Игровое событие: обновление_позиции - {"client_id": 1, "position": {"x": 960, "y": 540}, "inputs": {"left": false, "right": false, "up": false, "down": false}}
2025-09-25 17:40:31,122 - game_server - INFO - log_game_event:61 - Игровое событие: обновление_позиции - {"client_id": 1, "position": {"x": 960, "y": 540}, "inputs": {"left": false, "right": false, "up": false, "down": false}}
2025-09-25 17:40:31,159 - game_server - INFO - log_game_event:61 - Игровое событие: обновление_позиции - {"client_id": 1, "position": {"x": 960, "y": 540}, "inputs": {"left": false, "right": false, "up": false, "down": false}}
2025-09-25 17:40:31,194 - game_server - INFO - log_game_event:61 - Игровое событие: обновление_позиции - {"client_id": 1, "position": {"x": 960, "y": 540}, "inputs": {"left": false, "right": false, "up": false, "down": false}}
2025-09-25 17:40:31,232 - game_server - INFO - log_game_event:61 - Игровое событие: обновление_позиции - {"client_id": 1, "position": {"x": 960, "y": 540}, "inputs": {"left": false, "right": false, "up": false, "down": false}}
2025-09-25 17:40:31,267 - game_server - INFO - log_game_event:61 - Игровое событие: обновление_позиции - {"client_id": 1, "position": {"x": 960, "y": 540}, "inputs": {"left": false, "right": false, "up": false, "down": false}}
2025-09-25 17:40:31,304 - game_server - INFO - log_game_event:61 - Игровое событие: обновление_позиции - {"client_id": 1, "position": {"x": 960, "y": 540}, "inputs": {"left": false, "right": false, "up": false, "down": false}}
2025-09-25 17:40:31,339 - game_server - INFO - log_game_event:61 - Игровое событие: обновление_позиции - {"client_id": 1, "position": {"x": 960, "y": 540}, "inputs": {"left": false, "right": false, "up": false, "down": false}}
2025-09-25 17:40:31,375 - game_server - INFO - log_game_event:61 - Игровое событие: обновление_позиции - {"client_id": 1, "position": {"x": 960, "y": 540}, "inputs": {"left": false, "right": false, "up": false, "down": false}}
2025-09-25 17:40:31,413 - game_server - INFO - log_game_event:61 - Игровое событие: обновление_позиции - {"client_id": 1, "position": {"x": 960, "y": 540}, "inputs": {"left": false, "right": false, "up": false, "down": false}}
2025-09-25 17:40:31,448 - game_server - INFO - log_game_event:61 - Игровое событие: обновление_позиции - {"client_id": 1, "position": {"x": 960, "y": 540}, "inputs": {"left": false, "right": false, "up": false, "down": false}}
2025-09-25 17:40:31,486 - game_server - INFO - log_game_event:61 - Игровое событие: обновление_позиции - {"client_id": 1, "position": {"x": 960, "y": 540}, "inputs": {"left": false, "right": false, "up": false, "down": false}}
2025-09-25 17:40:31,521 - game_server - INFO - log_game_event:61 - Игровое событие: обновление_позиции - {"client_id": 1, "position": {"x": 960, "y": 540}, "inputs": {"left": false, "right": false, "up": false, "down": false}}
2025-09-25 17:40:31,557 - game_server - INFO - log_game_event:61 - Игровое событие: обновление_позиции - {"client_id": 1, "position": {"x": 960, "y": 540}, "inputs": {"left": false, "right": false, "up": false, "down": false}}
2025-09-25 17:40:31,593 - game_server - INFO - log_game_event:61 - Игровое событие: обновление_позиции - {"client_id": 1, "position": {"x": 960, "y": 540}, "inputs": {"left": false, "right": false, "up": false, "down": false}}
2025-09-25 17:40:31,629 - game_server - INFO - log_game_event:61 - Игровое событие: обновление_позиции - {"client_id": 1, "position": {"x": 960, "y": 540}, "inputs": {"left": false, "right": false, "up": false, "down": false}}
2025-09-25 17:40:31,664 - game_server - INFO - log_game_event:61 - Игровое событие: обновление_позиции - {"client_id": 1, "position": {"x": 960, "y": 540}, "inputs": {"left": false, "right": false, "up": false, "down": false}}
2025-09-25 17:40:31,701 - game_server - INFO - log_game_event:61 - Игровое событие: обновление_позиции - {"client_id": 1, "position": {"x": 960, "y": 540}, "inputs": {"left": false, "right": false, "up": false, "down": false}}
2025-09-25 17:40:31,736 - game_server - INFO - log_game_event:61 - Игровое событие: обновление_позиции - {"client_id": 1, "position": {"x": 960, "y": 540}, "inputs": {"left": false, "right": false, "up": false, "down": false}}
2025-09-25 17:40:31,772 - game_server - INFO - log_game_event:61 - Игровое событие: обновление_позиции - {"client_id": 1, "position": {"x": 960, "y": 540}, "inputs": {"left": false, "right": false, "up": false, "down": false}}
2025-09-25 17:40:31,807 - game_server - INFO - log_game_event:61 - Игровое событие: обновление_позиции - {"client_id": 1, "position": {"x": 960, "y": 540}, "inputs": {"left": false, "right": false, "up": false, "down": false}}
2025-09-25 17:40:31,844 - game_server - INFO - log_game_event:61 - Игровое событие: обновление_позиции - {"client_id": 1, "position": {"x": 960, "y": 540}, "inputs": {"left": false, "right": false, "up": false, "down": false}}
2025-09-25 17:40:31,878 - game_server - INFO - log_game_event:61 - Игровое событие: обновление_позиции - {"client_id": 1, "position": {"x": 960, "y": 540}, "inputs": {"left": false, "right": false, "up": false, "down": false}}
2025-09-25 17:40:31,914 - game_server - INFO - log_game_event:61 - Игровое событие: обновление_позиции - {"client_id": 1, "position": {"x": 960, "y": 540}, "inputs": {"left": false, "right": false, "up": false, "down": false}}
2025-09-25 17:40:31,951 - game_server - INFO - log_game_event:61 - Игровое событие: обновление_позиции - {"client_id": 1, "position": {"x": 960, "y": 540}, "inputs": {"left": false, "right": false, "up": false, "down": false}}
2025-09-25 17:40:31,986 - game_server - INFO - log_game_event:61 - Игровое событие: обновление_позиции - {"client_id": 1, "position": {"x": 960, "y": 540}, "inputs": {"left": false, "right": false, "up": false, "down": false}}
2025-09-25 17:40:32,022 - game_server - INFO - log_game_event:61 - Игровое событие: обновление_позиции - {"client_id": 1, "position": {"x": 960, "y": 540}, "inputs": {"left": false, "right": false, "up": false, "down": false}}
2025-09-25 17:40:32,056 - game_server - INFO - log_game_event:61 - Игровое событие: обновление_позиции - {"client_id": 1, "position": {"x": 960, "y": 540}, "inputs": {"left": false, "right": false, "up": false, "down": false}}
2025-09-25 17:40:32,090 - game_server - INFO - log_game_event:61 - Игровое событие: обновление_позиции - {"client_id": 1, "position": {"x": 960, "y": 540}, "inputs": {"left": false, "right": false, "up": false, "down": false}}
2025-09-25 17:40:32,125 - game_server - INFO - log_game_event:61 - Игровое событие: обновление_позиции - {"client_id": 1, "position": {"x": 960, "y": 540}, "inputs": {"left": false, "right": false, "up": false, "down": false}}
2025-09-25 17:40:32,159 - game_server - INFO - log_game_event:61 - Игровое событие: обновление_позиции - {"client_id": 1, "position": {"x": 960, "y": 540}, "inputs": {"left": false, "right": false, "up": false, "down": false}}
2025-09-25 17:40:32,194 - game_server - INFO - log_game_event:61 - Игровое событие: обновление_позиции - {"client_id": 1, "position": {"x": 960, "y": 540}, "inputs": {"left": false, "right": false, "up": false, "down": false}}
2025-09-25 17:40:32,230 - game_server - INFO - log_game_event:61 - Игровое событие: обновление_позиции - {"client_id": 1, "position": {"x": 960, "y": 540}, "inputs": {"left": false, "right": false, "up": false, "down": false}}
2025-09-25 17:40:32,265 - game_server - INFO - log_game_event:61 - Игровое событие: обновление_позиции - {"client_id": 1, "position": {"x": 960, "y": 540}, "inputs": {"left": false, "right": false, "up": false, "down": false}}
2025-09-25 17:40:32,303 - game_server - INFO - log_game_event:61 - Игровое событие: обновление_позиции - {"client_id": 1, "position": {"x": 960, "y": 540}, "inputs": {"left": false, "right": false, "up": false, "down": false}}
2025-09-25 17:40:32,339 - game_server - INFO - log_game_event:61 - Игровое событие: обновление_позиции - {"client_id": 1, "position": {"x": 960, "y": 540}, "inputs": {"left": false, "right": false, "up": false, "down": false}}
2025-09-25 17:40:32,372 - game_server - INFO - log_game_event:61 - Игровое событие: обновление_позиции - {"client_id": 1, "position": {"x": 960, "y": 540}, "inputs": {"left": false, "right": false, "up": false, "down": false}}
2025-09-25 17:40:32,406 - game_server - INFO - log_game_event:61 - Игровое событие: обновление_позиции - {"client_id": 1, "position": {"x": 960, "y": 540}, "inputs": {"left": false, "right": false, "up": false, "down": false}}
2025-09-25 17:40:32,441 - game_server - INFO - log_game_event:61 - Игровое событие: обновление_позиции - {"client_id": 1, "position": {"x": 960, "y": 540}, "inputs": {"left": false, "right": false, "up": false, "down": false}}
2025-09-25 17:40:32,474 - game_server - INFO - log_game_event:61 - Игровое событие: обновление_позиции - {"client_id": 1, "position": {"x": 960, "y": 540}, "inputs": {"left": false, "right": false, "up": false, "down": false}}
2025-09-25 17:40:32,509 - game_server - INFO - log_game_event:61 - Игровое событие: обновление_позиции - {"client_id": 1, "position": {"x": 960, "y": 540}, "inputs": {"left": false, "right": false, "up": false, "down": false}}
2025-09-25 17:40:32,541 - game_server - INFO - log_game_event:61 - Игровое событие: обновление_позиции - {"client_id": 1, "position": {"x": 960, "y": 540}, "inputs": {"left": false, "right": false, "up": false, "down": false}}
2025-09-25 17:40:32,577 - game_server - INFO - log_game_event:61 - Игровое событие: обновление_позиции - {"client_id": 1, "position": {"x": 960, "y": 540}, "inputs": {"left": false, "right": false, "up": false, "down": false}}
2025-09-25 17:40:32,613 - game_server - INFO - log_game_event:61 - Игровое событие: обновление_позиции - {"client_id": 1, "position": {"x": 960, "y": 540}, "inputs": {"left": false, "right": false, "up": false, "down": false}}
2025-09-25 17:40:32,649 - game_server - INFO - log_game_event:61 - Игровое событие: обновление_позиции - {"client_id": 1, "position": {"x": 960, "y": 540}, "inputs": {"left": false, "right": false, "up": false, "down": false}}
2025-09-25 17:40:32,685 - game_server - INFO - log_game_event:61 - Игровое событие: обновление_позиции - {"client_id": 1, "position": {"x": 960, "y": 540}, "inputs": {"left": false, "right": false, "up": false, "down": false}}
2025-09-25 17:40:32,723 - game_server - INFO - log_game_event:61 - Игровое событие: обновление_позиции - {"client_id": 1, "position": {"x": 960, "y": 540}, "inputs": {"left": false, "right": false, "up": false, "down": false}}
2025-09-25 17:40:32,760 - game_server - INFO - log_game_event:61 - Игровое событие: обновление_позиции - {"client_id": 1, "position": {"x": 960, "y": 540}, "inputs": {"left": false, "right": false, "up": false, "down": false}}
2025-09-25 17:40:32,792 - game_server - INFO - log_game_event:61 - Игровое событие: обновление_позиции - {"client_id": 1, "position": {"x": 960, "y": 540}, "inputs": {"left": false, "right": false, "up": false, "down": false}}
2025-09-25 17:40:32,827 - game_server - INFO - log_game_event:61 - Игровое событие: обновление_позиции - {"client_id": 1, "position": {"x": 960, "y": 540}, "inputs": {"left": false, "right": false, "up": false, "down": false}}
2025-09-25 17:40:32,861 - game_server - INFO - log_game_event:61 - Игровое событие: обновление_позиции - {"client_id": 1, "position": {"x": 960, "y": 540}, "inputs": {"left": false, "right": false, "up": false, "down": false}}
2025-09-25 17:40:32,892 - game_server - INFO - log_game_event:61 - Игровое событие: обновление_позиции - {"client_id": 1, "position": {"x": 960, "y": 540}, "inputs": {"left": false, "right": false, "up": false, "down": false}}
2025-09-25 17:40:32,923 - game_server - INFO - log_game_event:61 - Игровое событие: обновление_позиции - {"client_id": 1, "position": {"x": 960, "y": 540}, "inputs": {"left": false, "right": false, "up": false, "down": false}}
2025-09-25 17:40:32,950 - game_server - INFO - log_game_event:61 - Игровое событие: обновление_позиции - {"client_id": 1, "position": {"x": 960, "y": 540}, "inputs": {"left": false, "right": false, "up": false, "down": false}}
2025-09-25 17:40:32,985 - game_server - INFO - log_game_event:61 - Игровое событие: обновление_позиции - {"client_id": 1, "position": {"x": 960, "y": 540}, "inputs": {"left": false, "right": false, "up": false, "down": false}}
2025-09-25 17:40:33,021 - game_server - INFO - log_game_event:61 - Игровое событие: обновление_позиции - {"client_id": 1, "position": {"x": 960, "y": 540}, "inputs": {"left": false, "right": false, "up": false, "down": false}}
2025-09-25 17:40:33,059 - game_server - INFO - log_game_event:61 - Игровое событие: обновление_позиции - {"client_id": 1, "position": {"x": 960, "y": 540}, "inputs": {"left": false, "right": false, "up": false, "down": false}}
2025-09-25 17:40:33,094 - game_server - INFO - log_game_event:61 - Игровое событие: обновление_позиции - {"client_id": 1, "position": {"x": 960, "y": 540}, "inputs": {"left": false, "right": false, "up": false, "down": false}}
2025-09-25 17:40:33,126 - game_server - INFO - log_game_event:61 - Игровое событие: обновление_позиции - {"client_id": 1, "position": {"x": 960, "y": 540}, "inputs": {"left": false, "right": false, "up": false, "down": false}}
2025-09-25 17:40:33,160 - game_server - INFO - log_game_event:61 - Игровое событие: обновление_позиции - {"client_id": 1, "position": {"x": 960, "y": 540}, "inputs": {"left": false, "right": false, "up": false, "down": false}}
2025-09-25 17:40:33,191 - game_server - INFO - log_game_event:61 - Игровое событие: обновление_позиции - {"client_id": 1, "position": {"x": 960, "y": 540}, "inputs": {"left": false, "right": false, "up": false, "down": false}}
2025-09-25 17:40:33,224 - game_server - INFO - log_game_event:61 - Игровое событие: обновление_позиции - {"client_id": 1, "position": {"x": 960, "y": 540}, "inputs": {"left": false, "right": false, "up": false, "down": false}}
2025-09-25 17:40:33,262 - game_server - INFO - log_game_event:61 - Игровое событие: обновление_позиции - {"client_id": 1, "position": {"x": 960, "y": 540}, "inputs": {"left": false, "right": false, "up": false, "down": false}}
2025-09-25 17:40:33,295 - game_server - INFO - log_game_event:61 - Игровое событие: обновление_позиции - {"client_id": 1, "position": {"x": 960, "y": 540}, "inputs": {"left": false, "right": false, "up": false, "down": false}}
2025-09-25 17:40:33,330 - game_server - INFO - log_game_event:61 - Игровое событие: обновление_позиции - {"client_id": 1, "position": {"x": 960, "y": 540}, "inputs": {"left": false, "right": false, "up": false, "down": false}}
2025-09-25 17:40:33,366 - game_server - INFO - log_game_event:61 - Игровое событие: обновление_позиции - {"client_id": 1, "position": {"x": 960, "y": 540}, "inputs": {"left": false, "right": false, "up": false, "down": false}}
2025-09-25 17:40:33,405 - game_server - INFO - log_game_event:61 - Игровое событие: обновление_позиции - {"client_id": 1, "position": {"x": 960, "y": 540}, "inputs": {"left": false, "right": false, "up": false, "down": false}}
2025-09-25 17:40:33,442 - game_server - INFO - log_game_event:61 - Игровое событие: обновление_позиции - {"client_id": 1, "position": {"x": 960, "y": 540}, "inputs": {"left": false, "right": false, "up": false, "down": false}}
2025-09-25 17:40:33,476 - game_server - INFO - log_game_event:61 - Игровое событие: обновление_позиции - {"client_id": 1, "position": {"x": 960, "y": 540}, "inputs": {"left": false, "right": false, "up": false, "down": false}}
2025-09-25 17:40:33,514 - game_server - INFO - log_game_event:61 - Игровое событие: обновление_позиции - {"client_id": 1, "position": {"x": 960, "y": 540}, "inputs": {"left": false, "right": false, "up": false, "down": false}}
2025-09-25 17:40:33,550 - game_server - INFO - log_game_event:61 - Игровое событие: обновление_позиции - {"client_id": 1, "position": {"x": 960, "y": 540}, "inputs": {"left": false, "right": false, "up": false, "down": false}}
2025-09-25 17:40:33,588 - game_server - INFO - log_game_event:61 - Игровое событие: обновление_позиции - {"client_id": 1, "position": {"x": 960, "y": 540}, "inputs": {"left": false, "right": false, "up": false, "down": false}}
2025-09-25 17:40:33,626 - game_server - INFO - log_game_event:61 - Игровое событие: обновление_позиции - {"client_id": 1, "position": {"x": 960, "y": 540}, "inputs": {"left": false, "right": false, "up": false, "down": false}}
2025-09-25 17:40:33,661 - game_server - INFO - log_game_event:61 - Игровое событие: обновление_позиции - {"client_id": 1, "position": {"x": 960, "y": 540}, "inputs": {"left": false, "right": false, "up": false, "down": false}}
2025-09-25 17:40:33,699 - game_server - INFO - log_game_event:61 - Игровое событие: обновление_позиции - {"client_id": 1, "position": {"x": 960, "y": 540}, "inputs": {"left": false, "right": false, "up": false, "down": false}}
2025-09-25 17:40:33,738 - game_server - INFO - log_game_event:61 - Игровое событие: обновление_позиции - {"client_id": 1, "position": {"x": 960, "y": 540}, "inputs": {"left": false, "right": false, "up": false, "down": false}}
2025-09-25 17:40:33,775 - game_server - INFO - log_game_event:61 - Игровое событие: обновление_позиции - {"client_id": 1, "position": {"x": 960, "y": 540}, "inputs": {"left": false, "right": false, "up": false, "down": false}}
2025-09-25 17:40:33,811 - game_server - INFO - log_game_event:61 - Игровое событие: обновление_позиции - {"client_id": 1, "position": {"x": 960, "y": 540}, "inputs": {"left": false, "right": false, "up": false, "down": false}}
2025-09-25 17:40:33,845 - game_server - INFO - log_game_event:61 - Игровое событие: обновление_позиции - {"client_id": 1, "position": {"x": 960, "y": 540}, "inputs": {"left": false, "right": false, "up": false, "down": false}}
2025-09-25 17:40:33,882 - game_server - INFO - log_game_event:61 - Игровое событие: обновление_позиции - {"client_id": 1, "position": {"x": 960, "y": 540}, "inputs": {"left": false, "right": false, "up": false, "down": false}}
2025-09-25 17:40:33,919 - game_server - INFO - log_game_event:61 - Игровое событие: обновление_позиции - {"client_id": 1, "position": {"x": 960, "y": 540}, "inputs": {"left": false, "right": false, "up": false, "down": false}}
2025-09-25 17:40:33,958 - game_server - INFO - log_game_event:61 - Игровое событие: обновление_позиции - {"client_id": 1, "position": {"x": 960, "y": 540}, "inputs": {"left": false, "right": false, "up": false, "down": false}}
2025-09-25 17:40:33,994 - game_server - INFO - log_game_event:61 - Игровое событие: обновление_позиции - {"client_id": 1, "position": {"x": 960, "y": 540}, "inputs": {"left": false, "right": false, "up": false, "down": false}}
2025-09-25 17:40:34,031 - game_server - INFO - log_game_event:61 - Игровое событие: обновление_позиции - {"client_id": 1, "position": {"x": 960, "y": 540}, "inputs": {"left": false, "right": false, "up": false, "down": false}}
2025-09-25 17:40:34,067 - game_server - INFO - log_game_event:61 - Игровое событие: обновление_позиции - {"client_id": 1, "position": {"x": 960, "y": 540}, "inputs": {"left": false, "right": false, "up": false, "down": false}}
2025-09-25 17:40:34,105 - game_server - INFO - log_game_event:61 - Игровое событие: обновление_позиции - {"client_id": 1, "position": {"x": 960, "y": 540}, "inputs": {"left": false, "right": false, "up": false, "down": false}}
2025-09-25 17:40:34,141 - game_server - INFO - log_game_event:61 - Игровое событие: обновление_позиции - {"client_id": 1, "position": {"x": 960, "y": 540}, "inputs": {"left": false, "right": false, "up": false, "down": false}}
2025-09-25 17:40:34,177 - game_server - INFO - log_game_event:61 - Игровое событие: обновление_позиции - {"client_id": 1, "position": {"x": 960, "y": 540}, "inputs": {"left": false, "right": false, "up": false, "down": false}}
2025-09-25 17:40:34,213 - game_server - INFO - log_game_event:61 - Игровое событие: обновление_позиции - {"client_id": 1, "position": {"x": 960, "y": 540}, "inputs": {"left": false, "right": false, "up": false, "down": false}}
2025-09-25 17:40:34,248 - game_server - INFO - log_game_event:61 - Игровое событие: обновление_позиции - {"client_id": 1, "position": {"x": 960, "y": 540}, "inputs": {"left": false, "right": false, "up": false, "down": false}}
2025-09-25 17:40:34,283 - game_server - INFO - log_game_event:61 - Игровое событие: обновление_позиции - {"client_id": 1, "position": {"x": 960, "y": 540}, "inputs": {"left": false, "right": false, "up": false, "down": false}}
2025-09-25 17:40:34,316 - game_server - INFO - log_game_event:61 - Игровое событие: обновление_позиции - {"client_id": 1, "position": {"x": 960, "y": 540}, "inputs": {"left": false, "right": false, "up": false, "down": false}}
2025-09-25 17:40:34,352 - game_server - INFO - log_game_event:61 - Игровое событие: обновление_позиции - {"client_id": 1, "position": {"x": 960, "y": 540}, "inputs": {"left": false, "right": false, "up": false, "down": false}}
2025-09-25 17:40:34,387 - game_server - INFO - log_game_event:61 - Игровое событие: обновление_позиции - {"client_id": 1, "position": {"x": 960, "y": 540}, "inputs": {"left": false, "right": false, "up": false, "down": false}}
2025-09-25 17:40:34,423 - game_server - INFO - log_game_event:61 - Игровое событие: обновление_позиции - {"client_id": 1, "position": {"x": 960, "y": 540}, "inputs": {"left": false, "right": false, "up": false, "down": false}}
2025-09-25 17:40:34,458 - game_server - INFO - log_game_event:61 - Игровое событие: обновление_позиции - {"client_id": 1, "position": {"x": 960, "y": 540}, "inputs": {"left": false, "right": false, "up": false, "down": false}}
2025-09-25 17:40:34,493 - game_server - INFO - log_game_event:61 - Игровое событие: обновление_позиции - {"client_id": 1, "position": {"x": 960, "y": 540}, "inputs": {"left": false, "right": false, "up": false, "down": false}}
2025-09-25 17:40:34,530 - game_server - INFO - log_game_event:61 - Игровое событие: обновление_позиции - {"client_id": 1, "position": {"x": 960, "y": 540}, "inputs": {"left": false, "right": false, "up": false, "down": false}}
2025-09-25 17:40:34,595 - game_server - INFO - log_game_event:61 - Игровое событие: обновление_позиции - {"client_id": 1, "position": {"x": 960, "y": 540}, "inputs": {"left": false, "right": false, "up": false, "down": false}}
2025-09-25 17:40:34,631 - game_server - INFO - log_game_event:61 - Игровое событие: обновление_позиции - {"client_id": 1, "position": {"x": 960, "y": 540}, "inputs": {"left": false, "right": false, "up": false, "down": false}}
2025-09-25 17:40:34,658 - game_server - INFO - log_game_event:61 - Игровое событие: обновление_позиции - {"client_id": 1, "position": {"x": 960, "y": 540}, "inputs": {"left": false, "right": false, "up": false, "down": false}}
2025-09-25 17:40:34,691 - game_server - INFO - log_game_event:61 - Игровое событие: обновление_позиции - {"client_id": 1, "position": {"x": 960, "y": 540}, "inputs": {"left": false, "right": false, "up": false, "down": false}}
2025-09-25 17:40:34,725 - game_server - INFO - log_game_event:61 - Игровое событие: обновление_позиции - {"client_id": 1, "position": {"x": 960, "y": 540}, "inputs": {"left": false, "right": false, "up": false, "down": false}}
2025-09-25 17:40:34,759 - game_server - INFO - log_game_event:61 - Игровое событие: обновление_позиции - {"client_id": 1, "position": {"x": 960, "y": 540}, "inputs": {"left": false, "right": false, "up": false, "down": false}}
2025-09-25 17:40:34,795 - game_server - INFO - log_game_event:61 - Игровое событие: обновление_позиции - {"client_id": 1, "position": {"x": 960, "y": 540}, "inputs": {"left": false, "right": false, "up": false, "down": false}}
2025-09-25 17:40:34,830 - game_server - INFO - log_game_event:61 - Игровое событие: обновление_позиции - {"client_id": 1, "position": {"x": 960, "y": 540}, "inputs": {"left": false, "right": false, "up": false, "down": false}}
2025-09-25 17:40:34,866 - game_server - INFO - log_game_event:61 - Игровое событие: обновление_позиции - {"client_id": 1, "position": {"x": 960, "y": 540}, "inputs": {"left": false, "right": false, "up": false, "down": false}}
2025-09-25 17:40:34,903 - game_server - INFO - log_game_event:61 - Игровое событие: обновление_позиции - {"client_id": 1, "position": {"x": 960, "y": 540}, "inputs": {"left": false, "right": false, "up": false, "down": false}}
2025-09-25 17:40:34,938 - game_server - INFO - log_game_event:61 - Игровое событие: обновление_позиции - {"client_id": 1, "position": {"x": 960, "y": 540}, "inputs": {"left": false, "right": false, "up": false, "down": false}}
2025-09-25 17:40:34,974 - game_server - INFO - log_game_event:61 - Игровое событие: обновление_позиции - {"client_id": 1, "position": {"x": 960, "y": 540}, "inputs": {"left": false, "right": false, "up": false, "down": false}}
2025-09-25 17:40:35,008 - game_server - INFO - log_game_event:61 - Игровое событие: обновление_позиции - {"client_id": 1, "position": {"x": 960, "y": 540}, "inputs": {"left": false, "right": false, "up": false, "down": false}}
2025-09-25 17:40:35,045 - game_server - INFO - log_game_event:61 - Игровое событие: обновление_позиции - {"client_id": 1, "position": {"x": 960, "y": 540}, "inputs": {"left": false, "right": false, "up": false, "down": false}}
2025-09-25 17:40:35,080 - game_server - INFO - log_game_event:61 - Игровое событие: обновление_позиции - {"client_id": 1, "position": {"x": 960, "y": 540}, "inputs": {"left": false, "right": false, "up": false, "down": false}}
2025-09-25 17:40:35,115 - game_server - INFO - log_game_event:61 - Игровое событие: обновление_позиции - {"client_id": 1, "position": {"x": 960, "y": 540}, "inputs": {"left": false, "right": false, "up": false, "down": false}}
2025-09-25 17:40:35,151 - game_server - INFO - log_game_event:61 - Игровое событие: обновление_позиции - {"client_id": 1, "position": {"x": 960, "y": 540}, "inputs": {"left": false, "right": false, "up": false, "down": false}}
2025-09-25 17:40:35,189 - game_server - INFO - log_game_event:61 - Игровое событие: обновление_позиции - {"client_id": 1, "position": {"x": 960, "y": 540}, "inputs": {"left": false, "right": false, "up": false, "down": false}}
2025-09-25 17:40:35,225 - game_server - INFO - log_game_event:61 - Игровое событие: обновление_позиции - {"client_id": 1, "position": {"x": 960, "y": 540}, "inputs": {"left": false, "right": false, "up": false, "down": false}}
2025-09-25 17:40:35,261 - game_server - INFO - log_game_event:61 - Игровое событие: обновление_позиции - {"client_id": 1, "position": {"x": 960, "y": 540}, "inputs": {"left": false, "right": false, "up": false, "down": false}}
2025-09-25 17:40:35,297 - game_server - INFO - log_game_event:61 - Игровое событие: обновление_позиции - {"client_id": 1, "position": {"x": 960, "y": 540}, "inputs": {"left": false, "right": false, "up": false, "down": false}}
2025-09-25 17:40:35,333 - game_server - INFO - log_game_event:61 - Игровое событие: обновление_позиции - {"client_id": 1, "position": {"x": 960, "y": 540}, "inputs": {"left": false, "right": false, "up": false, "down": false}}
2025-09-25 17:40:35,368 - game_server - INFO - log_game_event:61 - Игровое событие: обновление_позиции - {"client_id": 1, "position": {"x": 960, "y": 540}, "inputs": {"left": false, "right": false, "up": false, "down": false}}
2025-09-25 17:40:35,404 - game_server - INFO - log_game_event:61 - Игровое событие: обновление_позиции - {"client_id": 1, "position": {"x": 960, "y": 540}, "inputs": {"left": false, "right": false, "up": false, "down": false}}
2025-09-25 17:40:35,441 - game_server - INFO - log_game_event:61 - Игровое событие: обновление_позиции - {"client_id": 1, "position": {"x": 960, "y": 540}, "inputs": {"left": false, "right": false, "up": false, "down": false}}
2025-09-25 17:40:35,476 - game_server - INFO - log_game_event:61 - Игровое событие: обновление_позиции - {"client_id": 1, "position": {"x": 960, "y": 540}, "inputs": {"left": false, "right": false, "up": false, "down": false}}
2025-09-25 17:40:35,511 - game_server - INFO - log_game_event:61 - Игровое событие: обновление_позиции - {"client_id": 1, "position": {"x": 960, "y": 540}, "inputs": {"left": false, "right": false, "up": false, "down": false}}
2025-09-25 17:40:35,545 - game_server - INFO - log_game_event:61 - Игровое событие: обновление_позиции - {"client_id": 1, "position": {"x": 960, "y": 540}, "inputs": {"left": false, "right": false, "up": false, "down": false}}
2025-09-25 17:40:35,577 - game_server - INFO - log_game_event:61 - Игровое событие: обновление_позиции - {"client_id": 1, "position": {"x": 960, "y": 540}, "inputs": {"left": false, "right": false, "up": false, "down": false}}
2025-09-25 17:40:35,610 - game_server - INFO - log_game_event:61 - Игровое событие: обновление_позиции - {"client_id": 1, "position": {"x": 960, "y": 540}, "inputs": {"left": false, "right": false, "up": false, "down": false}}
2025-09-25 17:40:35,643 - game_server - INFO - log_game_event:61 - Игровое событие: обновление_позиции - {"client_id": 1, "position": {"x": 960, "y": 540}, "inputs": {"left": false, "right": false, "up": false, "down": false}}
2025-09-25 17:40:35,676 - game_server - INFO - log_game_event:61 - Игровое событие: обновление_позиции - {"client_id": 1, "position": {"x": 960, "y": 540}, "inputs": {"left": false, "right": false, "up": false, "down": false}}
2025-09-25 17:40:35,713 - game_server - INFO - log_game_event:61 - Игровое событие: обновление_позиции - {"client_id": 1, "position": {"x": 960, "y": 540}, "inputs": {"left": false, "right": false, "up": false, "down": false}}
2025-09-25 17:40:35,749 - game_server - INFO - log_game_event:61 - Игровое событие: обновление_позиции - {"client_id": 1, "position": {"x": 960, "y": 540}, "inputs": {"left": false, "right": false, "up": false, "down": false}}
2025-09-25 17:40:35,784 - game_server - INFO - log_game_event:61 - Игровое событие: обновление_позиции - {"client_id": 1, "position": {"x": 960, "y": 540}, "inputs": {"left": false, "right": false, "up": false, "down": false}}
2025-09-25 17:40:35,821 - game_server - INFO - log_game_event:61 - Игровое событие: обновление_позиции - {"client_id": 1, "position": {"x": 960, "y": 540}, "inputs": {"left": false, "right": false, "up": false, "down": false}}
2025-09-25 17:40:35,855 - game_server - INFO - log_game_event:61 - Игровое событие: обновление_позиции - {"client_id": 1, "position": {"x": 960, "y": 540}, "inputs": {"left": false, "right": false, "up": false, "down": false}}
2025-09-25 17:40:35,888 - game_server - INFO - log_game_event:61 - Игровое событие: обновление_позиции - {"client_id": 1, "position": {"x": 960, "y": 540}, "inputs": {"left": false, "right": false, "up": false, "down": false}}
2025-09-25 17:40:35,915 - game_server - INFO - log_game_event:61 - Игровое событие: обновление_позиции - {"client_id": 1, "position": {"x": 960, "y": 540}, "inputs": {"left": false, "right": false, "up": false, "down": false}}
2025-09-25 17:40:35,950 - game_server - INFO - log_game_event:61 - Игровое событие: обновление_позиции - {"client_id": 1, "position": {"x": 960, "y": 540}, "inputs": {"left": false, "right": false, "up": false, "down": false}}
2025-09-25 17:40:35,989 - game_server - INFO - log_game_event:61 - Игровое событие: обновление_позиции - {"client_id": 1, "position": {"x": 960, "y": 540}, "inputs": {"left": false, "right": false, "up": false, "down": false}}
2025-09-25 17:40:36,038 - game_server - INFO - log_game_event:61 - Игровое событие: обновление_позиции - {"client_id": 1, "position": {"x": 960, "y": 540}, "inputs": {"left": false, "right": false, "up": false, "down": false}}
2025-09-25 17:40:36,059 - game_server - INFO - log_game_event:61 - Игровое событие: обновление_позиции - {"client_id": 1, "position": {"x": 960, "y": 540}, "inputs": {"left": false, "right": false, "up": false, "down": false}}
2025-09-25 17:40:36,088 - game_server - INFO - log_game_event:61 - Игровое событие: обновление_позиции - {"client_id": 1, "position": {"x": 960, "y": 540}, "inputs": {"left": false, "right": false, "up": false, "down": false}}
2025-09-25 17:40:36,120 - game_server - INFO - log_game_event:61 - Игровое событие: обновление_позиции - {"client_id": 1, "position": {"x": 960, "y": 540}, "inputs": {"left": false, "right": false, "up": false, "down": false}}
2025-09-25 17:40:36,153 - game_server - INFO - log_game_event:61 - Игровое событие: обновление_позиции - {"client_id": 1, "position": {"x": 960, "y": 540}, "inputs": {"left": false, "right": false, "up": false, "down": false}}
2025-09-25 17:40:36,188 - game_server - INFO - log_game_event:61 - Игровое событие: обновление_позиции - {"client_id": 1, "position": {"x": 960, "y": 540}, "inputs": {"left": false, "right": false, "up": false, "down": false}}
2025-09-25 17:40:36,223 - game_server - INFO - log_game_event:61 - Игровое событие: обновление_позиции - {"client_id": 1, "position": {"x": 960, "y": 540}, "inputs": {"left": false, "right": false, "up": false, "down": false}}
2025-09-25 17:40:36,257 - game_server - INFO - log_game_event:61 - Игровое событие: обновление_позиции - {"client_id": 1, "position": {"x": 960, "y": 540}, "inputs": {"left": false, "right": false, "up": false, "down": false}}
2025-09-25 17:40:36,291 - game_server - INFO - log_game_event:61 - Игровое событие: обновление_позиции - {"client_id": 1, "position": {"x": 960, "y": 540}, "inputs": {"left": false, "right": false, "up": false, "down": false}}
2025-09-25 17:40:36,326 - game_server - INFO - log_game_event:61 - Игровое событие: обновление_позиции - {"client_id": 1, "position": {"x": 960, "y": 540}, "inputs": {"left": false, "right": false, "up": false, "down": false}}
2025-09-25 17:40:36,360 - game_server - INFO - log_game_event:61 - Игровое событие: обновление_позиции - {"client_id": 1, "position": {"x": 960, "y": 540}, "inputs": {"left": false, "right": false, "up": false, "down": false}}
2025-09-25 17:40:36,392 - game_server - INFO - log_game_event:61 - Игровое событие: обновление_позиции - {"client_id": 1, "position": {"x": 960, "y": 540}, "inputs": {"left": false, "right": false, "up": false, "down": false}}
2025-09-25 17:40:36,427 - game_server - INFO - log_game_event:61 - Игровое событие: обновление_позиции - {"client_id": 1, "position": {"x": 960, "y": 540}, "inputs": {"left": false, "right": false, "up": false, "down": false}}
2025-09-25 17:40:36,463 - game_server - INFO - log_game_event:61 - Игровое событие: обновление_позиции - {"client_id": 1, "position": {"x": 960, "y": 540}, "inputs": {"left": false, "right": false, "up": false, "down": false}}
2025-09-25 17:40:36,498 - game_server - INFO - log_game_event:61 - Игровое событие: обновление_позиции - {"client_id": 1, "position": {"x": 960, "y": 540}, "inputs": {"left": false, "right": false, "up": false, "down": false}}
2025-09-25 17:40:36,534 - game_server - INFO - log_game_event:61 - Игровое событие: обновление_позиции - {"client_id": 1, "position": {"x": 960, "y": 540}, "inputs": {"left": false, "right": false, "up": false, "down": false}}
2025-09-25 17:40:36,570 - game_server - INFO - log_game_event:61 - Игровое событие: обновление_позиции - {"client_id": 1, "position": {"x": 960, "y": 540}, "inputs": {"left": false, "right": false, "up": false, "down": false}}
2025-09-25 17:40:36,604 - game_server - INFO - log_game_event:61 - Игровое событие: обновление_позиции - {"client_id": 1, "position": {"x": 960, "y": 540}, "inputs": {"left": false, "right": false, "up": false, "down": false}}
2025-09-25 17:40:36,638 - game_server - INFO - log_game_event:61 - Игровое событие: обновление_позиции - {"client_id": 1, "position": {"x": 960, "y": 540}, "inputs": {"left": false, "right": false, "up": false, "down": false}}
2025-09-25 17:40:36,672 - game_server - INFO - log_game_event:61 - Игровое событие: обновление_позиции - {"client_id": 1, "position": {"x": 960, "y": 540}, "inputs": {"left": false, "right": false, "up": false, "down": false}}
2025-09-25 17:40:36,705 - game_server - INFO - log_game_event:61 - Игровое событие: обновление_позиции - {"client_id": 1, "position": {"x": 960, "y": 540}, "inputs": {"left": false, "right": false, "up": false, "down": false}}
2025-09-25 17:40:36,737 - game_server - INFO - log_game_event:61 - Игровое событие: обновление_позиции - {"client_id": 1, "position": {"x": 960, "y": 540}, "inputs": {"left": false, "right": false, "up": false, "down": false}}
2025-09-25 17:40:36,770 - game_server - INFO - log_game_event:61 - Игровое событие: обновление_позиции - {"client_id": 1, "position": {"x": 960, "y": 540}, "inputs": {"left": false, "right": false, "up": false, "down": false}}
2025-09-25 17:40:36,804 - game_server - INFO - log_game_event:61 - Игровое событие: обновление_позиции - {"client_id": 1, "position": {"x": 960, "y": 540}, "inputs": {"left": false, "right": false, "up": false, "down": false}}
2025-09-25 17:40:36,839 - game_server - INFO - log_game_event:61 - Игровое событие: обновление_позиции - {"client_id": 1, "position": {"x": 960, "y": 540}, "inputs": {"left": false, "right": false, "up": false, "down": false}}
2025-09-25 17:40:36,872 - game_server - INFO - log_game_event:61 - Игровое событие: обновление_позиции - {"client_id": 1, "position": {"x": 960, "y": 540}, "inputs": {"left": false, "right": false, "up": false, "down": false}}
2025-09-25 17:40:36,906 - game_server - INFO - log_game_event:61 - Игровое событие: обновление_позиции - {"client_id": 1, "position": {"x": 960, "y": 540}, "inputs": {"left": false, "right": false, "up": false, "down": false}}
2025-09-25 17:40:36,940 - game_server - INFO - log_game_event:61 - Игровое событие: обновление_позиции - {"client_id": 1, "position": {"x": 960, "y": 540}, "inputs": {"left": false, "right": false, "up": false, "down": false}}
2025-09-25 17:40:36,973 - game_server - INFO - log_game_event:61 - Игровое событие: обновление_позиции - {"client_id": 1, "position": {"x": 960, "y": 540}, "inputs": {"left": false, "right": false, "up": false, "down": false}}
2025-09-25 17:40:37,006 - game_server - INFO - log_game_event:61 - Игровое событие: обновление_позиции - {"client_id": 1, "position": {"x": 960, "y": 540}, "inputs": {"left": false, "right": false, "up": false, "down": false}}
2025-09-25 17:40:37,039 - game_server - INFO - log_game_event:61 - Игровое событие: обновление_позиции - {"client_id": 1, "position": {"x": 960, "y": 540}, "inputs": {"left": false, "right": false, "up": false, "down": false}}
2025-09-25 17:40:37,073 - game_server - INFO - log_game_event:61 - Игровое событие: обновление_позиции - {"client_id": 1, "position": {"x": 960, "y": 540}, "inputs": {"left": false, "right": false, "up": false, "down": false}}
2025-09-25 17:40:37,107 - game_server - INFO - log_game_event:61 - Игровое событие: обновление_позиции - {"client_id": 1, "position": {"x": 960, "y": 540}, "inputs": {"left": false, "right": false, "up": false, "down": false}}
2025-09-25 17:40:37,140 - game_server - INFO - log_game_event:61 - Игровое событие: обновление_позиции - {"client_id": 1, "position": {"x": 960, "y": 540}, "inputs": {"left": false, "right": false, "up": false, "down": false}}
2025-09-25 17:40:37,175 - game_server - INFO - log_game_event:61 - Игровое событие: обновление_позиции - {"client_id": 1, "position": {"x": 960, "y": 540}, "inputs": {"left": false, "right": false, "up": false, "down": false}}
2025-09-25 17:40:37,212 - game_server - INFO - log_game_event:61 - Игровое событие: обновление_позиции - {"client_id": 1, "position": {"x": 960, "y": 540}, "inputs": {"left": false, "right": false, "up": false, "down": false}}
2025-09-25 17:40:37,247 - game_server - INFO - log_game_event:61 - Игровое событие: обновление_позиции - {"client_id": 1, "position": {"x": 960, "y": 540}, "inputs": {"left": false, "right": false, "up": false, "down": false}}
2025-09-25 17:40:37,282 - game_server - INFO - log_game_event:61 - Игровое событие: обновление_позиции - {"client_id": 1, "position": {"x": 960, "y": 540}, "inputs": {"left": false, "right": false, "up": false, "down": false}}
2025-09-25 17:40:37,319 - game_server - INFO - log_game_event:61 - Игровое событие: обновление_позиции - {"client_id": 1, "position": {"x": 960, "y": 540}, "inputs": {"left": false, "right": false, "up": false, "down": false}}
2025-09-25 17:40:37,352 - game_server - INFO - log_game_event:61 - Игровое событие: обновление_позиции - {"client_id": 1, "position": {"x": 960, "y": 540}, "inputs": {"left": false, "right": false, "up": false, "down": false}}
2025-09-25 17:40:37,387 - game_server - INFO - log_game_event:61 - Игровое событие: обновление_позиции - {"client_id": 1, "position": {"x": 960, "y": 540}, "inputs": {"left": false, "right": false, "up": false, "down": false}}
2025-09-25 17:40:37,421 - game_server - INFO - log_game_event:61 - Игровое событие: обновление_позиции - {"client_id": 1, "position": {"x": 960, "y": 540}, "inputs": {"left": false, "right": false, "up": false, "down": false}}
2025-09-25 17:40:37,454 - game_server - INFO - log_game_event:61 - Игровое событие: обновление_позиции - {"client_id": 1, "position": {"x": 960, "y": 540}, "inputs": {"left": false, "right": false, "up": false, "down": false}}
2025-09-25 17:40:37,489 - game_server - INFO - log_game_event:61 - Игровое событие: обновление_позиции - {"client_id": 1, "position": {"x": 960, "y": 545}, "inputs": {"left": false, "right": false, "up": false, "down": true}}
2025-09-25 17:40:37,523 - game_server - INFO - log_game_event:61 - Игровое событие: обновление_позиции - {"client_id": 1, "position": {"x": 960, "y": 550}, "inputs": {"left": false, "right": false, "up": false, "down": true}}
2025-09-25 17:40:37,556 - game_server - INFO - log_game_event:61 - Игровое событие: обновление_позиции - {"client_id": 1, "position": {"x": 960, "y": 555}, "inputs": {"left": false, "right": false, "up": false, "down": true}}
2025-09-25 17:40:37,590 - game_server - INFO - log_game_event:61 - Игровое событие: обновление_позиции - {"client_id": 1, "position": {"x": 960, "y": 560}, "inputs": {"left": false, "right": false, "up": false, "down": true}}
2025-09-25 17:40:37,624 - game_server - INFO - log_game_event:61 - Игровое событие: обновление_позиции - {"client_id": 1, "position": {"x": 960, "y": 565}, "inputs": {"left": false, "right": false, "up": false, "down": true}}
2025-09-25 17:40:37,658 - game_server - INFO - log_game_event:61 - Игровое событие: обновление_позиции - {"client_id": 1, "position": {"x": 960, "y": 570}, "inputs": {"left": false, "right": false, "up": false, "down": true}}
2025-09-25 17:40:37,691 - game_server - INFO - log_game_event:61 - Игровое событие: обновление_позиции - {"client_id": 1, "position": {"x": 960, "y": 575}, "inputs": {"left": false, "right": false, "up": false, "down": true}}
2025-09-25 17:40:37,724 - game_server - INFO - log_game_event:61 - Игровое событие: обновление_позиции - {"client_id": 1, "position": {"x": 960, "y": 580}, "inputs": {"left": false, "right": false, "up": false, "down": true}}
2025-09-25 17:40:37,756 - game_server - INFO - log_game_event:61 - Игровое событие: обновление_позиции - {"client_id": 1, "position": {"x": 960, "y": 585}, "inputs": {"left": false, "right": false, "up": false, "down": true}}
2025-09-25 17:40:37,790 - game_server - INFO - log_game_event:61 - Игровое событие: обновление_позиции - {"client_id": 1, "position": {"x": 960, "y": 590}, "inputs": {"left": false, "right": false, "up": false, "down": true}}
2025-09-25 17:40:37,825 - game_server - INFO - log_game_event:61 - Игровое событие: обновление_позиции - {"client_id": 1, "position": {"x": 960, "y": 595}, "inputs": {"left": false, "right": false, "up": false, "down": true}}
2025-09-25 17:40:37,859 - game_server - INFO - log_game_event:61 - Игровое событие: обновление_позиции - {"client_id": 1, "position": {"x": 960, "y": 600}, "inputs": {"left": false, "right": false, "up": false, "down": true}}
2025-09-25 17:40:37,893 - game_server - INFO - log_game_event:61 - Игровое событие: обновление_позиции - {"client_id": 1, "position": {"x": 960, "y": 605}, "inputs": {"left": false, "right": false, "up": false, "down": true}}
2025-09-25 17:40:37,926 - game_server - INFO - log_game_event:61 - Игровое событие: обновление_позиции - {"client_id": 1, "position": {"x": 960, "y": 610}, "inputs": {"left": false, "right": false, "up": false, "down": true}}
2025-09-25 17:40:37,961 - game_server - INFO - log_game_event:61 - Игровое событие: обновление_позиции - {"client_id": 1, "position": {"x": 960, "y": 615}, "inputs": {"left": false, "right": false, "up": false, "down": true}}
2025-09-25 17:40:37,994 - game_server - INFO - log_game_event:61 - Игровое событие: обновление_позиции - {"client_id": 1, "position": {"x": 960, "y": 620}, "inputs": {"left": false, "right": false, "up": false, "down": true}}
2025-09-25 17:40:38,029 - game_server - INFO - log_game_event:61 - Игровое событие: обновление_позиции - {"client_id": 1, "position": {"x": 960, "y": 625}, "inputs": {"left": false, "right": false, "up": false, "down": true}}
2025-09-25 17:40:38,064 - game_server - INFO - log_game_event:61 - Игровое событие: обновление_позиции - {"client_id": 1, "position": {"x": 960, "y": 630}, "inputs": {"left": false, "right": false, "up": false, "down": true}}
2025-09-25 17:40:38,097 - game_server - INFO - log_game_event:61 - Игровое событие: обновление_позиции - {"client_id": 1, "position": {"x": 960, "y": 635}, "inputs": {"left": false, "right": false, "up": false, "down": true}}
2025-09-25 17:40:38,132 - game_server - INFO - log_game_event:61 - Игровое событие: обновление_позиции - {"client_id": 1, "position": {"x": 960, "y": 640}, "inputs": {"left": false, "right": false, "up": false, "down": true}}
2025-09-25 17:40:38,165 - game_server - INFO - log_game_event:61 - Игровое событие: обновление_позиции - {"client_id": 1, "position": {"x": 960, "y": 645}, "inputs": {"left": false, "right": false, "up": false, "down": true}}
2025-09-25 17:40:38,200 - game_server - INFO - log_game_event:61 - Игровое событие: обновление_позиции - {"client_id": 1, "position": {"x": 960, "y": 650}, "inputs": {"left": false, "right": false, "up": false, "down": true}}
2025-09-25 17:40:38,236 - game_server - INFO - log_game_event:61 - Игровое событие: обновление_позиции - {"client_id": 1, "position": {"x": 960, "y": 655}, "inputs": {"left": false, "right": false, "up": false, "down": true}}
2025-09-25 17:40:38,273 - game_server - INFO - log_game_event:61 - Игровое событие: обновление_позиции - {"client_id": 1, "position": {"x": 960, "y": 660}, "inputs": {"left": false, "right": false, "up": false, "down": true}}
2025-09-25 17:40:38,307 - game_server - INFO - log_game_event:61 - Игровое событие: обновление_позиции - {"client_id": 1, "position": {"x": 960, "y": 665}, "inputs": {"left": false, "right": false, "up": false, "down": true}}
2025-09-25 17:40:38,340 - game_server - INFO - log_game_event:61 - Игровое событие: обновление_позиции - {"client_id": 1, "position": {"x": 960, "y": 670}, "inputs": {"left": false, "right": false, "up": false, "down": true}}
2025-09-25 17:40:38,375 - game_server - INFO - log_game_event:61 - Игровое событие: обновление_позиции - {"client_id": 1, "position": {"x": 960, "y": 675}, "inputs": {"left": false, "right": false, "up": false, "down": true}}
2025-09-25 17:40:38,410 - game_server - INFO - log_game_event:61 - Игровое событие: обновление_позиции - {"client_id": 1, "position": {"x": 960, "y": 680}, "inputs": {"left": false, "right": false, "up": false, "down": true}}
2025-09-25 17:40:38,445 - game_server - INFO - log_game_event:61 - Игровое событие: обновление_позиции - {"client_id": 1, "position": {"x": 960, "y": 685}, "inputs": {"left": false, "right": false, "up": false, "down": true}}
2025-09-25 17:40:38,479 - game_server - INFO - log_game_event:61 - Игровое событие: обновление_позиции - {"client_id": 1, "position": {"x": 960, "y": 690}, "inputs": {"left": false, "right": false, "up": false, "down": true}}
2025-09-25 17:40:38,515 - game_server - INFO - log_game_event:61 - Игровое событие: обновление_позиции - {"client_id": 1, "position": {"x": 960, "y": 695}, "inputs": {"left": false, "right": false, "up": false, "down": true}}
2025-09-25 17:40:38,551 - game_server - INFO - log_game_event:61 - Игровое событие: обновление_позиции - {"client_id": 1, "position": {"x": 960, "y": 695}, "inputs": {"left": false, "right": false, "up": false, "down": false}}
2025-09-25 17:40:38,586 - game_server - INFO - log_game_event:61 - Игровое событие: обновление_позиции - {"client_id": 1, "position": {"x": 960, "y": 695}, "inputs": {"left": false, "right": false, "up": false, "down": false}}
2025-09-25 17:40:38,620 - game_server - INFO - log_game_event:61 - Игровое событие: обновление_позиции - {"client_id": 1, "position": {"x": 960, "y": 695}, "inputs": {"left": false, "right": false, "up": false, "down": false}}
2025-09-25 17:40:38,656 - game_server - INFO - log_game_event:61 - Игровое событие: обновление_позиции - {"client_id": 1, "position": {"x": 960, "y": 695}, "inputs": {"left": false, "right": false, "up": false, "down": false}}
2025-09-25 17:40:38,689 - game_server - INFO - log_game_event:61 - Игровое событие: обновление_позиции - {"client_id": 1, "position": {"x": 960, "y": 695}, "inputs": {"left": false, "right": false, "up": false, "down": false}}
2025-09-25 17:40:38,724 - game_server - INFO - log_game_event:61 - Игровое событие: обновление_позиции - {"client_id": 1, "position": {"x": 960, "y": 695}, "inputs": {"left": false, "right": false, "up": false, "down": false}}
2025-09-25 17:40:38,758 - game_server - INFO - log_game_event:61 - Игровое событие: обновление_позиции - {"client_id": 1, "position": {"x": 960, "y": 695}, "inputs": {"left": false, "right": false, "up": false, "down": false}}
2025-09-25 17:40:38,794 - game_server - INFO - log_game_event:61 - Игровое событие: обновление_позиции - {"client_id": 1, "position": {"x": 955, "y": 695}, "inputs": {"left": true, "right": false, "up": false, "down": false}}
2025-09-25 17:40:38,830 - game_server - INFO - log_game_event:61 - Игровое событие: обновление_позиции - {"client_id": 1, "position": {"x": 950, "y": 695}, "inputs": {"left": true, "right": false, "up": false, "down": false}}
2025-09-25 17:40:38,865 - game_server - INFO - log_game_event:61 - Игровое событие: обновление_позиции - {"client_id": 1, "position": {"x": 945, "y": 695}, "inputs": {"left": true, "right": false, "up": false, "down": false}}
2025-09-25 17:40:38,900 - game_server - INFO - log_game_event:61 - Игровое событие: обновление_позиции - {"client_id": 1, "position": {"x": 940, "y": 695}, "inputs": {"left": true, "right": false, "up": false, "down": false}}
2025-09-25 17:40:38,935 - game_server - INFO - log_game_event:61 - Игровое событие: обновление_позиции - {"client_id": 1, "position": {"x": 935, "y": 695}, "inputs": {"left": true, "right": false, "up": false, "down": false}}
2025-09-25 17:40:38,971 - game_server - INFO - log_game_event:61 - Игровое событие: обновление_позиции - {"client_id": 1, "position": {"x": 930, "y": 695}, "inputs": {"left": true, "right": false, "up": false, "down": false}}
2025-09-25 17:40:39,005 - game_server - INFO - log_game_event:61 - Игровое событие: обновление_позиции - {"client_id": 1, "position": {"x": 925, "y": 695}, "inputs": {"left": true, "right": false, "up": false, "down": false}}
2025-09-25 17:40:39,040 - game_server - INFO - log_game_event:61 - Игровое событие: обновление_позиции - {"client_id": 1, "position": {"x": 920, "y": 695}, "inputs": {"left": true, "right": false, "up": false, "down": false}}
2025-09-25 17:40:39,074 - game_server - INFO - log_game_event:61 - Игровое событие: обновление_позиции - {"client_id": 1, "position": {"x": 915, "y": 695}, "inputs": {"left": true, "right": false, "up": false, "down": false}}
2025-09-25 17:40:39,109 - game_server - INFO - log_game_event:61 - Игровое событие: обновление_позиции - {"client_id": 1, "position": {"x": 910, "y": 695}, "inputs": {"left": true, "right": false, "up": false, "down": false}}
2025-09-25 17:40:39,142 - game_server - INFO - log_game_event:61 - Игровое событие: обновление_позиции - {"client_id": 1, "position": {"x": 905, "y": 695}, "inputs": {"left": true, "right": false, "up": false, "down": false}}
2025-09-25 17:40:39,176 - game_server - INFO - log_game_event:61 - Игровое событие: обновление_позиции - {"client_id": 1, "position": {"x": 900, "y": 690}, "inputs": {"left": true, "right": false, "up": true, "down": false}}
2025-09-25 17:40:39,211 - game_server - INFO - log_game_event:61 - Игровое событие: обновление_позиции - {"client_id": 1, "position": {"x": 895, "y": 685}, "inputs": {"left": true, "right": false, "up": true, "down": false}}
2025-09-25 17:40:39,246 - game_server - INFO - log_game_event:61 - Игровое событие: обновление_позиции - {"client_id": 1, "position": {"x": 890, "y": 680}, "inputs": {"left": true, "right": false, "up": true, "down": false}}
2025-09-25 17:40:39,282 - game_server - INFO - log_game_event:61 - Игровое событие: обновление_позиции - {"client_id": 1, "position": {"x": 885, "y": 675}, "inputs": {"left": true, "right": false, "up": true, "down": false}}
2025-09-25 17:40:39,316 - game_server - INFO - log_game_event:61 - Игровое событие: обновление_позиции - {"client_id": 1, "position": {"x": 880, "y": 670}, "inputs": {"left": true, "right": false, "up": true, "down": false}}
2025-09-25 17:40:39,351 - game_server - INFO - log_game_event:61 - Игровое событие: обновление_позиции - {"client_id": 1, "position": {"x": 875, "y": 665}, "inputs": {"left": true, "right": false, "up": true, "down": false}}
2025-09-25 17:40:39,385 - game_server - INFO - log_game_event:61 - Игровое событие: обновление_позиции - {"client_id": 1, "position": {"x": 870, "y": 660}, "inputs": {"left": true, "right": false, "up": true, "down": false}}
2025-09-25 17:40:39,421 - game_server - INFO - log_game_event:61 - Игровое событие: обновление_позиции - {"client_id": 1, "position": {"x": 865, "y": 655}, "inputs": {"left": true, "right": false, "up": true, "down": false}}
2025-09-25 17:40:39,455 - game_server - INFO - log_game_event:61 - Игровое событие: обновление_позиции - {"client_id": 1, "position": {"x": 860, "y": 650}, "inputs": {"left": true, "right": false, "up": true, "down": false}}
2025-09-25 17:40:39,488 - game_server - INFO - log_game_event:61 - Игровое событие: обновление_позиции - {"client_id": 1, "position": {"x": 855, "y": 645}, "inputs": {"left": true, "right": false, "up": true, "down": false}}
2025-09-25 17:40:39,521 - game_server - INFO - log_game_event:61 - Игровое событие: обновление_позиции - {"client_id": 1, "position": {"x": 850, "y": 640}, "inputs": {"left": true, "right": false, "up": true, "down": false}}
2025-09-25 17:40:39,554 - game_server - INFO - log_game_event:61 - Игровое событие: обновление_позиции - {"client_id": 1, "position": {"x": 845, "y": 635}, "inputs": {"left": true, "right": false, "up": true, "down": false}}
2025-09-25 17:40:39,587 - game_server - INFO - log_game_event:61 - Игровое событие: обновление_позиции - {"client_id": 1, "position": {"x": 840, "y": 630}, "inputs": {"left": true, "right": false, "up": true, "down": false}}
2025-09-25 17:40:39,623 - game_server - INFO - log_game_event:61 - Игровое событие: обновление_позиции - {"client_id": 1, "position": {"x": 840, "y": 625}, "inputs": {"left": false, "right": false, "up": true, "down": false}}
2025-09-25 17:40:39,658 - game_server - INFO - log_game_event:61 - Игровое событие: обновление_позиции - {"client_id": 1, "position": {"x": 840, "y": 620}, "inputs": {"left": false, "right": false, "up": true, "down": false}}
2025-09-25 17:40:39,691 - game_server - INFO - log_game_event:61 - Игровое событие: обновление_позиции - {"client_id": 1, "position": {"x": 840, "y": 615}, "inputs": {"left": false, "right": false, "up": true, "down": false}}
2025-09-25 17:40:39,725 - game_server - INFO - log_game_event:61 - Игровое событие: обновление_позиции - {"client_id": 1, "position": {"x": 840, "y": 610}, "inputs": {"left": false, "right": false, "up": true, "down": false}}
2025-09-25 17:40:39,761 - game_server - INFO - log_game_event:61 - Игровое событие: обновление_позиции - {"client_id": 1, "position": {"x": 840, "y": 605}, "inputs": {"left": false, "right": false, "up": true, "down": false}}
2025-09-25 17:40:39,797 - game_server - INFO - log_game_event:61 - Игровое событие: обновление_позиции - {"client_id": 1, "position": {"x": 840, "y": 600}, "inputs": {"left": false, "right": false, "up": true, "down": false}}
2025-09-25 17:40:39,831 - game_server - INFO - log_game_event:61 - Игровое событие: обновление_позиции - {"client_id": 1, "position": {"x": 840, "y": 595}, "inputs": {"left": false, "right": false, "up": true, "down": false}}
2025-09-25 17:40:39,866 - game_server - INFO - log_game_event:61 - Игровое событие: обновление_позиции - {"client_id": 1, "position": {"x": 840, "y": 590}, "inputs": {"left": false, "right": false, "up": true, "down": false}}
2025-09-25 17:40:39,902 - game_server - INFO - log_game_event:61 - Игровое событие: обновление_позиции - {"client_id": 1, "position": {"x": 840, "y": 585}, "inputs": {"left": false, "right": false, "up": true, "down": false}}
2025-09-25 17:40:39,936 - game_server - INFO - log_game_event:61 - Игровое событие: обновление_позиции - {"client_id": 1, "position": {"x": 840, "y": 580}, "inputs": {"left": false, "right": false, "up": true, "down": false}}
2025-09-25 17:40:39,970 - game_server - INFO - log_game_event:61 - Игровое событие: обновление_позиции - {"client_id": 1, "position": {"x": 840, "y": 575}, "inputs": {"left": false, "right": false, "up": true, "down": false}}
2025-09-25 17:40:40,003 - game_server - INFO - log_game_event:61 - Игровое событие: обновление_позиции - {"client_id": 1, "position": {"x": 840, "y": 570}, "inputs": {"left": false, "right": false, "up": true, "down": false}}
2025-09-25 17:40:40,036 - game_server - INFO - log_game_event:61 - Игровое событие: обновление_позиции - {"client_id": 1, "position": {"x": 840, "y": 565}, "inputs": {"left": false, "right": false, "up": true, "down": false}}
2025-09-25 17:40:40,069 - game_server - INFO - log_game_event:61 - Игровое событие: обновление_позиции - {"client_id": 1, "position": {"x": 840, "y": 560}, "inputs": {"left": false, "right": false, "up": true, "down": false}}
2025-09-25 17:40:40,103 - game_server - INFO - log_game_event:61 - Игровое событие: обновление_позиции - {"client_id": 1, "position": {"x": 840, "y": 555}, "inputs": {"left": false, "right": false, "up": true, "down": false}}
2025-09-25 17:40:40,137 - game_server - INFO - log_game_event:61 - Игровое событие: обновление_позиции - {"client_id": 1, "position": {"x": 840, "y": 550}, "inputs": {"left": false, "right": false, "up": true, "down": false}}
2025-09-25 17:40:40,170 - game_server - INFO - log_game_event:61 - Игровое событие: обновление_позиции - {"client_id": 1, "position": {"x": 840, "y": 545}, "inputs": {"left": false, "right": false, "up": true, "down": false}}
2025-09-25 17:40:40,204 - game_server - INFO - log_game_event:61 - Игровое событие: обновление_позиции - {"client_id": 1, "position": {"x": 840, "y": 540}, "inputs": {"left": false, "right": false, "up": true, "down": false}}
2025-09-25 17:40:40,238 - game_server - INFO - log_game_event:61 - Игровое событие: обновление_позиции - {"client_id": 1, "position": {"x": 840, "y": 535}, "inputs": {"left": false, "right": false, "up": true, "down": false}}
2025-09-25 17:40:40,272 - game_server - INFO - log_game_event:61 - Игровое событие: обновление_позиции - {"client_id": 1, "position": {"x": 840, "y": 530}, "inputs": {"left": false, "right": false, "up": true, "down": false}}
2025-09-25 17:40:40,306 - game_server - INFO - log_game_event:61 - Игровое событие: обновление_позиции - {"client_id": 1, "position": {"x": 840, "y": 525}, "inputs": {"left": false, "right": false, "up": true, "down": false}}
2025-09-25 17:40:40,341 - game_server - INFO - log_game_event:61 - Игровое событие: обновление_позиции - {"client_id": 1, "position": {"x": 840, "y": 520}, "inputs": {"left": false, "right": false, "up": true, "down": false}}
2025-09-25 17:40:40,372 - game_server - INFO - log_game_event:61 - Игровое событие: обновление_позиции - {"client_id": 1, "position": {"x": 840, "y": 515}, "inputs": {"left": false, "right": false, "up": true, "down": false}}
2025-09-25 17:40:40,407 - game_server - INFO - log_game_event:61 - Игровое событие: обновление_позиции - {"client_id": 1, "position": {"x": 840, "y": 510}, "inputs": {"left": false, "right": false, "up": true, "down": false}}
2025-09-25 17:40:40,443 - game_server - INFO - log_game_event:61 - Игровое событие: обновление_позиции - {"client_id": 1, "position": {"x": 840, "y": 505}, "inputs": {"left": false, "right": false, "up": true, "down": false}}
2025-09-25 17:40:40,477 - game_server - INFO - log_game_event:61 - Игровое событие: обновление_позиции - {"client_id": 1, "position": {"x": 840, "y": 500}, "inputs": {"left": false, "right": false, "up": true, "down": false}}
2025-09-25 17:40:40,514 - game_server - INFO - log_game_event:61 - Игровое событие: обновление_позиции - {"client_id": 1, "position": {"x": 840, "y": 495}, "inputs": {"left": false, "right": false, "up": true, "down": false}}
2025-09-25 17:40:40,551 - game_server - INFO - log_game_event:61 - Игровое событие: обновление_позиции - {"client_id": 1, "position": {"x": 840, "y": 490}, "inputs": {"left": false, "right": false, "up": true, "down": false}}
2025-09-25 17:40:40,587 - game_server - INFO - log_game_event:61 - Игровое событие: обновление_позиции - {"client_id": 1, "position": {"x": 840, "y": 485}, "inputs": {"left": false, "right": false, "up": true, "down": false}}
2025-09-25 17:40:40,622 - game_server - INFO - log_game_event:61 - Игровое событие: обновление_позиции - {"client_id": 1, "position": {"x": 840, "y": 480}, "inputs": {"left": false, "right": false, "up": true, "down": false}}
2025-09-25 17:40:40,657 - game_server - INFO - log_game_event:61 - Игровое событие: обновление_позиции - {"client_id": 1, "position": {"x": 840, "y": 475}, "inputs": {"left": false, "right": false, "up": true, "down": false}}
2025-09-25 17:40:40,692 - game_server - INFO - log_game_event:61 - Игровое событие: обновление_позиции - {"client_id": 1, "position": {"x": 840, "y": 470}, "inputs": {"left": false, "right": false, "up": true, "down": false}}
2025-09-25 17:40:40,726 - game_server - INFO - log_game_event:61 - Игровое событие: обновление_позиции - {"client_id": 1, "position": {"x": 840, "y": 465}, "inputs": {"left": false, "right": false, "up": true, "down": false}}
2025-09-25 17:40:40,762 - game_server - INFO - log_game_event:61 - Игровое событие: обновление_позиции - {"client_id": 1, "position": {"x": 840, "y": 460}, "inputs": {"left": false, "right": false, "up": true, "down": false}}
2025-09-25 17:40:40,798 - game_server - INFO - log_game_event:61 - Игровое событие: обновление_позиции - {"client_id": 1, "position": {"x": 840, "y": 455}, "inputs": {"left": false, "right": false, "up": true, "down": false}}
2025-09-25 17:40:40,837 - game_server - INFO - log_game_event:61 - Игровое событие: обновление_позиции - {"client_id": 1, "position": {"x": 840, "y": 450}, "inputs": {"left": false, "right": false, "up": true, "down": false}}
2025-09-25 17:40:40,871 - game_server - INFO - log_game_event:61 - Игровое событие: обновление_позиции - {"client_id": 1, "position": {"x": 840, "y": 445}, "inputs": {"left": false, "right": false, "up": true, "down": false}}
2025-09-25 17:40:40,905 - game_server - INFO - log_game_event:61 - Игровое событие: обновление_позиции - {"client_id": 1, "position": {"x": 840, "y": 440}, "inputs": {"left": false, "right": false, "up": true, "down": false}}
2025-09-25 17:40:40,942 - game_server - INFO - log_game_event:61 - Игровое событие: обновление_позиции - {"client_id": 1, "position": {"x": 840, "y": 435}, "inputs": {"left": false, "right": false, "up": true, "down": false}}
2025-09-25 17:40:40,976 - game_server - INFO - log_game_event:61 - Игровое событие: обновление_позиции - {"client_id": 1, "position": {"x": 840, "y": 430}, "inputs": {"left": false, "right": false, "up": true, "down": false}}
2025-09-25 17:40:41,012 - game_server - INFO - log_game_event:61 - Игровое событие: обновление_позиции - {"client_id": 1, "position": {"x": 840, "y": 425}, "inputs": {"left": false, "right": false, "up": true, "down": false}}
2025-09-25 17:40:41,050 - game_server - INFO - log_game_event:61 - Игровое событие: обновление_позиции - {"client_id": 1, "position": {"x": 840, "y": 420}, "inputs": {"left": false, "right": false, "up": true, "down": false}}
2025-09-25 17:40:41,085 - game_server - INFO - log_game_event:61 - Игровое событие: обновление_позиции - {"client_id": 1, "position": {"x": 840, "y": 415}, "inputs": {"left": false, "right": false, "up": true, "down": false}}
2025-09-25 17:40:41,121 - game_server - INFO - log_game_event:61 - Игровое событие: обновление_позиции - {"client_id": 1, "position": {"x": 840, "y": 410}, "inputs": {"left": false, "right": false, "up": true, "down": false}}
2025-09-25 17:40:41,155 - game_server - INFO - log_game_event:61 - Игровое событие: обновление_позиции - {"client_id": 1, "position": {"x": 840, "y": 410}, "inputs": {"left": false, "right": false, "up": false, "down": false}}
2025-09-25 17:40:41,187 - game_server - INFO - log_game_event:61 - Игровое событие: обновление_позиции - {"client_id": 1, "position": {"x": 840, "y": 410}, "inputs": {"left": false, "right": false, "up": false, "down": false}}
2025-09-25 17:40:41,218 - game_server - INFO - log_game_event:61 - Игровое событие: обновление_позиции - {"client_id": 1, "position": {"x": 840, "y": 410}, "inputs": {"left": false, "right": false, "up": false, "down": false}}
2025-09-25 17:40:41,252 - game_server - INFO - log_game_event:61 - Игровое событие: обновление_позиции - {"client_id": 1, "position": {"x": 840, "y": 410}, "inputs": {"left": false, "right": false, "up": false, "down": false}}
2025-09-25 17:40:41,286 - game_server - INFO - log_game_event:61 - Игровое событие: обновление_позиции - {"client_id": 1, "position": {"x": 840, "y": 410}, "inputs": {"left": false, "right": false, "up": false, "down": false}}
2025-09-25 17:40:41,320 - game_server - INFO - log_game_event:61 - Игровое событие: обновление_позиции - {"client_id": 1, "position": {"x": 840, "y": 410}, "inputs": {"left": false, "right": false, "up": false, "down": false}}
2025-09-25 17:40:41,354 - game_server - INFO - log_game_event:61 - Игровое событие: обновление_позиции - {"client_id": 1, "position": {"x": 840, "y": 410}, "inputs": {"left": false, "right": false, "up": false, "down": false}}
2025-09-25 17:40:41,388 - game_server - INFO - log_game_event:61 - Игровое событие: обновление_позиции - {"client_id": 1, "position": {"x": 840, "y": 410}, "inputs": {"left": false, "right": false, "up": false, "down": false}}
2025-09-25 17:40:41,421 - game_server - INFO - log_game_event:61 - Игровое событие: обновление_позиции - {"client_id": 1, "position": {"x": 840, "y": 410}, "inputs": {"left": false, "right": false, "up": false, "down": false}}
2025-09-25 17:40:41,453 - game_server - INFO - log_game_event:61 - Игровое событие: обновление_позиции - {"client_id": 1, "position": {"x": 840, "y": 410}, "inputs": {"left": false, "right": false, "up": false, "down": false}}
2025-09-25 17:40:41,486 - game_server - INFO - log_game_event:61 - Игровое событие: обновление_позиции - {"client_id": 1, "position": {"x": 840, "y": 410}, "inputs": {"left": false, "right": false, "up": false, "down": false}}
2025-09-25 17:40:41,521 - game_server - INFO - log_game_event:61 - Игровое событие: обновление_позиции - {"client_id": 1, "position": {"x": 840, "y": 410}, "inputs": {"left": false, "right": false, "up": false, "down": false}}
2025-09-25 17:40:41,555 - game_server - INFO - log_game_event:61 - Игровое событие: обновление_позиции - {"client_id": 1, "position": {"x": 840, "y": 410}, "inputs": {"left": false, "right": false, "up": false, "down": false}}
2025-09-25 17:40:41,590 - game_server - INFO - log_game_event:61 - Игровое событие: обновление_позиции - {"client_id": 1, "position": {"x": 840, "y": 410}, "inputs": {"left": false, "right": false, "up": false, "down": false}}
2025-09-25 17:40:41,625 - game_server - INFO - log_game_event:61 - Игровое событие: обновление_позиции - {"client_id": 1, "position": {"x": 845, "y": 410}, "inputs": {"left": false, "right": true, "up": false, "down": false}}
2025-09-25 17:40:41,660 - game_server - INFO - log_game_event:61 - Игровое событие: обновление_позиции - {"client_id": 1, "position": {"x": 850, "y": 410}, "inputs": {"left": false, "right": true, "up": false, "down": false}}
2025-09-25 17:40:41,693 - game_server - INFO - log_game_event:61 - Игровое событие: обновление_позиции - {"client_id": 1, "position": {"x": 855, "y": 410}, "inputs": {"left": false, "right": true, "up": false, "down": false}}
2025-09-25 17:40:41,728 - game_server - INFO - log_game_event:61 - Игровое событие: обновление_позиции - {"client_id": 1, "position": {"x": 860, "y": 410}, "inputs": {"left": false, "right": true, "up": false, "down": false}}
2025-09-25 17:40:41,761 - game_server - INFO - log_game_event:61 - Игровое событие: обновление_позиции - {"client_id": 1, "position": {"x": 865, "y": 410}, "inputs": {"left": false, "right": true, "up": false, "down": false}}
2025-09-25 17:40:41,798 - game_server - INFO - log_game_event:61 - Игровое событие: обновление_позиции - {"client_id": 1, "position": {"x": 870, "y": 410}, "inputs": {"left": false, "right": true, "up": false, "down": false}}
2025-09-25 17:40:41,834 - game_server - INFO - log_game_event:61 - Игровое событие: обновление_позиции - {"client_id": 1, "position": {"x": 875, "y": 410}, "inputs": {"left": false, "right": true, "up": false, "down": false}}
2025-09-25 17:40:41,866 - game_server - INFO - log_game_event:61 - Игровое событие: обновление_позиции - {"client_id": 1, "position": {"x": 880, "y": 410}, "inputs": {"left": false, "right": true, "up": false, "down": false}}
2025-09-25 17:40:41,901 - game_server - INFO - log_game_event:61 - Игровое событие: обновление_позиции - {"client_id": 1, "position": {"x": 885, "y": 410}, "inputs": {"left": false, "right": true, "up": false, "down": false}}
2025-09-25 17:40:41,934 - game_server - INFO - log_game_event:61 - Игровое событие: обновление_позиции - {"client_id": 1, "position": {"x": 890, "y": 410}, "inputs": {"left": false, "right": true, "up": false, "down": false}}
2025-09-25 17:40:41,969 - game_server - INFO - log_game_event:61 - Игровое событие: обновление_позиции - {"client_id": 1, "position": {"x": 895, "y": 410}, "inputs": {"left": false, "right": true, "up": false, "down": false}}
2025-09-25 17:40:42,003 - game_server - INFO - log_game_event:61 - Игровое событие: обновление_позиции - {"client_id": 1, "position": {"x": 900, "y": 410}, "inputs": {"left": false, "right": true, "up": false, "down": false}}
2025-09-25 17:40:42,036 - game_server - INFO - log_game_event:61 - Игровое событие: обновление_позиции - {"client_id": 1, "position": {"x": 905, "y": 410}, "inputs": {"left": false, "right": true, "up": false, "down": false}}
2025-09-25 17:40:42,070 - game_server - INFO - log_game_event:61 - Игровое событие: обновление_позиции - {"client_id": 1, "position": {"x": 910, "y": 410}, "inputs": {"left": false, "right": true, "up": false, "down": false}}
2025-09-25 17:40:42,103 - game_server - INFO - log_game_event:61 - Игровое событие: обновление_позиции - {"client_id": 1, "position": {"x": 915, "y": 410}, "inputs": {"left": false, "right": true, "up": false, "down": false}}
2025-09-25 17:40:42,138 - game_server - INFO - log_game_event:61 - Игровое событие: обновление_позиции - {"client_id": 1, "position": {"x": 920, "y": 405}, "inputs": {"left": false, "right": true, "up": true, "down": false}}
2025-09-25 17:40:42,171 - game_server - INFO - log_game_event:61 - Игровое событие: обновление_позиции - {"client_id": 1, "position": {"x": 925, "y": 400}, "inputs": {"left": false, "right": true, "up": true, "down": false}}
2025-09-25 17:40:42,204 - game_server - INFO - log_game_event:61 - Игровое событие: обновление_позиции - {"client_id": 1, "position": {"x": 930, "y": 395}, "inputs": {"left": false, "right": true, "up": true, "down": false}}
2025-09-25 17:40:42,238 - game_server - INFO - log_game_event:61 - Игровое событие: обновление_позиции - {"client_id": 1, "position": {"x": 935, "y": 390}, "inputs": {"left": false, "right": true, "up": true, "down": false}}
2025-09-25 17:40:42,271 - game_server - INFO - log_game_event:61 - Игровое событие: обновление_позиции - {"client_id": 1, "position": {"x": 940, "y": 385}, "inputs": {"left": false, "right": true, "up": true, "down": false}}
2025-09-25 17:40:42,305 - game_server - INFO - log_game_event:61 - Игровое событие: обновление_позиции - {"client_id": 1, "position": {"x": 945, "y": 380}, "inputs": {"left": false, "right": true, "up": true, "down": false}}
2025-09-25 17:40:42,340 - game_server - INFO - log_game_event:61 - Игровое событие: обновление_позиции - {"client_id": 1, "position": {"x": 945, "y": 375}, "inputs": {"left": false, "right": false, "up": true, "down": false}}
2025-09-25 17:40:42,372 - game_server - INFO - log_game_event:61 - Игровое событие: обновление_позиции - {"client_id": 1, "position": {"x": 945, "y": 370}, "inputs": {"left": false, "right": false, "up": true, "down": false}}
2025-09-25 17:40:42,407 - game_server - INFO - log_game_event:61 - Игровое событие: обновление_позиции - {"client_id": 1, "position": {"x": 945, "y": 365}, "inputs": {"left": false, "right": false, "up": true, "down": false}}
2025-09-25 17:40:42,441 - game_server - INFO - log_game_event:61 - Игровое событие: обновление_позиции - {"client_id": 1, "position": {"x": 945, "y": 360}, "inputs": {"left": false, "right": false, "up": true, "down": false}}
2025-09-25 17:40:42,475 - game_server - INFO - log_game_event:61 - Игровое событие: обновление_позиции - {"client_id": 1, "position": {"x": 945, "y": 355}, "inputs": {"left": false, "right": false, "up": true, "down": false}}
2025-09-25 17:40:42,508 - game_server - INFO - log_game_event:61 - Игровое событие: обновление_позиции - {"client_id": 1, "position": {"x": 945, "y": 350}, "inputs": {"left": false, "right": false, "up": true, "down": false}}
2025-09-25 17:40:42,541 - game_server - INFO - log_game_event:61 - Игровое событие: обновление_позиции - {"client_id": 1, "position": {"x": 945, "y": 345}, "inputs": {"left": false, "right": false, "up": true, "down": false}}
2025-09-25 17:40:42,574 - game_server - INFO - log_game_event:61 - Игровое событие: обновление_позиции - {"client_id": 1, "position": {"x": 945, "y": 340}, "inputs": {"left": false, "right": false, "up": true, "down": false}}
2025-09-25 17:40:42,606 - game_server - INFO - log_game_event:61 - Игровое событие: обновление_позиции - {"client_id": 1, "position": {"x": 945, "y": 335}, "inputs": {"left": false, "right": false, "up": true, "down": false}}
2025-09-25 17:40:42,640 - game_server - INFO - log_game_event:61 - Игровое событие: обновление_позиции - {"client_id": 1, "position": {"x": 945, "y": 330}, "inputs": {"left": false, "right": false, "up": true, "down": false}}
2025-09-25 17:40:42,675 - game_server - INFO - log_game_event:61 - Игровое событие: обновление_позиции - {"client_id": 1, "position": {"x": 945, "y": 325}, "inputs": {"left": false, "right": false, "up": true, "down": false}}
2025-09-25 17:40:42,708 - game_server - INFO - log_game_event:61 - Игровое событие: обновление_позиции - {"client_id": 1, "position": {"x": 945, "y": 320}, "inputs": {"left": false, "right": false, "up": true, "down": false}}
2025-09-25 17:40:42,742 - game_server - INFO - log_game_event:61 - Игровое событие: обновление_позиции - {"client_id": 1, "position": {"x": 945, "y": 315}, "inputs": {"left": false, "right": false, "up": true, "down": false}}
2025-09-25 17:40:42,775 - game_server - INFO - log_game_event:61 - Игровое событие: обновление_позиции - {"client_id": 1, "position": {"x": 945, "y": 310}, "inputs": {"left": false, "right": false, "up": true, "down": false}}
2025-09-25 17:40:42,811 - game_server - INFO - log_game_event:61 - Игровое событие: обновление_позиции - {"client_id": 1, "position": {"x": 945, "y": 305}, "inputs": {"left": false, "right": false, "up": true, "down": false}}
2025-09-25 17:40:42,846 - game_server - INFO - log_game_event:61 - Игровое событие: обновление_позиции - {"client_id": 1, "position": {"x": 945, "y": 305}, "inputs": {"left": false, "right": false, "up": false, "down": false}}
2025-09-25 17:40:42,880 - game_server - INFO - log_game_event:61 - Игровое событие: обновление_позиции - {"client_id": 1, "position": {"x": 945, "y": 305}, "inputs": {"left": false, "right": false, "up": false, "down": false}}
2025-09-25 17:40:42,915 - game_server - INFO - log_game_event:61 - Игровое событие: обновление_позиции - {"client_id": 1, "position": {"x": 945, "y": 305}, "inputs": {"left": false, "right": false, "up": false, "down": false}}
2025-09-25 17:40:42,948 - game_server - INFO - log_game_event:61 - Игровое событие: обновление_позиции - {"client_id": 1, "position": {"x": 945, "y": 305}, "inputs": {"left": false, "right": false, "up": false, "down": false}}
2025-09-25 17:40:42,984 - game_server - INFO - log_game_event:61 - Игровое событие: обновление_позиции - {"client_id": 1, "position": {"x": 945, "y": 305}, "inputs": {"left": false, "right": false, "up": false, "down": false}}
2025-09-25 17:40:43,019 - game_server - INFO - log_game_event:61 - Игровое событие: обновление_позиции - {"client_id": 1, "position": {"x": 945, "y": 305}, "inputs": {"left": false, "right": false, "up": false, "down": false}}
2025-09-25 17:40:43,053 - game_server - INFO - log_game_event:61 - Игровое событие: обновление_позиции - {"client_id": 1, "position": {"x": 945, "y": 305}, "inputs": {"left": false, "right": false, "up": false, "down": false}}
2025-09-25 17:40:43,087 - game_server - INFO - log_game_event:61 - Игровое событие: обновление_позиции - {"client_id": 1, "position": {"x": 945, "y": 305}, "inputs": {"left": false, "right": false, "up": false, "down": false}}
2025-09-25 17:40:43,121 - game_server - INFO - log_game_event:61 - Игровое событие: обновление_позиции - {"client_id": 1, "position": {"x": 945, "y": 305}, "inputs": {"left": false, "right": false, "up": false, "down": false}}
2025-09-25 17:40:43,155 - game_server - INFO - log_game_event:61 - Игровое событие: обновление_позиции - {"client_id": 1, "position": {"x": 945, "y": 305}, "inputs": {"left": false, "right": false, "up": false, "down": false}}
2025-09-25 17:40:43,187 - game_server - INFO - log_game_event:61 - Игровое событие: обновление_позиции - {"client_id": 1, "position": {"x": 945, "y": 305}, "inputs": {"left": false, "right": false, "up": false, "down": false}}
2025-09-25 17:40:43,221 - game_server - INFO - log_game_event:61 - Игровое событие: обновление_позиции - {"client_id": 1, "position": {"x": 945, "y": 305}, "inputs": {"left": false, "right": false, "up": false, "down": false}}
2025-09-25 17:40:43,255 - game_server - INFO - log_game_event:61 - Игровое событие: обновление_позиции - {"client_id": 1, "position": {"x": 945, "y": 305}, "inputs": {"left": false, "right": false, "up": false, "down": false}}
2025-09-25 17:40:43,291 - game_server - INFO - log_game_event:61 - Игровое событие: обновление_позиции - {"client_id": 1, "position": {"x": 945, "y": 305}, "inputs": {"left": false, "right": false, "up": false, "down": false}}
2025-09-25 17:40:43,325 - game_server - INFO - log_game_event:61 - Игровое событие: обновление_позиции - {"client_id": 1, "position": {"x": 945, "y": 305}, "inputs": {"left": false, "right": false, "up": false, "down": false}}
2025-09-25 17:40:43,360 - game_server - INFO - log_game_event:61 - Игровое событие: обновление_позиции - {"client_id": 1, "position": {"x": 945, "y": 305}, "inputs": {"left": false, "right": false, "up": false, "down": false}}
2025-09-25 17:40:43,395 - game_server - INFO - log_game_event:61 - Игровое событие: обновление_позиции - {"client_id": 1, "position": {"x": 945, "y": 305}, "inputs": {"left": false, "right": false, "up": false, "down": false}}
2025-09-25 17:40:43,430 - game_server - INFO - log_game_event:61 - Игровое событие: обновление_позиции - {"client_id": 1, "position": {"x": 945, "y": 305}, "inputs": {"left": false, "right": false, "up": false, "down": false}}
2025-09-25 17:40:43,466 - game_server - INFO - log_game_event:61 - Игровое событие: обновление_позиции - {"client_id": 1, "position": {"x": 945, "y": 305}, "inputs": {"left": false, "right": false, "up": false, "down": false}}
2025-09-25 17:40:43,501 - game_server - INFO - log_game_event:61 - Игровое событие: обновление_позиции - {"client_id": 1, "position": {"x": 945, "y": 305}, "inputs": {"left": false, "right": false, "up": false, "down": false}}
2025-09-25 17:40:43,536 - game_server - INFO - log_game_event:61 - Игровое событие: обновление_позиции - {"client_id": 1, "position": {"x": 945, "y": 305}, "inputs": {"left": false, "right": false, "up": false, "down": false}}
2025-09-25 17:40:43,570 - game_server - INFO - log_game_event:61 - Игровое событие: обновление_позиции - {"client_id": 1, "position": {"x": 945, "y": 305}, "inputs": {"left": false, "right": false, "up": false, "down": false}}
2025-09-25 17:40:43,604 - game_server - INFO - log_game_event:61 - Игровое событие: обновление_позиции - {"client_id": 1, "position": {"x": 945, "y": 305}, "inputs": {"left": false, "right": false, "up": false, "down": false}}
2025-09-25 17:40:43,638 - game_server - INFO - log_game_event:61 - Игровое событие: обновление_позиции - {"client_id": 1, "position": {"x": 945, "y": 305}, "inputs": {"left": false, "right": false, "up": false, "down": false}}
2025-09-25 17:40:43,672 - game_server - INFO - log_game_event:61 - Игровое событие: обновление_позиции - {"client_id": 1, "position": {"x": 945, "y": 305}, "inputs": {"left": false, "right": false, "up": false, "down": false}}
2025-09-25 17:40:43,706 - game_server - INFO - log_game_event:61 - Игровое событие: обновление_позиции - {"client_id": 1, "position": {"x": 945, "y": 305}, "inputs": {"left": false, "right": false, "up": false, "down": false}}
2025-09-25 17:40:43,742 - game_server - INFO - log_game_event:61 - Игровое событие: обновление_позиции - {"client_id": 1, "position": {"x": 945, "y": 305}, "inputs": {"left": false, "right": false, "up": false, "down": false}}
2025-09-25 17:40:43,776 - game_server - INFO - log_game_event:61 - Игровое событие: обновление_позиции - {"client_id": 1, "position": {"x": 945, "y": 305}, "inputs": {"left": false, "right": false, "up": false, "down": false}}
2025-09-25 17:40:43,811 - game_server - INFO - log_game_event:61 - Игровое событие: обновление_позиции - {"client_id": 1, "position": {"x": 945, "y": 305}, "inputs": {"left": false, "right": false, "up": false, "down": false}}
2025-09-25 17:40:43,846 - game_server - INFO - log_game_event:61 - Игровое событие: обновление_позиции - {"client_id": 1, "position": {"x": 945, "y": 305}, "inputs": {"left": false, "right": false, "up": false, "down": false}}
2025-09-25 17:40:43,883 - game_server - INFO - log_game_event:61 - Игровое событие: обновление_позиции - {"client_id": 1, "position": {"x": 945, "y": 305}, "inputs": {"left": false, "right": false, "up": false, "down": false}}
2025-09-25 17:40:43,917 - game_server - INFO - log_game_event:61 - Игровое событие: обновление_позиции - {"client_id": 1, "position": {"x": 945, "y": 305}, "inputs": {"left": false, "right": false, "up": false, "down": false}}
2025-09-25 17:40:43,953 - game_server - INFO - log_game_event:61 - Игровое событие: обновление_позиции - {"client_id": 1, "position": {"x": 945, "y": 305}, "inputs": {"left": false, "right": false, "up": false, "down": false}}
2025-09-25 17:40:43,988 - game_server - INFO - log_game_event:61 - Игровое событие: обновление_позиции - {"client_id": 1, "position": {"x": 945, "y": 305}, "inputs": {"left": false, "right": false, "up": false, "down": false}}
2025-09-25 17:40:44,022 - game_server - INFO - log_game_event:61 - Игровое событие: обновление_позиции - {"client_id": 1, "position": {"x": 945, "y": 305}, "inputs": {"left": false, "right": false, "up": false, "down": false}}
2025-09-25 17:40:44,057 - game_server - INFO - log_game_event:61 - Игровое событие: обновление_позиции - {"client_id": 1, "position": {"x": 945, "y": 305}, "inputs": {"left": false, "right": false, "up": false, "down": false}}
2025-09-25 17:40:44,091 - game_server - INFO - log_game_event:61 - Игровое событие: обновление_позиции - {"client_id": 1, "position": {"x": 945, "y": 305}, "inputs": {"left": false, "right": false, "up": false, "down": false}}
2025-09-25 17:40:44,124 - game_server - INFO - log_game_event:61 - Игровое событие: обновление_позиции - {"client_id": 1, "position": {"x": 945, "y": 305}, "inputs": {"left": false, "right": false, "up": false, "down": false}}
2025-09-25 17:40:44,159 - game_server - INFO - log_game_event:61 - Игровое событие: обновление_позиции - {"client_id": 1, "position": {"x": 945, "y": 305}, "inputs": {"left": false, "right": false, "up": false, "down": false}}
2025-09-25 17:40:44,192 - game_server - INFO - log_game_event:61 - Игровое событие: обновление_позиции - {"client_id": 1, "position": {"x": 945, "y": 305}, "inputs": {"left": false, "right": false, "up": false, "down": false}}
2025-09-25 17:40:44,226 - game_server - INFO - log_game_event:61 - Игровое событие: обновление_позиции - {"client_id": 1, "position": {"x": 945, "y": 305}, "inputs": {"left": false, "right": false, "up": false, "down": false}}
2025-09-25 17:40:44,262 - game_server - INFO - log_game_event:61 - Игровое событие: обновление_позиции - {"client_id": 1, "position": {"x": 945, "y": 305}, "inputs": {"left": false, "right": false, "up": false, "down": false}}
2025-09-25 17:40:44,297 - game_server - INFO - log_game_event:61 - Игровое событие: обновление_позиции - {"client_id": 1, "position": {"x": 945, "y": 305}, "inputs": {"left": false, "right": false, "up": false, "down": false}}
2025-09-25 17:40:44,333 - game_server - INFO - log_game_event:61 - Игровое событие: обновление_позиции - {"client_id": 1, "position": {"x": 945, "y": 305}, "inputs": {"left": false, "right": false, "up": false, "down": false}}
2025-09-25 17:40:44,367 - game_server - INFO - log_game_event:61 - Игровое событие: обновление_позиции - {"client_id": 1, "position": {"x": 945, "y": 305}, "inputs": {"left": false, "right": false, "up": false, "down": false}}
2025-09-25 17:40:44,402 - game_server - INFO - log_game_event:61 - Игровое событие: обновление_позиции - {"client_id": 1, "position": {"x": 945, "y": 305}, "inputs": {"left": false, "right": false, "up": false, "down": false}}
2025-09-25 17:40:44,436 - game_server - INFO - log_game_event:61 - Игровое событие: обновление_позиции - {"client_id": 1, "position": {"x": 945, "y": 305}, "inputs": {"left": false, "right": false, "up": false, "down": false}}
2025-09-25 17:40:44,470 - game_server - INFO - log_game_event:61 - Игровое событие: обновление_позиции - {"client_id": 1, "position": {"x": 945, "y": 305}, "inputs": {"left": false, "right": false, "up": false, "down": false}}
2025-09-25 17:40:44,505 - game_server - INFO - log_game_event:61 - Игровое событие: обновление_позиции - {"client_id": 1, "position": {"x": 945, "y": 305}, "inputs": {"left": false, "right": false, "up": false, "down": false}}
2025-09-25 17:40:44,539 - game_server - INFO - log_game_event:61 - Игровое событие: обновление_позиции - {"client_id": 1, "position": {"x": 945, "y": 305}, "inputs": {"left": false, "right": false, "up": false, "down": false}}
2025-09-25 17:40:44,574 - game_server - INFO - log_game_event:61 - Игровое событие: обновление_позиции - {"client_id": 1, "position": {"x": 945, "y": 305}, "inputs": {"left": false, "right": false, "up": false, "down": false}}
2025-09-25 17:40:44,607 - game_server - INFO - log_game_event:61 - Игровое событие: обновление_позиции - {"client_id": 1, "position": {"x": 945, "y": 305}, "inputs": {"left": false, "right": false, "up": false, "down": false}}
2025-09-25 17:40:44,641 - game_server - INFO - log_game_event:61 - Игровое событие: обновление_позиции - {"client_id": 1, "position": {"x": 945, "y": 305}, "inputs": {"left": false, "right": false, "up": false, "down": false}}
2025-09-25 17:40:44,678 - game_server - INFO - log_game_event:61 - Игровое событие: обновление_позиции - {"client_id": 1, "position": {"x": 945, "y": 305}, "inputs": {"left": false, "right": false, "up": false, "down": false}}
2025-09-25 17:40:44,712 - game_server - INFO - log_game_event:61 - Игровое событие: обновление_позиции - {"client_id": 1, "position": {"x": 945, "y": 305}, "inputs": {"left": false, "right": false, "up": false, "down": false}}
2025-09-25 17:40:44,730 - game_server - INFO - log_connection:56 - Клиент 1: отключен
2025-09-25 17:45:04,572 - game_server - INFO - log_connection:56 - Клиент 2: подключен - {"ip": "192.168.1.4", "port": 53452}
2025-09-25 17:45:04,589 - game_server - INFO - log_game_event:61 - Игровое событие: обновление_позиции - {"client_id": 2, "position": {"x": 960, "y": 540}, "inputs": {"left": false, "right": false, "up": false, "down": false}}
2025-09-25 17:45:04,615 - game_server - INFO - log_game_event:61 - Игровое событие: обновление_позиции - {"client_id": 2, "position": {"x": 960, "y": 540}, "inputs": {"left": false, "right": false, "up": false, "down": false}}
2025-09-25 17:45:04,645 - game_server - INFO - log_game_event:61 - Игровое событие: обновление_позиции - {"client_id": 2, "position": {"x": 960, "y": 540}, "inputs": {"left": false, "right": false, "up": false, "down": false}}
2025-09-25 17:45:04,681 - game_server - INFO - log_game_event:61 - Игровое событие: обновление_позиции - {"client_id": 2, "position": {"x": 960, "y": 540}, "inputs": {"left": false, "right": false, "up": false, "down": false}}
2025-09-25 17:45:04,718 - game_server - INFO - log_game_event:61 - Игровое событие: обновление_позиции - {"client_id": 2, "position": {"x": 960, "y": 540}, "inputs": {"left": false, "right": false, "up": false, "down": false}}
2025-09-25 17:45:04,750 - game_server - INFO - log_game_event:61 - Игровое событие: обновление_позиции - {"client_id": 2, "position": {"x": 960, "y": 540}, "inputs": {"left": false, "right": false, "up": false, "down": false}}
2025-09-25 17:45:04,787 - game_server - INFO - log_game_event:61 - Игровое событие: обновление_позиции - {"client_id": 2, "position": {"x": 960, "y": 540}, "inputs": {"left": false, "right": false, "up": false, "down": false}}
2025-09-25 17:45:04,821 - game_server - INFO - log_game_event:61 - Игровое событие: обновление_позиции - {"client_id": 2, "position": {"x": 960, "y": 540}, "inputs": {"left": false, "right": false, "up": false, "down": false}}
2025-09-25 17:45:04,857 - game_server - INFO - log_game_event:61 - Игровое событие: обновление_позиции - {"client_id": 2, "position": {"x": 960, "y": 540}, "inputs": {"left": false, "right": false, "up": false, "down": false}}
2025-09-25 17:45:04,894 - game_server - INFO - log_game_event:61 - Игровое событие: обновление_позиции - {"client_id": 2, "position": {"x": 960, "y": 540}, "inputs": {"left": false, "right": false, "up": false, "down": false}}
2025-09-25 17:45:04,929 - game_server - INFO - log_game_event:61 - Игровое событие: обновление_позиции - {"client_id": 2, "position": {"x": 960, "y": 540}, "inputs": {"left": false, "right": false, "up": false, "down": false}}
2025-09-25 17:45:04,964 - game_server - INFO - log_game_event:61 - Игровое событие: обновление_позиции - {"client_id": 2, "position": {"x": 960, "y": 540}, "inputs": {"left": false, "right": false, "up": false, "down": false}}
2025-09-25 17:45:05,000 - game_server - INFO - log_game_event:61 - Игровое событие: обновление_позиции - {"client_id": 2, "position": {"x": 960, "y": 540}, "inputs": {"left": false, "right": false, "up": false, "down": false}}
2025-09-25 17:45:05,036 - game_server - INFO - log_game_event:61 - Игровое событие: обновление_позиции - {"client_id": 2, "position": {"x": 960, "y": 540}, "inputs": {"left": false, "right": false, "up": false, "down": false}}
2025-09-25 17:45:05,072 - game_server - INFO - log_game_event:61 - Игровое событие: обновление_позиции - {"client_id": 2, "position": {"x": 960, "y": 540}, "inputs": {"left": false, "right": false, "up": false, "down": false}}
2025-09-25 17:45:05,108 - game_server - INFO - log_game_event:61 - Игровое событие: обновление_позиции - {"client_id": 2, "position": {"x": 960, "y": 540}, "inputs": {"left": false, "right": false, "up": false, "down": false}}
2025-09-25 17:45:05,138 - game_server - INFO - log_game_event:61 - Игровое событие: обновление_позиции - {"client_id": 2, "position": {"x": 960, "y": 540}, "inputs": {"left": false, "right": false, "up": false, "down": false}}
2025-09-25 17:45:05,172 - game_server - INFO - log_game_event:61 - Игровое событие: обновление_позиции - {"client_id": 2, "position": {"x": 960, "y": 540}, "inputs": {"left": false, "right": false, "up": false, "down": false}}
2025-09-25 17:45:05,209 - game_server - INFO - log_game_event:61 - Игровое событие: обновление_позиции - {"client_id": 2, "position": {"x": 960, "y": 540}, "inputs": {"left": false, "right": false, "up": false, "down": false}}
2025-09-25 17:45:05,246 - game_server - INFO - log_game_event:61 - Игровое событие: обновление_позиции - {"client_id": 2, "position": {"x": 960, "y": 540}, "inputs": {"left": false, "right": false, "up": false, "down": false}}
2025-09-25 17:45:05,282 - game_server - INFO - log_game_event:61 - Игровое событие: обновление_позиции - {"client_id": 2, "position": {"x": 960, "y": 540}, "inputs": {"left": false, "right": false, "up": false, "down": false}}
2025-09-25 17:45:05,315 - game_server - INFO - log_game_event:61 - Игровое событие: обновление_позиции - {"client_id": 2, "position": {"x": 960, "y": 540}, "inputs": {"left": false, "right": false, "up": false, "down": false}}
2025-09-25 17:45:05,348 - game_server - INFO - log_game_event:61 - Игровое событие: обновление_позиции - {"client_id": 2, "position": {"x": 960, "y": 540}, "inputs": {"left": false, "right": false, "up": false, "down": false}}
2025-09-25 17:45:05,381 - game_server - INFO - log_game_event:61 - Игровое событие: обновление_позиции - {"client_id": 2, "position": {"x": 960, "y": 540}, "inputs": {"left": false, "right": false, "up": false, "down": false}}
2025-09-25 17:45:05,415 - game_server - INFO - log_game_event:61 - Игровое событие: обновление_позиции - {"client_id": 2, "position": {"x": 960, "y": 540}, "inputs": {"left": false, "right": false, "up": false, "down": false}}
2025-09-25 17:45:05,448 - game_server - INFO - log_game_event:61 - Игровое событие: обновление_позиции - {"client_id": 2, "position": {"x": 960, "y": 540}, "inputs": {"left": false, "right": false, "up": false, "down": false}}
2025-09-25 17:45:05,483 - game_server - INFO - log_game_event:61 - Игровое событие: обновление_позиции - {"client_id": 2, "position": {"x": 960, "y": 540}, "inputs": {"left": false, "right": false, "up": false, "down": false}}
2025-09-25 17:45:05,518 - game_server - INFO - log_game_event:61 - Игровое событие: обновление_позиции - {"client_id": 2, "position": {"x": 960, "y": 540}, "inputs": {"left": false, "right": false, "up": false, "down": false}}
2025-09-25 17:45:05,555 - game_server - INFO - log_game_event:61 - Игровое событие: обновление_позиции - {"client_id": 2, "position": {"x": 960, "y": 540}, "inputs": {"left": false, "right": false, "up": false, "down": false}}
2025-09-25 17:45:05,594 - game_server - INFO - log_game_event:61 - Игровое событие: обновление_позиции - {"client_id": 2, "position": {"x": 960, "y": 540}, "inputs": {"left": false, "right": false, "up": false, "down": false}}
2025-09-25 17:45:05,626 - game_server - INFO - log_game_event:61 - Игровое событие: обновление_позиции - {"client_id": 2, "position": {"x": 960, "y": 540}, "inputs": {"left": false, "right": false, "up": false, "down": false}}
2025-09-25 17:45:05,655 - game_server - INFO - log_game_event:61 - Игровое событие: обновление_позиции - {"client_id": 2, "position": {"x": 960, "y": 540}, "inputs": {"left": false, "right": false, "up": false, "down": false}}
2025-09-25 17:45:05,690 - game_server - INFO - log_game_event:61 - Игровое событие: обновление_позиции - {"client_id": 2, "position": {"x": 960, "y": 540}, "inputs": {"left": false, "right": false, "up": false, "down": false}}
2025-09-25 17:45:05,727 - game_server - INFO - log_game_event:61 - Игровое событие: обновление_позиции - {"client_id": 2, "position": {"x": 960, "y": 540}, "inputs": {"left": false, "right": false, "up": false, "down": false}}
2025-09-25 17:45:05,763 - game_server - INFO - log_game_event:61 - Игровое событие: обновление_позиции - {"client_id": 2, "position": {"x": 960, "y": 540}, "inputs": {"left": false, "right": false, "up": false, "down": false}}
2025-09-25 17:45:05,801 - game_server - INFO - log_game_event:61 - Игровое событие: обновление_позиции - {"client_id": 2, "position": {"x": 960, "y": 540}, "inputs": {"left": false, "right": false, "up": false, "down": false}}
2025-09-25 17:45:05,834 - game_server - INFO - log_game_event:61 - Игровое событие: обновление_позиции - {"client_id": 2, "position": {"x": 960, "y": 540}, "inputs": {"left": false, "right": false, "up": false, "down": false}}
2025-09-25 17:45:05,870 - game_server - INFO - log_game_event:61 - Игровое событие: обновление_позиции - {"client_id": 2, "position": {"x": 960, "y": 540}, "inputs": {"left": false, "right": false, "up": false, "down": false}}
2025-09-25 17:45:05,904 - game_server - INFO - log_game_event:61 - Игровое событие: обновление_позиции - {"client_id": 2, "position": {"x": 960, "y": 540}, "inputs": {"left": false, "right": false, "up": false, "down": false}}
2025-09-25 17:45:05,940 - game_server - INFO - log_game_event:61 - Игровое событие: обновление_позиции - {"client_id": 2, "position": {"x": 960, "y": 540}, "inputs": {"left": false, "right": false, "up": false, "down": false}}
2025-09-25 17:45:05,979 - game_server - INFO - log_game_event:61 - Игровое событие: обновление_позиции - {"client_id": 2, "position": {"x": 960, "y": 540}, "inputs": {"left": false, "right": false, "up": false, "down": false}}
2025-09-25 17:45:06,015 - game_server - INFO - log_game_event:61 - Игровое событие: обновление_позиции - {"client_id": 2, "position": {"x": 960, "y": 540}, "inputs": {"left": false, "right": false, "up": false, "down": false}}
2025-09-25 17:45:06,050 - game_server - INFO - log_game_event:61 - Игровое событие: обновление_позиции - {"client_id": 2, "position": {"x": 960, "y": 540}, "inputs": {"left": false, "right": false, "up": false, "down": false}}
2025-09-25 17:45:06,087 - game_server - INFO - log_game_event:61 - Игровое событие: обновление_позиции - {"client_id": 2, "position": {"x": 960, "y": 540}, "inputs": {"left": false, "right": false, "up": false, "down": false}}
2025-09-25 17:45:06,123 - game_server - INFO - log_game_event:61 - Игровое событие: обновление_позиции - {"client_id": 2, "position": {"x": 960, "y": 540}, "inputs": {"left": false, "right": false, "up": false, "down": false}}
2025-09-25 17:45:06,160 - game_server - INFO - log_game_event:61 - Игровое событие: обновление_позиции - {"client_id": 2, "position": {"x": 960, "y": 540}, "inputs": {"left": false, "right": false, "up": false, "down": false}}
2025-09-25 17:45:06,195 - game_server - INFO - log_game_event:61 - Игровое событие: обновление_позиции - {"client_id": 2, "position": {"x": 960, "y": 540}, "inputs": {"left": false, "right": false, "up": false, "down": false}}
2025-09-25 17:45:06,236 - game_server - INFO - log_game_event:61 - Игровое событие: обновление_позиции - {"client_id": 2, "position": {"x": 960, "y": 540}, "inputs": {"left": false, "right": false, "up": false, "down": false}}
2025-09-25 17:45:06,274 - game_server - INFO - log_game_event:61 - Игровое событие: обновление_позиции - {"client_id": 2, "position": {"x": 960, "y": 540}, "inputs": {"left": false, "right": false, "up": false, "down": false}}
2025-09-25 17:45:06,300 - game_server - INFO - log_game_event:61 - Игровое событие: обновление_позиции - {"client_id": 2, "position": {"x": 960, "y": 540}, "inputs": {"left": false, "right": false, "up": false, "down": false}}
2025-09-25 17:45:06,328 - game_server - INFO - log_game_event:61 - Игровое событие: обновление_позиции - {"client_id": 2, "position": {"x": 960, "y": 540}, "inputs": {"left": false, "right": false, "up": false, "down": false}}
2025-09-25 17:45:06,353 - game_server - INFO - log_game_event:61 - Игровое событие: обновление_позиции - {"client_id": 2, "position": {"x": 960, "y": 540}, "inputs": {"left": false, "right": false, "up": false, "down": false}}
2025-09-25 17:45:06,376 - game_server - INFO - log_game_event:61 - Игровое событие: обновление_позиции - {"client_id": 2, "position": {"x": 960, "y": 540}, "inputs": {"left": false, "right": false, "up": false, "down": false}}
2025-09-25 17:45:06,403 - game_server - INFO - log_game_event:61 - Игровое событие: обновление_позиции - {"client_id": 2, "position": {"x": 960, "y": 540}, "inputs": {"left": false, "right": false, "up": false, "down": false}}
2025-09-25 17:45:06,438 - game_server - INFO - log_game_event:61 - Игровое событие: обновление_позиции - {"client_id": 2, "position": {"x": 960, "y": 540}, "inputs": {"left": false, "right": false, "up": false, "down": false}}
2025-09-25 17:45:06,477 - game_server - INFO - log_game_event:61 - Игровое событие: обновление_позиции - {"client_id": 2, "position": {"x": 960, "y": 540}, "inputs": {"left": false, "right": false, "up": false, "down": false}}
2025-09-25 17:45:06,511 - game_server - INFO - log_game_event:61 - Игровое событие: обновление_позиции - {"client_id": 2, "position": {"x": 960, "y": 540}, "inputs": {"left": false, "right": false, "up": false, "down": false}}
2025-09-25 17:45:06,546 - game_server - INFO - log_game_event:61 - Игровое событие: обновление_позиции - {"client_id": 2, "position": {"x": 960, "y": 540}, "inputs": {"left": false, "right": false, "up": false, "down": false}}
2025-09-25 17:45:06,582 - game_server - INFO - log_game_event:61 - Игровое событие: обновление_позиции - {"client_id": 2, "position": {"x": 960, "y": 540}, "inputs": {"left": false, "right": false, "up": false, "down": false}}
2025-09-25 17:45:06,620 - game_server - INFO - log_game_event:61 - Игровое событие: обновление_позиции - {"client_id": 2, "position": {"x": 960, "y": 540}, "inputs": {"left": false, "right": false, "up": false, "down": false}}
2025-09-25 17:45:06,654 - game_server - INFO - log_game_event:61 - Игровое событие: обновление_позиции - {"client_id": 2, "position": {"x": 960, "y": 540}, "inputs": {"left": false, "right": false, "up": false, "down": false}}
2025-09-25 17:45:06,687 - game_server - INFO - log_game_event:61 - Игровое событие: обновление_позиции - {"client_id": 2, "position": {"x": 960, "y": 540}, "inputs": {"left": false, "right": false, "up": false, "down": false}}
2025-09-25 17:45:06,723 - game_server - INFO - log_game_event:61 - Игровое событие: обновление_позиции - {"client_id": 2, "position": {"x": 960, "y": 540}, "inputs": {"left": false, "right": false, "up": false, "down": false}}
2025-09-25 17:45:06,762 - game_server - INFO - log_game_event:61 - Игровое событие: обновление_позиции - {"client_id": 2, "position": {"x": 960, "y": 540}, "inputs": {"left": false, "right": false, "up": false, "down": false}}
2025-09-25 17:45:06,797 - game_server - INFO - log_game_event:61 - Игровое событие: обновление_позиции - {"client_id": 2, "position": {"x": 960, "y": 540}, "inputs": {"left": false, "right": false, "up": false, "down": false}}
2025-09-25 17:45:06,833 - game_server - INFO - log_game_event:61 - Игровое событие: обновление_позиции - {"client_id": 2, "position": {"x": 960, "y": 540}, "inputs": {"left": false, "right": false, "up": false, "down": false}}
2025-09-25 17:45:06,867 - game_server - INFO - log_game_event:61 - Игровое событие: обновление_позиции - {"client_id": 2, "position": {"x": 960, "y": 540}, "inputs": {"left": false, "right": false, "up": false, "down": false}}
2025-09-25 17:45:06,902 - game_server - INFO - log_game_event:61 - Игровое событие: обновление_позиции - {"client_id": 2, "position": {"x": 960, "y": 540}, "inputs": {"left": false, "right": false, "up": false, "down": false}}
2025-09-25 17:45:06,938 - game_server - INFO - log_game_event:61 - Игровое событие: обновление_позиции - {"client_id": 2, "position": {"x": 960, "y": 540}, "inputs": {"left": false, "right": false, "up": false, "down": false}}
2025-09-25 17:45:06,973 - game_server - INFO - log_game_event:61 - Игровое событие: обновление_позиции - {"client_id": 2, "position": {"x": 960, "y": 540}, "inputs": {"left": false, "right": false, "up": false, "down": false}}
2025-09-25 17:45:07,010 - game_server - INFO - log_game_event:61 - Игровое событие: обновление_позиции - {"client_id": 2, "position": {"x": 960, "y": 540}, "inputs": {"left": false, "right": false, "up": false, "down": false}}
2025-09-25 17:45:07,045 - game_server - INFO - log_game_event:61 - Игровое событие: обновление_позиции - {"client_id": 2, "position": {"x": 960, "y": 540}, "inputs": {"left": false, "right": false, "up": false, "down": false}}
2025-09-25 17:45:07,079 - game_server - INFO - log_game_event:61 - Игровое событие: обновление_позиции - {"client_id": 2, "position": {"x": 960, "y": 540}, "inputs": {"left": false, "right": false, "up": false, "down": false}}
2025-09-25 17:45:07,115 - game_server - INFO - log_game_event:61 - Игровое событие: обновление_позиции - {"client_id": 2, "position": {"x": 960, "y": 540}, "inputs": {"left": false, "right": false, "up": false, "down": false}}
2025-09-25 17:45:07,148 - game_server - INFO - log_game_event:61 - Игровое событие: обновление_позиции - {"client_id": 2, "position": {"x": 960, "y": 540}, "inputs": {"left": false, "right": false, "up": false, "down": false}}
2025-09-25 17:45:07,182 - game_server - INFO - log_game_event:61 - Игровое событие: обновление_позиции - {"client_id": 2, "position": {"x": 960, "y": 540}, "inputs": {"left": false, "right": false, "up": false, "down": false}}
2025-09-25 17:45:07,219 - game_server - INFO - log_game_event:61 - Игровое событие: обновление_позиции - {"client_id": 2, "position": {"x": 960, "y": 540}, "inputs": {"left": false, "right": false, "up": false, "down": false}}
2025-09-25 17:45:07,254 - game_server - INFO - log_game_event:61 - Игровое событие: обновление_позиции - {"client_id": 2, "position": {"x": 960, "y": 540}, "inputs": {"left": false, "right": false, "up": false, "down": false}}
2025-09-25 17:45:07,282 - game_server - INFO - log_game_event:61 - Игровое событие: обновление_позиции - {"client_id": 2, "position": {"x": 960, "y": 540}, "inputs": {"left": false, "right": false, "up": false, "down": false}}
2025-09-25 17:45:07,314 - game_server - INFO - log_game_event:61 - Игровое событие: обновление_позиции - {"client_id": 2, "position": {"x": 960, "y": 540}, "inputs": {"left": false, "right": false, "up": false, "down": false}}
2025-09-25 17:45:07,348 - game_server - INFO - log_game_event:61 - Игровое событие: обновление_позиции - {"client_id": 2, "position": {"x": 960, "y": 540}, "inputs": {"left": false, "right": false, "up": false, "down": false}}
2025-09-25 17:45:07,382 - game_server - INFO - log_game_event:61 - Игровое событие: обновление_позиции - {"client_id": 2, "position": {"x": 960, "y": 540}, "inputs": {"left": false, "right": false, "up": false, "down": false}}
2025-09-25 17:45:07,415 - game_server - INFO - log_game_event:61 - Игровое событие: обновление_позиции - {"client_id": 2, "position": {"x": 960, "y": 540}, "inputs": {"left": false, "right": false, "up": false, "down": false}}
2025-09-25 17:45:07,450 - game_server - INFO - log_game_event:61 - Игровое событие: обновление_позиции - {"client_id": 2, "position": {"x": 960, "y": 540}, "inputs": {"left": false, "right": false, "up": false, "down": false}}
2025-09-25 17:45:07,487 - game_server - INFO - log_game_event:61 - Игровое событие: обновление_позиции - {"client_id": 2, "position": {"x": 960, "y": 540}, "inputs": {"left": false, "right": false, "up": false, "down": false}}
2025-09-25 17:45:07,524 - game_server - INFO - log_game_event:61 - Игровое событие: обновление_позиции - {"client_id": 2, "position": {"x": 960, "y": 540}, "inputs": {"left": false, "right": false, "up": false, "down": false}}
2025-09-25 17:45:07,560 - game_server - INFO - log_game_event:61 - Игровое событие: обновление_позиции - {"client_id": 2, "position": {"x": 960, "y": 540}, "inputs": {"left": false, "right": false, "up": false, "down": false}}
2025-09-25 17:45:07,598 - game_server - INFO - log_game_event:61 - Игровое событие: обновление_позиции - {"client_id": 2, "position": {"x": 960, "y": 540}, "inputs": {"left": false, "right": false, "up": false, "down": false}}
2025-09-25 17:45:07,629 - game_server - INFO - log_game_event:61 - Игровое событие: обновление_позиции - {"client_id": 2, "position": {"x": 960, "y": 540}, "inputs": {"left": false, "right": false, "up": false, "down": false}}
2025-09-25 17:45:07,694 - game_server - INFO - log_game_event:61 - Игровое событие: обновление_позиции - {"client_id": 2, "position": {"x": 960, "y": 540}, "inputs": {"left": false, "right": false, "up": false, "down": false}}
2025-09-25 17:45:07,738 - game_server - INFO - log_game_event:61 - Игровое событие: обновление_позиции - {"client_id": 2, "position": {"x": 960, "y": 540}, "inputs": {"left": false, "right": false, "up": false, "down": false}}
2025-09-25 17:45:07,769 - game_server - INFO - log_game_event:61 - Игровое событие: обновление_позиции - {"client_id": 2, "position": {"x": 960, "y": 540}, "inputs": {"left": false, "right": false, "up": false, "down": false}}
2025-09-25 17:45:07,798 - game_server - INFO - log_game_event:61 - Игровое событие: обновление_позиции - {"client_id": 2, "position": {"x": 960, "y": 540}, "inputs": {"left": false, "right": false, "up": false, "down": false}}
2025-09-25 17:45:07,831 - game_server - INFO - log_game_event:61 - Игровое событие: обновление_позиции - {"client_id": 2, "position": {"x": 960, "y": 540}, "inputs": {"left": false, "right": false, "up": false, "down": false}}
2025-09-25 17:45:07,864 - game_server - INFO - log_game_event:61 - Игровое событие: обновление_позиции - {"client_id": 2, "position": {"x": 960, "y": 540}, "inputs": {"left": false, "right": false, "up": false, "down": false}}
2025-09-25 17:45:07,896 - game_server - INFO - log_game_event:61 - Игровое событие: обновление_позиции - {"client_id": 2, "position": {"x": 960, "y": 540}, "inputs": {"left": false, "right": false, "up": false, "down": false}}
2025-09-25 17:45:07,930 - game_server - INFO - log_game_event:61 - Игровое событие: обновление_позиции - {"client_id": 2, "position": {"x": 960, "y": 540}, "inputs": {"left": false, "right": false, "up": false, "down": false}}
2025-09-25 17:45:07,964 - game_server - INFO - log_game_event:61 - Игровое событие: обновление_позиции - {"client_id": 2, "position": {"x": 960, "y": 540}, "inputs": {"left": false, "right": false, "up": false, "down": false}}
2025-09-25 17:45:07,998 - game_server - INFO - log_game_event:61 - Игровое событие: обновление_позиции - {"client_id": 2, "position": {"x": 960, "y": 540}, "inputs": {"left": false, "right": false, "up": false, "down": false}}
2025-09-25 17:45:08,033 - game_server - INFO - log_game_event:61 - Игровое событие: обновление_позиции - {"client_id": 2, "position": {"x": 960, "y": 540}, "inputs": {"left": false, "right": false, "up": false, "down": false}}
2025-09-25 17:45:08,069 - game_server - INFO - log_game_event:61 - Игровое событие: обновление_позиции - {"client_id": 2, "position": {"x": 960, "y": 540}, "inputs": {"left": false, "right": false, "up": false, "down": false}}
2025-09-25 17:45:08,106 - game_server - INFO - log_game_event:61 - Игровое событие: обновление_позиции - {"client_id": 2, "position": {"x": 960, "y": 540}, "inputs": {"left": false, "right": false, "up": false, "down": false}}
2025-09-25 17:45:08,141 - game_server - INFO - log_game_event:61 - Игровое событие: обновление_позиции - {"client_id": 2, "position": {"x": 960, "y": 540}, "inputs": {"left": false, "right": false, "up": false, "down": false}}
2025-09-25 17:45:08,180 - game_server - INFO - log_game_event:61 - Игровое событие: обновление_позиции - {"client_id": 2, "position": {"x": 960, "y": 540}, "inputs": {"left": false, "right": false, "up": false, "down": false}}
2025-09-25 17:45:08,216 - game_server - INFO - log_game_event:61 - Игровое событие: обновление_позиции - {"client_id": 2, "position": {"x": 960, "y": 540}, "inputs": {"left": false, "right": false, "up": false, "down": false}}
2025-09-25 17:45:08,251 - game_server - INFO - log_game_event:61 - Игровое событие: обновление_позиции - {"client_id": 2, "position": {"x": 960, "y": 540}, "inputs": {"left": false, "right": false, "up": false, "down": false}}
2025-09-25 17:45:08,287 - game_server - INFO - log_game_event:61 - Игровое событие: обновление_позиции - {"client_id": 2, "position": {"x": 960, "y": 540}, "inputs": {"left": false, "right": false, "up": false, "down": false}}
2025-09-25 17:45:08,321 - game_server - INFO - log_game_event:61 - Игровое событие: обновление_позиции - {"client_id": 2, "position": {"x": 960, "y": 540}, "inputs": {"left": false, "right": false, "up": false, "down": false}}
2025-09-25 17:45:08,358 - game_server - INFO - log_game_event:61 - Игровое событие: обновление_позиции - {"client_id": 2, "position": {"x": 960, "y": 540}, "inputs": {"left": false, "right": false, "up": false, "down": false}}
2025-09-25 17:45:08,394 - game_server - INFO - log_game_event:61 - Игровое событие: обновление_позиции - {"client_id": 2, "position": {"x": 960, "y": 540}, "inputs": {"left": false, "right": false, "up": false, "down": false}}
2025-09-25 17:45:08,427 - game_server - INFO - log_game_event:61 - Игровое событие: обновление_позиции - {"client_id": 2, "position": {"x": 960, "y": 540}, "inputs": {"left": false, "right": false, "up": false, "down": false}}
2025-09-25 17:45:08,460 - game_server - INFO - log_game_event:61 - Игровое событие: обновление_позиции - {"client_id": 2, "position": {"x": 960, "y": 540}, "inputs": {"left": false, "right": false, "up": false, "down": false}}
2025-09-25 17:45:08,493 - game_server - INFO - log_game_event:61 - Игровое событие: обновление_позиции - {"client_id": 2, "position": {"x": 960, "y": 540}, "inputs": {"left": false, "right": false, "up": false, "down": false}}
2025-09-25 17:45:08,527 - game_server - INFO - log_game_event:61 - Игровое событие: обновление_позиции - {"client_id": 2, "position": {"x": 960, "y": 540}, "inputs": {"left": false, "right": false, "up": false, "down": false}}
2025-09-25 17:45:08,561 - game_server - INFO - log_game_event:61 - Игровое событие: обновление_позиции - {"client_id": 2, "position": {"x": 960, "y": 540}, "inputs": {"left": false, "right": false, "up": false, "down": false}}
2025-09-25 17:45:08,594 - game_server - INFO - log_game_event:61 - Игровое событие: обновление_позиции - {"client_id": 2, "position": {"x": 960, "y": 540}, "inputs": {"left": false, "right": false, "up": false, "down": false}}
2025-09-25 17:45:08,629 - game_server - INFO - log_game_event:61 - Игровое событие: обновление_позиции - {"client_id": 2, "position": {"x": 960, "y": 540}, "inputs": {"left": false, "right": false, "up": false, "down": false}}
2025-09-25 17:45:08,664 - game_server - INFO - log_game_event:61 - Игровое событие: обновление_позиции - {"client_id": 2, "position": {"x": 960, "y": 540}, "inputs": {"left": false, "right": false, "up": false, "down": false}}
2025-09-25 17:45:08,698 - game_server - INFO - log_game_event:61 - Игровое событие: обновление_позиции - {"client_id": 2, "position": {"x": 960, "y": 540}, "inputs": {"left": false, "right": false, "up": false, "down": false}}
2025-09-25 17:45:08,735 - game_server - INFO - log_game_event:61 - Игровое событие: обновление_позиции - {"client_id": 2, "position": {"x": 960, "y": 540}, "inputs": {"left": false, "right": false, "up": false, "down": false}}
2025-09-25 17:45:08,769 - game_server - INFO - log_game_event:61 - Игровое событие: обновление_позиции - {"client_id": 2, "position": {"x": 960, "y": 540}, "inputs": {"left": false, "right": false, "up": false, "down": false}}
2025-09-25 17:45:08,806 - game_server - INFO - log_game_event:61 - Игровое событие: обновление_позиции - {"client_id": 2, "position": {"x": 960, "y": 540}, "inputs": {"left": false, "right": false, "up": false, "down": false}}
2025-09-25 17:45:08,839 - game_server - INFO - log_game_event:61 - Игровое событие: обновление_позиции - {"client_id": 2, "position": {"x": 960, "y": 540}, "inputs": {"left": false, "right": false, "up": false, "down": false}}
2025-09-25 17:45:08,873 - game_server - INFO - log_game_event:61 - Игровое событие: обновление_позиции - {"client_id": 2, "position": {"x": 960, "y": 540}, "inputs": {"left": false, "right": false, "up": false, "down": false}}
2025-09-25 17:45:08,907 - game_server - INFO - log_game_event:61 - Игровое событие: обновление_позиции - {"client_id": 2, "position": {"x": 960, "y": 540}, "inputs": {"left": false, "right": false, "up": false, "down": false}}
2025-09-25 17:45:08,942 - game_server - INFO - log_game_event:61 - Игровое событие: обновление_позиции - {"client_id": 2, "position": {"x": 960, "y": 540}, "inputs": {"left": false, "right": false, "up": false, "down": false}}
2025-09-25 17:45:08,976 - game_server - INFO - log_game_event:61 - Игровое событие: обновление_позиции - {"client_id": 2, "position": {"x": 960, "y": 540}, "inputs": {"left": false, "right": false, "up": false, "down": false}}
2025-09-25 17:45:09,009 - game_server - INFO - log_game_event:61 - Игровое событие: обновление_позиции - {"client_id": 2, "position": {"x": 960, "y": 540}, "inputs": {"left": false, "right": false, "up": false, "down": false}}
2025-09-25 17:45:09,042 - game_server - INFO - log_game_event:61 - Игровое событие: обновление_позиции - {"client_id": 2, "position": {"x": 960, "y": 540}, "inputs": {"left": false, "right": false, "up": false, "down": false}}
2025-09-25 17:45:09,077 - game_server - INFO - log_game_event:61 - Игровое событие: обновление_позиции - {"client_id": 2, "position": {"x": 960, "y": 540}, "inputs": {"left": false, "right": false, "up": false, "down": false}}
2025-09-25 17:45:09,112 - game_server - INFO - log_game_event:61 - Игровое событие: обновление_позиции - {"client_id": 2, "position": {"x": 960, "y": 540}, "inputs": {"left": false, "right": false, "up": false, "down": false}}
2025-09-25 17:45:09,147 - game_server - INFO - log_game_event:61 - Игровое событие: обновление_позиции - {"client_id": 2, "position": {"x": 960, "y": 540}, "inputs": {"left": false, "right": false, "up": false, "down": false}}
2025-09-25 17:45:09,181 - game_server - INFO - log_game_event:61 - Игровое событие: обновление_позиции - {"client_id": 2, "position": {"x": 960, "y": 540}, "inputs": {"left": false, "right": false, "up": false, "down": false}}
2025-09-25 17:45:09,215 - game_server - INFO - log_game_event:61 - Игровое событие: обновление_позиции - {"client_id": 2, "position": {"x": 960, "y": 540}, "inputs": {"left": false, "right": false, "up": false, "down": false}}
2025-09-25 17:45:09,251 - game_server - INFO - log_game_event:61 - Игровое событие: обновление_позиции - {"client_id": 2, "position": {"x": 960, "y": 540}, "inputs": {"left": false, "right": false, "up": false, "down": false}}
2025-09-25 17:45:09,284 - game_server - INFO - log_game_event:61 - Игровое событие: обновление_позиции - {"client_id": 2, "position": {"x": 960, "y": 540}, "inputs": {"left": false, "right": false, "up": false, "down": false}}
2025-09-25 17:45:09,318 - game_server - INFO - log_game_event:61 - Игровое событие: обновление_позиции - {"client_id": 2, "position": {"x": 960, "y": 540}, "inputs": {"left": false, "right": false, "up": false, "down": false}}
2025-09-25 17:45:09,353 - game_server - INFO - log_game_event:61 - Игровое событие: обновление_позиции - {"client_id": 2, "position": {"x": 960, "y": 540}, "inputs": {"left": false, "right": false, "up": false, "down": false}}
2025-09-25 17:45:09,388 - game_server - INFO - log_game_event:61 - Игровое событие: обновление_позиции - {"client_id": 2, "position": {"x": 960, "y": 540}, "inputs": {"left": false, "right": false, "up": false, "down": false}}
2025-09-25 17:45:09,421 - game_server - INFO - log_game_event:61 - Игровое событие: обновление_позиции - {"client_id": 2, "position": {"x": 960, "y": 540}, "inputs": {"left": false, "right": false, "up": false, "down": false}}
2025-09-25 17:45:09,457 - game_server - INFO - log_game_event:61 - Игровое событие: обновление_позиции - {"client_id": 2, "position": {"x": 960, "y": 540}, "inputs": {"left": false, "right": false, "up": false, "down": false}}
2025-09-25 17:45:09,492 - game_server - INFO - log_game_event:61 - Игровое событие: обновление_позиции - {"client_id": 2, "position": {"x": 960, "y": 540}, "inputs": {"left": false, "right": false, "up": false, "down": false}}
2025-09-25 17:45:09,527 - game_server - INFO - log_game_event:61 - Игровое событие: обновление_позиции - {"client_id": 2, "position": {"x": 960, "y": 540}, "inputs": {"left": false, "right": false, "up": false, "down": false}}
2025-09-25 17:45:09,562 - game_server - INFO - log_game_event:61 - Игровое событие: обновление_позиции - {"client_id": 2, "position": {"x": 960, "y": 540}, "inputs": {"left": false, "right": false, "up": false, "down": false}}
2025-09-25 17:45:09,596 - game_server - INFO - log_game_event:61 - Игровое событие: обновление_позиции - {"client_id": 2, "position": {"x": 960, "y": 540}, "inputs": {"left": false, "right": false, "up": false, "down": false}}
2025-09-25 17:45:09,629 - game_server - INFO - log_game_event:61 - Игровое событие: обновление_позиции - {"client_id": 2, "position": {"x": 960, "y": 540}, "inputs": {"left": false, "right": false, "up": false, "down": false}}
2025-09-25 17:45:09,663 - game_server - INFO - log_game_event:61 - Игровое событие: обновление_позиции - {"client_id": 2, "position": {"x": 960, "y": 540}, "inputs": {"left": false, "right": false, "up": false, "down": false}}
2025-09-25 17:45:09,697 - game_server - INFO - log_game_event:61 - Игровое событие: обновление_позиции - {"client_id": 2, "position": {"x": 960, "y": 540}, "inputs": {"left": false, "right": false, "up": false, "down": false}}
2025-09-25 17:45:09,734 - game_server - INFO - log_game_event:61 - Игровое событие: обновление_позиции - {"client_id": 2, "position": {"x": 960, "y": 545}, "inputs": {"left": false, "right": false, "up": false, "down": true}}
2025-09-25 17:45:09,769 - game_server - INFO - log_game_event:61 - Игровое событие: обновление_позиции - {"client_id": 2, "position": {"x": 960, "y": 550}, "inputs": {"left": false, "right": false, "up": false, "down": true}}
2025-09-25 17:45:09,803 - game_server - INFO - log_game_event:61 - Игровое событие: обновление_позиции - {"client_id": 2, "position": {"x": 960, "y": 555}, "inputs": {"left": false, "right": false, "up": false, "down": true}}
2025-09-25 17:45:09,838 - game_server - INFO - log_game_event:61 - Игровое событие: обновление_позиции - {"client_id": 2, "position": {"x": 960, "y": 560}, "inputs": {"left": false, "right": false, "up": false, "down": true}}
2025-09-25 17:45:09,875 - game_server - INFO - log_game_event:61 - Игровое событие: обновление_позиции - {"client_id": 2, "position": {"x": 960, "y": 565}, "inputs": {"left": false, "right": false, "up": false, "down": true}}
2025-09-25 17:45:09,910 - game_server - INFO - log_game_event:61 - Игровое событие: обновление_позиции - {"client_id": 2, "position": {"x": 960, "y": 570}, "inputs": {"left": false, "right": false, "up": false, "down": true}}
2025-09-25 17:45:09,944 - game_server - INFO - log_game_event:61 - Игровое событие: обновление_позиции - {"client_id": 2, "position": {"x": 960, "y": 575}, "inputs": {"left": false, "right": false, "up": false, "down": true}}
2025-09-25 17:45:09,979 - game_server - INFO - log_game_event:61 - Игровое событие: обновление_позиции - {"client_id": 2, "position": {"x": 960, "y": 580}, "inputs": {"left": false, "right": false, "up": false, "down": true}}
2025-09-25 17:45:10,012 - game_server - INFO - log_game_event:61 - Игровое событие: обновление_позиции - {"client_id": 2, "position": {"x": 960, "y": 585}, "inputs": {"left": false, "right": false, "up": false, "down": true}}
2025-09-25 17:45:10,045 - game_server - INFO - log_game_event:61 - Игровое событие: обновление_позиции - {"client_id": 2, "position": {"x": 960, "y": 590}, "inputs": {"left": false, "right": false, "up": false, "down": true}}
2025-09-25 17:45:10,082 - game_server - INFO - log_game_event:61 - Игровое событие: обновление_позиции - {"client_id": 2, "position": {"x": 960, "y": 590}, "inputs": {"left": false, "right": false, "up": false, "down": false}}
2025-09-25 17:45:10,117 - game_server - INFO - log_game_event:61 - Игровое событие: обновление_позиции - {"client_id": 2, "position": {"x": 960, "y": 590}, "inputs": {"left": false, "right": false, "up": false, "down": false}}
2025-09-25 17:45:10,150 - game_server - INFO - log_game_event:61 - Игровое событие: обновление_позиции - {"client_id": 2, "position": {"x": 960, "y": 590}, "inputs": {"left": false, "right": false, "up": false, "down": false}}
2025-09-25 17:45:10,185 - game_server - INFO - log_game_event:61 - Игровое событие: обновление_позиции - {"client_id": 2, "position": {"x": 960, "y": 590}, "inputs": {"left": false, "right": false, "up": false, "down": false}}
2025-09-25 17:45:10,221 - game_server - INFO - log_game_event:61 - Игровое событие: обновление_позиции - {"client_id": 2, "position": {"x": 960, "y": 590}, "inputs": {"left": false, "right": false, "up": false, "down": false}}
2025-09-25 17:45:10,256 - game_server - INFO - log_game_event:61 - Игровое событие: обновление_позиции - {"client_id": 2, "position": {"x": 960, "y": 590}, "inputs": {"left": false, "right": false, "up": false, "down": false}}
2025-09-25 17:45:10,292 - game_server - INFO - log_game_event:61 - Игровое событие: обновление_позиции - {"client_id": 2, "position": {"x": 960, "y": 590}, "inputs": {"left": false, "right": false, "up": false, "down": false}}
2025-09-25 17:45:10,328 - game_server - INFO - log_game_event:61 - Игровое событие: обновление_позиции - {"client_id": 2, "position": {"x": 960, "y": 585}, "inputs": {"left": false, "right": false, "up": true, "down": false}}
2025-09-25 17:45:10,364 - game_server - INFO - log_game_event:61 - Игровое событие: обновление_позиции - {"client_id": 2, "position": {"x": 960, "y": 580}, "inputs": {"left": false, "right": false, "up": true, "down": false}}
2025-09-25 17:45:10,398 - game_server - INFO - log_game_event:61 - Игровое событие: обновление_позиции - {"client_id": 2, "position": {"x": 960, "y": 575}, "inputs": {"left": false, "right": false, "up": true, "down": false}}
2025-09-25 17:45:10,432 - game_server - INFO - log_game_event:61 - Игровое событие: обновление_позиции - {"client_id": 2, "position": {"x": 960, "y": 570}, "inputs": {"left": false, "right": false, "up": true, "down": false}}
2025-09-25 17:45:10,467 - game_server - INFO - log_game_event:61 - Игровое событие: обновление_позиции - {"client_id": 2, "position": {"x": 960, "y": 565}, "inputs": {"left": false, "right": false, "up": true, "down": false}}
2025-09-25 17:45:10,502 - game_server - INFO - log_game_event:61 - Игровое событие: обновление_позиции - {"client_id": 2, "position": {"x": 960, "y": 560}, "inputs": {"left": false, "right": false, "up": true, "down": false}}
2025-09-25 17:45:10,537 - game_server - INFO - log_game_event:61 - Игровое событие: обновление_позиции - {"client_id": 2, "position": {"x": 960, "y": 555}, "inputs": {"left": false, "right": false, "up": true, "down": false}}
2025-09-25 17:45:10,574 - game_server - INFO - log_game_event:61 - Игровое событие: обновление_позиции - {"client_id": 2, "position": {"x": 960, "y": 550}, "inputs": {"left": false, "right": false, "up": true, "down": false}}
2025-09-25 17:45:10,610 - game_server - INFO - log_game_event:61 - Игровое событие: обновление_позиции - {"client_id": 2, "position": {"x": 955, "y": 545}, "inputs": {"left": true, "right": false, "up": true, "down": false}}
2025-09-25 17:45:10,644 - game_server - INFO - log_game_event:61 - Игровое событие: обновление_позиции - {"client_id": 2, "position": {"x": 950, "y": 540}, "inputs": {"left": true, "right": false, "up": true, "down": false}}
2025-09-25 17:45:10,679 - game_server - INFO - log_game_event:61 - Игровое событие: обновление_позиции - {"client_id": 2, "position": {"x": 945, "y": 540}, "inputs": {"left": true, "right": false, "up": false, "down": false}}
2025-09-25 17:45:10,716 - game_server - INFO - log_game_event:61 - Игровое событие: обновление_позиции - {"client_id": 2, "position": {"x": 940, "y": 540}, "inputs": {"left": true, "right": false, "up": false, "down": false}}
2025-09-25 17:45:10,749 - game_server - INFO - log_game_event:61 - Игровое событие: обновление_позиции - {"client_id": 2, "position": {"x": 935, "y": 540}, "inputs": {"left": true, "right": false, "up": false, "down": false}}
2025-09-25 17:45:10,785 - game_server - INFO - log_game_event:61 - Игровое событие: обновление_позиции - {"client_id": 2, "position": {"x": 930, "y": 540}, "inputs": {"left": true, "right": false, "up": false, "down": false}}
2025-09-25 17:45:10,819 - game_server - INFO - log_game_event:61 - Игровое событие: обновление_позиции - {"client_id": 2, "position": {"x": 925, "y": 540}, "inputs": {"left": true, "right": false, "up": false, "down": false}}
2025-09-25 17:45:10,856 - game_server - INFO - log_game_event:61 - Игровое событие: обновление_позиции - {"client_id": 2, "position": {"x": 920, "y": 540}, "inputs": {"left": true, "right": false, "up": false, "down": false}}
2025-09-25 17:45:10,890 - game_server - INFO - log_game_event:61 - Игровое событие: обновление_позиции - {"client_id": 2, "position": {"x": 915, "y": 540}, "inputs": {"left": true, "right": false, "up": false, "down": false}}
2025-09-25 17:45:10,925 - game_server - INFO - log_game_event:61 - Игровое событие: обновление_позиции - {"client_id": 2, "position": {"x": 910, "y": 540}, "inputs": {"left": true, "right": false, "up": false, "down": false}}
2025-09-25 17:45:10,960 - game_server - INFO - log_game_event:61 - Игровое событие: обновление_позиции - {"client_id": 2, "position": {"x": 910, "y": 540}, "inputs": {"left": false, "right": false, "up": false, "down": false}}
2025-09-25 17:45:10,996 - game_server - INFO - log_game_event:61 - Игровое событие: обновление_позиции - {"client_id": 2, "position": {"x": 910, "y": 540}, "inputs": {"left": false, "right": false, "up": false, "down": false}}
2025-09-25 17:45:11,029 - game_server - INFO - log_game_event:61 - Игровое событие: обновление_позиции - {"client_id": 2, "position": {"x": 910, "y": 540}, "inputs": {"left": false, "right": false, "up": false, "down": false}}
2025-09-25 17:45:11,062 - game_server - INFO - log_game_event:61 - Игровое событие: обновление_позиции - {"client_id": 2, "position": {"x": 910, "y": 540}, "inputs": {"left": false, "right": false, "up": false, "down": false}}
2025-09-25 17:45:11,094 - game_server - INFO - log_game_event:61 - Игровое событие: обновление_позиции - {"client_id": 2, "position": {"x": 910, "y": 540}, "inputs": {"left": false, "right": false, "up": false, "down": false}}
2025-09-25 17:45:11,126 - game_server - INFO - log_game_event:61 - Игровое событие: обновление_позиции - {"client_id": 2, "position": {"x": 910, "y": 540}, "inputs": {"left": false, "right": false, "up": false, "down": false}}
2025-09-25 17:45:11,158 - game_server - INFO - log_game_event:61 - Игровое событие: обновление_позиции - {"client_id": 2, "position": {"x": 910, "y": 540}, "inputs": {"left": false, "right": false, "up": false, "down": false}}
2025-09-25 17:45:11,192 - game_server - INFO - log_game_event:61 - Игровое событие: обновление_позиции - {"client_id": 2, "position": {"x": 915, "y": 540}, "inputs": {"left": false, "right": true, "up": false, "down": false}}
2025-09-25 17:45:11,228 - game_server - INFO - log_game_event:61 - Игровое событие: обновление_позиции - {"client_id": 2, "position": {"x": 920, "y": 540}, "inputs": {"left": false, "right": true, "up": false, "down": false}}
2025-09-25 17:45:11,263 - game_server - INFO - log_game_event:61 - Игровое событие: обновление_позиции - {"client_id": 2, "position": {"x": 925, "y": 540}, "inputs": {"left": false, "right": true, "up": false, "down": false}}
2025-09-25 17:45:11,297 - game_server - INFO - log_game_event:61 - Игровое событие: обновление_позиции - {"client_id": 2, "position": {"x": 930, "y": 540}, "inputs": {"left": false, "right": true, "up": false, "down": false}}
2025-09-25 17:45:11,331 - game_server - INFO - log_game_event:61 - Игровое событие: обновление_позиции - {"client_id": 2, "position": {"x": 935, "y": 540}, "inputs": {"left": false, "right": true, "up": false, "down": false}}
2025-09-25 17:45:11,364 - game_server - INFO - log_game_event:61 - Игровое событие: обновление_позиции - {"client_id": 2, "position": {"x": 940, "y": 540}, "inputs": {"left": false, "right": true, "up": false, "down": false}}
2025-09-25 17:45:11,397 - game_server - INFO - log_game_event:61 - Игровое событие: обновление_позиции - {"client_id": 2, "position": {"x": 945, "y": 540}, "inputs": {"left": false, "right": true, "up": false, "down": false}}
2025-09-25 17:45:11,429 - game_server - INFO - log_game_event:61 - Игровое событие: обновление_позиции - {"client_id": 2, "position": {"x": 950, "y": 540}, "inputs": {"left": false, "right": true, "up": false, "down": false}}
2025-09-25 17:45:11,464 - game_server - INFO - log_game_event:61 - Игровое событие: обновление_позиции - {"client_id": 2, "position": {"x": 955, "y": 540}, "inputs": {"left": false, "right": true, "up": false, "down": false}}
2025-09-25 17:45:11,499 - game_server - INFO - log_game_event:61 - Игровое событие: обновление_позиции - {"client_id": 2, "position": {"x": 960, "y": 540}, "inputs": {"left": false, "right": true, "up": false, "down": false}}
2025-09-25 17:45:11,534 - game_server - INFO - log_game_event:61 - Игровое событие: обновление_позиции - {"client_id": 2, "position": {"x": 965, "y": 540}, "inputs": {"left": false, "right": true, "up": false, "down": false}}
2025-09-25 17:45:11,569 - game_server - INFO - log_game_event:61 - Игровое событие: обновление_позиции - {"client_id": 2, "position": {"x": 970, "y": 540}, "inputs": {"left": false, "right": true, "up": false, "down": false}}
2025-09-25 17:45:11,606 - game_server - INFO - log_game_event:61 - Игровое событие: обновление_позиции - {"client_id": 2, "position": {"x": 975, "y": 545}, "inputs": {"left": false, "right": true, "up": false, "down": true}}
2025-09-25 17:45:11,640 - game_server - INFO - log_game_event:61 - Игровое событие: обновление_позиции - {"client_id": 2, "position": {"x": 980, "y": 550}, "inputs": {"left": false, "right": true, "up": false, "down": true}}
2025-09-25 17:45:11,676 - game_server - INFO - log_game_event:61 - Игровое событие: обновление_позиции - {"client_id": 2, "position": {"x": 985, "y": 555}, "inputs": {"left": false, "right": true, "up": false, "down": true}}
2025-09-25 17:45:11,709 - game_server - INFO - log_game_event:61 - Игровое событие: обновление_позиции - {"client_id": 2, "position": {"x": 990, "y": 560}, "inputs": {"left": false, "right": true, "up": false, "down": true}}
2025-09-25 17:45:11,744 - game_server - INFO - log_game_event:61 - Игровое событие: обновление_позиции - {"client_id": 2, "position": {"x": 995, "y": 565}, "inputs": {"left": false, "right": true, "up": false, "down": true}}
2025-09-25 17:45:11,778 - game_server - INFO - log_game_event:61 - Игровое событие: обновление_позиции - {"client_id": 2, "position": {"x": 1000, "y": 570}, "inputs": {"left": false, "right": true, "up": false, "down": true}}
2025-09-25 17:45:11,810 - game_server - INFO - log_game_event:61 - Игровое событие: обновление_позиции - {"client_id": 2, "position": {"x": 1005, "y": 575}, "inputs": {"left": false, "right": true, "up": false, "down": true}}
2025-09-25 17:45:11,845 - game_server - INFO - log_game_event:61 - Игровое событие: обновление_позиции - {"client_id": 2, "position": {"x": 1010, "y": 580}, "inputs": {"left": false, "right": true, "up": false, "down": true}}
2025-09-25 17:45:11,878 - game_server - INFO - log_game_event:61 - Игровое событие: обновление_позиции - {"client_id": 2, "position": {"x": 1015, "y": 585}, "inputs": {"left": false, "right": true, "up": false, "down": true}}
2025-09-25 17:45:11,912 - game_server - INFO - log_game_event:61 - Игровое событие: обновление_позиции - {"client_id": 2, "position": {"x": 1020, "y": 590}, "inputs": {"left": false, "right": true, "up": false, "down": true}}
2025-09-25 17:45:11,947 - game_server - INFO - log_game_event:61 - Игровое событие: обновление_позиции - {"client_id": 2, "position": {"x": 1025, "y": 595}, "inputs": {"left": false, "right": true, "up": false, "down": true}}
2025-09-25 17:45:11,981 - game_server - INFO - log_game_event:61 - Игровое событие: обновление_позиции - {"client_id": 2, "position": {"x": 1030, "y": 600}, "inputs": {"left": false, "right": true, "up": false, "down": true}}
2025-09-25 17:45:12,016 - game_server - INFO - log_game_event:61 - Игровое событие: обновление_позиции - {"client_id": 2, "position": {"x": 1035, "y": 605}, "inputs": {"left": false, "right": true, "up": false, "down": true}}
2025-09-25 17:45:12,050 - game_server - INFO - log_game_event:61 - Игровое событие: обновление_позиции - {"client_id": 2, "position": {"x": 1040, "y": 605}, "inputs": {"left": false, "right": true, "up": false, "down": false}}
2025-09-25 17:45:12,085 - game_server - INFO - log_game_event:61 - Игровое событие: обновление_позиции - {"client_id": 2, "position": {"x": 1040, "y": 605}, "inputs": {"left": true, "right": true, "up": false, "down": false}}
2025-09-25 17:45:12,118 - game_server - INFO - log_game_event:61 - Игровое событие: обновление_позиции - {"client_id": 2, "position": {"x": 1040, "y": 605}, "inputs": {"left": true, "right": true, "up": false, "down": false}}
2025-09-25 17:45:12,151 - game_server - INFO - log_game_event:61 - Игровое событие: обновление_позиции - {"client_id": 2, "position": {"x": 1040, "y": 605}, "inputs": {"left": true, "right": true, "up": false, "down": false}}
2025-09-25 17:45:12,184 - game_server - INFO - log_game_event:61 - Игровое событие: обновление_позиции - {"client_id": 2, "position": {"x": 1040, "y": 605}, "inputs": {"left": true, "right": true, "up": false, "down": false}}
2025-09-25 17:45:12,219 - game_server - INFO - log_game_event:61 - Игровое событие: обновление_позиции - {"client_id": 2, "position": {"x": 1040, "y": 605}, "inputs": {"left": true, "right": true, "up": false, "down": false}}
2025-09-25 17:45:12,255 - game_server - INFO - log_game_event:61 - Игровое событие: обновление_позиции - {"client_id": 2, "position": {"x": 1040, "y": 605}, "inputs": {"left": true, "right": true, "up": false, "down": false}}
2025-09-25 17:45:12,289 - game_server - INFO - log_game_event:61 - Игровое событие: обновление_позиции - {"client_id": 2, "position": {"x": 1040, "y": 605}, "inputs": {"left": true, "right": true, "up": false, "down": false}}
2025-09-25 17:45:12,322 - game_server - INFO - log_game_event:61 - Игровое событие: обновление_позиции - {"client_id": 2, "position": {"x": 1040, "y": 605}, "inputs": {"left": true, "right": true, "up": false, "down": false}}
2025-09-25 17:45:12,356 - game_server - INFO - log_game_event:61 - Игровое событие: обновление_позиции - {"client_id": 2, "position": {"x": 1040, "y": 605}, "inputs": {"left": true, "right": true, "up": false, "down": false}}
2025-09-25 17:45:12,391 - game_server - INFO - log_game_event:61 - Игровое событие: обновление_позиции - {"client_id": 2, "position": {"x": 1040, "y": 605}, "inputs": {"left": true, "right": true, "up": false, "down": false}}
2025-09-25 17:45:12,426 - game_server - INFO - log_game_event:61 - Игровое событие: обновление_позиции - {"client_id": 2, "position": {"x": 1040, "y": 605}, "inputs": {"left": true, "right": true, "up": false, "down": false}}
2025-09-25 17:45:12,460 - game_server - INFO - log_game_event:61 - Игровое событие: обновление_позиции - {"client_id": 2, "position": {"x": 1040, "y": 605}, "inputs": {"left": true, "right": true, "up": false, "down": false}}
2025-09-25 17:45:12,494 - game_server - INFO - log_game_event:61 - Игровое событие: обновление_позиции - {"client_id": 2, "position": {"x": 1040, "y": 605}, "inputs": {"left": true, "right": true, "up": false, "down": false}}
2025-09-25 17:45:12,528 - game_server - INFO - log_game_event:61 - Игровое событие: обновление_позиции - {"client_id": 2, "position": {"x": 1040, "y": 605}, "inputs": {"left": true, "right": true, "up": false, "down": false}}
2025-09-25 17:45:12,560 - game_server - INFO - log_game_event:61 - Игровое событие: обновление_позиции - {"client_id": 2, "position": {"x": 1040, "y": 605}, "inputs": {"left": true, "right": true, "up": false, "down": false}}
2025-09-25 17:45:12,592 - game_server - INFO - log_game_event:61 - Игровое событие: обновление_позиции - {"client_id": 2, "position": {"x": 1040, "y": 605}, "inputs": {"left": true, "right": true, "up": false, "down": false}}
2025-09-25 17:45:12,624 - game_server - INFO - log_game_event:61 - Игровое событие: обновление_позиции - {"client_id": 2, "position": {"x": 1040, "y": 605}, "inputs": {"left": true, "right": true, "up": false, "down": false}}
2025-09-25 17:45:12,657 - game_server - INFO - log_game_event:61 - Игровое событие: обновление_позиции - {"client_id": 2, "position": {"x": 1040, "y": 605}, "inputs": {"left": true, "right": true, "up": false, "down": false}}
2025-09-25 17:45:12,692 - game_server - INFO - log_game_event:61 - Игровое событие: обновление_позиции - {"client_id": 2, "position": {"x": 1040, "y": 605}, "inputs": {"left": true, "right": true, "up": false, "down": false}}
2025-09-25 17:45:12,727 - game_server - INFO - log_game_event:61 - Игровое событие: обновление_позиции - {"client_id": 2, "position": {"x": 1040, "y": 605}, "inputs": {"left": true, "right": true, "up": false, "down": false}}
2025-09-25 17:45:12,760 - game_server - INFO - log_game_event:61 - Игровое событие: обновление_позиции - {"client_id": 2, "position": {"x": 1040, "y": 605}, "inputs": {"left": true, "right": true, "up": false, "down": false}}
2025-09-25 17:45:12,796 - game_server - INFO - log_game_event:61 - Игровое событие: обновление_позиции - {"client_id": 2, "position": {"x": 1040, "y": 605}, "inputs": {"left": true, "right": true, "up": false, "down": false}}
2025-09-25 17:45:12,831 - game_server - INFO - log_game_event:61 - Игровое событие: обновление_позиции - {"client_id": 2, "position": {"x": 1040, "y": 600}, "inputs": {"left": true, "right": true, "up": true, "down": false}}
2025-09-25 17:45:12,864 - game_server - INFO - log_game_event:61 - Игровое событие: обновление_позиции - {"client_id": 2, "position": {"x": 1040, "y": 595}, "inputs": {"left": true, "right": true, "up": true, "down": false}}
2025-09-25 17:45:12,898 - game_server - INFO - log_game_event:61 - Игровое событие: обновление_позиции - {"client_id": 2, "position": {"x": 1040, "y": 590}, "inputs": {"left": true, "right": true, "up": true, "down": false}}
2025-09-25 17:45:12,932 - game_server - INFO - log_game_event:61 - Игровое событие: обновление_позиции - {"client_id": 2, "position": {"x": 1040, "y": 585}, "inputs": {"left": true, "right": true, "up": true, "down": false}}
2025-09-25 17:45:12,966 - game_server - INFO - log_game_event:61 - Игровое событие: обновление_позиции - {"client_id": 2, "position": {"x": 1040, "y": 580}, "inputs": {"left": true, "right": true, "up": true, "down": false}}
2025-09-25 17:45:12,998 - game_server - INFO - log_game_event:61 - Игровое событие: обновление_позиции - {"client_id": 2, "position": {"x": 1040, "y": 575}, "inputs": {"left": true, "right": true, "up": true, "down": false}}
2025-09-25 17:45:13,032 - game_server - INFO - log_game_event:61 - Игровое событие: обновление_позиции - {"client_id": 2, "position": {"x": 1040, "y": 570}, "inputs": {"left": true, "right": true, "up": true, "down": false}}
2025-09-25 17:45:13,067 - game_server - INFO - log_game_event:61 - Игровое событие: обновление_позиции - {"client_id": 2, "position": {"x": 1040, "y": 565}, "inputs": {"left": true, "right": true, "up": true, "down": false}}
2025-09-25 17:45:13,102 - game_server - INFO - log_game_event:61 - Игровое событие: обновление_позиции - {"client_id": 2, "position": {"x": 1040, "y": 560}, "inputs": {"left": true, "right": true, "up": true, "down": false}}
2025-09-25 17:45:13,136 - game_server - INFO - log_game_event:61 - Игровое событие: обновление_позиции - {"client_id": 2, "position": {"x": 1040, "y": 555}, "inputs": {"left": true, "right": true, "up": true, "down": false}}
2025-09-25 17:45:13,172 - game_server - INFO - log_game_event:61 - Игровое событие: обновление_позиции - {"client_id": 2, "position": {"x": 1040, "y": 550}, "inputs": {"left": true, "right": true, "up": true, "down": false}}
2025-09-25 17:45:13,206 - game_server - INFO - log_game_event:61 - Игровое событие: обновление_позиции - {"client_id": 2, "position": {"x": 1040, "y": 545}, "inputs": {"left": true, "right": true, "up": true, "down": false}}
2025-09-25 17:45:13,241 - game_server - INFO - log_game_event:61 - Игровое событие: обновление_позиции - {"client_id": 2, "position": {"x": 1040, "y": 540}, "inputs": {"left": true, "right": true, "up": true, "down": false}}
2025-09-25 17:45:13,276 - game_server - INFO - log_game_event:61 - Игровое событие: обновление_позиции - {"client_id": 2, "position": {"x": 1040, "y": 535}, "inputs": {"left": true, "right": true, "up": true, "down": false}}
2025-09-25 17:45:13,309 - game_server - INFO - log_game_event:61 - Игровое событие: обновление_позиции - {"client_id": 2, "position": {"x": 1040, "y": 530}, "inputs": {"left": true, "right": true, "up": true, "down": false}}
2025-09-25 17:45:13,343 - game_server - INFO - log_game_event:61 - Игровое событие: обновление_позиции - {"client_id": 2, "position": {"x": 1040, "y": 525}, "inputs": {"left": true, "right": true, "up": true, "down": false}}
2025-09-25 17:45:13,379 - game_server - INFO - log_game_event:61 - Игровое событие: обновление_позиции - {"client_id": 2, "position": {"x": 1040, "y": 520}, "inputs": {"left": true, "right": true, "up": true, "down": false}}
2025-09-25 17:45:13,414 - game_server - INFO - log_game_event:61 - Игровое событие: обновление_позиции - {"client_id": 2, "position": {"x": 1040, "y": 515}, "inputs": {"left": true, "right": true, "up": true, "down": false}}
2025-09-25 17:45:13,447 - game_server - INFO - log_game_event:61 - Игровое событие: обновление_позиции - {"client_id": 2, "position": {"x": 1040, "y": 510}, "inputs": {"left": true, "right": true, "up": true, "down": false}}
2025-09-25 17:45:13,481 - game_server - INFO - log_game_event:61 - Игровое событие: обновление_позиции - {"client_id": 2, "position": {"x": 1040, "y": 505}, "inputs": {"left": true, "right": true, "up": true, "down": false}}
2025-09-25 17:45:13,514 - game_server - INFO - log_game_event:61 - Игровое событие: обновление_позиции - {"client_id": 2, "position": {"x": 1040, "y": 500}, "inputs": {"left": true, "right": true, "up": true, "down": false}}
2025-09-25 17:45:13,545 - game_server - INFO - log_game_event:61 - Игровое событие: обновление_позиции - {"client_id": 2, "position": {"x": 1045, "y": 495}, "inputs": {"left": false, "right": true, "up": true, "down": false}}
2025-09-25 17:45:13,578 - game_server - INFO - log_game_event:61 - Игровое событие: обновление_позиции - {"client_id": 2, "position": {"x": 1050, "y": 490}, "inputs": {"left": false, "right": true, "up": true, "down": false}}
2025-09-25 17:45:13,612 - game_server - INFO - log_game_event:61 - Игровое событие: обновление_позиции - {"client_id": 2, "position": {"x": 1055, "y": 485}, "inputs": {"left": false, "right": true, "up": true, "down": false}}
2025-09-25 17:45:13,647 - game_server - INFO - log_game_event:61 - Игровое событие: обновление_позиции - {"client_id": 2, "position": {"x": 1060, "y": 485}, "inputs": {"left": false, "right": true, "up": false, "down": false}}
2025-09-25 17:45:13,680 - game_server - INFO - log_game_event:61 - Игровое событие: обновление_позиции - {"client_id": 2, "position": {"x": 1065, "y": 485}, "inputs": {"left": false, "right": true, "up": false, "down": false}}
2025-09-25 17:45:13,712 - game_server - INFO - log_game_event:61 - Игровое событие: обновление_позиции - {"client_id": 2, "position": {"x": 1070, "y": 485}, "inputs": {"left": false, "right": true, "up": false, "down": false}}
2025-09-25 17:45:13,744 - game_server - INFO - log_game_event:61 - Игровое событие: обновление_позиции - {"client_id": 2, "position": {"x": 1075, "y": 485}, "inputs": {"left": false, "right": true, "up": false, "down": false}}
2025-09-25 17:45:13,778 - game_server - INFO - log_game_event:61 - Игровое событие: обновление_позиции - {"client_id": 2, "position": {"x": 1080, "y": 485}, "inputs": {"left": false, "right": true, "up": false, "down": false}}
2025-09-25 17:45:13,812 - game_server - INFO - log_game_event:61 - Игровое событие: обновление_позиции - {"client_id": 2, "position": {"x": 1085, "y": 485}, "inputs": {"left": false, "right": true, "up": false, "down": false}}
2025-09-25 17:45:13,845 - game_server - INFO - log_game_event:61 - Игровое событие: обновление_позиции - {"client_id": 2, "position": {"x": 1090, "y": 485}, "inputs": {"left": false, "right": true, "up": false, "down": false}}
2025-09-25 17:45:13,878 - game_server - INFO - log_game_event:61 - Игровое событие: обновление_позиции - {"client_id": 2, "position": {"x": 1095, "y": 485}, "inputs": {"left": false, "right": true, "up": false, "down": false}}
2025-09-25 17:45:13,912 - game_server - INFO - log_game_event:61 - Игровое событие: обновление_позиции - {"client_id": 2, "position": {"x": 1100, "y": 485}, "inputs": {"left": false, "right": true, "up": false, "down": false}}
2025-09-25 17:45:13,946 - game_server - INFO - log_game_event:61 - Игровое событие: обновление_позиции - {"client_id": 2, "position": {"x": 1105, "y": 485}, "inputs": {"left": false, "right": true, "up": false, "down": false}}
2025-09-25 17:45:13,979 - game_server - INFO - log_game_event:61 - Игровое событие: обновление_позиции - {"client_id": 2, "position": {"x": 1110, "y": 485}, "inputs": {"left": false, "right": true, "up": false, "down": false}}
2025-09-25 17:45:14,012 - game_server - INFO - log_game_event:61 - Игровое событие: обновление_позиции - {"client_id": 2, "position": {"x": 1115, "y": 485}, "inputs": {"left": false, "right": true, "up": false, "down": false}}
2025-09-25 17:45:14,044 - game_server - INFO - log_game_event:61 - Игровое событие: обновление_позиции - {"client_id": 2, "position": {"x": 1120, "y": 485}, "inputs": {"left": false, "right": true, "up": false, "down": false}}
2025-09-25 17:45:14,078 - game_server - INFO - log_game_event:61 - Игровое событие: обновление_позиции - {"client_id": 2, "position": {"x": 1125, "y": 485}, "inputs": {"left": false, "right": true, "up": false, "down": false}}
2025-09-25 17:45:14,109 - game_server - INFO - log_game_event:61 - Игровое событие: обновление_позиции - {"client_id": 2, "position": {"x": 1130, "y": 485}, "inputs": {"left": false, "right": true, "up": false, "down": false}}
2025-09-25 17:45:14,143 - game_server - INFO - log_game_event:61 - Игровое событие: обновление_позиции - {"client_id": 2, "position": {"x": 1135, "y": 485}, "inputs": {"left": false, "right": true, "up": false, "down": false}}
2025-09-25 17:45:14,177 - game_server - INFO - log_game_event:61 - Игровое событие: обновление_позиции - {"client_id": 2, "position": {"x": 1140, "y": 485}, "inputs": {"left": false, "right": true, "up": false, "down": false}}
2025-09-25 17:45:14,212 - game_server - INFO - log_game_event:61 - Игровое событие: обновление_позиции - {"client_id": 2, "position": {"x": 1145, "y": 485}, "inputs": {"left": false, "right": true, "up": false, "down": false}}
2025-09-25 17:45:14,245 - game_server - INFO - log_game_event:61 - Игровое событие: обновление_позиции - {"client_id": 2, "position": {"x": 1150, "y": 490}, "inputs": {"left": false, "right": true, "up": false, "down": true}}
2025-09-25 17:45:14,278 - game_server - INFO - log_game_event:61 - Игровое событие: обновление_позиции - {"client_id": 2, "position": {"x": 1155, "y": 495}, "inputs": {"left": false, "right": true, "up": false, "down": true}}
2025-09-25 17:45:14,312 - game_server - INFO - log_game_event:61 - Игровое событие: обновление_позиции - {"client_id": 2, "position": {"x": 1160, "y": 500}, "inputs": {"left": false, "right": true, "up": false, "down": true}}
2025-09-25 17:45:14,347 - game_server - INFO - log_game_event:61 - Игровое событие: обновление_позиции - {"client_id": 2, "position": {"x": 1165, "y": 505}, "inputs": {"left": false, "right": true, "up": false, "down": true}}
2025-09-25 17:45:14,380 - game_server - INFO - log_game_event:61 - Игровое событие: обновление_позиции - {"client_id": 2, "position": {"x": 1170, "y": 510}, "inputs": {"left": false, "right": true, "up": false, "down": true}}
2025-09-25 17:45:14,412 - game_server - INFO - log_game_event:61 - Игровое событие: обновление_позиции - {"client_id": 2, "position": {"x": 1175, "y": 515}, "inputs": {"left": false, "right": true, "up": false, "down": true}}
2025-09-25 17:45:14,445 - game_server - INFO - log_game_event:61 - Игровое событие: обновление_позиции - {"client_id": 2, "position": {"x": 1180, "y": 520}, "inputs": {"left": false, "right": true, "up": false, "down": true}}
2025-09-25 17:45:14,479 - game_server - INFO - log_game_event:61 - Игровое событие: обновление_позиции - {"client_id": 2, "position": {"x": 1185, "y": 525}, "inputs": {"left": false, "right": true, "up": false, "down": true}}
2025-09-25 17:45:14,513 - game_server - INFO - log_game_event:61 - Игровое событие: обновление_позиции - {"client_id": 2, "position": {"x": 1190, "y": 530}, "inputs": {"left": false, "right": true, "up": false, "down": true}}
2025-09-25 17:45:14,547 - game_server - INFO - log_game_event:61 - Игровое событие: обновление_позиции - {"client_id": 2, "position": {"x": 1195, "y": 535}, "inputs": {"left": false, "right": true, "up": false, "down": true}}
2025-09-25 17:45:14,580 - game_server - INFO - log_game_event:61 - Игровое событие: обновление_позиции - {"client_id": 2, "position": {"x": 1200, "y": 535}, "inputs": {"left": false, "right": true, "up": false, "down": false}}
2025-09-25 17:45:14,612 - game_server - INFO - log_game_event:61 - Игровое событие: обновление_позиции - {"client_id": 2, "position": {"x": 1205, "y": 535}, "inputs": {"left": false, "right": true, "up": false, "down": false}}
2025-09-25 17:45:14,647 - game_server - INFO - log_game_event:61 - Игровое событие: обновление_позиции - {"client_id": 2, "position": {"x": 1210, "y": 535}, "inputs": {"left": false, "right": true, "up": false, "down": false}}
2025-09-25 17:45:14,680 - game_server - INFO - log_game_event:61 - Игровое событие: обновление_позиции - {"client_id": 2, "position": {"x": 1215, "y": 535}, "inputs": {"left": false, "right": true, "up": false, "down": false}}
2025-09-25 17:45:14,713 - game_server - INFO - log_game_event:61 - Игровое событие: обновление_позиции - {"client_id": 2, "position": {"x": 1220, "y": 535}, "inputs": {"left": false, "right": true, "up": false, "down": false}}
2025-09-25 17:45:14,748 - game_server - INFO - log_game_event:61 - Игровое событие: обновление_позиции - {"client_id": 2, "position": {"x": 1225, "y": 535}, "inputs": {"left": false, "right": true, "up": false, "down": false}}
2025-09-25 17:45:14,780 - game_server - INFO - log_game_event:61 - Игровое событие: обновление_позиции - {"client_id": 2, "position": {"x": 1230, "y": 535}, "inputs": {"left": false, "right": true, "up": false, "down": false}}
2025-09-25 17:45:14,812 - game_server - INFO - log_game_event:61 - Игровое событие: обновление_позиции - {"client_id": 2, "position": {"x": 1235, "y": 535}, "inputs": {"left": false, "right": true, "up": false, "down": false}}
2025-09-25 17:45:14,843 - game_server - INFO - log_game_event:61 - Игровое событие: обновление_позиции - {"client_id": 2, "position": {"x": 1240, "y": 535}, "inputs": {"left": false, "right": true, "up": false, "down": false}}
2025-09-25 17:45:14,874 - game_server - INFO - log_game_event:61 - Игровое событие: обновление_позиции - {"client_id": 2, "position": {"x": 1245, "y": 535}, "inputs": {"left": false, "right": true, "up": false, "down": false}}
2025-09-25 17:45:14,905 - game_server - INFO - log_game_event:61 - Игровое событие: обновление_позиции - {"client_id": 2, "position": {"x": 1250, "y": 535}, "inputs": {"left": false, "right": true, "up": false, "down": false}}
2025-09-25 17:45:14,937 - game_server - INFO - log_game_event:61 - Игровое событие: обновление_позиции - {"client_id": 2, "position": {"x": 1255, "y": 535}, "inputs": {"left": false, "right": true, "up": false, "down": false}}
2025-09-25 17:45:14,970 - game_server - INFO - log_game_event:61 - Игровое событие: обновление_позиции - {"client_id": 2, "position": {"x": 1260, "y": 535}, "inputs": {"left": false, "right": true, "up": false, "down": false}}
2025-09-25 17:45:15,003 - game_server - INFO - log_game_event:61 - Игровое событие: обновление_позиции - {"client_id": 2, "position": {"x": 1260, "y": 535}, "inputs": {"left": false, "right": false, "up": false, "down": false}}
2025-09-25 17:45:15,035 - game_server - INFO - log_game_event:61 - Игровое событие: обновление_позиции - {"client_id": 2, "position": {"x": 1260, "y": 535}, "inputs": {"left": false, "right": false, "up": false, "down": false}}
2025-09-25 17:45:15,069 - game_server - INFO - log_game_event:61 - Игровое событие: обновление_позиции - {"client_id": 2, "position": {"x": 1260, "y": 535}, "inputs": {"left": false, "right": false, "up": false, "down": false}}
2025-09-25 17:45:15,101 - game_server - INFO - log_game_event:61 - Игровое событие: обновление_позиции - {"client_id": 2, "position": {"x": 1260, "y": 535}, "inputs": {"left": false, "right": false, "up": false, "down": false}}
2025-09-25 17:45:15,132 - game_server - INFO - log_game_event:61 - Игровое событие: обновление_позиции - {"client_id": 2, "position": {"x": 1260, "y": 535}, "inputs": {"left": false, "right": false, "up": false, "down": false}}
2025-09-25 17:45:15,162 - game_server - INFO - log_game_event:61 - Игровое событие: обновление_позиции - {"client_id": 2, "position": {"x": 1260, "y": 535}, "inputs": {"left": false, "right": false, "up": false, "down": false}}
2025-09-25 17:45:15,195 - game_server - INFO - log_game_event:61 - Игровое событие: обновление_позиции - {"client_id": 2, "position": {"x": 1260, "y": 535}, "inputs": {"left": false, "right": false, "up": false, "down": false}}
2025-09-25 17:45:15,228 - game_server - INFO - log_game_event:61 - Игровое событие: обновление_позиции - {"client_id": 2, "position": {"x": 1260, "y": 535}, "inputs": {"left": false, "right": false, "up": false, "down": false}}
2025-09-25 17:45:15,260 - game_server - INFO - log_game_event:61 - Игровое событие: обновление_позиции - {"client_id": 2, "position": {"x": 1260, "y": 535}, "inputs": {"left": false, "right": false, "up": false, "down": false}}
2025-09-25 17:45:15,292 - game_server - INFO - log_game_event:61 - Игровое событие: обновление_позиции - {"client_id": 2, "position": {"x": 1260, "y": 535}, "inputs": {"left": false, "right": false, "up": false, "down": false}}
2025-09-25 17:45:15,326 - game_server - INFO - log_game_event:61 - Игровое событие: обновление_позиции - {"client_id": 2, "position": {"x": 1260, "y": 535}, "inputs": {"left": false, "right": false, "up": false, "down": false}}
2025-09-25 17:45:15,358 - game_server - INFO - log_game_event:61 - Игровое событие: обновление_позиции - {"client_id": 2, "position": {"x": 1260, "y": 535}, "inputs": {"left": false, "right": false, "up": false, "down": false}}
2025-09-25 17:45:15,393 - game_server - INFO - log_game_event:61 - Игровое событие: обновление_позиции - {"client_id": 2, "position": {"x": 1260, "y": 535}, "inputs": {"left": false, "right": false, "up": false, "down": false}}
2025-09-25 17:45:15,428 - game_server - INFO - log_game_event:61 - Игровое событие: обновление_позиции - {"client_id": 2, "position": {"x": 1260, "y": 535}, "inputs": {"left": false, "right": false, "up": false, "down": false}}
2025-09-25 17:45:15,464 - game_server - INFO - log_game_event:61 - Игровое событие: обновление_позиции - {"client_id": 2, "position": {"x": 1260, "y": 535}, "inputs": {"left": false, "right": false, "up": false, "down": false}}
2025-09-25 17:45:15,497 - game_server - INFO - log_game_event:61 - Игровое событие: обновление_позиции - {"client_id": 2, "position": {"x": 1260, "y": 535}, "inputs": {"left": false, "right": false, "up": false, "down": false}}
2025-09-25 17:45:15,530 - game_server - INFO - log_game_event:61 - Игровое событие: обновление_позиции - {"client_id": 2, "position": {"x": 1260, "y": 535}, "inputs": {"left": false, "right": false, "up": false, "down": false}}
2025-09-25 17:45:15,566 - game_server - INFO - log_game_event:61 - Игровое событие: обновление_позиции - {"client_id": 2, "position": {"x": 1260, "y": 535}, "inputs": {"left": false, "right": false, "up": false, "down": false}}
2025-09-25 17:45:15,600 - game_server - INFO - log_game_event:61 - Игровое событие: обновление_позиции - {"client_id": 2, "position": {"x": 1260, "y": 535}, "inputs": {"left": false, "right": false, "up": false, "down": false}}
2025-09-25 17:45:15,634 - game_server - INFO - log_game_event:61 - Игровое событие: обновление_позиции - {"client_id": 2, "position": {"x": 1260, "y": 535}, "inputs": {"left": false, "right": false, "up": false, "down": false}}
2025-09-25 17:45:15,671 - game_server - INFO - log_game_event:61 - Игровое событие: обновление_позиции - {"client_id": 2, "position": {"x": 1260, "y": 535}, "inputs": {"left": false, "right": false, "up": false, "down": false}}
2025-09-25 17:45:15,704 - game_server - INFO - log_game_event:61 - Игровое событие: обновление_позиции - {"client_id": 2, "position": {"x": 1260, "y": 535}, "inputs": {"left": false, "right": false, "up": false, "down": false}}
2025-09-25 17:45:15,739 - game_server - INFO - log_game_event:61 - Игровое событие: обновление_позиции - {"client_id": 2, "position": {"x": 1260, "y": 535}, "inputs": {"left": false, "right": false, "up": false, "down": false}}
2025-09-25 17:45:15,775 - game_server - INFO - log_game_event:61 - Игровое событие: обновление_позиции - {"client_id": 2, "position": {"x": 1260, "y": 535}, "inputs": {"left": false, "right": false, "up": false, "down": false}}
2025-09-25 17:45:15,812 - game_server - INFO - log_game_event:61 - Игровое событие: обновление_позиции - {"client_id": 2, "position": {"x": 1260, "y": 535}, "inputs": {"left": false, "right": false, "up": false, "down": false}}
2025-09-25 17:45:15,845 - game_server - INFO - log_game_event:61 - Игровое событие: обновление_позиции - {"client_id": 2, "position": {"x": 1260, "y": 535}, "inputs": {"left": false, "right": false, "up": false, "down": false}}
2025-09-25 17:45:15,880 - game_server - INFO - log_game_event:61 - Игровое событие: обновление_позиции - {"client_id": 2, "position": {"x": 1260, "y": 535}, "inputs": {"left": false, "right": false, "up": false, "down": false}}
2025-09-25 17:45:15,914 - game_server - INFO - log_game_event:61 - Игровое событие: обновление_позиции - {"client_id": 2, "position": {"x": 1260, "y": 535}, "inputs": {"left": false, "right": false, "up": false, "down": false}}
2025-09-25 17:45:15,950 - game_server - INFO - log_game_event:61 - Игровое событие: обновление_позиции - {"client_id": 2, "position": {"x": 1260, "y": 535}, "inputs": {"left": false, "right": false, "up": false, "down": false}}
2025-09-25 17:45:15,986 - game_server - INFO - log_game_event:61 - Игровое событие: обновление_позиции - {"client_id": 2, "position": {"x": 1260, "y": 535}, "inputs": {"left": false, "right": false, "up": false, "down": false}}
2025-09-25 17:45:16,020 - game_server - INFO - log_game_event:61 - Игровое событие: обновление_позиции - {"client_id": 2, "position": {"x": 1260, "y": 535}, "inputs": {"left": false, "right": false, "up": false, "down": false}}
2025-09-25 17:45:16,052 - game_server - INFO - log_game_event:61 - Игровое событие: обновление_позиции - {"client_id": 2, "position": {"x": 1260, "y": 535}, "inputs": {"left": false, "right": false, "up": false, "down": false}}
2025-09-25 17:45:16,093 - game_server - INFO - log_game_event:61 - Игровое событие: обновление_позиции - {"client_id": 2, "position": {"x": 1260, "y": 535}, "inputs": {"left": false, "right": false, "up": false, "down": false}}
2025-09-25 17:45:16,128 - game_server - INFO - log_game_event:61 - Игровое событие: обновление_позиции - {"client_id": 2, "position": {"x": 1260, "y": 535}, "inputs": {"left": false, "right": false, "up": false, "down": false}}
2025-09-25 17:45:16,161 - game_server - INFO - log_game_event:61 - Игровое событие: обновление_позиции - {"client_id": 2, "position": {"x": 1260, "y": 535}, "inputs": {"left": false, "right": false, "up": false, "down": false}}
2025-09-25 17:45:16,196 - game_server - INFO - log_game_event:61 - Игровое событие: обновление_позиции - {"client_id": 2, "position": {"x": 1260, "y": 535}, "inputs": {"left": false, "right": false, "up": false, "down": false}}
2025-09-25 17:45:16,231 - game_server - INFO - log_game_event:61 - Игровое событие: обновление_позиции - {"client_id": 2, "position": {"x": 1260, "y": 535}, "inputs": {"left": false, "right": false, "up": false, "down": false}}
2025-09-25 17:45:16,265 - game_server - INFO - log_game_event:61 - Игровое событие: обновление_позиции - {"client_id": 2, "position": {"x": 1260, "y": 535}, "inputs": {"left": false, "right": false, "up": false, "down": false}}
2025-09-25 17:45:16,298 - game_server - INFO - log_game_event:61 - Игровое событие: обновление_позиции - {"client_id": 2, "position": {"x": 1260, "y": 535}, "inputs": {"left": false, "right": false, "up": false, "down": false}}
2025-09-25 17:45:16,331 - game_server - INFO - log_game_event:61 - Игровое событие: обновление_позиции - {"client_id": 2, "position": {"x": 1260, "y": 535}, "inputs": {"left": false, "right": false, "up": false, "down": false}}
2025-09-25 17:45:16,366 - game_server - INFO - log_game_event:61 - Игровое событие: обновление_позиции - {"client_id": 2, "position": {"x": 1260, "y": 535}, "inputs": {"left": false, "right": false, "up": false, "down": false}}
2025-09-25 17:45:16,398 - game_server - INFO - log_game_event:61 - Игровое событие: обновление_позиции - {"client_id": 2, "position": {"x": 1260, "y": 535}, "inputs": {"left": false, "right": false, "up": false, "down": false}}
2025-09-25 17:45:16,432 - game_server - INFO - log_game_event:61 - Игровое событие: обновление_позиции - {"client_id": 2, "position": {"x": 1260, "y": 535}, "inputs": {"left": false, "right": false, "up": false, "down": false}}
2025-09-25 17:45:16,468 - game_server - INFO - log_game_event:61 - Игровое событие: обновление_позиции - {"client_id": 2, "position": {"x": 1260, "y": 535}, "inputs": {"left": false, "right": false, "up": false, "down": false}}
2025-09-25 17:45:16,502 - game_server - INFO - log_game_event:61 - Игровое событие: обновление_позиции - {"client_id": 2, "position": {"x": 1260, "y": 535}, "inputs": {"left": false, "right": false, "up": false, "down": false}}
2025-09-25 17:45:16,538 - game_server - INFO - log_game_event:61 - Игровое событие: обновление_позиции - {"client_id": 2, "position": {"x": 1260, "y": 535}, "inputs": {"left": false, "right": false, "up": false, "down": false}}
2025-09-25 17:45:16,573 - game_server - INFO - log_game_event:61 - Игровое событие: обновление_позиции - {"client_id": 2, "position": {"x": 1260, "y": 535}, "inputs": {"left": false, "right": false, "up": false, "down": false}}
2025-09-25 17:45:16,608 - game_server - INFO - log_game_event:61 - Игровое событие: обновление_позиции - {"client_id": 2, "position": {"x": 1260, "y": 535}, "inputs": {"left": false, "right": false, "up": false, "down": false}}
2025-09-25 17:45:16,643 - game_server - INFO - log_game_event:61 - Игровое событие: обновление_позиции - {"client_id": 2, "position": {"x": 1260, "y": 535}, "inputs": {"left": false, "right": false, "up": false, "down": false}}
2025-09-25 17:45:16,678 - game_server - INFO - log_game_event:61 - Игровое событие: обновление_позиции - {"client_id": 2, "position": {"x": 1260, "y": 535}, "inputs": {"left": false, "right": false, "up": false, "down": false}}
2025-09-25 17:45:16,707 - game_server - INFO - log_game_event:61 - Игровое событие: обновление_позиции - {"client_id": 2, "position": {"x": 1260, "y": 535}, "inputs": {"left": false, "right": false, "up": false, "down": false}}
2025-09-25 17:45:16,737 - game_server - INFO - log_game_event:61 - Игровое событие: обновление_позиции - {"client_id": 2, "position": {"x": 1260, "y": 535}, "inputs": {"left": false, "right": false, "up": false, "down": false}}
2025-09-25 17:45:16,770 - game_server - INFO - log_game_event:61 - Игровое событие: обновление_позиции - {"client_id": 2, "position": {"x": 1260, "y": 535}, "inputs": {"left": false, "right": false, "up": false, "down": false}}
2025-09-25 17:45:16,808 - game_server - INFO - log_game_event:61 - Игровое событие: обновление_позиции - {"client_id": 2, "position": {"x": 1260, "y": 535}, "inputs": {"left": false, "right": false, "up": false, "down": false}}
2025-09-25 17:45:16,842 - game_server - INFO - log_game_event:61 - Игровое событие: обновление_позиции - {"client_id": 2, "position": {"x": 1260, "y": 535}, "inputs": {"left": false, "right": false, "up": false, "down": false}}
2025-09-25 17:45:16,876 - game_server - INFO - log_game_event:61 - Игровое событие: обновление_позиции - {"client_id": 2, "position": {"x": 1260, "y": 535}, "inputs": {"left": false, "right": false, "up": false, "down": false}}
2025-09-25 17:45:16,910 - game_server - INFO - log_game_event:61 - Игровое событие: обновление_позиции - {"client_id": 2, "position": {"x": 1260, "y": 535}, "inputs": {"left": false, "right": false, "up": false, "down": false}}
2025-09-25 17:45:16,943 - game_server - INFO - log_game_event:61 - Игровое событие: обновление_позиции - {"client_id": 2, "position": {"x": 1260, "y": 535}, "inputs": {"left": false, "right": false, "up": false, "down": false}}
2025-09-25 17:45:16,978 - game_server - INFO - log_game_event:61 - Игровое событие: обновление_позиции - {"client_id": 2, "position": {"x": 1260, "y": 535}, "inputs": {"left": false, "right": false, "up": false, "down": false}}
2025-09-25 17:45:17,012 - game_server - INFO - log_game_event:61 - Игровое событие: обновление_позиции - {"client_id": 2, "position": {"x": 1260, "y": 535}, "inputs": {"left": false, "right": false, "up": false, "down": false}}
2025-09-25 17:45:17,042 - game_server - INFO - log_game_event:61 - Игровое событие: обновление_позиции - {"client_id": 2, "position": {"x": 1260, "y": 535}, "inputs": {"left": false, "right": false, "up": false, "down": false}}
2025-09-25 17:45:17,072 - game_server - INFO - log_game_event:61 - Игровое событие: обновление_позиции - {"client_id": 2, "position": {"x": 1260, "y": 535}, "inputs": {"left": false, "right": false, "up": false, "down": false}}
2025-09-25 17:45:17,105 - game_server - INFO - log_game_event:61 - Игровое событие: обновление_позиции - {"client_id": 2, "position": {"x": 1260, "y": 535}, "inputs": {"left": false, "right": false, "up": false, "down": false}}
2025-09-25 17:45:17,139 - game_server - INFO - log_game_event:61 - Игровое событие: обновление_позиции - {"client_id": 2, "position": {"x": 1260, "y": 535}, "inputs": {"left": false, "right": false, "up": false, "down": false}}
2025-09-25 17:45:17,176 - game_server - INFO - log_game_event:61 - Игровое событие: обновление_позиции - {"client_id": 2, "position": {"x": 1260, "y": 535}, "inputs": {"left": false, "right": false, "up": false, "down": false}}
2025-09-25 17:45:17,210 - game_server - INFO - log_game_event:61 - Игровое событие: обновление_позиции - {"client_id": 2, "position": {"x": 1260, "y": 535}, "inputs": {"left": false, "right": false, "up": false, "down": false}}
2025-09-25 17:45:17,245 - game_server - INFO - log_game_event:61 - Игровое событие: обновление_позиции - {"client_id": 2, "position": {"x": 1260, "y": 535}, "inputs": {"left": false, "right": false, "up": false, "down": false}}
2025-09-25 17:45:17,278 - game_server - INFO - log_game_event:61 - Игровое событие: обновление_позиции - {"client_id": 2, "position": {"x": 1260, "y": 535}, "inputs": {"left": false, "right": false, "up": false, "down": false}}
2025-09-25 17:45:17,311 - game_server - INFO - log_game_event:61 - Игровое событие: обновление_позиции - {"client_id": 2, "position": {"x": 1260, "y": 535}, "inputs": {"left": false, "right": false, "up": false, "down": false}}
2025-09-25 17:45:17,345 - game_server - INFO - log_game_event:61 - Игровое событие: обновление_позиции - {"client_id": 2, "position": {"x": 1260, "y": 535}, "inputs": {"left": false, "right": false, "up": false, "down": false}}
2025-09-25 17:45:17,378 - game_server - INFO - log_game_event:61 - Игровое событие: обновление_позиции - {"client_id": 2, "position": {"x": 1260, "y": 535}, "inputs": {"left": false, "right": false, "up": false, "down": false}}
2025-09-25 17:45:17,412 - game_server - INFO - log_game_event:61 - Игровое событие: обновление_позиции - {"client_id": 2, "position": {"x": 1260, "y": 535}, "inputs": {"left": false, "right": false, "up": false, "down": false}}
2025-09-25 17:45:17,446 - game_server - INFO - log_game_event:61 - Игровое событие: обновление_позиции - {"client_id": 2, "position": {"x": 1260, "y": 535}, "inputs": {"left": false, "right": false, "up": false, "down": false}}
2025-09-25 17:45:17,479 - game_server - INFO - log_game_event:61 - Игровое событие: обновление_позиции - {"client_id": 2, "position": {"x": 1260, "y": 535}, "inputs": {"left": false, "right": false, "up": false, "down": false}}
2025-09-25 17:45:17,512 - game_server - INFO - log_game_event:61 - Игровое событие: обновление_позиции - {"client_id": 2, "position": {"x": 1260, "y": 535}, "inputs": {"left": false, "right": false, "up": false, "down": false}}
2025-09-25 17:45:17,544 - game_server - INFO - log_game_event:61 - Игровое событие: обновление_позиции - {"client_id": 2, "position": {"x": 1255, "y": 535}, "inputs": {"left": true, "right": false, "up": false, "down": false}}
2025-09-25 17:45:17,576 - game_server - INFO - log_game_event:61 - Игровое событие: обновление_позиции - {"client_id": 2, "position": {"x": 1250, "y": 540}, "inputs": {"left": true, "right": false, "up": false, "down": true}}
2025-09-25 17:45:17,610 - game_server - INFO - log_game_event:61 - Игровое событие: обновление_позиции - {"client_id": 2, "position": {"x": 1245, "y": 545}, "inputs": {"left": true, "right": false, "up": false, "down": true}}
2025-09-25 17:45:17,644 - game_server - INFO - log_game_event:61 - Игровое событие: обновление_позиции - {"client_id": 2, "position": {"x": 1240, "y": 550}, "inputs": {"left": true, "right": false, "up": false, "down": true}}
2025-09-25 17:45:17,677 - game_server - INFO - log_game_event:61 - Игровое событие: обновление_позиции - {"client_id": 2, "position": {"x": 1235, "y": 555}, "inputs": {"left": true, "right": false, "up": false, "down": true}}
2025-09-25 17:45:17,711 - game_server - INFO - log_game_event:61 - Игровое событие: обновление_позиции - {"client_id": 2, "position": {"x": 1230, "y": 560}, "inputs": {"left": true, "right": false, "up": false, "down": true}}
2025-09-25 17:45:17,744 - game_server - INFO - log_game_event:61 - Игровое событие: обновление_позиции - {"client_id": 2, "position": {"x": 1225, "y": 565}, "inputs": {"left": true, "right": false, "up": false, "down": true}}
2025-09-25 17:45:17,776 - game_server - INFO - log_game_event:61 - Игровое событие: обновление_позиции - {"client_id": 2, "position": {"x": 1220, "y": 570}, "inputs": {"left": true, "right": false, "up": false, "down": true}}
2025-09-25 17:45:17,810 - game_server - INFO - log_game_event:61 - Игровое событие: обновление_позиции - {"client_id": 2, "position": {"x": 1215, "y": 575}, "inputs": {"left": true, "right": false, "up": false, "down": true}}
2025-09-25 17:45:17,846 - game_server - INFO - log_game_event:61 - Игровое событие: обновление_позиции - {"client_id": 2, "position": {"x": 1220, "y": 580}, "inputs": {"left": false, "right": true, "up": false, "down": true}}
2025-09-25 17:45:17,879 - game_server - INFO - log_game_event:61 - Игровое событие: обновление_позиции - {"client_id": 2, "position": {"x": 1225, "y": 585}, "inputs": {"left": false, "right": true, "up": false, "down": true}}
2025-09-25 17:45:17,912 - game_server - INFO - log_game_event:61 - Игровое событие: обновление_позиции - {"client_id": 2, "position": {"x": 1230, "y": 590}, "inputs": {"left": false, "right": true, "up": false, "down": true}}
2025-09-25 17:45:17,946 - game_server - INFO - log_game_event:61 - Игровое событие: обновление_позиции - {"client_id": 2, "position": {"x": 1235, "y": 595}, "inputs": {"left": false, "right": true, "up": false, "down": true}}
2025-09-25 17:45:17,981 - game_server - INFO - log_game_event:61 - Игровое событие: обновление_позиции - {"client_id": 2, "position": {"x": 1240, "y": 600}, "inputs": {"left": false, "right": true, "up": false, "down": true}}
2025-09-25 17:45:18,015 - game_server - INFO - log_game_event:61 - Игровое событие: обновление_позиции - {"client_id": 2, "position": {"x": 1245, "y": 605}, "inputs": {"left": false, "right": true, "up": false, "down": true}}
2025-09-25 17:45:18,049 - game_server - INFO - log_game_event:61 - Игровое событие: обновление_позиции - {"client_id": 2, "position": {"x": 1250, "y": 610}, "inputs": {"left": false, "right": true, "up": false, "down": true}}
2025-09-25 17:45:18,085 - game_server - INFO - log_game_event:61 - Игровое событие: обновление_позиции - {"client_id": 2, "position": {"x": 1250, "y": 610}, "inputs": {"left": false, "right": false, "up": false, "down": false}}
2025-09-25 17:45:18,120 - game_server - INFO - log_game_event:61 - Игровое событие: обновление_позиции - {"client_id": 2, "position": {"x": 1250, "y": 610}, "inputs": {"left": false, "right": false, "up": false, "down": false}}
2025-09-25 17:45:18,155 - game_server - INFO - log_game_event:61 - Игровое событие: обновление_позиции - {"client_id": 2, "position": {"x": 1250, "y": 610}, "inputs": {"left": false, "right": false, "up": false, "down": false}}
2025-09-25 17:45:18,190 - game_server - INFO - log_game_event:61 - Игровое событие: обновление_позиции - {"client_id": 2, "position": {"x": 1250, "y": 610}, "inputs": {"left": false, "right": false, "up": false, "down": false}}
2025-09-25 17:45:18,225 - game_server - INFO - log_game_event:61 - Игровое событие: обновление_позиции - {"client_id": 2, "position": {"x": 1250, "y": 610}, "inputs": {"left": false, "right": false, "up": false, "down": false}}
2025-09-25 17:45:18,259 - game_server - INFO - log_game_event:61 - Игровое событие: обновление_позиции - {"client_id": 2, "position": {"x": 1250, "y": 610}, "inputs": {"left": false, "right": false, "up": false, "down": false}}
2025-09-25 17:45:18,293 - game_server - INFO - log_game_event:61 - Игровое событие: обновление_позиции - {"client_id": 2, "position": {"x": 1250, "y": 610}, "inputs": {"left": false, "right": false, "up": false, "down": false}}
2025-09-25 17:45:18,329 - game_server - INFO - log_game_event:61 - Игровое событие: обновление_позиции - {"client_id": 2, "position": {"x": 1250, "y": 610}, "inputs": {"left": false, "right": false, "up": false, "down": false}}
2025-09-25 17:45:18,364 - game_server - INFO - log_game_event:61 - Игровое событие: обновление_позиции - {"client_id": 2, "position": {"x": 1250, "y": 610}, "inputs": {"left": false, "right": false, "up": false, "down": false}}
2025-09-25 17:45:18,398 - game_server - INFO - log_game_event:61 - Игровое событие: обновление_позиции - {"client_id": 2, "position": {"x": 1250, "y": 610}, "inputs": {"left": false, "right": false, "up": false, "down": false}}
2025-09-25 17:45:18,432 - game_server - INFO - log_game_event:61 - Игровое событие: обновление_позиции - {"client_id": 2, "position": {"x": 1250, "y": 610}, "inputs": {"left": false, "right": false, "up": false, "down": false}}
2025-09-25 17:45:18,465 - game_server - INFO - log_game_event:61 - Игровое событие: обновление_позиции - {"client_id": 2, "position": {"x": 1250, "y": 610}, "inputs": {"left": false, "right": false, "up": false, "down": false}}
2025-09-25 17:45:18,497 - game_server - INFO - log_game_event:61 - Игровое событие: обновление_позиции - {"client_id": 2, "position": {"x": 1250, "y": 610}, "inputs": {"left": false, "right": false, "up": false, "down": false}}
2025-09-25 17:45:18,529 - game_server - INFO - log_game_event:61 - Игровое событие: обновление_позиции - {"client_id": 2, "position": {"x": 1250, "y": 610}, "inputs": {"left": false, "right": false, "up": false, "down": false}}
2025-09-25 17:45:18,560 - game_server - INFO - log_game_event:61 - Игровое событие: обновление_позиции - {"client_id": 2, "position": {"x": 1250, "y": 610}, "inputs": {"left": false, "right": false, "up": false, "down": false}}
2025-09-25 17:45:18,592 - game_server - INFO - log_game_event:61 - Игровое событие: обновление_позиции - {"client_id": 2, "position": {"x": 1250, "y": 610}, "inputs": {"left": false, "right": false, "up": false, "down": false}}
2025-09-25 17:45:18,623 - game_server - INFO - log_game_event:61 - Игровое событие: обновление_позиции - {"client_id": 2, "position": {"x": 1250, "y": 610}, "inputs": {"left": false, "right": false, "up": false, "down": false}}
2025-09-25 17:45:18,657 - game_server - INFO - log_game_event:61 - Игровое событие: обновление_позиции - {"client_id": 2, "position": {"x": 1250, "y": 610}, "inputs": {"left": false, "right": false, "up": false, "down": false}}
2025-09-25 17:45:18,688 - game_server - INFO - log_game_event:61 - Игровое событие: обновление_позиции - {"client_id": 2, "position": {"x": 1250, "y": 610}, "inputs": {"left": false, "right": false, "up": false, "down": false}}
2025-09-25 17:45:18,725 - game_server - INFO - log_game_event:61 - Игровое событие: обновление_позиции - {"client_id": 2, "position": {"x": 1250, "y": 610}, "inputs": {"left": false, "right": false, "up": false, "down": false}}
2025-09-25 17:45:18,760 - game_server - INFO - log_game_event:61 - Игровое событие: обновление_позиции - {"client_id": 2, "position": {"x": 1250, "y": 610}, "inputs": {"left": false, "right": false, "up": false, "down": false}}
2025-09-25 17:45:18,793 - game_server - INFO - log_game_event:61 - Игровое событие: обновление_позиции - {"client_id": 2, "position": {"x": 1250, "y": 610}, "inputs": {"left": false, "right": false, "up": false, "down": false}}
2025-09-25 17:45:18,826 - game_server - INFO - log_game_event:61 - Игровое событие: обновление_позиции - {"client_id": 2, "position": {"x": 1250, "y": 610}, "inputs": {"left": false, "right": false, "up": false, "down": false}}
2025-09-25 17:45:18,861 - game_server - INFO - log_game_event:61 - Игровое событие: обновление_позиции - {"client_id": 2, "position": {"x": 1250, "y": 610}, "inputs": {"left": false, "right": false, "up": false, "down": false}}
2025-09-25 17:45:18,895 - game_server - INFO - log_game_event:61 - Игровое событие: обновление_позиции - {"client_id": 2, "position": {"x": 1250, "y": 610}, "inputs": {"left": false, "right": false, "up": false, "down": false}}
2025-09-25 17:45:18,928 - game_server - INFO - log_game_event:61 - Игровое событие: обновление_позиции - {"client_id": 2, "position": {"x": 1250, "y": 610}, "inputs": {"left": false, "right": false, "up": false, "down": false}}
2025-09-25 17:45:18,962 - game_server - INFO - log_game_event:61 - Игровое событие: обновление_позиции - {"client_id": 2, "position": {"x": 1250, "y": 610}, "inputs": {"left": false, "right": false, "up": false, "down": false}}
2025-09-25 17:45:18,995 - game_server - INFO - log_game_event:61 - Игровое событие: обновление_позиции - {"client_id": 2, "position": {"x": 1250, "y": 610}, "inputs": {"left": false, "right": false, "up": false, "down": false}}
2025-09-25 17:45:19,029 - game_server - INFO - log_game_event:61 - Игровое событие: обновление_позиции - {"client_id": 2, "position": {"x": 1250, "y": 610}, "inputs": {"left": false, "right": false, "up": false, "down": false}}
2025-09-25 17:45:19,066 - game_server - INFO - log_game_event:61 - Игровое событие: обновление_позиции - {"client_id": 2, "position": {"x": 1250, "y": 610}, "inputs": {"left": false, "right": false, "up": false, "down": false}}
2025-09-25 17:45:19,099 - game_server - INFO - log_game_event:61 - Игровое событие: обновление_позиции - {"client_id": 2, "position": {"x": 1250, "y": 610}, "inputs": {"left": false, "right": false, "up": false, "down": false}}
2025-09-25 17:45:19,132 - game_server - INFO - log_game_event:61 - Игровое событие: обновление_позиции - {"client_id": 2, "position": {"x": 1250, "y": 610}, "inputs": {"left": false, "right": false, "up": false, "down": false}}
2025-09-25 17:45:19,165 - game_server - INFO - log_game_event:61 - Игровое событие: обновление_позиции - {"client_id": 2, "position": {"x": 1250, "y": 610}, "inputs": {"left": false, "right": false, "up": false, "down": false}}
2025-09-25 17:45:19,197 - game_server - INFO - log_game_event:61 - Игровое событие: обновление_позиции - {"client_id": 2, "position": {"x": 1250, "y": 610}, "inputs": {"left": false, "right": false, "up": false, "down": false}}
2025-09-25 17:45:19,230 - game_server - INFO - log_game_event:61 - Игровое событие: обновление_позиции - {"client_id": 2, "position": {"x": 1250, "y": 610}, "inputs": {"left": false, "right": false, "up": false, "down": false}}
2025-09-25 17:45:19,262 - game_server - INFO - log_game_event:61 - Игровое событие: обновление_позиции - {"client_id": 2, "position": {"x": 1250, "y": 610}, "inputs": {"left": false, "right": false, "up": false, "down": false}}
2025-09-25 17:45:19,295 - game_server - INFO - log_game_event:61 - Игровое событие: обновление_позиции - {"client_id": 2, "position": {"x": 1250, "y": 610}, "inputs": {"left": false, "right": false, "up": false, "down": false}}
2025-09-25 17:45:19,331 - game_server - INFO - log_game_event:61 - Игровое событие: обновление_позиции - {"client_id": 2, "position": {"x": 1250, "y": 610}, "inputs": {"left": false, "right": false, "up": false, "down": false}}
2025-09-25 17:45:19,363 - game_server - INFO - log_game_event:61 - Игровое событие: обновление_позиции - {"client_id": 2, "position": {"x": 1250, "y": 610}, "inputs": {"left": false, "right": false, "up": false, "down": false}}
2025-09-25 17:45:19,377 - game_server - INFO - log_connection:56 - Клиент 2: отключен
2025-09-25 17:56:30,173 - game_server - INFO - log_connection:56 - Клиент 3: подключен - {"ip": "127.0.0.1", "port": 53706}
2025-09-25 17:56:30,191 - game_server - INFO - log_game_event:61 - Игровое событие: обновление_позиции - {"client_id": 3, "position": {"x": 960, "y": 540}, "inputs": {"left": false, "right": false, "up": false, "down": false}}
2025-09-25 17:56:30,223 - game_server - INFO - log_game_event:61 - Игровое событие: обновление_позиции - {"client_id": 3, "position": {"x": 960, "y": 540}, "inputs": {"left": false, "right": false, "up": false, "down": false}}
2025-09-25 17:56:30,248 - game_server - INFO - log_game_event:61 - Игровое событие: обновление_позиции - {"client_id": 3, "position": {"x": 960, "y": 540}, "inputs": {"left": false, "right": false, "up": false, "down": false}}
2025-09-25 17:56:30,285 - game_server - INFO - log_game_event:61 - Игровое событие: обновление_позиции - {"client_id": 3, "position": {"x": 960, "y": 540}, "inputs": {"left": false, "right": false, "up": false, "down": false}}
2025-09-25 17:56:30,323 - game_server - INFO - log_game_event:61 - Игровое событие: обновление_позиции - {"client_id": 3, "position": {"x": 960, "y": 540}, "inputs": {"left": false, "right": false, "up": false, "down": false}}
2025-09-25 17:56:30,361 - game_server - INFO - log_game_event:61 - Игровое событие: обновление_позиции - {"client_id": 3, "position": {"x": 960, "y": 540}, "inputs": {"left": false, "right": false, "up": false, "down": false}}
2025-09-25 17:56:30,400 - game_server - INFO - log_game_event:61 - Игровое событие: обновление_позиции - {"client_id": 3, "position": {"x": 960, "y": 540}, "inputs": {"left": false, "right": false, "up": false, "down": false}}
2025-09-25 17:56:30,436 - game_server - INFO - log_game_event:61 - Игровое событие: обновление_позиции - {"client_id": 3, "position": {"x": 960, "y": 540}, "inputs": {"left": false, "right": false, "up": false, "down": false}}
2025-09-25 17:56:30,472 - game_server - INFO - log_game_event:61 - Игровое событие: обновление_позиции - {"client_id": 3, "position": {"x": 960, "y": 540}, "inputs": {"left": false, "right": false, "up": false, "down": false}}
2025-09-25 17:56:30,510 - game_server - INFO - log_game_event:61 - Игровое событие: обновление_позиции - {"client_id": 3, "position": {"x": 960, "y": 540}, "inputs": {"left": false, "right": false, "up": false, "down": false}}
2025-09-25 17:56:30,546 - game_server - INFO - log_game_event:61 - Игровое событие: обновление_позиции - {"client_id": 3, "position": {"x": 960, "y": 540}, "inputs": {"left": false, "right": false, "up": false, "down": false}}
2025-09-25 17:56:30,586 - game_server - INFO - log_game_event:61 - Игровое событие: обновление_позиции - {"client_id": 3, "position": {"x": 960, "y": 540}, "inputs": {"left": false, "right": false, "up": false, "down": false}}
2025-09-25 17:56:30,626 - game_server - INFO - log_game_event:61 - Игровое событие: обновление_позиции - {"client_id": 3, "position": {"x": 960, "y": 540}, "inputs": {"left": false, "right": false, "up": false, "down": false}}
2025-09-25 17:56:30,665 - game_server - INFO - log_game_event:61 - Игровое событие: обновление_позиции - {"client_id": 3, "position": {"x": 960, "y": 540}, "inputs": {"left": false, "right": false, "up": false, "down": false}}
2025-09-25 17:56:30,707 - game_server - INFO - log_game_event:61 - Игровое событие: обновление_позиции - {"client_id": 3, "position": {"x": 960, "y": 540}, "inputs": {"left": false, "right": false, "up": false, "down": false}}
2025-09-25 17:56:30,745 - game_server - INFO - log_game_event:61 - Игровое событие: обновление_позиции - {"client_id": 3, "position": {"x": 960, "y": 540}, "inputs": {"left": false, "right": false, "up": false, "down": false}}
2025-09-25 17:56:30,779 - game_server - INFO - log_game_event:61 - Игровое событие: обновление_позиции - {"client_id": 3, "position": {"x": 960, "y": 540}, "inputs": {"left": false, "right": false, "up": false, "down": false}}
2025-09-25 17:56:30,813 - game_server - INFO - log_game_event:61 - Игровое событие: обновление_позиции - {"client_id": 3, "position": {"x": 960, "y": 540}, "inputs": {"left": false, "right": false, "up": false, "down": false}}
2025-09-25 17:56:30,851 - game_server - INFO - log_game_event:61 - Игровое событие: обновление_позиции - {"client_id": 3, "position": {"x": 960, "y": 540}, "inputs": {"left": false, "right": false, "up": false, "down": false}}
2025-09-25 17:56:30,898 - game_server - INFO - log_game_event:61 - Игровое событие: обновление_позиции - {"client_id": 3, "position": {"x": 960, "y": 540}, "inputs": {"left": false, "right": false, "up": false, "down": false}}
2025-09-25 17:56:30,934 - game_server - INFO - log_game_event:61 - Игровое событие: обновление_позиции - {"client_id": 3, "position": {"x": 960, "y": 540}, "inputs": {"left": false, "right": false, "up": false, "down": false}}
2025-09-25 17:56:30,964 - game_server - INFO - log_game_event:61 - Игровое событие: обновление_позиции - {"client_id": 3, "position": {"x": 960, "y": 540}, "inputs": {"left": false, "right": false, "up": false, "down": false}}
2025-09-25 17:56:31,001 - game_server - INFO - log_game_event:61 - Игровое событие: обновление_позиции - {"client_id": 3, "position": {"x": 960, "y": 540}, "inputs": {"left": false, "right": false, "up": false, "down": false}}
2025-09-25 17:56:31,037 - game_server - INFO - log_game_event:61 - Игровое событие: обновление_позиции - {"client_id": 3, "position": {"x": 960, "y": 540}, "inputs": {"left": false, "right": false, "up": false, "down": false}}
2025-09-25 17:56:31,072 - game_server - INFO - log_game_event:61 - Игровое событие: обновление_позиции - {"client_id": 3, "position": {"x": 960, "y": 540}, "inputs": {"left": false, "right": false, "up": false, "down": false}}
2025-09-25 17:56:31,109 - game_server - INFO - log_game_event:61 - Игровое событие: обновление_позиции - {"client_id": 3, "position": {"x": 960, "y": 540}, "inputs": {"left": false, "right": false, "up": false, "down": false}}
2025-09-25 17:56:31,147 - game_server - INFO - log_game_event:61 - Игровое событие: обновление_позиции - {"client_id": 3, "position": {"x": 960, "y": 540}, "inputs": {"left": false, "right": false, "up": false, "down": false}}
2025-09-25 17:56:31,187 - game_server - INFO - log_game_event:61 - Игровое событие: обновление_позиции - {"client_id": 3, "position": {"x": 960, "y": 540}, "inputs": {"left": false, "right": false, "up": false, "down": false}}
2025-09-25 17:56:31,223 - game_server - INFO - log_game_event:61 - Игровое событие: обновление_позиции - {"client_id": 3, "position": {"x": 960, "y": 540}, "inputs": {"left": false, "right": false, "up": false, "down": false}}
2025-09-25 17:56:31,257 - game_server - INFO - log_game_event:61 - Игровое событие: обновление_позиции - {"client_id": 3, "position": {"x": 960, "y": 540}, "inputs": {"left": false, "right": false, "up": false, "down": false}}
2025-09-25 17:56:31,290 - game_server - INFO - log_game_event:61 - Игровое событие: обновление_позиции - {"client_id": 3, "position": {"x": 960, "y": 540}, "inputs": {"left": false, "right": false, "up": false, "down": false}}
2025-09-25 17:56:31,326 - game_server - INFO - log_game_event:61 - Игровое событие: обновление_позиции - {"client_id": 3, "position": {"x": 960, "y": 540}, "inputs": {"left": false, "right": false, "up": false, "down": false}}
2025-09-25 17:56:31,365 - game_server - INFO - log_game_event:61 - Игровое событие: обновление_позиции - {"client_id": 3, "position": {"x": 960, "y": 540}, "inputs": {"left": false, "right": false, "up": false, "down": false}}
2025-09-25 17:56:31,402 - game_server - INFO - log_game_event:61 - Игровое событие: обновление_позиции - {"client_id": 3, "position": {"x": 960, "y": 540}, "inputs": {"left": false, "right": false, "up": false, "down": false}}
2025-09-25 17:56:31,439 - game_server - INFO - log_game_event:61 - Игровое событие: обновление_позиции - {"client_id": 3, "position": {"x": 960, "y": 540}, "inputs": {"left": false, "right": false, "up": false, "down": false}}
2025-09-25 17:56:31,478 - game_server - INFO - log_game_event:61 - Игровое событие: обновление_позиции - {"client_id": 3, "position": {"x": 960, "y": 540}, "inputs": {"left": false, "right": false, "up": false, "down": false}}
2025-09-25 17:56:31,517 - game_server - INFO - log_game_event:61 - Игровое событие: обновление_позиции - {"client_id": 3, "position": {"x": 960, "y": 540}, "inputs": {"left": false, "right": false, "up": false, "down": false}}
2025-09-25 17:56:31,553 - game_server - INFO - log_game_event:61 - Игровое событие: обновление_позиции - {"client_id": 3, "position": {"x": 960, "y": 540}, "inputs": {"left": false, "right": false, "up": false, "down": false}}
2025-09-25 17:56:31,589 - game_server - INFO - log_game_event:61 - Игровое событие: обновление_позиции - {"client_id": 3, "position": {"x": 960, "y": 540}, "inputs": {"left": false, "right": false, "up": false, "down": false}}
2025-09-25 17:56:31,623 - game_server - INFO - log_game_event:61 - Игровое событие: обновление_позиции - {"client_id": 3, "position": {"x": 960, "y": 540}, "inputs": {"left": false, "right": false, "up": false, "down": false}}
2025-09-25 17:56:31,661 - game_server - INFO - log_game_event:61 - Игровое событие: обновление_позиции - {"client_id": 3, "position": {"x": 960, "y": 540}, "inputs": {"left": false, "right": false, "up": false, "down": false}}
2025-09-25 17:56:31,694 - game_server - INFO - log_game_event:61 - Игровое событие: обновление_позиции - {"client_id": 3, "position": {"x": 960, "y": 540}, "inputs": {"left": false, "right": false, "up": false, "down": false}}
2025-09-25 17:56:31,728 - game_server - INFO - log_game_event:61 - Игровое событие: обновление_позиции - {"client_id": 3, "position": {"x": 960, "y": 540}, "inputs": {"left": false, "right": false, "up": false, "down": false}}
2025-09-25 17:56:31,765 - game_server - INFO - log_game_event:61 - Игровое событие: обновление_позиции - {"client_id": 3, "position": {"x": 960, "y": 540}, "inputs": {"left": false, "right": false, "up": false, "down": false}}
2025-09-25 17:56:31,803 - game_server - INFO - log_game_event:61 - Игровое событие: обновление_позиции - {"client_id": 3, "position": {"x": 960, "y": 540}, "inputs": {"left": false, "right": false, "up": false, "down": false}}
2025-09-25 17:56:31,839 - game_server - INFO - log_game_event:61 - Игровое событие: обновление_позиции - {"client_id": 3, "position": {"x": 960, "y": 540}, "inputs": {"left": false, "right": false, "up": false, "down": false}}
2025-09-25 17:56:31,876 - game_server - INFO - log_game_event:61 - Игровое событие: обновление_позиции - {"client_id": 3, "position": {"x": 960, "y": 540}, "inputs": {"left": false, "right": false, "up": false, "down": false}}
2025-09-25 17:56:31,915 - game_server - INFO - log_game_event:61 - Игровое событие: обновление_позиции - {"client_id": 3, "position": {"x": 960, "y": 540}, "inputs": {"left": false, "right": false, "up": false, "down": false}}
2025-09-25 17:56:31,950 - game_server - INFO - log_game_event:61 - Игровое событие: обновление_позиции - {"client_id": 3, "position": {"x": 960, "y": 540}, "inputs": {"left": false, "right": false, "up": false, "down": false}}
2025-09-25 17:56:31,988 - game_server - INFO - log_game_event:61 - Игровое событие: обновление_позиции - {"client_id": 3, "position": {"x": 960, "y": 540}, "inputs": {"left": false, "right": false, "up": false, "down": false}}
2025-09-25 17:56:32,024 - game_server - INFO - log_game_event:61 - Игровое событие: обновление_позиции - {"client_id": 3, "position": {"x": 960, "y": 540}, "inputs": {"left": false, "right": false, "up": false, "down": false}}
2025-09-25 17:56:32,058 - game_server - INFO - log_game_event:61 - Игровое событие: обновление_позиции - {"client_id": 3, "position": {"x": 960, "y": 540}, "inputs": {"left": false, "right": false, "up": false, "down": false}}
2025-09-25 17:56:32,090 - game_server - INFO - log_game_event:61 - Игровое событие: обновление_позиции - {"client_id": 3, "position": {"x": 960, "y": 540}, "inputs": {"left": false, "right": false, "up": false, "down": false}}
2025-09-25 17:56:32,124 - game_server - INFO - log_game_event:61 - Игровое событие: обновление_позиции - {"client_id": 3, "position": {"x": 960, "y": 540}, "inputs": {"left": false, "right": false, "up": false, "down": false}}
2025-09-25 17:56:32,159 - game_server - INFO - log_game_event:61 - Игровое событие: обновление_позиции - {"client_id": 3, "position": {"x": 960, "y": 540}, "inputs": {"left": false, "right": false, "up": false, "down": false}}
2025-09-25 17:56:32,200 - game_server - INFO - log_game_event:61 - Игровое событие: обновление_позиции - {"client_id": 3, "position": {"x": 960, "y": 540}, "inputs": {"left": false, "right": false, "up": false, "down": false}}
2025-09-25 17:56:32,237 - game_server - INFO - log_game_event:61 - Игровое событие: обновление_позиции - {"client_id": 3, "position": {"x": 960, "y": 540}, "inputs": {"left": false, "right": false, "up": false, "down": false}}
2025-09-25 17:56:32,274 - game_server - INFO - log_game_event:61 - Игровое событие: обновление_позиции - {"client_id": 3, "position": {"x": 960, "y": 540}, "inputs": {"left": false, "right": false, "up": false, "down": false}}
2025-09-25 17:56:32,312 - game_server - INFO - log_game_event:61 - Игровое событие: обновление_позиции - {"client_id": 3, "position": {"x": 960, "y": 540}, "inputs": {"left": false, "right": false, "up": false, "down": false}}
2025-09-25 17:56:32,341 - game_server - INFO - log_game_event:61 - Игровое событие: обновление_позиции - {"client_id": 3, "position": {"x": 960, "y": 540}, "inputs": {"left": false, "right": false, "up": false, "down": false}}
2025-09-25 17:56:32,368 - game_server - INFO - log_game_event:61 - Игровое событие: обновление_позиции - {"client_id": 3, "position": {"x": 960, "y": 540}, "inputs": {"left": false, "right": false, "up": false, "down": false}}
2025-09-25 17:56:32,401 - game_server - INFO - log_game_event:61 - Игровое событие: обновление_позиции - {"client_id": 3, "position": {"x": 960, "y": 540}, "inputs": {"left": false, "right": false, "up": false, "down": false}}
2025-09-25 17:56:32,436 - game_server - INFO - log_game_event:61 - Игровое событие: обновление_позиции - {"client_id": 3, "position": {"x": 960, "y": 540}, "inputs": {"left": false, "right": false, "up": false, "down": false}}
2025-09-25 17:56:32,501 - game_server - INFO - log_game_event:61 - Игровое событие: обновление_позиции - {"client_id": 3, "position": {"x": 960, "y": 540}, "inputs": {"left": false, "right": false, "up": false, "down": false}}
2025-09-25 17:56:32,552 - game_server - INFO - log_game_event:61 - Игровое событие: обновление_позиции - {"client_id": 3, "position": {"x": 960, "y": 540}, "inputs": {"left": false, "right": false, "up": false, "down": false}}
2025-09-25 17:56:32,593 - game_server - INFO - log_game_event:61 - Игровое событие: обновление_позиции - {"client_id": 3, "position": {"x": 960, "y": 540}, "inputs": {"left": false, "right": false, "up": false, "down": false}}
2025-09-25 17:56:32,616 - game_server - INFO - log_game_event:61 - Игровое событие: обновление_позиции - {"client_id": 3, "position": {"x": 960, "y": 540}, "inputs": {"left": false, "right": false, "up": false, "down": false}}
2025-09-25 17:56:32,640 - game_server - INFO - log_game_event:61 - Игровое событие: обновление_позиции - {"client_id": 3, "position": {"x": 960, "y": 540}, "inputs": {"left": false, "right": false, "up": false, "down": false}}
2025-09-25 17:56:32,663 - game_server - INFO - log_game_event:61 - Игровое событие: обновление_позиции - {"client_id": 3, "position": {"x": 960, "y": 540}, "inputs": {"left": false, "right": false, "up": false, "down": false}}
2025-09-25 17:56:32,711 - game_server - INFO - log_game_event:61 - Игровое событие: обновление_позиции - {"client_id": 3, "position": {"x": 960, "y": 540}, "inputs": {"left": false, "right": false, "up": false, "down": false}}
2025-09-25 17:56:32,745 - game_server - INFO - log_game_event:61 - Игровое событие: обновление_позиции - {"client_id": 3, "position": {"x": 960, "y": 540}, "inputs": {"left": false, "right": false, "up": false, "down": false}}
2025-09-25 17:56:32,769 - game_server - INFO - log_game_event:61 - Игровое событие: обновление_позиции - {"client_id": 3, "position": {"x": 960, "y": 540}, "inputs": {"left": false, "right": false, "up": false, "down": false}}
2025-09-25 17:56:32,792 - game_server - INFO - log_game_event:61 - Игровое событие: обновление_позиции - {"client_id": 3, "position": {"x": 960, "y": 540}, "inputs": {"left": false, "right": false, "up": false, "down": false}}
2025-09-25 17:56:32,816 - game_server - INFO - log_game_event:61 - Игровое событие: обновление_позиции - {"client_id": 3, "position": {"x": 960, "y": 540}, "inputs": {"left": false, "right": false, "up": false, "down": false}}
2025-09-25 17:56:32,843 - game_server - INFO - log_game_event:61 - Игровое событие: обновление_позиции - {"client_id": 3, "position": {"x": 960, "y": 540}, "inputs": {"left": false, "right": false, "up": false, "down": false}}
2025-09-25 17:56:32,870 - game_server - INFO - log_game_event:61 - Игровое событие: обновление_позиции - {"client_id": 3, "position": {"x": 960, "y": 540}, "inputs": {"left": false, "right": false, "up": false, "down": false}}
2025-09-25 17:56:32,893 - game_server - INFO - log_game_event:61 - Игровое событие: обновление_позиции - {"client_id": 3, "position": {"x": 960, "y": 540}, "inputs": {"left": false, "right": false, "up": false, "down": false}}
2025-09-25 17:56:32,919 - game_server - INFO - log_game_event:61 - Игровое событие: обновление_позиции - {"client_id": 3, "position": {"x": 960, "y": 540}, "inputs": {"left": false, "right": false, "up": false, "down": false}}
2025-09-25 17:56:32,943 - game_server - INFO - log_game_event:61 - Игровое событие: обновление_позиции - {"client_id": 3, "position": {"x": 960, "y": 540}, "inputs": {"left": false, "right": false, "up": false, "down": false}}
2025-09-25 17:56:32,969 - game_server - INFO - log_game_event:61 - Игровое событие: обновление_позиции - {"client_id": 3, "position": {"x": 960, "y": 540}, "inputs": {"left": false, "right": false, "up": false, "down": false}}
2025-09-25 17:56:32,995 - game_server - INFO - log_game_event:61 - Игровое событие: обновление_позиции - {"client_id": 3, "position": {"x": 960, "y": 540}, "inputs": {"left": false, "right": false, "up": false, "down": false}}
2025-09-25 17:56:33,018 - game_server - INFO - log_game_event:61 - Игровое событие: обновление_позиции - {"client_id": 3, "position": {"x": 960, "y": 540}, "inputs": {"left": false, "right": false, "up": false, "down": false}}
2025-09-25 17:56:33,042 - game_server - INFO - log_game_event:61 - Игровое событие: обновление_позиции - {"client_id": 3, "position": {"x": 960, "y": 540}, "inputs": {"left": false, "right": false, "up": false, "down": false}}
2025-09-25 17:56:33,067 - game_server - INFO - log_game_event:61 - Игровое событие: обновление_позиции - {"client_id": 3, "position": {"x": 960, "y": 540}, "inputs": {"left": false, "right": false, "up": false, "down": false}}
2025-09-25 17:56:33,090 - game_server - INFO - log_game_event:61 - Игровое событие: обновление_позиции - {"client_id": 3, "position": {"x": 960, "y": 540}, "inputs": {"left": false, "right": false, "up": false, "down": false}}
2025-09-25 17:56:33,116 - game_server - INFO - log_game_event:61 - Игровое событие: обновление_позиции - {"client_id": 3, "position": {"x": 960, "y": 540}, "inputs": {"left": false, "right": false, "up": false, "down": false}}
2025-09-25 17:56:33,142 - game_server - INFO - log_game_event:61 - Игровое событие: обновление_позиции - {"client_id": 3, "position": {"x": 960, "y": 540}, "inputs": {"left": false, "right": false, "up": false, "down": false}}
2025-09-25 17:56:33,169 - game_server - INFO - log_game_event:61 - Игровое событие: обновление_позиции - {"client_id": 3, "position": {"x": 960, "y": 540}, "inputs": {"left": false, "right": false, "up": false, "down": false}}
2025-09-25 17:56:33,194 - game_server - INFO - log_game_event:61 - Игровое событие: обновление_позиции - {"client_id": 3, "position": {"x": 960, "y": 540}, "inputs": {"left": false, "right": false, "up": false, "down": false}}
2025-09-25 17:56:33,218 - game_server - INFO - log_game_event:61 - Игровое событие: обновление_позиции - {"client_id": 3, "position": {"x": 960, "y": 540}, "inputs": {"left": false, "right": false, "up": false, "down": false}}
2025-09-25 17:56:33,240 - game_server - INFO - log_game_event:61 - Игровое событие: обновление_позиции - {"client_id": 3, "position": {"x": 960, "y": 540}, "inputs": {"left": false, "right": false, "up": false, "down": false}}
2025-09-25 17:56:33,263 - game_server - INFO - log_game_event:61 - Игровое событие: обновление_позиции - {"client_id": 3, "position": {"x": 960, "y": 540}, "inputs": {"left": false, "right": false, "up": false, "down": false}}
2025-09-25 17:56:33,287 - game_server - INFO - log_game_event:61 - Игровое событие: обновление_позиции - {"client_id": 3, "position": {"x": 960, "y": 540}, "inputs": {"left": false, "right": false, "up": false, "down": false}}
2025-09-25 17:56:33,310 - game_server - INFO - log_game_event:61 - Игровое событие: обновление_позиции - {"client_id": 3, "position": {"x": 960, "y": 540}, "inputs": {"left": false, "right": false, "up": false, "down": false}}
2025-09-25 17:56:33,334 - game_server - INFO - log_game_event:61 - Игровое событие: обновление_позиции - {"client_id": 3, "position": {"x": 960, "y": 540}, "inputs": {"left": false, "right": false, "up": false, "down": false}}
2025-09-25 17:56:33,357 - game_server - INFO - log_game_event:61 - Игровое событие: обновление_позиции - {"client_id": 3, "position": {"x": 960, "y": 540}, "inputs": {"left": false, "right": false, "up": false, "down": false}}
2025-09-25 17:56:33,380 - game_server - INFO - log_game_event:61 - Игровое событие: обновление_позиции - {"client_id": 3, "position": {"x": 960, "y": 540}, "inputs": {"left": false, "right": false, "up": false, "down": false}}
2025-09-25 17:56:33,407 - game_server - INFO - log_game_event:61 - Игровое событие: обновление_позиции - {"client_id": 3, "position": {"x": 960, "y": 540}, "inputs": {"left": false, "right": false, "up": false, "down": false}}
2025-09-25 17:56:33,446 - game_server - INFO - log_game_event:61 - Игровое событие: обновление_позиции - {"client_id": 3, "position": {"x": 960, "y": 540}, "inputs": {"left": false, "right": false, "up": false, "down": false}}
2025-09-25 17:56:33,482 - game_server - INFO - log_game_event:61 - Игровое событие: обновление_позиции - {"client_id": 3, "position": {"x": 960, "y": 540}, "inputs": {"left": false, "right": false, "up": false, "down": false}}
2025-09-25 17:56:33,507 - game_server - INFO - log_game_event:61 - Игровое событие: обновление_позиции - {"client_id": 3, "position": {"x": 960, "y": 540}, "inputs": {"left": false, "right": false, "up": false, "down": false}}
2025-09-25 17:56:33,533 - game_server - INFO - log_game_event:61 - Игровое событие: обновление_позиции - {"client_id": 3, "position": {"x": 960, "y": 540}, "inputs": {"left": false, "right": false, "up": false, "down": false}}
2025-09-25 17:56:33,557 - game_server - INFO - log_game_event:61 - Игровое событие: обновление_позиции - {"client_id": 3, "position": {"x": 960, "y": 540}, "inputs": {"left": false, "right": false, "up": false, "down": false}}
2025-09-25 17:56:33,583 - game_server - INFO - log_game_event:61 - Игровое событие: обновление_позиции - {"client_id": 3, "position": {"x": 960, "y": 540}, "inputs": {"left": false, "right": false, "up": false, "down": false}}
2025-09-25 17:56:33,610 - game_server - INFO - log_game_event:61 - Игровое событие: обновление_позиции - {"client_id": 3, "position": {"x": 960, "y": 540}, "inputs": {"left": false, "right": false, "up": false, "down": false}}
2025-09-25 17:56:33,636 - game_server - INFO - log_game_event:61 - Игровое событие: обновление_позиции - {"client_id": 3, "position": {"x": 960, "y": 540}, "inputs": {"left": false, "right": false, "up": false, "down": false}}
2025-09-25 17:56:33,664 - game_server - INFO - log_game_event:61 - Игровое событие: обновление_позиции - {"client_id": 3, "position": {"x": 960, "y": 540}, "inputs": {"left": false, "right": false, "up": false, "down": false}}
2025-09-25 17:56:33,700 - game_server - INFO - log_game_event:61 - Игровое событие: обновление_позиции - {"client_id": 3, "position": {"x": 960, "y": 540}, "inputs": {"left": false, "right": false, "up": false, "down": false}}
2025-09-25 17:56:33,734 - game_server - INFO - log_game_event:61 - Игровое событие: обновление_позиции - {"client_id": 3, "position": {"x": 960, "y": 540}, "inputs": {"left": false, "right": false, "up": false, "down": false}}
2025-09-25 17:56:33,767 - game_server - INFO - log_game_event:61 - Игровое событие: обновление_позиции - {"client_id": 3, "position": {"x": 960, "y": 540}, "inputs": {"left": false, "right": false, "up": false, "down": false}}
2025-09-25 17:56:33,800 - game_server - INFO - log_game_event:61 - Игровое событие: обновление_позиции - {"client_id": 3, "position": {"x": 960, "y": 540}, "inputs": {"left": false, "right": false, "up": false, "down": false}}
2025-09-25 17:56:33,834 - game_server - INFO - log_game_event:61 - Игровое событие: обновление_позиции - {"client_id": 3, "position": {"x": 960, "y": 540}, "inputs": {"left": false, "right": false, "up": false, "down": false}}
2025-09-25 17:56:33,869 - game_server - INFO - log_game_event:61 - Игровое событие: обновление_позиции - {"client_id": 3, "position": {"x": 960, "y": 540}, "inputs": {"left": false, "right": false, "up": false, "down": false}}
2025-09-25 17:56:33,905 - game_server - INFO - log_game_event:61 - Игровое событие: обновление_позиции - {"client_id": 3, "position": {"x": 960, "y": 540}, "inputs": {"left": false, "right": false, "up": false, "down": false}}
2025-09-25 17:56:33,947 - game_server - INFO - log_game_event:61 - Игровое событие: обновление_позиции - {"client_id": 3, "position": {"x": 960, "y": 545}, "inputs": {"left": false, "right": false, "up": false, "down": true}}
2025-09-25 17:56:33,983 - game_server - INFO - log_game_event:61 - Игровое событие: обновление_позиции - {"client_id": 3, "position": {"x": 960, "y": 550}, "inputs": {"left": false, "right": false, "up": false, "down": true}}
2025-09-25 17:56:34,017 - game_server - INFO - log_game_event:61 - Игровое событие: обновление_позиции - {"client_id": 3, "position": {"x": 960, "y": 555}, "inputs": {"left": false, "right": false, "up": false, "down": true}}
2025-09-25 17:56:34,053 - game_server - INFO - log_game_event:61 - Игровое событие: обновление_позиции - {"client_id": 3, "position": {"x": 960, "y": 560}, "inputs": {"left": false, "right": false, "up": false, "down": true}}
2025-09-25 17:56:34,088 - game_server - INFO - log_game_event:61 - Игровое событие: обновление_позиции - {"client_id": 3, "position": {"x": 960, "y": 565}, "inputs": {"left": false, "right": false, "up": false, "down": true}}
2025-09-25 17:56:34,124 - game_server - INFO - log_game_event:61 - Игровое событие: обновление_позиции - {"client_id": 3, "position": {"x": 960, "y": 570}, "inputs": {"left": false, "right": false, "up": false, "down": true}}
2025-09-25 17:56:34,160 - game_server - INFO - log_game_event:61 - Игровое событие: обновление_позиции - {"client_id": 3, "position": {"x": 960, "y": 575}, "inputs": {"left": false, "right": false, "up": false, "down": true}}
2025-09-25 17:56:34,195 - game_server - INFO - log_game_event:61 - Игровое событие: обновление_позиции - {"client_id": 3, "position": {"x": 960, "y": 580}, "inputs": {"left": false, "right": false, "up": false, "down": true}}
2025-09-25 17:56:34,229 - game_server - INFO - log_game_event:61 - Игровое событие: обновление_позиции - {"client_id": 3, "position": {"x": 960, "y": 585}, "inputs": {"left": false, "right": false, "up": false, "down": true}}
2025-09-25 17:56:34,265 - game_server - INFO - log_game_event:61 - Игровое событие: обновление_позиции - {"client_id": 3, "position": {"x": 960, "y": 590}, "inputs": {"left": false, "right": false, "up": false, "down": true}}
2025-09-25 17:56:34,302 - game_server - INFO - log_game_event:61 - Игровое событие: обновление_позиции - {"client_id": 3, "position": {"x": 960, "y": 590}, "inputs": {"left": false, "right": false, "up": false, "down": false}}
2025-09-25 17:56:34,334 - game_server - INFO - log_game_event:61 - Игровое событие: обновление_позиции - {"client_id": 3, "position": {"x": 960, "y": 590}, "inputs": {"left": false, "right": false, "up": false, "down": false}}
2025-09-25 17:56:34,369 - game_server - INFO - log_game_event:61 - Игровое событие: обновление_позиции - {"client_id": 3, "position": {"x": 960, "y": 590}, "inputs": {"left": false, "right": false, "up": false, "down": false}}
2025-09-25 17:56:34,404 - game_server - INFO - log_game_event:61 - Игровое событие: обновление_позиции - {"client_id": 3, "position": {"x": 965, "y": 590}, "inputs": {"left": false, "right": true, "up": false, "down": false}}
2025-09-25 17:56:34,437 - game_server - INFO - log_game_event:61 - Игровое событие: обновление_позиции - {"client_id": 3, "position": {"x": 970, "y": 590}, "inputs": {"left": false, "right": true, "up": false, "down": false}}
2025-09-25 17:56:34,474 - game_server - INFO - log_game_event:61 - Игровое событие: обновление_позиции - {"client_id": 3, "position": {"x": 970, "y": 590}, "inputs": {"left": false, "right": false, "up": false, "down": false}}
2025-09-25 17:56:34,509 - game_server - INFO - log_game_event:61 - Игровое событие: обновление_позиции - {"client_id": 3, "position": {"x": 970, "y": 590}, "inputs": {"left": false, "right": false, "up": false, "down": false}}
2025-09-25 17:56:34,545 - game_server - INFO - log_game_event:61 - Игровое событие: обновление_позиции - {"client_id": 3, "position": {"x": 970, "y": 590}, "inputs": {"left": false, "right": false, "up": false, "down": false}}
2025-09-25 17:56:34,582 - game_server - INFO - log_game_event:61 - Игровое событие: обновление_позиции - {"client_id": 3, "position": {"x": 970, "y": 590}, "inputs": {"left": false, "right": false, "up": false, "down": false}}
2025-09-25 17:56:34,619 - game_server - INFO - log_game_event:61 - Игровое событие: обновление_позиции - {"client_id": 3, "position": {"x": 970, "y": 590}, "inputs": {"left": false, "right": false, "up": false, "down": false}}
2025-09-25 17:56:34,656 - game_server - INFO - log_game_event:61 - Игровое событие: обновление_позиции - {"client_id": 3, "position": {"x": 970, "y": 590}, "inputs": {"left": false, "right": false, "up": false, "down": false}}
2025-09-25 17:56:34,690 - game_server - INFO - log_game_event:61 - Игровое событие: обновление_позиции - {"client_id": 3, "position": {"x": 970, "y": 590}, "inputs": {"left": false, "right": false, "up": false, "down": false}}
2025-09-25 17:56:34,727 - game_server - INFO - log_game_event:61 - Игровое событие: обновление_позиции - {"client_id": 3, "position": {"x": 970, "y": 590}, "inputs": {"left": false, "right": false, "up": false, "down": false}}
2025-09-25 17:56:34,764 - game_server - INFO - log_game_event:61 - Игровое событие: обновление_позиции - {"client_id": 3, "position": {"x": 970, "y": 590}, "inputs": {"left": false, "right": false, "up": false, "down": false}}
2025-09-25 17:56:34,802 - game_server - INFO - log_game_event:61 - Игровое событие: обновление_позиции - {"client_id": 3, "position": {"x": 970, "y": 590}, "inputs": {"left": false, "right": false, "up": false, "down": false}}
2025-09-25 17:56:34,837 - game_server - INFO - log_game_event:61 - Игровое событие: обновление_позиции - {"client_id": 3, "position": {"x": 970, "y": 590}, "inputs": {"left": false, "right": false, "up": false, "down": false}}
2025-09-25 17:56:34,874 - game_server - INFO - log_game_event:61 - Игровое событие: обновление_позиции - {"client_id": 3, "position": {"x": 970, "y": 590}, "inputs": {"left": false, "right": false, "up": false, "down": false}}
2025-09-25 17:56:34,910 - game_server - INFO - log_game_event:61 - Игровое событие: обновление_позиции - {"client_id": 3, "position": {"x": 970, "y": 590}, "inputs": {"left": false, "right": false, "up": false, "down": false}}
2025-09-25 17:56:34,946 - game_server - INFO - log_game_event:61 - Игровое событие: обновление_позиции - {"client_id": 3, "position": {"x": 970, "y": 590}, "inputs": {"left": false, "right": false, "up": false, "down": false}}
2025-09-25 17:56:34,982 - game_server - INFO - log_game_event:61 - Игровое событие: обновление_позиции - {"client_id": 3, "position": {"x": 970, "y": 590}, "inputs": {"left": false, "right": false, "up": false, "down": false}}
2025-09-25 17:56:35,017 - game_server - INFO - log_game_event:61 - Игровое событие: обновление_позиции - {"client_id": 3, "position": {"x": 970, "y": 590}, "inputs": {"left": false, "right": false, "up": false, "down": false}}
2025-09-25 17:56:35,052 - game_server - INFO - log_game_event:61 - Игровое событие: обновление_позиции - {"client_id": 3, "position": {"x": 970, "y": 590}, "inputs": {"left": false, "right": false, "up": false, "down": false}}
2025-09-25 17:56:35,085 - game_server - INFO - log_game_event:61 - Игровое событие: обновление_позиции - {"client_id": 3, "position": {"x": 970, "y": 590}, "inputs": {"left": false, "right": false, "up": false, "down": false}}
2025-09-25 17:56:35,120 - game_server - INFO - log_game_event:61 - Игровое событие: обновление_позиции - {"client_id": 3, "position": {"x": 970, "y": 590}, "inputs": {"left": false, "right": false, "up": false, "down": false}}
2025-09-25 17:56:35,153 - game_server - INFO - log_game_event:61 - Игровое событие: обновление_позиции - {"client_id": 3, "position": {"x": 970, "y": 590}, "inputs": {"left": false, "right": false, "up": false, "down": false}}
2025-09-25 17:56:35,187 - game_server - INFO - log_game_event:61 - Игровое событие: обновление_позиции - {"client_id": 3, "position": {"x": 970, "y": 590}, "inputs": {"left": false, "right": false, "up": false, "down": false}}
2025-09-25 17:56:35,222 - game_server - INFO - log_game_event:61 - Игровое событие: обновление_позиции - {"client_id": 3, "position": {"x": 970, "y": 590}, "inputs": {"left": false, "right": false, "up": false, "down": false}}
2025-09-25 17:56:35,258 - game_server - INFO - log_game_event:61 - Игровое событие: обновление_позиции - {"client_id": 3, "position": {"x": 970, "y": 590}, "inputs": {"left": false, "right": false, "up": false, "down": false}}
2025-09-25 17:56:35,292 - game_server - INFO - log_game_event:61 - Игровое событие: обновление_позиции - {"client_id": 3, "position": {"x": 970, "y": 590}, "inputs": {"left": false, "right": false, "up": false, "down": false}}
2025-09-25 17:56:35,328 - game_server - INFO - log_game_event:61 - Игровое событие: обновление_позиции - {"client_id": 3, "position": {"x": 970, "y": 590}, "inputs": {"left": false, "right": false, "up": false, "down": false}}
2025-09-25 17:56:35,364 - game_server - INFO - log_game_event:61 - Игровое событие: обновление_позиции - {"client_id": 3, "position": {"x": 970, "y": 590}, "inputs": {"left": false, "right": false, "up": false, "down": false}}
2025-09-25 17:56:35,401 - game_server - INFO - log_game_event:61 - Игровое событие: обновление_позиции - {"client_id": 3, "position": {"x": 970, "y": 590}, "inputs": {"left": false, "right": false, "up": false, "down": false}}
2025-09-25 17:56:35,435 - game_server - INFO - log_game_event:61 - Игровое событие: обновление_позиции - {"client_id": 3, "position": {"x": 970, "y": 590}, "inputs": {"left": false, "right": false, "up": false, "down": false}}
2025-09-25 17:56:35,470 - game_server - INFO - log_game_event:61 - Игровое событие: обновление_позиции - {"client_id": 3, "position": {"x": 970, "y": 590}, "inputs": {"left": false, "right": false, "up": false, "down": false}}
2025-09-25 17:56:35,505 - game_server - INFO - log_game_event:61 - Игровое событие: обновление_позиции - {"client_id": 3, "position": {"x": 970, "y": 590}, "inputs": {"left": false, "right": false, "up": false, "down": false}}
2025-09-25 17:56:35,539 - game_server - INFO - log_game_event:61 - Игровое событие: обновление_позиции - {"client_id": 3, "position": {"x": 970, "y": 590}, "inputs": {"left": false, "right": false, "up": false, "down": false}}
2025-09-25 17:56:35,575 - game_server - INFO - log_game_event:61 - Игровое событие: обновление_позиции - {"client_id": 3, "position": {"x": 970, "y": 590}, "inputs": {"left": false, "right": false, "up": false, "down": false}}
2025-09-25 17:56:35,610 - game_server - INFO - log_game_event:61 - Игровое событие: обновление_позиции - {"client_id": 3, "position": {"x": 970, "y": 590}, "inputs": {"left": false, "right": false, "up": false, "down": false}}
2025-09-25 17:56:35,646 - game_server - INFO - log_game_event:61 - Игровое событие: обновление_позиции - {"client_id": 3, "position": {"x": 970, "y": 590}, "inputs": {"left": false, "right": false, "up": false, "down": false}}
2025-09-25 17:56:35,681 - game_server - INFO - log_game_event:61 - Игровое событие: обновление_позиции - {"client_id": 3, "position": {"x": 970, "y": 590}, "inputs": {"left": false, "right": false, "up": false, "down": false}}
2025-09-25 17:56:35,718 - game_server - INFO - log_game_event:61 - Игровое событие: обновление_позиции - {"client_id": 3, "position": {"x": 970, "y": 590}, "inputs": {"left": false, "right": false, "up": false, "down": false}}
2025-09-25 17:56:35,753 - game_server - INFO - log_game_event:61 - Игровое событие: обновление_позиции - {"client_id": 3, "position": {"x": 970, "y": 590}, "inputs": {"left": false, "right": false, "up": false, "down": false}}
2025-09-25 17:56:35,787 - game_server - INFO - log_game_event:61 - Игровое событие: обновление_позиции - {"client_id": 3, "position": {"x": 970, "y": 590}, "inputs": {"left": false, "right": false, "up": false, "down": false}}
2025-09-25 17:56:35,826 - game_server - INFO - log_game_event:61 - Игровое событие: обновление_позиции - {"client_id": 3, "position": {"x": 970, "y": 590}, "inputs": {"left": false, "right": false, "up": false, "down": false}}
2025-09-25 17:56:36,166 - game_server - INFO - log_game_event:61 - Игровое событие: обновление_позиции - {"client_id": 3, "position": {"x": 970, "y": 590}, "inputs": {"left": false, "right": false, "up": false, "down": false}}
2025-09-25 17:56:36,199 - game_server - INFO - log_game_event:61 - Игровое событие: обновление_позиции - {"client_id": 3, "position": {"x": 970, "y": 590}, "inputs": {"left": false, "right": false, "up": false, "down": false}}
2025-09-25 17:56:36,224 - game_server - INFO - log_game_event:61 - Игровое событие: обновление_позиции - {"client_id": 3, "position": {"x": 970, "y": 590}, "inputs": {"left": false, "right": false, "up": false, "down": false}}
2025-09-25 17:56:36,251 - game_server - INFO - log_game_event:61 - Игровое событие: обновление_позиции - {"client_id": 3, "position": {"x": 970, "y": 590}, "inputs": {"left": false, "right": false, "up": false, "down": false}}
2025-09-25 17:56:36,279 - game_server - INFO - log_game_event:61 - Игровое событие: обновление_позиции - {"client_id": 3, "position": {"x": 970, "y": 590}, "inputs": {"left": false, "right": false, "up": false, "down": false}}
2025-09-25 17:56:36,302 - game_server - INFO - log_game_event:61 - Игровое событие: обновление_позиции - {"client_id": 3, "position": {"x": 970, "y": 590}, "inputs": {"left": false, "right": false, "up": false, "down": false}}
2025-09-25 17:56:36,335 - game_server - INFO - log_game_event:61 - Игровое событие: обновление_позиции - {"client_id": 3, "position": {"x": 970, "y": 590}, "inputs": {"left": false, "right": false, "up": false, "down": false}}
2025-09-25 17:56:36,365 - game_server - INFO - log_game_event:61 - Игровое событие: обновление_позиции - {"client_id": 3, "position": {"x": 970, "y": 590}, "inputs": {"left": false, "right": false, "up": false, "down": false}}
2025-09-25 17:56:36,401 - game_server - INFO - log_game_event:61 - Игровое событие: обновление_позиции - {"client_id": 3, "position": {"x": 970, "y": 590}, "inputs": {"left": false, "right": false, "up": false, "down": false}}
2025-09-25 17:56:36,436 - game_server - INFO - log_game_event:61 - Игровое событие: обновление_позиции - {"client_id": 3, "position": {"x": 970, "y": 590}, "inputs": {"left": false, "right": false, "up": false, "down": false}}
2025-09-25 17:56:36,472 - game_server - INFO - log_game_event:61 - Игровое событие: обновление_позиции - {"client_id": 3, "position": {"x": 970, "y": 590}, "inputs": {"left": false, "right": false, "up": false, "down": false}}
2025-09-25 17:56:36,507 - game_server - INFO - log_game_event:61 - Игровое событие: обновление_позиции - {"client_id": 3, "position": {"x": 970, "y": 590}, "inputs": {"left": false, "right": false, "up": false, "down": false}}
2025-09-25 17:56:36,542 - game_server - INFO - log_game_event:61 - Игровое событие: обновление_позиции - {"client_id": 3, "position": {"x": 970, "y": 590}, "inputs": {"left": false, "right": false, "up": false, "down": false}}
2025-09-25 17:56:36,577 - game_server - INFO - log_game_event:61 - Игровое событие: обновление_позиции - {"client_id": 3, "position": {"x": 970, "y": 590}, "inputs": {"left": false, "right": false, "up": false, "down": false}}
2025-09-25 17:56:36,614 - game_server - INFO - log_game_event:61 - Игровое событие: обновление_позиции - {"client_id": 3, "position": {"x": 970, "y": 590}, "inputs": {"left": false, "right": false, "up": false, "down": false}}
2025-09-25 17:56:36,650 - game_server - INFO - log_game_event:61 - Игровое событие: обновление_позиции - {"client_id": 3, "position": {"x": 970, "y": 590}, "inputs": {"left": false, "right": false, "up": false, "down": false}}
2025-09-25 17:56:36,685 - game_server - INFO - log_game_event:61 - Игровое событие: обновление_позиции - {"client_id": 3, "position": {"x": 970, "y": 590}, "inputs": {"left": false, "right": false, "up": false, "down": false}}
2025-09-25 17:56:36,716 - game_server - INFO - log_game_event:61 - Игровое событие: обновление_позиции - {"client_id": 3, "position": {"x": 970, "y": 590}, "inputs": {"left": false, "right": false, "up": false, "down": false}}
2025-09-25 17:56:36,747 - game_server - INFO - log_game_event:61 - Игровое событие: обновление_позиции - {"client_id": 3, "position": {"x": 970, "y": 590}, "inputs": {"left": false, "right": false, "up": false, "down": false}}
2025-09-25 17:56:36,777 - game_server - INFO - log_game_event:61 - Игровое событие: обновление_позиции - {"client_id": 3, "position": {"x": 970, "y": 590}, "inputs": {"left": false, "right": false, "up": false, "down": false}}
2025-09-25 17:56:36,815 - game_server - INFO - log_game_event:61 - Игровое событие: обновление_позиции - {"client_id": 3, "position": {"x": 970, "y": 590}, "inputs": {"left": false, "right": false, "up": false, "down": false}}
2025-09-25 17:56:36,850 - game_server - INFO - log_game_event:61 - Игровое событие: обновление_позиции - {"client_id": 3, "position": {"x": 970, "y": 590}, "inputs": {"left": false, "right": false, "up": false, "down": false}}
2025-09-25 17:56:36,884 - game_server - INFO - log_game_event:61 - Игровое событие: обновление_позиции - {"client_id": 3, "position": {"x": 970, "y": 590}, "inputs": {"left": false, "right": false, "up": false, "down": false}}
2025-09-25 17:56:36,918 - game_server - INFO - log_game_event:61 - Игровое событие: обновление_позиции - {"client_id": 3, "position": {"x": 970, "y": 590}, "inputs": {"left": false, "right": false, "up": false, "down": false}}
2025-09-25 17:56:36,958 - game_server - INFO - log_game_event:61 - Игровое событие: обновление_позиции - {"client_id": 3, "position": {"x": 970, "y": 590}, "inputs": {"left": false, "right": false, "up": false, "down": false}}
2025-09-25 17:56:36,992 - game_server - INFO - log_game_event:61 - Игровое событие: обновление_позиции - {"client_id": 3, "position": {"x": 970, "y": 590}, "inputs": {"left": false, "right": false, "up": false, "down": false}}
2025-09-25 17:56:37,028 - game_server - INFO - log_game_event:61 - Игровое событие: обновление_позиции - {"client_id": 3, "position": {"x": 970, "y": 590}, "inputs": {"left": false, "right": false, "up": false, "down": false}}
2025-09-25 17:56:37,064 - game_server - INFO - log_game_event:61 - Игровое событие: обновление_позиции - {"client_id": 3, "position": {"x": 970, "y": 590}, "inputs": {"left": false, "right": false, "up": false, "down": false}}
2025-09-25 17:56:37,100 - game_server - INFO - log_game_event:61 - Игровое событие: обновление_позиции - {"client_id": 3, "position": {"x": 970, "y": 590}, "inputs": {"left": false, "right": false, "up": false, "down": false}}
2025-09-25 17:56:37,135 - game_server - INFO - log_game_event:61 - Игровое событие: обновление_позиции - {"client_id": 3, "position": {"x": 970, "y": 590}, "inputs": {"left": false, "right": false, "up": false, "down": false}}
2025-09-25 17:56:37,166 - game_server - INFO - log_game_event:61 - Игровое событие: обновление_позиции - {"client_id": 3, "position": {"x": 970, "y": 590}, "inputs": {"left": false, "right": false, "up": false, "down": false}}
2025-09-25 17:56:37,202 - game_server - INFO - log_game_event:61 - Игровое событие: обновление_позиции - {"client_id": 3, "position": {"x": 970, "y": 590}, "inputs": {"left": false, "right": false, "up": false, "down": false}}
2025-09-25 17:56:37,238 - game_server - INFO - log_game_event:61 - Игровое событие: обновление_позиции - {"client_id": 3, "position": {"x": 970, "y": 590}, "inputs": {"left": false, "right": false, "up": false, "down": false}}
2025-09-25 17:56:37,273 - game_server - INFO - log_game_event:61 - Игровое событие: обновление_позиции - {"client_id": 3, "position": {"x": 970, "y": 590}, "inputs": {"left": false, "right": false, "up": false, "down": false}}
2025-09-25 17:56:37,309 - game_server - INFO - log_game_event:61 - Игровое событие: обновление_позиции - {"client_id": 3, "position": {"x": 970, "y": 590}, "inputs": {"left": false, "right": false, "up": false, "down": false}}
2025-09-25 17:56:37,341 - game_server - INFO - log_game_event:61 - Игровое событие: обновление_позиции - {"client_id": 3, "position": {"x": 970, "y": 590}, "inputs": {"left": false, "right": false, "up": false, "down": false}}
2025-09-25 17:56:37,373 - game_server - INFO - log_game_event:61 - Игровое событие: обновление_позиции - {"client_id": 3, "position": {"x": 970, "y": 590}, "inputs": {"left": false, "right": false, "up": false, "down": false}}
2025-09-25 17:56:37,406 - game_server - INFO - log_game_event:61 - Игровое событие: обновление_позиции - {"client_id": 3, "position": {"x": 970, "y": 590}, "inputs": {"left": false, "right": false, "up": false, "down": false}}
2025-09-25 17:56:37,438 - game_server - INFO - log_game_event:61 - Игровое событие: обновление_позиции - {"client_id": 3, "position": {"x": 970, "y": 590}, "inputs": {"left": false, "right": false, "up": false, "down": false}}
2025-09-25 17:56:37,468 - game_server - INFO - log_game_event:61 - Игровое событие: обновление_позиции - {"client_id": 3, "position": {"x": 970, "y": 590}, "inputs": {"left": false, "right": false, "up": false, "down": false}}
2025-09-25 17:56:37,499 - game_server - INFO - log_game_event:61 - Игровое событие: обновление_позиции - {"client_id": 3, "position": {"x": 970, "y": 590}, "inputs": {"left": false, "right": false, "up": false, "down": false}}
2025-09-25 17:56:37,531 - game_server - INFO - log_game_event:61 - Игровое событие: обновление_позиции - {"client_id": 3, "position": {"x": 970, "y": 590}, "inputs": {"left": false, "right": false, "up": false, "down": false}}
2025-09-25 17:56:37,562 - game_server - INFO - log_game_event:61 - Игровое событие: обновление_позиции - {"client_id": 3, "position": {"x": 970, "y": 590}, "inputs": {"left": false, "right": false, "up": false, "down": false}}
2025-09-25 17:56:37,596 - game_server - INFO - log_game_event:61 - Игровое событие: обновление_позиции - {"client_id": 3, "position": {"x": 970, "y": 590}, "inputs": {"left": false, "right": false, "up": false, "down": false}}
2025-09-25 17:56:37,622 - game_server - INFO - log_game_event:61 - Игровое событие: обновление_позиции - {"client_id": 3, "position": {"x": 970, "y": 590}, "inputs": {"left": false, "right": false, "up": false, "down": false}}
2025-09-25 17:56:37,655 - game_server - INFO - log_game_event:61 - Игровое событие: обновление_позиции - {"client_id": 3, "position": {"x": 970, "y": 590}, "inputs": {"left": false, "right": false, "up": false, "down": false}}
2025-09-25 17:56:37,687 - game_server - INFO - log_game_event:61 - Игровое событие: обновление_позиции - {"client_id": 3, "position": {"x": 970, "y": 590}, "inputs": {"left": false, "right": false, "up": false, "down": false}}
2025-09-25 17:56:37,718 - game_server - INFO - log_game_event:61 - Игровое событие: обновление_позиции - {"client_id": 3, "position": {"x": 970, "y": 590}, "inputs": {"left": false, "right": false, "up": false, "down": false}}
2025-09-25 17:56:37,752 - game_server - INFO - log_game_event:61 - Игровое событие: обновление_позиции - {"client_id": 3, "position": {"x": 970, "y": 590}, "inputs": {"left": false, "right": false, "up": false, "down": false}}
2025-09-25 17:56:37,785 - game_server - INFO - log_game_event:61 - Игровое событие: обновление_позиции - {"client_id": 3, "position": {"x": 970, "y": 590}, "inputs": {"left": false, "right": false, "up": false, "down": false}}
2025-09-25 17:56:37,820 - game_server - INFO - log_game_event:61 - Игровое событие: обновление_позиции - {"client_id": 3, "position": {"x": 970, "y": 590}, "inputs": {"left": false, "right": false, "up": false, "down": false}}
2025-09-25 17:56:37,853 - game_server - INFO - log_game_event:61 - Игровое событие: обновление_позиции - {"client_id": 3, "position": {"x": 970, "y": 590}, "inputs": {"left": false, "right": false, "up": false, "down": false}}
2025-09-25 17:56:37,887 - game_server - INFO - log_game_event:61 - Игровое событие: обновление_позиции - {"client_id": 3, "position": {"x": 970, "y": 590}, "inputs": {"left": false, "right": false, "up": false, "down": false}}
2025-09-25 17:56:37,923 - game_server - INFO - log_game_event:61 - Игровое событие: обновление_позиции - {"client_id": 3, "position": {"x": 970, "y": 590}, "inputs": {"left": false, "right": false, "up": false, "down": false}}
2025-09-25 17:56:37,958 - game_server - INFO - log_game_event:61 - Игровое событие: обновление_позиции - {"client_id": 3, "position": {"x": 970, "y": 590}, "inputs": {"left": false, "right": false, "up": false, "down": false}}
2025-09-25 17:56:37,991 - game_server - INFO - log_game_event:61 - Игровое событие: обновление_позиции - {"client_id": 3, "position": {"x": 970, "y": 590}, "inputs": {"left": false, "right": false, "up": false, "down": false}}
2025-09-25 17:56:38,024 - game_server - INFO - log_game_event:61 - Игровое событие: обновление_позиции - {"client_id": 3, "position": {"x": 970, "y": 590}, "inputs": {"left": false, "right": false, "up": false, "down": false}}
2025-09-25 17:56:38,059 - game_server - INFO - log_game_event:61 - Игровое событие: обновление_позиции - {"client_id": 3, "position": {"x": 970, "y": 590}, "inputs": {"left": false, "right": false, "up": false, "down": false}}
2025-09-25 17:56:38,094 - game_server - INFO - log_game_event:61 - Игровое событие: обновление_позиции - {"client_id": 3, "position": {"x": 970, "y": 590}, "inputs": {"left": false, "right": false, "up": false, "down": false}}
2025-09-25 17:56:38,126 - game_server - INFO - log_game_event:61 - Игровое событие: обновление_позиции - {"client_id": 3, "position": {"x": 970, "y": 590}, "inputs": {"left": false, "right": false, "up": false, "down": false}}
2025-09-25 17:56:38,161 - game_server - INFO - log_game_event:61 - Игровое событие: обновление_позиции - {"client_id": 3, "position": {"x": 970, "y": 590}, "inputs": {"left": false, "right": false, "up": false, "down": false}}
2025-09-25 17:56:38,196 - game_server - INFO - log_game_event:61 - Игровое событие: обновление_позиции - {"client_id": 3, "position": {"x": 970, "y": 590}, "inputs": {"left": false, "right": false, "up": false, "down": false}}
2025-09-25 17:56:38,231 - game_server - INFO - log_game_event:61 - Игровое событие: обновление_позиции - {"client_id": 3, "position": {"x": 970, "y": 590}, "inputs": {"left": false, "right": false, "up": false, "down": false}}
2025-09-25 17:56:38,265 - game_server - INFO - log_game_event:61 - Игровое событие: обновление_позиции - {"client_id": 3, "position": {"x": 970, "y": 590}, "inputs": {"left": false, "right": false, "up": false, "down": false}}
2025-09-25 17:56:38,294 - game_server - INFO - log_game_event:61 - Игровое событие: обновление_позиции - {"client_id": 3, "position": {"x": 970, "y": 590}, "inputs": {"left": false, "right": false, "up": false, "down": false}}
2025-09-25 17:56:38,332 - game_server - INFO - log_game_event:61 - Игровое событие: обновление_позиции - {"client_id": 3, "position": {"x": 970, "y": 590}, "inputs": {"left": false, "right": false, "up": false, "down": false}}
2025-09-25 17:56:38,367 - game_server - INFO - log_game_event:61 - Игровое событие: обновление_позиции - {"client_id": 3, "position": {"x": 970, "y": 590}, "inputs": {"left": false, "right": false, "up": false, "down": false}}
2025-09-25 17:56:38,402 - game_server - INFO - log_game_event:61 - Игровое событие: обновление_позиции - {"client_id": 3, "position": {"x": 970, "y": 590}, "inputs": {"left": false, "right": false, "up": false, "down": false}}
2025-09-25 17:56:38,435 - game_server - INFO - log_game_event:61 - Игровое событие: обновление_позиции - {"client_id": 3, "position": {"x": 970, "y": 590}, "inputs": {"left": false, "right": false, "up": false, "down": false}}
2025-09-25 17:56:38,468 - game_server - INFO - log_game_event:61 - Игровое событие: обновление_позиции - {"client_id": 3, "position": {"x": 970, "y": 590}, "inputs": {"left": false, "right": false, "up": false, "down": false}}
2025-09-25 17:56:38,503 - game_server - INFO - log_game_event:61 - Игровое событие: обновление_позиции - {"client_id": 3, "position": {"x": 970, "y": 590}, "inputs": {"left": false, "right": false, "up": false, "down": false}}
2025-09-25 17:56:38,536 - game_server - INFO - log_game_event:61 - Игровое событие: обновление_позиции - {"client_id": 3, "position": {"x": 970, "y": 590}, "inputs": {"left": false, "right": false, "up": false, "down": false}}
2025-09-25 17:56:38,570 - game_server - INFO - log_game_event:61 - Игровое событие: обновление_позиции - {"client_id": 3, "position": {"x": 970, "y": 590}, "inputs": {"left": false, "right": false, "up": false, "down": false}}
2025-09-25 17:56:38,606 - game_server - INFO - log_game_event:61 - Игровое событие: обновление_позиции - {"client_id": 3, "position": {"x": 970, "y": 590}, "inputs": {"left": false, "right": false, "up": false, "down": false}}
2025-09-25 17:56:38,642 - game_server - INFO - log_game_event:61 - Игровое событие: обновление_позиции - {"client_id": 3, "position": {"x": 970, "y": 590}, "inputs": {"left": false, "right": false, "up": false, "down": false}}
2025-09-25 17:56:38,676 - game_server - INFO - log_game_event:61 - Игровое событие: обновление_позиции - {"client_id": 3, "position": {"x": 970, "y": 590}, "inputs": {"left": false, "right": false, "up": false, "down": false}}
2025-09-25 17:56:38,711 - game_server - INFO - log_game_event:61 - Игровое событие: обновление_позиции - {"client_id": 3, "position": {"x": 970, "y": 590}, "inputs": {"left": false, "right": false, "up": false, "down": false}}
2025-09-25 17:56:38,746 - game_server - INFO - log_game_event:61 - Игровое событие: обновление_позиции - {"client_id": 3, "position": {"x": 970, "y": 590}, "inputs": {"left": false, "right": false, "up": false, "down": false}}
2025-09-25 17:56:38,782 - game_server - INFO - log_game_event:61 - Игровое событие: обновление_позиции - {"client_id": 3, "position": {"x": 970, "y": 590}, "inputs": {"left": false, "right": false, "up": false, "down": false}}
2025-09-25 17:56:38,813 - game_server - INFO - log_game_event:61 - Игровое событие: обновление_позиции - {"client_id": 3, "position": {"x": 970, "y": 590}, "inputs": {"left": false, "right": false, "up": false, "down": false}}
2025-09-25 17:56:38,846 - game_server - INFO - log_game_event:61 - Игровое событие: обновление_позиции - {"client_id": 3, "position": {"x": 970, "y": 590}, "inputs": {"left": false, "right": false, "up": false, "down": false}}
2025-09-25 17:56:38,879 - game_server - INFO - log_game_event:61 - Игровое событие: обновление_позиции - {"client_id": 3, "position": {"x": 970, "y": 590}, "inputs": {"left": false, "right": false, "up": false, "down": false}}
2025-09-25 17:56:38,911 - game_server - INFO - log_game_event:61 - Игровое событие: обновление_позиции - {"client_id": 3, "position": {"x": 970, "y": 590}, "inputs": {"left": false, "right": false, "up": false, "down": false}}
2025-09-25 17:56:38,948 - game_server - INFO - log_game_event:61 - Игровое событие: обновление_позиции - {"client_id": 3, "position": {"x": 970, "y": 590}, "inputs": {"left": false, "right": false, "up": false, "down": false}}
2025-09-25 17:56:38,983 - game_server - INFO - log_game_event:61 - Игровое событие: обновление_позиции - {"client_id": 3, "position": {"x": 970, "y": 590}, "inputs": {"left": false, "right": false, "up": false, "down": false}}
2025-09-25 17:56:39,014 - game_server - INFO - log_game_event:61 - Игровое событие: обновление_позиции - {"client_id": 3, "position": {"x": 970, "y": 590}, "inputs": {"left": false, "right": false, "up": false, "down": false}}
2025-09-25 17:56:39,050 - game_server - INFO - log_game_event:61 - Игровое событие: обновление_позиции - {"client_id": 3, "position": {"x": 970, "y": 590}, "inputs": {"left": false, "right": false, "up": false, "down": false}}
2025-09-25 17:56:39,086 - game_server - INFO - log_game_event:61 - Игровое событие: обновление_позиции - {"client_id": 3, "position": {"x": 970, "y": 590}, "inputs": {"left": false, "right": false, "up": false, "down": false}}
2025-09-25 17:56:39,120 - game_server - INFO - log_game_event:61 - Игровое событие: обновление_позиции - {"client_id": 3, "position": {"x": 970, "y": 590}, "inputs": {"left": false, "right": false, "up": false, "down": false}}
2025-09-25 17:56:39,154 - game_server - INFO - log_game_event:61 - Игровое событие: обновление_позиции - {"client_id": 3, "position": {"x": 970, "y": 590}, "inputs": {"left": false, "right": false, "up": false, "down": false}}
2025-09-25 17:56:39,186 - game_server - INFO - log_game_event:61 - Игровое событие: обновление_позиции - {"client_id": 3, "position": {"x": 970, "y": 590}, "inputs": {"left": false, "right": false, "up": false, "down": false}}
2025-09-25 17:56:39,220 - game_server - INFO - log_game_event:61 - Игровое событие: обновление_позиции - {"client_id": 3, "position": {"x": 970, "y": 590}, "inputs": {"left": false, "right": false, "up": false, "down": false}}
2025-09-25 17:56:39,253 - game_server - INFO - log_game_event:61 - Игровое событие: обновление_позиции - {"client_id": 3, "position": {"x": 970, "y": 590}, "inputs": {"left": false, "right": false, "up": false, "down": false}}
2025-09-25 17:56:39,286 - game_server - INFO - log_game_event:61 - Игровое событие: обновление_позиции - {"client_id": 3, "position": {"x": 970, "y": 590}, "inputs": {"left": false, "right": false, "up": false, "down": false}}
2025-09-25 17:56:39,317 - game_server - INFO - log_game_event:61 - Игровое событие: обновление_позиции - {"client_id": 3, "position": {"x": 970, "y": 590}, "inputs": {"left": false, "right": false, "up": false, "down": false}}
2025-09-25 17:56:39,351 - game_server - INFO - log_game_event:61 - Игровое событие: обновление_позиции - {"client_id": 3, "position": {"x": 970, "y": 590}, "inputs": {"left": false, "right": false, "up": false, "down": false}}
2025-09-25 17:56:39,383 - game_server - INFO - log_game_event:61 - Игровое событие: обновление_позиции - {"client_id": 3, "position": {"x": 970, "y": 590}, "inputs": {"left": false, "right": false, "up": false, "down": false}}
2025-09-25 17:56:39,416 - game_server - INFO - log_game_event:61 - Игровое событие: обновление_позиции - {"client_id": 3, "position": {"x": 970, "y": 590}, "inputs": {"left": false, "right": false, "up": false, "down": false}}
2025-09-25 17:56:39,451 - game_server - INFO - log_game_event:61 - Игровое событие: обновление_позиции - {"client_id": 3, "position": {"x": 970, "y": 590}, "inputs": {"left": false, "right": false, "up": false, "down": false}}
2025-09-25 17:56:39,484 - game_server - INFO - log_game_event:61 - Игровое событие: обновление_позиции - {"client_id": 3, "position": {"x": 970, "y": 590}, "inputs": {"left": false, "right": false, "up": false, "down": false}}
2025-09-25 17:56:39,519 - game_server - INFO - log_game_event:61 - Игровое событие: обновление_позиции - {"client_id": 3, "position": {"x": 970, "y": 590}, "inputs": {"left": false, "right": false, "up": false, "down": false}}
2025-09-25 17:56:39,552 - game_server - INFO - log_game_event:61 - Игровое событие: обновление_позиции - {"client_id": 3, "position": {"x": 970, "y": 590}, "inputs": {"left": false, "right": false, "up": false, "down": false}}
2025-09-25 17:56:39,586 - game_server - INFO - log_game_event:61 - Игровое событие: обновление_позиции - {"client_id": 3, "position": {"x": 970, "y": 590}, "inputs": {"left": false, "right": false, "up": false, "down": false}}
2025-09-25 17:56:39,618 - game_server - INFO - log_game_event:61 - Игровое событие: обновление_позиции - {"client_id": 3, "position": {"x": 970, "y": 590}, "inputs": {"left": false, "right": false, "up": false, "down": false}}
2025-09-25 17:56:39,651 - game_server - INFO - log_game_event:61 - Игровое событие: обновление_позиции - {"client_id": 3, "position": {"x": 970, "y": 590}, "inputs": {"left": false, "right": false, "up": false, "down": false}}
2025-09-25 17:56:39,684 - game_server - INFO - log_game_event:61 - Игровое событие: обновление_позиции - {"client_id": 3, "position": {"x": 970, "y": 590}, "inputs": {"left": false, "right": false, "up": false, "down": false}}
2025-09-25 17:56:39,714 - game_server - INFO - log_game_event:61 - Игровое событие: обновление_позиции - {"client_id": 3, "position": {"x": 970, "y": 590}, "inputs": {"left": false, "right": false, "up": false, "down": false}}
2025-09-25 17:56:39,746 - game_server - INFO - log_game_event:61 - Игровое событие: обновление_позиции - {"client_id": 3, "position": {"x": 970, "y": 590}, "inputs": {"left": false, "right": false, "up": false, "down": false}}
2025-09-25 17:56:39,783 - game_server - INFO - log_game_event:61 - Игровое событие: обновление_позиции - {"client_id": 3, "position": {"x": 970, "y": 590}, "inputs": {"left": false, "right": false, "up": false, "down": false}}
2025-09-25 17:56:39,841 - game_server - INFO - log_game_event:61 - Игровое событие: обновление_позиции - {"client_id": 3, "position": {"x": 970, "y": 590}, "inputs": {"left": false, "right": false, "up": false, "down": false}}
2025-09-25 17:56:39,864 - game_server - INFO - log_game_event:61 - Игровое событие: обновление_позиции - {"client_id": 3, "position": {"x": 970, "y": 590}, "inputs": {"left": false, "right": false, "up": false, "down": false}}
2025-09-25 17:56:39,886 - game_server - INFO - log_game_event:61 - Игровое событие: обновление_позиции - {"client_id": 3, "position": {"x": 970, "y": 590}, "inputs": {"left": false, "right": false, "up": false, "down": false}}
2025-09-25 17:56:39,919 - game_server - INFO - log_game_event:61 - Игровое событие: обновление_позиции - {"client_id": 3, "position": {"x": 970, "y": 590}, "inputs": {"left": false, "right": false, "up": false, "down": false}}
2025-09-25 17:56:39,953 - game_server - INFO - log_game_event:61 - Игровое событие: обновление_позиции - {"client_id": 3, "position": {"x": 970, "y": 590}, "inputs": {"left": false, "right": false, "up": false, "down": false}}
2025-09-25 17:56:39,987 - game_server - INFO - log_game_event:61 - Игровое событие: обновление_позиции - {"client_id": 3, "position": {"x": 970, "y": 590}, "inputs": {"left": false, "right": false, "up": false, "down": false}}
2025-09-25 17:56:40,018 - game_server - INFO - log_game_event:61 - Игровое событие: обновление_позиции - {"client_id": 3, "position": {"x": 970, "y": 590}, "inputs": {"left": false, "right": false, "up": false, "down": false}}
2025-09-25 17:56:40,049 - game_server - INFO - log_game_event:61 - Игровое событие: обновление_позиции - {"client_id": 3, "position": {"x": 970, "y": 590}, "inputs": {"left": false, "right": false, "up": false, "down": false}}
2025-09-25 17:56:40,080 - game_server - INFO - log_game_event:61 - Игровое событие: обновление_позиции - {"client_id": 3, "position": {"x": 970, "y": 590}, "inputs": {"left": false, "right": false, "up": false, "down": false}}
2025-09-25 17:56:40,114 - game_server - INFO - log_game_event:61 - Игровое событие: обновление_позиции - {"client_id": 3, "position": {"x": 970, "y": 590}, "inputs": {"left": false, "right": false, "up": false, "down": false}}
2025-09-25 17:56:40,146 - game_server - INFO - log_game_event:61 - Игровое событие: обновление_позиции - {"client_id": 3, "position": {"x": 970, "y": 590}, "inputs": {"left": false, "right": false, "up": false, "down": false}}
2025-09-25 17:56:40,179 - game_server - INFO - log_game_event:61 - Игровое событие: обновление_позиции - {"client_id": 3, "position": {"x": 970, "y": 590}, "inputs": {"left": false, "right": false, "up": false, "down": false}}
2025-09-25 17:56:40,213 - game_server - INFO - log_game_event:61 - Игровое событие: обновление_позиции - {"client_id": 3, "position": {"x": 970, "y": 590}, "inputs": {"left": false, "right": false, "up": false, "down": false}}
2025-09-25 17:56:40,248 - game_server - INFO - log_game_event:61 - Игровое событие: обновление_позиции - {"client_id": 3, "position": {"x": 970, "y": 590}, "inputs": {"left": false, "right": false, "up": false, "down": false}}
2025-09-25 17:56:40,280 - game_server - INFO - log_game_event:61 - Игровое событие: обновление_позиции - {"client_id": 3, "position": {"x": 970, "y": 590}, "inputs": {"left": false, "right": false, "up": false, "down": false}}
2025-09-25 17:56:40,313 - game_server - INFO - log_game_event:61 - Игровое событие: обновление_позиции - {"client_id": 3, "position": {"x": 970, "y": 590}, "inputs": {"left": false, "right": false, "up": false, "down": false}}
2025-09-25 17:56:40,346 - game_server - INFO - log_game_event:61 - Игровое событие: обновление_позиции - {"client_id": 3, "position": {"x": 970, "y": 590}, "inputs": {"left": false, "right": false, "up": false, "down": false}}
2025-09-25 17:56:40,381 - game_server - INFO - log_game_event:61 - Игровое событие: обновление_позиции - {"client_id": 3, "position": {"x": 970, "y": 590}, "inputs": {"left": false, "right": false, "up": false, "down": false}}
2025-09-25 17:56:40,414 - game_server - INFO - log_game_event:61 - Игровое событие: обновление_позиции - {"client_id": 3, "position": {"x": 970, "y": 590}, "inputs": {"left": false, "right": false, "up": false, "down": false}}
2025-09-25 17:56:40,447 - game_server - INFO - log_game_event:61 - Игровое событие: обновление_позиции - {"client_id": 3, "position": {"x": 970, "y": 590}, "inputs": {"left": false, "right": false, "up": false, "down": false}}
2025-09-25 17:56:40,480 - game_server - INFO - log_game_event:61 - Игровое событие: обновление_позиции - {"client_id": 3, "position": {"x": 970, "y": 590}, "inputs": {"left": false, "right": false, "up": false, "down": false}}
2025-09-25 17:56:40,513 - game_server - INFO - log_game_event:61 - Игровое событие: обновление_позиции - {"client_id": 3, "position": {"x": 970, "y": 590}, "inputs": {"left": false, "right": false, "up": false, "down": false}}
2025-09-25 17:56:40,546 - game_server - INFO - log_game_event:61 - Игровое событие: обновление_позиции - {"client_id": 3, "position": {"x": 970, "y": 590}, "inputs": {"left": false, "right": false, "up": false, "down": false}}
2025-09-25 17:56:40,580 - game_server - INFO - log_game_event:61 - Игровое событие: обновление_позиции - {"client_id": 3, "position": {"x": 970, "y": 590}, "inputs": {"left": false, "right": false, "up": false, "down": false}}
2025-09-25 17:56:40,615 - game_server - INFO - log_game_event:61 - Игровое событие: обновление_позиции - {"client_id": 3, "position": {"x": 970, "y": 590}, "inputs": {"left": false, "right": false, "up": false, "down": false}}
2025-09-25 17:56:40,647 - game_server - INFO - log_game_event:61 - Игровое событие: обновление_позиции - {"client_id": 3, "position": {"x": 970, "y": 590}, "inputs": {"left": false, "right": false, "up": false, "down": false}}
2025-09-25 17:56:40,679 - game_server - INFO - log_game_event:61 - Игровое событие: обновление_позиции - {"client_id": 3, "position": {"x": 970, "y": 590}, "inputs": {"left": false, "right": false, "up": false, "down": false}}
2025-09-25 17:56:40,711 - game_server - INFO - log_game_event:61 - Игровое событие: обновление_позиции - {"client_id": 3, "position": {"x": 970, "y": 590}, "inputs": {"left": false, "right": false, "up": false, "down": false}}
2025-09-25 17:56:40,745 - game_server - INFO - log_game_event:61 - Игровое событие: обновление_позиции - {"client_id": 3, "position": {"x": 970, "y": 590}, "inputs": {"left": false, "right": false, "up": false, "down": false}}
2025-09-25 17:56:40,778 - game_server - INFO - log_game_event:61 - Игровое событие: обновление_позиции - {"client_id": 3, "position": {"x": 970, "y": 590}, "inputs": {"left": false, "right": false, "up": false, "down": false}}
2025-09-25 17:56:40,810 - game_server - INFO - log_game_event:61 - Игровое событие: обновление_позиции - {"client_id": 3, "position": {"x": 970, "y": 590}, "inputs": {"left": false, "right": false, "up": false, "down": false}}
2025-09-25 17:56:40,845 - game_server - INFO - log_game_event:61 - Игровое событие: обновление_позиции - {"client_id": 3, "position": {"x": 970, "y": 590}, "inputs": {"left": false, "right": false, "up": false, "down": false}}
2025-09-25 17:56:40,879 - game_server - INFO - log_game_event:61 - Игровое событие: обновление_позиции - {"client_id": 3, "position": {"x": 970, "y": 590}, "inputs": {"left": false, "right": false, "up": false, "down": false}}
2025-09-25 17:56:40,915 - game_server - INFO - log_game_event:61 - Игровое событие: обновление_позиции - {"client_id": 3, "position": {"x": 970, "y": 590}, "inputs": {"left": false, "right": false, "up": false, "down": false}}
2025-09-25 17:56:40,948 - game_server - INFO - log_game_event:61 - Игровое событие: обновление_позиции - {"client_id": 3, "position": {"x": 970, "y": 590}, "inputs": {"left": false, "right": false, "up": false, "down": false}}
2025-09-25 17:56:40,980 - game_server - INFO - log_game_event:61 - Игровое событие: обновление_позиции - {"client_id": 3, "position": {"x": 970, "y": 590}, "inputs": {"left": false, "right": false, "up": false, "down": false}}
2025-09-25 17:56:41,014 - game_server - INFO - log_game_event:61 - Игровое событие: обновление_позиции - {"client_id": 3, "position": {"x": 970, "y": 590}, "inputs": {"left": false, "right": false, "up": false, "down": false}}
2025-09-25 17:56:41,047 - game_server - INFO - log_game_event:61 - Игровое событие: обновление_позиции - {"client_id": 3, "position": {"x": 970, "y": 590}, "inputs": {"left": false, "right": false, "up": false, "down": false}}
2025-09-25 17:56:41,078 - game_server - INFO - log_game_event:61 - Игровое событие: обновление_позиции - {"client_id": 3, "position": {"x": 970, "y": 590}, "inputs": {"left": false, "right": false, "up": false, "down": false}}
2025-09-25 17:56:41,113 - game_server - INFO - log_game_event:61 - Игровое событие: обновление_позиции - {"client_id": 3, "position": {"x": 970, "y": 590}, "inputs": {"left": false, "right": false, "up": false, "down": false}}
2025-09-25 17:56:41,146 - game_server - INFO - log_game_event:61 - Игровое событие: обновление_позиции - {"client_id": 3, "position": {"x": 970, "y": 590}, "inputs": {"left": false, "right": false, "up": false, "down": false}}
2025-09-25 17:56:41,179 - game_server - INFO - log_game_event:61 - Игровое событие: обновление_позиции - {"client_id": 3, "position": {"x": 970, "y": 590}, "inputs": {"left": false, "right": false, "up": false, "down": false}}
2025-09-25 17:56:41,213 - game_server - INFO - log_game_event:61 - Игровое событие: обновление_позиции - {"client_id": 3, "position": {"x": 970, "y": 590}, "inputs": {"left": false, "right": false, "up": false, "down": false}}
2025-09-25 17:56:41,247 - game_server - INFO - log_game_event:61 - Игровое событие: обновление_позиции - {"client_id": 3, "position": {"x": 970, "y": 590}, "inputs": {"left": false, "right": false, "up": false, "down": false}}
2025-09-25 17:56:41,281 - game_server - INFO - log_game_event:61 - Игровое событие: обновление_позиции - {"client_id": 3, "position": {"x": 970, "y": 590}, "inputs": {"left": false, "right": false, "up": false, "down": false}}
2025-09-25 17:56:41,312 - game_server - INFO - log_game_event:61 - Игровое событие: обновление_позиции - {"client_id": 3, "position": {"x": 970, "y": 590}, "inputs": {"left": false, "right": false, "up": false, "down": false}}
2025-09-25 17:56:41,335 - game_server - INFO - log_game_event:61 - Игровое событие: обновление_позиции - {"client_id": 3, "position": {"x": 970, "y": 590}, "inputs": {"left": false, "right": false, "up": false, "down": false}}
2025-09-25 17:56:41,366 - game_server - INFO - log_game_event:61 - Игровое событие: обновление_позиции - {"client_id": 3, "position": {"x": 970, "y": 590}, "inputs": {"left": false, "right": false, "up": false, "down": false}}
2025-09-25 17:56:41,391 - game_server - INFO - log_game_event:61 - Игровое событие: обновление_позиции - {"client_id": 3, "position": {"x": 970, "y": 590}, "inputs": {"left": false, "right": false, "up": false, "down": false}}
2025-09-25 17:56:41,426 - game_server - INFO - log_game_event:61 - Игровое событие: обновление_позиции - {"client_id": 3, "position": {"x": 970, "y": 590}, "inputs": {"left": false, "right": false, "up": false, "down": false}}
2025-09-25 17:56:41,459 - game_server - INFO - log_game_event:61 - Игровое событие: обновление_позиции - {"client_id": 3, "position": {"x": 970, "y": 590}, "inputs": {"left": false, "right": false, "up": false, "down": false}}
2025-09-25 17:56:41,492 - game_server - INFO - log_game_event:61 - Игровое событие: обновление_позиции - {"client_id": 3, "position": {"x": 970, "y": 590}, "inputs": {"left": false, "right": false, "up": false, "down": false}}
2025-09-25 17:56:41,530 - game_server - INFO - log_game_event:61 - Игровое событие: обновление_позиции - {"client_id": 3, "position": {"x": 970, "y": 590}, "inputs": {"left": false, "right": false, "up": false, "down": false}}
2025-09-25 17:56:41,564 - game_server - INFO - log_game_event:61 - Игровое событие: обновление_позиции - {"client_id": 3, "position": {"x": 970, "y": 590}, "inputs": {"left": false, "right": false, "up": false, "down": false}}
2025-09-25 17:56:41,596 - game_server - INFO - log_game_event:61 - Игровое событие: обновление_позиции - {"client_id": 3, "position": {"x": 970, "y": 590}, "inputs": {"left": false, "right": false, "up": false, "down": false}}
2025-09-25 17:56:41,629 - game_server - INFO - log_game_event:61 - Игровое событие: обновление_позиции - {"client_id": 3, "position": {"x": 970, "y": 590}, "inputs": {"left": false, "right": false, "up": false, "down": false}}
2025-09-25 17:56:41,662 - game_server - INFO - log_game_event:61 - Игровое событие: обновление_позиции - {"client_id": 3, "position": {"x": 970, "y": 590}, "inputs": {"left": false, "right": false, "up": false, "down": false}}
2025-09-25 17:56:41,697 - game_server - INFO - log_game_event:61 - Игровое событие: обновление_позиции - {"client_id": 3, "position": {"x": 970, "y": 590}, "inputs": {"left": false, "right": false, "up": false, "down": false}}
2025-09-25 17:56:41,730 - game_server - INFO - log_game_event:61 - Игровое событие: обновление_позиции - {"client_id": 3, "position": {"x": 970, "y": 590}, "inputs": {"left": false, "right": false, "up": false, "down": false}}
2025-09-25 17:56:41,763 - game_server - INFO - log_game_event:61 - Игровое событие: обновление_позиции - {"client_id": 3, "position": {"x": 970, "y": 590}, "inputs": {"left": false, "right": false, "up": false, "down": false}}
2025-09-25 17:56:41,795 - game_server - INFO - log_game_event:61 - Игровое событие: обновление_позиции - {"client_id": 3, "position": {"x": 970, "y": 590}, "inputs": {"left": false, "right": false, "up": false, "down": false}}
2025-09-25 17:56:41,828 - game_server - INFO - log_game_event:61 - Игровое событие: обновление_позиции - {"client_id": 3, "position": {"x": 970, "y": 590}, "inputs": {"left": false, "right": false, "up": false, "down": false}}
2025-09-25 17:56:41,865 - game_server - INFO - log_game_event:61 - Игровое событие: обновление_позиции - {"client_id": 3, "position": {"x": 970, "y": 590}, "inputs": {"left": false, "right": false, "up": false, "down": false}}
2025-09-25 17:56:41,898 - game_server - INFO - log_game_event:61 - Игровое событие: обновление_позиции - {"client_id": 3, "position": {"x": 970, "y": 590}, "inputs": {"left": false, "right": false, "up": false, "down": false}}
2025-09-25 17:56:41,932 - game_server - INFO - log_game_event:61 - Игровое событие: обновление_позиции - {"client_id": 3, "position": {"x": 970, "y": 590}, "inputs": {"left": false, "right": false, "up": false, "down": false}}
2025-09-25 17:56:41,968 - game_server - INFO - log_game_event:61 - Игровое событие: обновление_позиции - {"client_id": 3, "position": {"x": 970, "y": 590}, "inputs": {"left": false, "right": false, "up": false, "down": false}}
2025-09-25 17:56:41,995 - game_server - INFO - log_game_event:61 - Игровое событие: обновление_позиции - {"client_id": 3, "position": {"x": 970, "y": 590}, "inputs": {"left": false, "right": false, "up": false, "down": false}}
2025-09-25 17:56:42,021 - game_server - INFO - log_game_event:61 - Игровое событие: обновление_позиции - {"client_id": 3, "position": {"x": 970, "y": 590}, "inputs": {"left": false, "right": false, "up": false, "down": false}}
2025-09-25 17:56:42,051 - game_server - INFO - log_game_event:61 - Игровое событие: обновление_позиции - {"client_id": 3, "position": {"x": 970, "y": 590}, "inputs": {"left": false, "right": false, "up": false, "down": false}}
2025-09-25 17:56:42,084 - game_server - INFO - log_game_event:61 - Игровое событие: обновление_позиции - {"client_id": 3, "position": {"x": 970, "y": 590}, "inputs": {"left": false, "right": false, "up": false, "down": false}}
2025-09-25 17:56:42,116 - game_server - INFO - log_game_event:61 - Игровое событие: обновление_позиции - {"client_id": 3, "position": {"x": 970, "y": 590}, "inputs": {"left": false, "right": false, "up": false, "down": false}}
2025-09-25 17:56:42,153 - game_server - INFO - log_game_event:61 - Игровое событие: обновление_позиции - {"client_id": 3, "position": {"x": 970, "y": 590}, "inputs": {"left": false, "right": false, "up": false, "down": false}}
2025-09-25 17:56:42,188 - game_server - INFO - log_game_event:61 - Игровое событие: обновление_позиции - {"client_id": 3, "position": {"x": 970, "y": 590}, "inputs": {"left": false, "right": false, "up": false, "down": false}}
2025-09-25 17:56:42,222 - game_server - INFO - log_game_event:61 - Игровое событие: обновление_позиции - {"client_id": 3, "position": {"x": 970, "y": 590}, "inputs": {"left": false, "right": false, "up": false, "down": false}}
2025-09-25 17:56:42,255 - game_server - INFO - log_game_event:61 - Игровое событие: обновление_позиции - {"client_id": 3, "position": {"x": 970, "y": 590}, "inputs": {"left": false, "right": false, "up": false, "down": false}}
2025-09-25 17:56:42,287 - game_server - INFO - log_game_event:61 - Игровое событие: обновление_позиции - {"client_id": 3, "position": {"x": 970, "y": 590}, "inputs": {"left": false, "right": false, "up": false, "down": false}}
2025-09-25 17:56:42,320 - game_server - INFO - log_game_event:61 - Игровое событие: обновление_позиции - {"client_id": 3, "position": {"x": 970, "y": 590}, "inputs": {"left": false, "right": false, "up": false, "down": false}}
2025-09-25 17:56:42,346 - game_server - INFO - log_game_event:61 - Игровое событие: обновление_позиции - {"client_id": 3, "position": {"x": 970, "y": 590}, "inputs": {"left": false, "right": false, "up": false, "down": false}}
2025-09-25 17:56:42,377 - game_server - INFO - log_game_event:61 - Игровое событие: обновление_позиции - {"client_id": 3, "position": {"x": 970, "y": 590}, "inputs": {"left": false, "right": false, "up": false, "down": false}}
2025-09-25 17:56:42,412 - game_server - INFO - log_game_event:61 - Игровое событие: обновление_позиции - {"client_id": 3, "position": {"x": 970, "y": 590}, "inputs": {"left": false, "right": false, "up": false, "down": false}}
2025-09-25 17:56:42,444 - game_server - INFO - log_game_event:61 - Игровое событие: обновление_позиции - {"client_id": 3, "position": {"x": 970, "y": 590}, "inputs": {"left": false, "right": false, "up": false, "down": false}}
2025-09-25 17:56:42,479 - game_server - INFO - log_game_event:61 - Игровое событие: обновление_позиции - {"client_id": 3, "position": {"x": 970, "y": 590}, "inputs": {"left": false, "right": false, "up": false, "down": false}}
2025-09-25 17:56:42,512 - game_server - INFO - log_game_event:61 - Игровое событие: обновление_позиции - {"client_id": 3, "position": {"x": 970, "y": 590}, "inputs": {"left": false, "right": false, "up": false, "down": false}}
2025-09-25 17:56:42,546 - game_server - INFO - log_game_event:61 - Игровое событие: обновление_позиции - {"client_id": 3, "position": {"x": 970, "y": 590}, "inputs": {"left": false, "right": false, "up": false, "down": false}}
2025-09-25 17:56:42,584 - game_server - INFO - log_game_event:61 - Игровое событие: обновление_позиции - {"client_id": 3, "position": {"x": 970, "y": 590}, "inputs": {"left": false, "right": false, "up": false, "down": false}}
2025-09-25 17:56:42,618 - game_server - INFO - log_game_event:61 - Игровое событие: обновление_позиции - {"client_id": 3, "position": {"x": 970, "y": 590}, "inputs": {"left": false, "right": false, "up": false, "down": false}}
2025-09-25 17:56:42,652 - game_server - INFO - log_game_event:61 - Игровое событие: обновление_позиции - {"client_id": 3, "position": {"x": 970, "y": 590}, "inputs": {"left": false, "right": false, "up": false, "down": false}}
2025-09-25 17:56:42,684 - game_server - INFO - log_game_event:61 - Игровое событие: обновление_позиции - {"client_id": 3, "position": {"x": 970, "y": 590}, "inputs": {"left": false, "right": false, "up": false, "down": false}}
2025-09-25 17:56:42,717 - game_server - INFO - log_game_event:61 - Игровое событие: обновление_позиции - {"client_id": 3, "position": {"x": 970, "y": 590}, "inputs": {"left": false, "right": false, "up": false, "down": false}}
2025-09-25 17:56:42,749 - game_server - INFO - log_game_event:61 - Игровое событие: обновление_позиции - {"client_id": 3, "position": {"x": 970, "y": 590}, "inputs": {"left": false, "right": false, "up": false, "down": false}}
2025-09-25 17:56:42,778 - game_server - INFO - log_game_event:61 - Игровое событие: обновление_позиции - {"client_id": 3, "position": {"x": 970, "y": 590}, "inputs": {"left": false, "right": false, "up": false, "down": false}}
2025-09-25 17:56:42,808 - game_server - INFO - log_game_event:61 - Игровое событие: обновление_позиции - {"client_id": 3, "position": {"x": 970, "y": 590}, "inputs": {"left": false, "right": false, "up": false, "down": false}}
2025-09-25 17:56:42,842 - game_server - INFO - log_game_event:61 - Игровое событие: обновление_позиции - {"client_id": 3, "position": {"x": 970, "y": 590}, "inputs": {"left": false, "right": false, "up": false, "down": false}}
2025-09-25 17:56:42,878 - game_server - INFO - log_game_event:61 - Игровое событие: обновление_позиции - {"client_id": 3, "position": {"x": 970, "y": 590}, "inputs": {"left": false, "right": false, "up": false, "down": false}}
2025-09-25 17:56:42,912 - game_server - INFO - log_game_event:61 - Игровое событие: обновление_позиции - {"client_id": 3, "position": {"x": 970, "y": 590}, "inputs": {"left": false, "right": false, "up": false, "down": false}}
2025-09-25 17:56:42,942 - game_server - INFO - log_game_event:61 - Игровое событие: обновление_позиции - {"client_id": 3, "position": {"x": 970, "y": 590}, "inputs": {"left": false, "right": false, "up": false, "down": false}}
2025-09-25 17:56:42,973 - game_server - INFO - log_game_event:61 - Игровое событие: обновление_позиции - {"client_id": 3, "position": {"x": 970, "y": 590}, "inputs": {"left": false, "right": false, "up": false, "down": false}}
2025-09-25 17:56:43,006 - game_server - INFO - log_game_event:61 - Игровое событие: обновление_позиции - {"client_id": 3, "position": {"x": 970, "y": 590}, "inputs": {"left": false, "right": false, "up": false, "down": false}}
2025-09-25 17:56:43,039 - game_server - INFO - log_game_event:61 - Игровое событие: обновление_позиции - {"client_id": 3, "position": {"x": 970, "y": 590}, "inputs": {"left": false, "right": false, "up": false, "down": false}}
2025-09-25 17:56:43,073 - game_server - INFO - log_game_event:61 - Игровое событие: обновление_позиции - {"client_id": 3, "position": {"x": 970, "y": 590}, "inputs": {"left": false, "right": false, "up": false, "down": false}}
2025-09-25 17:56:43,107 - game_server - INFO - log_game_event:61 - Игровое событие: обновление_позиции - {"client_id": 3, "position": {"x": 970, "y": 590}, "inputs": {"left": false, "right": false, "up": false, "down": false}}
2025-09-25 17:56:43,139 - game_server - INFO - log_game_event:61 - Игровое событие: обновление_позиции - {"client_id": 3, "position": {"x": 970, "y": 590}, "inputs": {"left": false, "right": false, "up": false, "down": false}}
2025-09-25 17:56:43,172 - game_server - INFO - log_game_event:61 - Игровое событие: обновление_позиции - {"client_id": 3, "position": {"x": 970, "y": 590}, "inputs": {"left": false, "right": false, "up": false, "down": false}}
2025-09-25 17:56:43,202 - game_server - INFO - log_game_event:61 - Игровое событие: обновление_позиции - {"client_id": 3, "position": {"x": 970, "y": 590}, "inputs": {"left": false, "right": false, "up": false, "down": false}}
2025-09-25 17:56:43,234 - game_server - INFO - log_game_event:61 - Игровое событие: обновление_позиции - {"client_id": 3, "position": {"x": 970, "y": 590}, "inputs": {"left": false, "right": false, "up": false, "down": false}}
2025-09-25 17:56:43,267 - game_server - INFO - log_game_event:61 - Игровое событие: обновление_позиции - {"client_id": 3, "position": {"x": 970, "y": 590}, "inputs": {"left": false, "right": false, "up": false, "down": false}}
2025-09-25 17:56:43,301 - game_server - INFO - log_game_event:61 - Игровое событие: обновление_позиции - {"client_id": 3, "position": {"x": 970, "y": 590}, "inputs": {"left": false, "right": false, "up": false, "down": false}}
2025-09-25 17:56:43,334 - game_server - INFO - log_game_event:61 - Игровое событие: обновление_позиции - {"client_id": 3, "position": {"x": 970, "y": 590}, "inputs": {"left": false, "right": false, "up": false, "down": false}}
2025-09-25 17:56:43,366 - game_server - INFO - log_game_event:61 - Игровое событие: обновление_позиции - {"client_id": 3, "position": {"x": 970, "y": 590}, "inputs": {"left": false, "right": false, "up": false, "down": false}}
2025-09-25 17:56:43,399 - game_server - INFO - log_game_event:61 - Игровое событие: обновление_позиции - {"client_id": 3, "position": {"x": 970, "y": 590}, "inputs": {"left": false, "right": false, "up": false, "down": false}}
2025-09-25 17:56:43,432 - game_server - INFO - log_game_event:61 - Игровое событие: обновление_позиции - {"client_id": 3, "position": {"x": 970, "y": 590}, "inputs": {"left": false, "right": false, "up": false, "down": false}}
2025-09-25 17:56:43,465 - game_server - INFO - log_game_event:61 - Игровое событие: обновление_позиции - {"client_id": 3, "position": {"x": 970, "y": 590}, "inputs": {"left": false, "right": false, "up": false, "down": false}}
2025-09-25 17:56:43,497 - game_server - INFO - log_game_event:61 - Игровое событие: обновление_позиции - {"client_id": 3, "position": {"x": 970, "y": 590}, "inputs": {"left": false, "right": false, "up": false, "down": false}}
2025-09-25 17:56:43,529 - game_server - INFO - log_game_event:61 - Игровое событие: обновление_позиции - {"client_id": 3, "position": {"x": 970, "y": 590}, "inputs": {"left": false, "right": false, "up": false, "down": false}}
2025-09-25 17:56:43,567 - game_server - INFO - log_game_event:61 - Игровое событие: обновление_позиции - {"client_id": 3, "position": {"x": 970, "y": 590}, "inputs": {"left": false, "right": false, "up": false, "down": false}}
2025-09-25 17:56:43,599 - game_server - INFO - log_game_event:61 - Игровое событие: обновление_позиции - {"client_id": 3, "position": {"x": 970, "y": 590}, "inputs": {"left": false, "right": false, "up": false, "down": false}}
2025-09-25 17:56:43,632 - game_server - INFO - log_game_event:61 - Игровое событие: обновление_позиции - {"client_id": 3, "position": {"x": 970, "y": 590}, "inputs": {"left": false, "right": false, "up": false, "down": false}}
2025-09-25 17:56:43,664 - game_server - INFO - log_game_event:61 - Игровое событие: обновление_позиции - {"client_id": 3, "position": {"x": 970, "y": 590}, "inputs": {"left": false, "right": false, "up": false, "down": false}}
2025-09-25 17:56:43,696 - game_server - INFO - log_game_event:61 - Игровое событие: обновление_позиции - {"client_id": 3, "position": {"x": 970, "y": 590}, "inputs": {"left": false, "right": false, "up": false, "down": false}}
2025-09-25 17:56:43,729 - game_server - INFO - log_game_event:61 - Игровое событие: обновление_позиции - {"client_id": 3, "position": {"x": 970, "y": 590}, "inputs": {"left": false, "right": false, "up": false, "down": false}}
2025-09-25 17:56:43,762 - game_server - INFO - log_game_event:61 - Игровое событие: обновление_позиции - {"client_id": 3, "position": {"x": 970, "y": 590}, "inputs": {"left": false, "right": false, "up": false, "down": false}}
2025-09-25 17:56:43,797 - game_server - INFO - log_game_event:61 - Игровое событие: обновление_позиции - {"client_id": 3, "position": {"x": 970, "y": 590}, "inputs": {"left": false, "right": false, "up": false, "down": false}}
2025-09-25 17:56:43,827 - game_server - INFO - log_game_event:61 - Игровое событие: обновление_позиции - {"client_id": 3, "position": {"x": 970, "y": 590}, "inputs": {"left": false, "right": false, "up": false, "down": false}}
2025-09-25 17:56:43,862 - game_server - INFO - log_game_event:61 - Игровое событие: обновление_позиции - {"client_id": 3, "position": {"x": 970, "y": 590}, "inputs": {"left": false, "right": false, "up": false, "down": false}}
2025-09-25 17:56:43,895 - game_server - INFO - log_game_event:61 - Игровое событие: обновление_позиции - {"client_id": 3, "position": {"x": 970, "y": 590}, "inputs": {"left": false, "right": false, "up": false, "down": false}}
2025-09-25 17:56:43,928 - game_server - INFO - log_game_event:61 - Игровое событие: обновление_позиции - {"client_id": 3, "position": {"x": 970, "y": 590}, "inputs": {"left": false, "right": false, "up": false, "down": false}}
2025-09-25 17:56:43,962 - game_server - INFO - log_game_event:61 - Игровое событие: обновление_позиции - {"client_id": 3, "position": {"x": 970, "y": 590}, "inputs": {"left": false, "right": false, "up": false, "down": false}}
2025-09-25 17:56:43,996 - game_server - INFO - log_game_event:61 - Игровое событие: обновление_позиции - {"client_id": 3, "position": {"x": 970, "y": 590}, "inputs": {"left": false, "right": false, "up": false, "down": false}}
2025-09-25 17:56:44,030 - game_server - INFO - log_game_event:61 - Игровое событие: обновление_позиции - {"client_id": 3, "position": {"x": 970, "y": 590}, "inputs": {"left": false, "right": false, "up": false, "down": false}}
2025-09-25 17:56:44,063 - game_server - INFO - log_game_event:61 - Игровое событие: обновление_позиции - {"client_id": 3, "position": {"x": 970, "y": 590}, "inputs": {"left": false, "right": false, "up": false, "down": false}}
2025-09-25 17:56:44,100 - game_server - INFO - log_game_event:61 - Игровое событие: обновление_позиции - {"client_id": 3, "position": {"x": 970, "y": 590}, "inputs": {"left": false, "right": false, "up": false, "down": false}}
2025-09-25 17:56:44,134 - game_server - INFO - log_game_event:61 - Игровое событие: обновление_позиции - {"client_id": 3, "position": {"x": 970, "y": 590}, "inputs": {"left": false, "right": false, "up": false, "down": false}}
2025-09-25 17:56:44,168 - game_server - INFO - log_game_event:61 - Игровое событие: обновление_позиции - {"client_id": 3, "position": {"x": 970, "y": 590}, "inputs": {"left": false, "right": false, "up": false, "down": false}}
2025-09-25 17:56:44,202 - game_server - INFO - log_game_event:61 - Игровое событие: обновление_позиции - {"client_id": 3, "position": {"x": 970, "y": 590}, "inputs": {"left": false, "right": false, "up": false, "down": false}}
2025-09-25 17:56:44,235 - game_server - INFO - log_game_event:61 - Игровое событие: обновление_позиции - {"client_id": 3, "position": {"x": 970, "y": 590}, "inputs": {"left": false, "right": false, "up": false, "down": false}}
2025-09-25 17:56:44,268 - game_server - INFO - log_game_event:61 - Игровое событие: обновление_позиции - {"client_id": 3, "position": {"x": 970, "y": 590}, "inputs": {"left": false, "right": false, "up": false, "down": false}}
2025-09-25 17:56:44,306 - game_server - INFO - log_game_event:61 - Игровое событие: обновление_позиции - {"client_id": 3, "position": {"x": 970, "y": 590}, "inputs": {"left": false, "right": false, "up": false, "down": false}}
2025-09-25 17:56:44,339 - game_server - INFO - log_game_event:61 - Игровое событие: обновление_позиции - {"client_id": 3, "position": {"x": 970, "y": 590}, "inputs": {"left": false, "right": false, "up": false, "down": false}}
2025-09-25 17:56:44,372 - game_server - INFO - log_game_event:61 - Игровое событие: обновление_позиции - {"client_id": 3, "position": {"x": 970, "y": 590}, "inputs": {"left": false, "right": false, "up": false, "down": false}}
2025-09-25 17:56:44,407 - game_server - INFO - log_game_event:61 - Игровое событие: обновление_позиции - {"client_id": 3, "position": {"x": 970, "y": 590}, "inputs": {"left": false, "right": false, "up": false, "down": false}}
2025-09-25 17:56:44,439 - game_server - INFO - log_game_event:61 - Игровое событие: обновление_позиции - {"client_id": 3, "position": {"x": 970, "y": 590}, "inputs": {"left": false, "right": false, "up": false, "down": false}}
2025-09-25 17:56:44,472 - game_server - INFO - log_game_event:61 - Игровое событие: обновление_позиции - {"client_id": 3, "position": {"x": 970, "y": 590}, "inputs": {"left": false, "right": false, "up": false, "down": false}}
2025-09-25 17:56:44,506 - game_server - INFO - log_game_event:61 - Игровое событие: обновление_позиции - {"client_id": 3, "position": {"x": 970, "y": 590}, "inputs": {"left": false, "right": false, "up": false, "down": false}}
2025-09-25 17:56:44,541 - game_server - INFO - log_game_event:61 - Игровое событие: обновление_позиции - {"client_id": 3, "position": {"x": 970, "y": 590}, "inputs": {"left": false, "right": false, "up": false, "down": false}}
2025-09-25 17:56:44,576 - game_server - INFO - log_game_event:61 - Игровое событие: обновление_позиции - {"client_id": 3, "position": {"x": 970, "y": 590}, "inputs": {"left": false, "right": false, "up": false, "down": false}}
2025-09-25 17:56:44,613 - game_server - INFO - log_game_event:61 - Игровое событие: обновление_позиции - {"client_id": 3, "position": {"x": 970, "y": 590}, "inputs": {"left": false, "right": false, "up": false, "down": false}}
2025-09-25 17:56:44,646 - game_server - INFO - log_game_event:61 - Игровое событие: обновление_позиции - {"client_id": 3, "position": {"x": 970, "y": 590}, "inputs": {"left": false, "right": false, "up": false, "down": false}}
2025-09-25 17:56:44,679 - game_server - INFO - log_game_event:61 - Игровое событие: обновление_позиции - {"client_id": 3, "position": {"x": 970, "y": 590}, "inputs": {"left": false, "right": false, "up": false, "down": false}}
2025-09-25 17:56:44,709 - game_server - INFO - log_game_event:61 - Игровое событие: обновление_позиции - {"client_id": 3, "position": {"x": 970, "y": 590}, "inputs": {"left": false, "right": false, "up": false, "down": false}}
2025-09-25 17:56:44,740 - game_server - INFO - log_game_event:61 - Игровое событие: обновление_позиции - {"client_id": 3, "position": {"x": 970, "y": 590}, "inputs": {"left": false, "right": false, "up": false, "down": false}}
2025-09-25 17:56:44,773 - game_server - INFO - log_game_event:61 - Игровое событие: обновление_позиции - {"client_id": 3, "position": {"x": 970, "y": 590}, "inputs": {"left": false, "right": false, "up": false, "down": false}}
2025-09-25 17:56:44,802 - game_server - INFO - log_game_event:61 - Игровое событие: обновление_позиции - {"client_id": 3, "position": {"x": 970, "y": 590}, "inputs": {"left": false, "right": false, "up": false, "down": false}}
2025-09-25 17:56:44,837 - game_server - INFO - log_game_event:61 - Игровое событие: обновление_позиции - {"client_id": 3, "position": {"x": 970, "y": 590}, "inputs": {"left": false, "right": false, "up": false, "down": false}}
2025-09-25 17:56:44,872 - game_server - INFO - log_game_event:61 - Игровое событие: обновление_позиции - {"client_id": 3, "position": {"x": 970, "y": 590}, "inputs": {"left": false, "right": false, "up": false, "down": false}}
2025-09-25 17:56:44,905 - game_server - INFO - log_game_event:61 - Игровое событие: обновление_позиции - {"client_id": 3, "position": {"x": 970, "y": 590}, "inputs": {"left": false, "right": false, "up": false, "down": false}}
2025-09-25 17:56:44,938 - game_server - INFO - log_game_event:61 - Игровое событие: обновление_позиции - {"client_id": 3, "position": {"x": 970, "y": 590}, "inputs": {"left": false, "right": false, "up": false, "down": false}}
2025-09-25 17:56:44,969 - game_server - INFO - log_game_event:61 - Игровое событие: обновление_позиции - {"client_id": 3, "position": {"x": 970, "y": 590}, "inputs": {"left": false, "right": false, "up": false, "down": false}}
2025-09-25 17:56:45,000 - game_server - INFO - log_game_event:61 - Игровое событие: обновление_позиции - {"client_id": 3, "position": {"x": 970, "y": 590}, "inputs": {"left": false, "right": false, "up": false, "down": false}}
2025-09-25 17:56:45,032 - game_server - INFO - log_game_event:61 - Игровое событие: обновление_позиции - {"client_id": 3, "position": {"x": 970, "y": 590}, "inputs": {"left": false, "right": false, "up": false, "down": false}}
2025-09-25 17:56:45,065 - game_server - INFO - log_game_event:61 - Игровое событие: обновление_позиции - {"client_id": 3, "position": {"x": 970, "y": 590}, "inputs": {"left": false, "right": false, "up": false, "down": false}}
2025-09-25 17:56:45,098 - game_server - INFO - log_game_event:61 - Игровое событие: обновление_позиции - {"client_id": 3, "position": {"x": 970, "y": 590}, "inputs": {"left": false, "right": false, "up": false, "down": false}}
2025-09-25 17:56:45,132 - game_server - INFO - log_game_event:61 - Игровое событие: обновление_позиции - {"client_id": 3, "position": {"x": 970, "y": 590}, "inputs": {"left": false, "right": false, "up": false, "down": false}}
2025-09-25 17:56:45,165 - game_server - INFO - log_game_event:61 - Игровое событие: обновление_позиции - {"client_id": 3, "position": {"x": 970, "y": 590}, "inputs": {"left": false, "right": false, "up": false, "down": false}}
2025-09-25 17:56:45,199 - game_server - INFO - log_game_event:61 - Игровое событие: обновление_позиции - {"client_id": 3, "position": {"x": 970, "y": 590}, "inputs": {"left": false, "right": false, "up": false, "down": false}}
2025-09-25 17:56:45,232 - game_server - INFO - log_game_event:61 - Игровое событие: обновление_позиции - {"client_id": 3, "position": {"x": 970, "y": 590}, "inputs": {"left": false, "right": false, "up": false, "down": false}}
2025-09-25 17:56:45,267 - game_server - INFO - log_game_event:61 - Игровое событие: обновление_позиции - {"client_id": 3, "position": {"x": 970, "y": 590}, "inputs": {"left": false, "right": false, "up": false, "down": false}}
2025-09-25 17:56:45,302 - game_server - INFO - log_game_event:61 - Игровое событие: обновление_позиции - {"client_id": 3, "position": {"x": 970, "y": 590}, "inputs": {"left": false, "right": false, "up": false, "down": false}}
2025-09-25 17:56:45,334 - game_server - INFO - log_game_event:61 - Игровое событие: обновление_позиции - {"client_id": 3, "position": {"x": 970, "y": 590}, "inputs": {"left": false, "right": false, "up": false, "down": false}}
2025-09-25 17:56:45,369 - game_server - INFO - log_game_event:61 - Игровое событие: обновление_позиции - {"client_id": 3, "position": {"x": 970, "y": 590}, "inputs": {"left": false, "right": false, "up": false, "down": false}}
2025-09-25 17:56:45,405 - game_server - INFO - log_game_event:61 - Игровое событие: обновление_позиции - {"client_id": 3, "position": {"x": 970, "y": 590}, "inputs": {"left": false, "right": false, "up": false, "down": false}}
2025-09-25 17:56:45,438 - game_server - INFO - log_game_event:61 - Игровое событие: обновление_позиции - {"client_id": 3, "position": {"x": 970, "y": 590}, "inputs": {"left": false, "right": false, "up": false, "down": false}}
2025-09-25 17:56:45,471 - game_server - INFO - log_game_event:61 - Игровое событие: обновление_позиции - {"client_id": 3, "position": {"x": 970, "y": 590}, "inputs": {"left": false, "right": false, "up": false, "down": false}}
2025-09-25 17:56:45,505 - game_server - INFO - log_game_event:61 - Игровое событие: обновление_позиции - {"client_id": 3, "position": {"x": 970, "y": 590}, "inputs": {"left": false, "right": false, "up": false, "down": false}}
2025-09-25 17:56:45,539 - game_server - INFO - log_game_event:61 - Игровое событие: обновление_позиции - {"client_id": 3, "position": {"x": 970, "y": 590}, "inputs": {"left": false, "right": false, "up": false, "down": false}}
2025-09-25 17:56:45,570 - game_server - INFO - log_game_event:61 - Игровое событие: обновление_позиции - {"client_id": 3, "position": {"x": 970, "y": 590}, "inputs": {"left": false, "right": false, "up": false, "down": false}}
2025-09-25 17:56:45,601 - game_server - INFO - log_game_event:61 - Игровое событие: обновление_позиции - {"client_id": 3, "position": {"x": 970, "y": 590}, "inputs": {"left": false, "right": false, "up": false, "down": false}}
2025-09-25 17:56:45,632 - game_server - INFO - log_game_event:61 - Игровое событие: обновление_позиции - {"client_id": 3, "position": {"x": 970, "y": 590}, "inputs": {"left": false, "right": false, "up": false, "down": false}}
2025-09-25 17:56:45,666 - game_server - INFO - log_game_event:61 - Игровое событие: обновление_позиции - {"client_id": 3, "position": {"x": 970, "y": 590}, "inputs": {"left": false, "right": false, "up": false, "down": false}}
2025-09-25 17:56:45,699 - game_server - INFO - log_game_event:61 - Игровое событие: обновление_позиции - {"client_id": 3, "position": {"x": 970, "y": 590}, "inputs": {"left": false, "right": false, "up": false, "down": false}}
2025-09-25 17:56:45,732 - game_server - INFO - log_game_event:61 - Игровое событие: обновление_позиции - {"client_id": 3, "position": {"x": 970, "y": 590}, "inputs": {"left": false, "right": false, "up": false, "down": false}}
2025-09-25 17:56:45,763 - game_server - INFO - log_game_event:61 - Игровое событие: обновление_позиции - {"client_id": 3, "position": {"x": 970, "y": 590}, "inputs": {"left": false, "right": false, "up": false, "down": false}}
2025-09-25 17:56:45,795 - game_server - INFO - log_game_event:61 - Игровое событие: обновление_позиции - {"client_id": 3, "position": {"x": 970, "y": 590}, "inputs": {"left": false, "right": false, "up": false, "down": false}}
2025-09-25 17:56:45,826 - game_server - INFO - log_game_event:61 - Игровое событие: обновление_позиции - {"client_id": 3, "position": {"x": 970, "y": 590}, "inputs": {"left": false, "right": false, "up": false, "down": false}}
2025-09-25 17:56:45,858 - game_server - INFO - log_game_event:61 - Игровое событие: обновление_позиции - {"client_id": 3, "position": {"x": 970, "y": 590}, "inputs": {"left": false, "right": false, "up": false, "down": false}}
2025-09-25 17:56:45,890 - game_server - INFO - log_game_event:61 - Игровое событие: обновление_позиции - {"client_id": 3, "position": {"x": 970, "y": 590}, "inputs": {"left": false, "right": false, "up": false, "down": false}}
2025-09-25 17:56:45,922 - game_server - INFO - log_game_event:61 - Игровое событие: обновление_позиции - {"client_id": 3, "position": {"x": 970, "y": 590}, "inputs": {"left": false, "right": false, "up": false, "down": false}}
2025-09-25 17:56:45,953 - game_server - INFO - log_game_event:61 - Игровое событие: обновление_позиции - {"client_id": 3, "position": {"x": 970, "y": 590}, "inputs": {"left": false, "right": false, "up": false, "down": false}}
2025-09-25 17:56:45,982 - game_server - INFO - log_game_event:61 - Игровое событие: обновление_позиции - {"client_id": 3, "position": {"x": 970, "y": 590}, "inputs": {"left": false, "right": false, "up": false, "down": false}}
2025-09-25 17:56:46,005 - game_server - INFO - log_game_event:61 - Игровое событие: обновление_позиции - {"client_id": 3, "position": {"x": 970, "y": 590}, "inputs": {"left": false, "right": false, "up": false, "down": false}}
2025-09-25 17:56:46,035 - game_server - INFO - log_game_event:61 - Игровое событие: обновление_позиции - {"client_id": 3, "position": {"x": 970, "y": 590}, "inputs": {"left": false, "right": false, "up": false, "down": false}}
2025-09-25 17:56:46,065 - game_server - INFO - log_game_event:61 - Игровое событие: обновление_позиции - {"client_id": 3, "position": {"x": 970, "y": 590}, "inputs": {"left": false, "right": false, "up": false, "down": false}}
2025-09-25 17:56:46,099 - game_server - INFO - log_game_event:61 - Игровое событие: обновление_позиции - {"client_id": 3, "position": {"x": 970, "y": 590}, "inputs": {"left": false, "right": false, "up": false, "down": false}}
2025-09-25 17:56:46,127 - game_server - INFO - log_game_event:61 - Игровое событие: обновление_позиции - {"client_id": 3, "position": {"x": 970, "y": 590}, "inputs": {"left": false, "right": false, "up": false, "down": false}}
2025-09-25 17:56:46,162 - game_server - INFO - log_game_event:61 - Игровое событие: обновление_позиции - {"client_id": 3, "position": {"x": 970, "y": 590}, "inputs": {"left": false, "right": false, "up": false, "down": false}}
2025-09-25 17:56:46,195 - game_server - INFO - log_game_event:61 - Игровое событие: обновление_позиции - {"client_id": 3, "position": {"x": 970, "y": 590}, "inputs": {"left": false, "right": false, "up": false, "down": false}}
2025-09-25 17:56:46,228 - game_server - INFO - log_game_event:61 - Игровое событие: обновление_позиции - {"client_id": 3, "position": {"x": 970, "y": 590}, "inputs": {"left": false, "right": false, "up": false, "down": false}}
2025-09-25 17:56:46,262 - game_server - INFO - log_game_event:61 - Игровое событие: обновление_позиции - {"client_id": 3, "position": {"x": 970, "y": 590}, "inputs": {"left": false, "right": false, "up": false, "down": false}}
2025-09-25 17:56:46,296 - game_server - INFO - log_game_event:61 - Игровое событие: обновление_позиции - {"client_id": 3, "position": {"x": 970, "y": 590}, "inputs": {"left": false, "right": false, "up": false, "down": false}}
2025-09-25 17:56:46,329 - game_server - INFO - log_game_event:61 - Игровое событие: обновление_позиции - {"client_id": 3, "position": {"x": 970, "y": 590}, "inputs": {"left": false, "right": false, "up": false, "down": false}}
2025-09-25 17:56:46,362 - game_server - INFO - log_game_event:61 - Игровое событие: обновление_позиции - {"client_id": 3, "position": {"x": 970, "y": 590}, "inputs": {"left": false, "right": false, "up": false, "down": false}}
2025-09-25 17:56:46,395 - game_server - INFO - log_game_event:61 - Игровое событие: обновление_позиции - {"client_id": 3, "position": {"x": 970, "y": 590}, "inputs": {"left": false, "right": false, "up": false, "down": false}}
2025-09-25 17:56:46,431 - game_server - INFO - log_game_event:61 - Игровое событие: обновление_позиции - {"client_id": 3, "position": {"x": 970, "y": 590}, "inputs": {"left": false, "right": false, "up": false, "down": false}}
2025-09-25 17:56:46,464 - game_server - INFO - log_game_event:61 - Игровое событие: обновление_позиции - {"client_id": 3, "position": {"x": 970, "y": 590}, "inputs": {"left": false, "right": false, "up": false, "down": false}}
2025-09-25 17:56:46,497 - game_server - INFO - log_game_event:61 - Игровое событие: обновление_позиции - {"client_id": 3, "position": {"x": 970, "y": 590}, "inputs": {"left": false, "right": false, "up": false, "down": false}}
2025-09-25 17:56:46,529 - game_server - INFO - log_game_event:61 - Игровое событие: обновление_позиции - {"client_id": 3, "position": {"x": 970, "y": 590}, "inputs": {"left": false, "right": false, "up": false, "down": false}}
2025-09-25 17:56:46,561 - game_server - INFO - log_game_event:61 - Игровое событие: обновление_позиции - {"client_id": 3, "position": {"x": 970, "y": 590}, "inputs": {"left": false, "right": false, "up": false, "down": false}}
2025-09-25 17:56:46,594 - game_server - INFO - log_game_event:61 - Игровое событие: обновление_позиции - {"client_id": 3, "position": {"x": 970, "y": 590}, "inputs": {"left": false, "right": false, "up": false, "down": false}}
2025-09-25 17:56:46,629 - game_server - INFO - log_game_event:61 - Игровое событие: обновление_позиции - {"client_id": 3, "position": {"x": 970, "y": 590}, "inputs": {"left": false, "right": false, "up": false, "down": false}}
2025-09-25 17:56:46,663 - game_server - INFO - log_game_event:61 - Игровое событие: обновление_позиции - {"client_id": 3, "position": {"x": 970, "y": 590}, "inputs": {"left": false, "right": false, "up": false, "down": false}}
2025-09-25 17:56:46,697 - game_server - INFO - log_game_event:61 - Игровое событие: обновление_позиции - {"client_id": 3, "position": {"x": 970, "y": 590}, "inputs": {"left": false, "right": false, "up": false, "down": false}}
2025-09-25 17:56:46,731 - game_server - INFO - log_game_event:61 - Игровое событие: обновление_позиции - {"client_id": 3, "position": {"x": 970, "y": 590}, "inputs": {"left": false, "right": false, "up": false, "down": false}}
2025-09-25 17:56:46,767 - game_server - INFO - log_game_event:61 - Игровое событие: обновление_позиции - {"client_id": 3, "position": {"x": 970, "y": 590}, "inputs": {"left": false, "right": false, "up": false, "down": false}}
2025-09-25 17:56:46,800 - game_server - INFO - log_game_event:61 - Игровое событие: обновление_позиции - {"client_id": 3, "position": {"x": 970, "y": 590}, "inputs": {"left": false, "right": false, "up": false, "down": false}}
2025-09-25 17:56:46,833 - game_server - INFO - log_game_event:61 - Игровое событие: обновление_позиции - {"client_id": 3, "position": {"x": 970, "y": 590}, "inputs": {"left": false, "right": false, "up": false, "down": false}}
2025-09-25 17:56:46,865 - game_server - INFO - log_game_event:61 - Игровое событие: обновление_позиции - {"client_id": 3, "position": {"x": 970, "y": 590}, "inputs": {"left": false, "right": false, "up": false, "down": false}}
2025-09-25 17:56:46,895 - game_server - INFO - log_game_event:61 - Игровое событие: обновление_позиции - {"client_id": 3, "position": {"x": 970, "y": 590}, "inputs": {"left": false, "right": false, "up": false, "down": false}}
2025-09-25 17:56:46,929 - game_server - INFO - log_game_event:61 - Игровое событие: обновление_позиции - {"client_id": 3, "position": {"x": 970, "y": 590}, "inputs": {"left": false, "right": false, "up": false, "down": false}}
2025-09-25 17:56:46,962 - game_server - INFO - log_game_event:61 - Игровое событие: обновление_позиции - {"client_id": 3, "position": {"x": 970, "y": 590}, "inputs": {"left": false, "right": false, "up": false, "down": false}}
2025-09-25 17:56:46,999 - game_server - INFO - log_game_event:61 - Игровое событие: обновление_позиции - {"client_id": 3, "position": {"x": 970, "y": 590}, "inputs": {"left": false, "right": false, "up": false, "down": false}}
2025-09-25 17:56:47,033 - game_server - INFO - log_game_event:61 - Игровое событие: обновление_позиции - {"client_id": 3, "position": {"x": 970, "y": 590}, "inputs": {"left": false, "right": false, "up": false, "down": false}}
2025-09-25 17:56:47,066 - game_server - INFO - log_game_event:61 - Игровое событие: обновление_позиции - {"client_id": 3, "position": {"x": 970, "y": 590}, "inputs": {"left": false, "right": false, "up": false, "down": false}}
2025-09-25 17:56:47,099 - game_server - INFO - log_game_event:61 - Игровое событие: обновление_позиции - {"client_id": 3, "position": {"x": 970, "y": 590}, "inputs": {"left": false, "right": false, "up": false, "down": false}}
2025-09-25 17:56:47,133 - game_server - INFO - log_game_event:61 - Игровое событие: обновление_позиции - {"client_id": 3, "position": {"x": 970, "y": 590}, "inputs": {"left": false, "right": false, "up": false, "down": false}}
2025-09-25 17:56:47,166 - game_server - INFO - log_game_event:61 - Игровое событие: обновление_позиции - {"client_id": 3, "position": {"x": 970, "y": 590}, "inputs": {"left": false, "right": false, "up": false, "down": false}}
2025-09-25 17:56:47,198 - game_server - INFO - log_game_event:61 - Игровое событие: обновление_позиции - {"client_id": 3, "position": {"x": 970, "y": 590}, "inputs": {"left": false, "right": false, "up": false, "down": false}}
2025-09-25 17:56:47,230 - game_server - INFO - log_game_event:61 - Игровое событие: обновление_позиции - {"client_id": 3, "position": {"x": 970, "y": 590}, "inputs": {"left": false, "right": false, "up": false, "down": false}}
2025-09-25 17:56:47,264 - game_server - INFO - log_game_event:61 - Игровое событие: обновление_позиции - {"client_id": 3, "position": {"x": 970, "y": 590}, "inputs": {"left": false, "right": false, "up": false, "down": false}}
2025-09-25 17:56:47,296 - game_server - INFO - log_game_event:61 - Игровое событие: обновление_позиции - {"client_id": 3, "position": {"x": 970, "y": 590}, "inputs": {"left": false, "right": false, "up": false, "down": false}}
2025-09-25 17:56:47,329 - game_server - INFO - log_game_event:61 - Игровое событие: обновление_позиции - {"client_id": 3, "position": {"x": 970, "y": 590}, "inputs": {"left": false, "right": false, "up": false, "down": false}}
2025-09-25 17:56:47,366 - game_server - INFO - log_game_event:61 - Игровое событие: обновление_позиции - {"client_id": 3, "position": {"x": 970, "y": 590}, "inputs": {"left": false, "right": false, "up": false, "down": false}}
2025-09-25 17:56:47,399 - game_server - INFO - log_game_event:61 - Игровое событие: обновление_позиции - {"client_id": 3, "position": {"x": 970, "y": 590}, "inputs": {"left": false, "right": false, "up": false, "down": false}}
2025-09-25 17:56:47,433 - game_server - INFO - log_game_event:61 - Игровое событие: обновление_позиции - {"client_id": 3, "position": {"x": 970, "y": 590}, "inputs": {"left": false, "right": false, "up": false, "down": false}}
2025-09-25 17:56:47,469 - game_server - INFO - log_game_event:61 - Игровое событие: обновление_позиции - {"client_id": 3, "position": {"x": 970, "y": 590}, "inputs": {"left": false, "right": false, "up": false, "down": false}}
2025-09-25 17:56:47,503 - game_server - INFO - log_game_event:61 - Игровое событие: обновление_позиции - {"client_id": 3, "position": {"x": 970, "y": 590}, "inputs": {"left": false, "right": false, "up": false, "down": false}}
2025-09-25 17:56:47,537 - game_server - INFO - log_game_event:61 - Игровое событие: обновление_позиции - {"client_id": 3, "position": {"x": 970, "y": 590}, "inputs": {"left": false, "right": false, "up": false, "down": false}}
2025-09-25 17:56:47,571 - game_server - INFO - log_game_event:61 - Игровое событие: обновление_позиции - {"client_id": 3, "position": {"x": 970, "y": 590}, "inputs": {"left": false, "right": false, "up": false, "down": false}}
2025-09-25 17:56:47,606 - game_server - INFO - log_game_event:61 - Игровое событие: обновление_позиции - {"client_id": 3, "position": {"x": 970, "y": 590}, "inputs": {"left": false, "right": false, "up": false, "down": false}}
2025-09-25 17:56:47,643 - game_server - INFO - log_game_event:61 - Игровое событие: обновление_позиции - {"client_id": 3, "position": {"x": 970, "y": 590}, "inputs": {"left": false, "right": false, "up": false, "down": false}}
2025-09-25 17:56:47,679 - game_server - INFO - log_game_event:61 - Игровое событие: обновление_позиции - {"client_id": 3, "position": {"x": 970, "y": 590}, "inputs": {"left": false, "right": false, "up": false, "down": false}}
2025-09-25 17:56:47,713 - game_server - INFO - log_game_event:61 - Игровое событие: обновление_позиции - {"client_id": 3, "position": {"x": 970, "y": 590}, "inputs": {"left": false, "right": false, "up": false, "down": false}}
2025-09-25 17:56:47,750 - game_server - INFO - log_game_event:61 - Игровое событие: обновление_позиции - {"client_id": 3, "position": {"x": 970, "y": 590}, "inputs": {"left": false, "right": false, "up": false, "down": false}}
2025-09-25 17:56:47,783 - game_server - INFO - log_game_event:61 - Игровое событие: обновление_позиции - {"client_id": 3, "position": {"x": 970, "y": 590}, "inputs": {"left": false, "right": false, "up": false, "down": false}}
2025-09-25 17:56:47,817 - game_server - INFO - log_game_event:61 - Игровое событие: обновление_позиции - {"client_id": 3, "position": {"x": 970, "y": 590}, "inputs": {"left": false, "right": false, "up": false, "down": false}}
2025-09-25 17:56:47,850 - game_server - INFO - log_game_event:61 - Игровое событие: обновление_позиции - {"client_id": 3, "position": {"x": 970, "y": 590}, "inputs": {"left": false, "right": false, "up": false, "down": false}}
2025-09-25 17:56:47,883 - game_server - INFO - log_game_event:61 - Игровое событие: обновление_позиции - {"client_id": 3, "position": {"x": 970, "y": 590}, "inputs": {"left": false, "right": false, "up": false, "down": false}}
2025-09-25 17:56:47,916 - game_server - INFO - log_game_event:61 - Игровое событие: обновление_позиции - {"client_id": 3, "position": {"x": 970, "y": 590}, "inputs": {"left": false, "right": false, "up": false, "down": false}}
2025-09-25 17:56:47,949 - game_server - INFO - log_game_event:61 - Игровое событие: обновление_позиции - {"client_id": 3, "position": {"x": 970, "y": 590}, "inputs": {"left": false, "right": false, "up": false, "down": false}}
2025-09-25 17:56:47,982 - game_server - INFO - log_game_event:61 - Игровое событие: обновление_позиции - {"client_id": 3, "position": {"x": 970, "y": 590}, "inputs": {"left": false, "right": false, "up": false, "down": false}}
2025-09-25 17:56:48,015 - game_server - INFO - log_game_event:61 - Игровое событие: обновление_позиции - {"client_id": 3, "position": {"x": 970, "y": 590}, "inputs": {"left": false, "right": false, "up": false, "down": false}}
2025-09-25 17:56:48,048 - game_server - INFO - log_game_event:61 - Игровое событие: обновление_позиции - {"client_id": 3, "position": {"x": 970, "y": 590}, "inputs": {"left": false, "right": false, "up": false, "down": false}}
2025-09-25 17:56:48,082 - game_server - INFO - log_game_event:61 - Игровое событие: обновление_позиции - {"client_id": 3, "position": {"x": 970, "y": 590}, "inputs": {"left": false, "right": false, "up": false, "down": false}}
2025-09-25 17:56:48,115 - game_server - INFO - log_game_event:61 - Игровое событие: обновление_позиции - {"client_id": 3, "position": {"x": 970, "y": 590}, "inputs": {"left": false, "right": false, "up": false, "down": false}}
2025-09-25 17:56:48,148 - game_server - INFO - log_game_event:61 - Игровое событие: обновление_позиции - {"client_id": 3, "position": {"x": 970, "y": 590}, "inputs": {"left": false, "right": false, "up": false, "down": false}}
2025-09-25 17:56:48,180 - game_server - INFO - log_game_event:61 - Игровое событие: обновление_позиции - {"client_id": 3, "position": {"x": 970, "y": 590}, "inputs": {"left": false, "right": false, "up": false, "down": false}}
2025-09-25 17:56:48,213 - game_server - INFO - log_game_event:61 - Игровое событие: обновление_позиции - {"client_id": 3, "position": {"x": 970, "y": 590}, "inputs": {"left": false, "right": false, "up": false, "down": false}}
2025-09-25 17:56:48,245 - game_server - INFO - log_game_event:61 - Игровое событие: обновление_позиции - {"client_id": 3, "position": {"x": 970, "y": 590}, "inputs": {"left": false, "right": false, "up": false, "down": false}}
2025-09-25 17:56:48,279 - game_server - INFO - log_game_event:61 - Игровое событие: обновление_позиции - {"client_id": 3, "position": {"x": 970, "y": 590}, "inputs": {"left": false, "right": false, "up": false, "down": false}}
2025-09-25 17:56:48,312 - game_server - INFO - log_game_event:61 - Игровое событие: обновление_позиции - {"client_id": 3, "position": {"x": 970, "y": 590}, "inputs": {"left": false, "right": false, "up": false, "down": false}}
2025-09-25 17:56:48,346 - game_server - INFO - log_game_event:61 - Игровое событие: обновление_позиции - {"client_id": 3, "position": {"x": 970, "y": 590}, "inputs": {"left": false, "right": false, "up": false, "down": false}}
2025-09-25 17:56:48,379 - game_server - INFO - log_game_event:61 - Игровое событие: обновление_позиции - {"client_id": 3, "position": {"x": 970, "y": 590}, "inputs": {"left": false, "right": false, "up": false, "down": false}}
2025-09-25 17:56:48,412 - game_server - INFO - log_game_event:61 - Игровое событие: обновление_позиции - {"client_id": 3, "position": {"x": 970, "y": 590}, "inputs": {"left": false, "right": false, "up": false, "down": false}}
2025-09-25 17:56:48,447 - game_server - INFO - log_game_event:61 - Игровое событие: обновление_позиции - {"client_id": 3, "position": {"x": 970, "y": 590}, "inputs": {"left": false, "right": false, "up": false, "down": false}}
2025-09-25 17:56:48,481 - game_server - INFO - log_game_event:61 - Игровое событие: обновление_позиции - {"client_id": 3, "position": {"x": 970, "y": 590}, "inputs": {"left": false, "right": false, "up": false, "down": false}}
2025-09-25 17:56:48,513 - game_server - INFO - log_game_event:61 - Игровое событие: обновление_позиции - {"client_id": 3, "position": {"x": 970, "y": 590}, "inputs": {"left": false, "right": false, "up": false, "down": false}}
2025-09-25 17:56:48,547 - game_server - INFO - log_game_event:61 - Игровое событие: обновление_позиции - {"client_id": 3, "position": {"x": 970, "y": 590}, "inputs": {"left": false, "right": false, "up": false, "down": false}}
2025-09-25 17:56:48,580 - game_server - INFO - log_game_event:61 - Игровое событие: обновление_позиции - {"client_id": 3, "position": {"x": 970, "y": 590}, "inputs": {"left": false, "right": false, "up": false, "down": false}}
2025-09-25 17:56:48,614 - game_server - INFO - log_game_event:61 - Игровое событие: обновление_позиции - {"client_id": 3, "position": {"x": 970, "y": 590}, "inputs": {"left": false, "right": false, "up": false, "down": false}}
2025-09-25 17:56:48,647 - game_server - INFO - log_game_event:61 - Игровое событие: обновление_позиции - {"client_id": 3, "position": {"x": 970, "y": 590}, "inputs": {"left": false, "right": false, "up": false, "down": false}}
2025-09-25 17:56:48,681 - game_server - INFO - log_game_event:61 - Игровое событие: обновление_позиции - {"client_id": 3, "position": {"x": 970, "y": 590}, "inputs": {"left": false, "right": false, "up": false, "down": false}}
2025-09-25 17:56:48,713 - game_server - INFO - log_game_event:61 - Игровое событие: обновление_позиции - {"client_id": 3, "position": {"x": 970, "y": 590}, "inputs": {"left": false, "right": false, "up": false, "down": false}}
2025-09-25 17:56:48,746 - game_server - INFO - log_game_event:61 - Игровое событие: обновление_позиции - {"client_id": 3, "position": {"x": 970, "y": 590}, "inputs": {"left": false, "right": false, "up": false, "down": false}}
2025-09-25 17:56:48,779 - game_server - INFO - log_game_event:61 - Игровое событие: обновление_позиции - {"client_id": 3, "position": {"x": 970, "y": 590}, "inputs": {"left": false, "right": false, "up": false, "down": false}}
2025-09-25 17:56:48,813 - game_server - INFO - log_game_event:61 - Игровое событие: обновление_позиции - {"client_id": 3, "position": {"x": 970, "y": 590}, "inputs": {"left": false, "right": false, "up": false, "down": false}}
2025-09-25 17:56:48,846 - game_server - INFO - log_game_event:61 - Игровое событие: обновление_позиции - {"client_id": 3, "position": {"x": 970, "y": 590}, "inputs": {"left": false, "right": false, "up": false, "down": false}}
2025-09-25 17:56:48,880 - game_server - INFO - log_game_event:61 - Игровое событие: обновление_позиции - {"client_id": 3, "position": {"x": 970, "y": 590}, "inputs": {"left": false, "right": false, "up": false, "down": false}}
2025-09-25 17:56:48,912 - game_server - INFO - log_game_event:61 - Игровое событие: обновление_позиции - {"client_id": 3, "position": {"x": 970, "y": 590}, "inputs": {"left": false, "right": false, "up": false, "down": false}}
2025-09-25 17:56:48,947 - game_server - INFO - log_game_event:61 - Игровое событие: обновление_позиции - {"client_id": 3, "position": {"x": 970, "y": 590}, "inputs": {"left": false, "right": false, "up": false, "down": false}}
2025-09-25 17:56:48,980 - game_server - INFO - log_game_event:61 - Игровое событие: обновление_позиции - {"client_id": 3, "position": {"x": 970, "y": 590}, "inputs": {"left": false, "right": false, "up": false, "down": false}}
2025-09-25 17:56:49,012 - game_server - INFO - log_game_event:61 - Игровое событие: обновление_позиции - {"client_id": 3, "position": {"x": 970, "y": 590}, "inputs": {"left": false, "right": false, "up": false, "down": false}}
2025-09-25 17:56:49,046 - game_server - INFO - log_game_event:61 - Игровое событие: обновление_позиции - {"client_id": 3, "position": {"x": 970, "y": 590}, "inputs": {"left": false, "right": false, "up": false, "down": false}}
2025-09-25 17:56:49,079 - game_server - INFO - log_game_event:61 - Игровое событие: обновление_позиции - {"client_id": 3, "position": {"x": 970, "y": 590}, "inputs": {"left": false, "right": false, "up": false, "down": false}}
2025-09-25 17:56:49,112 - game_server - INFO - log_game_event:61 - Игровое событие: обновление_позиции - {"client_id": 3, "position": {"x": 970, "y": 590}, "inputs": {"left": false, "right": false, "up": false, "down": false}}
2025-09-25 17:56:49,145 - game_server - INFO - log_game_event:61 - Игровое событие: обновление_позиции - {"client_id": 3, "position": {"x": 970, "y": 590}, "inputs": {"left": false, "right": false, "up": false, "down": false}}
2025-09-25 17:56:49,179 - game_server - INFO - log_game_event:61 - Игровое событие: обновление_позиции - {"client_id": 3, "position": {"x": 970, "y": 590}, "inputs": {"left": false, "right": false, "up": false, "down": false}}
2025-09-25 17:56:49,212 - game_server - INFO - log_game_event:61 - Игровое событие: обновление_позиции - {"client_id": 3, "position": {"x": 970, "y": 590}, "inputs": {"left": false, "right": false, "up": false, "down": false}}
2025-09-25 17:56:49,246 - game_server - INFO - log_game_event:61 - Игровое событие: обновление_позиции - {"client_id": 3, "position": {"x": 970, "y": 590}, "inputs": {"left": false, "right": false, "up": false, "down": false}}
2025-09-25 17:56:49,280 - game_server - INFO - log_game_event:61 - Игровое событие: обновление_позиции - {"client_id": 3, "position": {"x": 970, "y": 590}, "inputs": {"left": false, "right": false, "up": false, "down": false}}
2025-09-25 17:56:49,313 - game_server - INFO - log_game_event:61 - Игровое событие: обновление_позиции - {"client_id": 3, "position": {"x": 970, "y": 590}, "inputs": {"left": false, "right": false, "up": false, "down": false}}
2025-09-25 17:56:49,347 - game_server - INFO - log_game_event:61 - Игровое событие: обновление_позиции - {"client_id": 3, "position": {"x": 970, "y": 590}, "inputs": {"left": false, "right": false, "up": false, "down": false}}
2025-09-25 17:56:49,382 - game_server - INFO - log_game_event:61 - Игровое событие: обновление_позиции - {"client_id": 3, "position": {"x": 970, "y": 590}, "inputs": {"left": false, "right": false, "up": false, "down": false}}
2025-09-25 17:56:49,417 - game_server - INFO - log_game_event:61 - Игровое событие: обновление_позиции - {"client_id": 3, "position": {"x": 970, "y": 590}, "inputs": {"left": false, "right": false, "up": false, "down": false}}
2025-09-25 17:56:49,450 - game_server - INFO - log_game_event:61 - Игровое событие: обновление_позиции - {"client_id": 3, "position": {"x": 970, "y": 590}, "inputs": {"left": false, "right": false, "up": false, "down": false}}
2025-09-25 17:56:49,484 - game_server - INFO - log_game_event:61 - Игровое событие: обновление_позиции - {"client_id": 3, "position": {"x": 970, "y": 590}, "inputs": {"left": false, "right": false, "up": false, "down": false}}
2025-09-25 17:56:49,515 - game_server - INFO - log_game_event:61 - Игровое событие: обновление_позиции - {"client_id": 3, "position": {"x": 970, "y": 590}, "inputs": {"left": false, "right": false, "up": false, "down": false}}
2025-09-25 17:56:49,542 - game_server - INFO - log_game_event:61 - Игровое событие: обновление_позиции - {"client_id": 3, "position": {"x": 970, "y": 590}, "inputs": {"left": false, "right": false, "up": false, "down": false}}
2025-09-25 17:56:49,577 - game_server - INFO - log_game_event:61 - Игровое событие: обновление_позиции - {"client_id": 3, "position": {"x": 970, "y": 590}, "inputs": {"left": false, "right": false, "up": false, "down": false}}
2025-09-25 17:56:49,611 - game_server - INFO - log_game_event:61 - Игровое событие: обновление_позиции - {"client_id": 3, "position": {"x": 970, "y": 590}, "inputs": {"left": false, "right": false, "up": false, "down": false}}
2025-09-25 17:56:49,645 - game_server - INFO - log_game_event:61 - Игровое событие: обновление_позиции - {"client_id": 3, "position": {"x": 970, "y": 590}, "inputs": {"left": false, "right": false, "up": false, "down": false}}
2025-09-25 17:56:49,684 - game_server - INFO - log_game_event:61 - Игровое событие: обновление_позиции - {"client_id": 3, "position": {"x": 970, "y": 590}, "inputs": {"left": false, "right": false, "up": false, "down": false}}
2025-09-25 17:56:49,719 - game_server - INFO - log_game_event:61 - Игровое событие: обновление_позиции - {"client_id": 3, "position": {"x": 970, "y": 590}, "inputs": {"left": false, "right": false, "up": false, "down": false}}
2025-09-25 17:56:49,752 - game_server - INFO - log_game_event:61 - Игровое событие: обновление_позиции - {"client_id": 3, "position": {"x": 970, "y": 590}, "inputs": {"left": false, "right": false, "up": false, "down": false}}
2025-09-25 17:56:49,786 - game_server - INFO - log_game_event:61 - Игровое событие: обновление_позиции - {"client_id": 3, "position": {"x": 970, "y": 590}, "inputs": {"left": false, "right": false, "up": false, "down": false}}
2025-09-25 17:56:49,824 - game_server - INFO - log_game_event:61 - Игровое событие: обновление_позиции - {"client_id": 3, "position": {"x": 970, "y": 590}, "inputs": {"left": false, "right": false, "up": false, "down": false}}
2025-09-25 17:56:49,860 - game_server - INFO - log_game_event:61 - Игровое событие: обновление_позиции - {"client_id": 3, "position": {"x": 970, "y": 590}, "inputs": {"left": false, "right": false, "up": false, "down": false}}
2025-09-25 17:56:49,894 - game_server - INFO - log_game_event:61 - Игровое событие: обновление_позиции - {"client_id": 3, "position": {"x": 970, "y": 590}, "inputs": {"left": false, "right": false, "up": false, "down": false}}
2025-09-25 17:56:49,928 - game_server - INFO - log_game_event:61 - Игровое событие: обновление_позиции - {"client_id": 3, "position": {"x": 970, "y": 590}, "inputs": {"left": false, "right": false, "up": false, "down": false}}
2025-09-25 17:56:49,962 - game_server - INFO - log_game_event:61 - Игровое событие: обновление_позиции - {"client_id": 3, "position": {"x": 970, "y": 590}, "inputs": {"left": false, "right": false, "up": false, "down": false}}
2025-09-25 17:56:49,998 - game_server - INFO - log_game_event:61 - Игровое событие: обновление_позиции - {"client_id": 3, "position": {"x": 970, "y": 590}, "inputs": {"left": false, "right": false, "up": false, "down": false}}
2025-09-25 17:56:50,032 - game_server - INFO - log_game_event:61 - Игровое событие: обновление_позиции - {"client_id": 3, "position": {"x": 970, "y": 590}, "inputs": {"left": false, "right": false, "up": false, "down": false}}
2025-09-25 17:56:50,065 - game_server - INFO - log_game_event:61 - Игровое событие: обновление_позиции - {"client_id": 3, "position": {"x": 970, "y": 590}, "inputs": {"left": false, "right": false, "up": false, "down": false}}
2025-09-25 17:56:50,096 - game_server - INFO - log_game_event:61 - Игровое событие: обновление_позиции - {"client_id": 3, "position": {"x": 970, "y": 590}, "inputs": {"left": false, "right": false, "up": false, "down": false}}
2025-09-25 17:56:50,131 - game_server - INFO - log_game_event:61 - Игровое событие: обновление_позиции - {"client_id": 3, "position": {"x": 970, "y": 590}, "inputs": {"left": false, "right": false, "up": false, "down": false}}
2025-09-25 17:56:50,165 - game_server - INFO - log_game_event:61 - Игровое событие: обновление_позиции - {"client_id": 3, "position": {"x": 970, "y": 590}, "inputs": {"left": false, "right": false, "up": false, "down": false}}
2025-09-25 17:56:50,197 - game_server - INFO - log_game_event:61 - Игровое событие: обновление_позиции - {"client_id": 3, "position": {"x": 970, "y": 590}, "inputs": {"left": false, "right": false, "up": false, "down": false}}
2025-09-25 17:56:50,229 - game_server - INFO - log_game_event:61 - Игровое событие: обновление_позиции - {"client_id": 3, "position": {"x": 970, "y": 590}, "inputs": {"left": false, "right": false, "up": false, "down": false}}
2025-09-25 17:56:50,265 - game_server - INFO - log_game_event:61 - Игровое событие: обновление_позиции - {"client_id": 3, "position": {"x": 970, "y": 590}, "inputs": {"left": false, "right": false, "up": false, "down": false}}
2025-09-25 17:56:50,298 - game_server - INFO - log_game_event:61 - Игровое событие: обновление_позиции - {"client_id": 3, "position": {"x": 970, "y": 590}, "inputs": {"left": false, "right": false, "up": false, "down": false}}
2025-09-25 17:56:50,332 - game_server - INFO - log_game_event:61 - Игровое событие: обновление_позиции - {"client_id": 3, "position": {"x": 970, "y": 590}, "inputs": {"left": false, "right": false, "up": false, "down": false}}
2025-09-25 17:56:50,364 - game_server - INFO - log_game_event:61 - Игровое событие: обновление_позиции - {"client_id": 3, "position": {"x": 970, "y": 590}, "inputs": {"left": false, "right": false, "up": false, "down": false}}
2025-09-25 17:56:50,398 - game_server - INFO - log_game_event:61 - Игровое событие: обновление_позиции - {"client_id": 3, "position": {"x": 970, "y": 590}, "inputs": {"left": false, "right": false, "up": false, "down": false}}
2025-09-25 17:56:50,432 - game_server - INFO - log_game_event:61 - Игровое событие: обновление_позиции - {"client_id": 3, "position": {"x": 970, "y": 590}, "inputs": {"left": false, "right": false, "up": false, "down": false}}
2025-09-25 17:56:50,469 - game_server - INFO - log_game_event:61 - Игровое событие: обновление_позиции - {"client_id": 3, "position": {"x": 970, "y": 590}, "inputs": {"left": false, "right": false, "up": false, "down": false}}
2025-09-25 17:56:50,503 - game_server - INFO - log_game_event:61 - Игровое событие: обновление_позиции - {"client_id": 3, "position": {"x": 970, "y": 590}, "inputs": {"left": false, "right": false, "up": false, "down": false}}
2025-09-25 17:56:50,537 - game_server - INFO - log_game_event:61 - Игровое событие: обновление_позиции - {"client_id": 3, "position": {"x": 970, "y": 590}, "inputs": {"left": false, "right": false, "up": false, "down": false}}
2025-09-25 17:56:50,570 - game_server - INFO - log_game_event:61 - Игровое событие: обновление_позиции - {"client_id": 3, "position": {"x": 970, "y": 590}, "inputs": {"left": false, "right": false, "up": false, "down": false}}
2025-09-25 17:56:50,602 - game_server - INFO - log_game_event:61 - Игровое событие: обновление_позиции - {"client_id": 3, "position": {"x": 970, "y": 590}, "inputs": {"left": false, "right": false, "up": false, "down": false}}
2025-09-25 17:56:50,633 - game_server - INFO - log_game_event:61 - Игровое событие: обновление_позиции - {"client_id": 3, "position": {"x": 970, "y": 590}, "inputs": {"left": false, "right": false, "up": false, "down": false}}
2025-09-25 17:56:50,667 - game_server - INFO - log_game_event:61 - Игровое событие: обновление_позиции - {"client_id": 3, "position": {"x": 970, "y": 590}, "inputs": {"left": false, "right": false, "up": false, "down": false}}
2025-09-25 17:56:50,699 - game_server - INFO - log_game_event:61 - Игровое событие: обновление_позиции - {"client_id": 3, "position": {"x": 970, "y": 590}, "inputs": {"left": false, "right": false, "up": false, "down": false}}
2025-09-25 17:56:50,736 - game_server - INFO - log_game_event:61 - Игровое событие: обновление_позиции - {"client_id": 3, "position": {"x": 970, "y": 590}, "inputs": {"left": false, "right": false, "up": false, "down": false}}
2025-09-25 17:56:50,768 - game_server - INFO - log_game_event:61 - Игровое событие: обновление_позиции - {"client_id": 3, "position": {"x": 970, "y": 590}, "inputs": {"left": false, "right": false, "up": false, "down": false}}
2025-09-25 17:56:50,802 - game_server - INFO - log_game_event:61 - Игровое событие: обновление_позиции - {"client_id": 3, "position": {"x": 970, "y": 590}, "inputs": {"left": false, "right": false, "up": false, "down": false}}
2025-09-25 17:56:50,835 - game_server - INFO - log_game_event:61 - Игровое событие: обновление_позиции - {"client_id": 3, "position": {"x": 970, "y": 590}, "inputs": {"left": false, "right": false, "up": false, "down": false}}
2025-09-25 17:56:50,867 - game_server - INFO - log_game_event:61 - Игровое событие: обновление_позиции - {"client_id": 3, "position": {"x": 970, "y": 590}, "inputs": {"left": false, "right": false, "up": false, "down": false}}
2025-09-25 17:56:50,900 - game_server - INFO - log_game_event:61 - Игровое событие: обновление_позиции - {"client_id": 3, "position": {"x": 970, "y": 590}, "inputs": {"left": false, "right": false, "up": false, "down": false}}
2025-09-25 17:56:50,936 - game_server - INFO - log_game_event:61 - Игровое событие: обновление_позиции - {"client_id": 3, "position": {"x": 970, "y": 590}, "inputs": {"left": false, "right": false, "up": false, "down": false}}
2025-09-25 17:56:50,972 - game_server - INFO - log_game_event:61 - Игровое событие: обновление_позиции - {"client_id": 3, "position": {"x": 970, "y": 590}, "inputs": {"left": false, "right": false, "up": false, "down": false}}
2025-09-25 17:56:51,006 - game_server - INFO - log_game_event:61 - Игровое событие: обновление_позиции - {"client_id": 3, "position": {"x": 970, "y": 590}, "inputs": {"left": false, "right": false, "up": false, "down": false}}
2025-09-25 17:56:51,041 - game_server - INFO - log_game_event:61 - Игровое событие: обновление_позиции - {"client_id": 3, "position": {"x": 970, "y": 590}, "inputs": {"left": false, "right": false, "up": false, "down": false}}
2025-09-25 17:56:51,077 - game_server - INFO - log_game_event:61 - Игровое событие: обновление_позиции - {"client_id": 3, "position": {"x": 970, "y": 590}, "inputs": {"left": false, "right": false, "up": false, "down": false}}
2025-09-25 17:56:51,111 - game_server - INFO - log_game_event:61 - Игровое событие: обновление_позиции - {"client_id": 3, "position": {"x": 970, "y": 590}, "inputs": {"left": false, "right": false, "up": false, "down": false}}
2025-09-25 17:56:51,145 - game_server - INFO - log_game_event:61 - Игровое событие: обновление_позиции - {"client_id": 3, "position": {"x": 970, "y": 590}, "inputs": {"left": false, "right": false, "up": false, "down": false}}
2025-09-25 17:56:51,178 - game_server - INFO - log_game_event:61 - Игровое событие: обновление_позиции - {"client_id": 3, "position": {"x": 970, "y": 590}, "inputs": {"left": false, "right": false, "up": false, "down": false}}
2025-09-25 17:56:51,211 - game_server - INFO - log_game_event:61 - Игровое событие: обновление_позиции - {"client_id": 3, "position": {"x": 970, "y": 590}, "inputs": {"left": false, "right": false, "up": false, "down": false}}
2025-09-25 17:56:51,243 - game_server - INFO - log_game_event:61 - Игровое событие: обновление_позиции - {"client_id": 3, "position": {"x": 970, "y": 590}, "inputs": {"left": false, "right": false, "up": false, "down": false}}
2025-09-25 17:56:51,275 - game_server - INFO - log_game_event:61 - Игровое событие: обновление_позиции - {"client_id": 3, "position": {"x": 970, "y": 590}, "inputs": {"left": false, "right": false, "up": false, "down": false}}
2025-09-25 17:56:51,311 - game_server - INFO - log_game_event:61 - Игровое событие: обновление_позиции - {"client_id": 3, "position": {"x": 970, "y": 590}, "inputs": {"left": false, "right": false, "up": false, "down": false}}
2025-09-25 17:56:51,343 - game_server - INFO - log_game_event:61 - Игровое событие: обновление_позиции - {"client_id": 3, "position": {"x": 970, "y": 590}, "inputs": {"left": false, "right": false, "up": false, "down": false}}
2025-09-25 17:56:51,377 - game_server - INFO - log_game_event:61 - Игровое событие: обновление_позиции - {"client_id": 3, "position": {"x": 970, "y": 590}, "inputs": {"left": false, "right": false, "up": false, "down": false}}
2025-09-25 17:56:51,409 - game_server - INFO - log_game_event:61 - Игровое событие: обновление_позиции - {"client_id": 3, "position": {"x": 970, "y": 590}, "inputs": {"left": false, "right": false, "up": false, "down": false}}
2025-09-25 17:56:51,442 - game_server - INFO - log_game_event:61 - Игровое событие: обновление_позиции - {"client_id": 3, "position": {"x": 970, "y": 590}, "inputs": {"left": false, "right": false, "up": false, "down": false}}
2025-09-25 17:56:51,476 - game_server - INFO - log_game_event:61 - Игровое событие: обновление_позиции - {"client_id": 3, "position": {"x": 970, "y": 590}, "inputs": {"left": false, "right": false, "up": false, "down": false}}
2025-09-25 17:56:51,510 - game_server - INFO - log_game_event:61 - Игровое событие: обновление_позиции - {"client_id": 3, "position": {"x": 970, "y": 590}, "inputs": {"left": false, "right": false, "up": false, "down": false}}
2025-09-25 17:56:51,545 - game_server - INFO - log_game_event:61 - Игровое событие: обновление_позиции - {"client_id": 3, "position": {"x": 970, "y": 590}, "inputs": {"left": false, "right": false, "up": false, "down": false}}
2025-09-25 17:56:51,578 - game_server - INFO - log_game_event:61 - Игровое событие: обновление_позиции - {"client_id": 3, "position": {"x": 970, "y": 590}, "inputs": {"left": false, "right": false, "up": false, "down": false}}
2025-09-25 17:56:51,615 - game_server - INFO - log_game_event:61 - Игровое событие: обновление_позиции - {"client_id": 3, "position": {"x": 970, "y": 590}, "inputs": {"left": false, "right": false, "up": false, "down": false}}
2025-09-25 17:56:51,650 - game_server - INFO - log_game_event:61 - Игровое событие: обновление_позиции - {"client_id": 3, "position": {"x": 970, "y": 590}, "inputs": {"left": false, "right": false, "up": false, "down": false}}
2025-09-25 17:56:51,683 - game_server - INFO - log_game_event:61 - Игровое событие: обновление_позиции - {"client_id": 3, "position": {"x": 970, "y": 590}, "inputs": {"left": false, "right": false, "up": false, "down": false}}
2025-09-25 17:56:51,716 - game_server - INFO - log_game_event:61 - Игровое событие: обновление_позиции - {"client_id": 3, "position": {"x": 970, "y": 590}, "inputs": {"left": false, "right": false, "up": false, "down": false}}
2025-09-25 17:56:51,750 - game_server - INFO - log_game_event:61 - Игровое событие: обновление_позиции - {"client_id": 3, "position": {"x": 970, "y": 590}, "inputs": {"left": false, "right": false, "up": false, "down": false}}
2025-09-25 17:56:51,782 - game_server - INFO - log_game_event:61 - Игровое событие: обновление_позиции - {"client_id": 3, "position": {"x": 970, "y": 590}, "inputs": {"left": false, "right": false, "up": false, "down": false}}
2025-09-25 17:56:51,814 - game_server - INFO - log_game_event:61 - Игровое событие: обновление_позиции - {"client_id": 3, "position": {"x": 970, "y": 590}, "inputs": {"left": false, "right": false, "up": false, "down": false}}
2025-09-25 17:56:51,847 - game_server - INFO - log_game_event:61 - Игровое событие: обновление_позиции - {"client_id": 3, "position": {"x": 970, "y": 590}, "inputs": {"left": false, "right": false, "up": false, "down": false}}
2025-09-25 17:56:51,878 - game_server - INFO - log_game_event:61 - Игровое событие: обновление_позиции - {"client_id": 3, "position": {"x": 970, "y": 590}, "inputs": {"left": false, "right": false, "up": false, "down": false}}
2025-09-25 17:56:51,910 - game_server - INFO - log_game_event:61 - Игровое событие: обновление_позиции - {"client_id": 3, "position": {"x": 970, "y": 590}, "inputs": {"left": false, "right": false, "up": false, "down": false}}
2025-09-25 17:56:51,943 - game_server - INFO - log_game_event:61 - Игровое событие: обновление_позиции - {"client_id": 3, "position": {"x": 970, "y": 590}, "inputs": {"left": false, "right": false, "up": false, "down": false}}
2025-09-25 17:56:51,974 - game_server - INFO - log_game_event:61 - Игровое событие: обновление_позиции - {"client_id": 3, "position": {"x": 970, "y": 590}, "inputs": {"left": false, "right": false, "up": false, "down": false}}
2025-09-25 17:56:52,006 - game_server - INFO - log_game_event:61 - Игровое событие: обновление_позиции - {"client_id": 3, "position": {"x": 970, "y": 590}, "inputs": {"left": false, "right": false, "up": false, "down": false}}
2025-09-25 17:56:52,038 - game_server - INFO - log_game_event:61 - Игровое событие: обновление_позиции - {"client_id": 3, "position": {"x": 970, "y": 590}, "inputs": {"left": false, "right": false, "up": false, "down": false}}
2025-09-25 17:56:52,072 - game_server - INFO - log_game_event:61 - Игровое событие: обновление_позиции - {"client_id": 3, "position": {"x": 970, "y": 590}, "inputs": {"left": false, "right": false, "up": false, "down": false}}
2025-09-25 17:56:52,106 - game_server - INFO - log_game_event:61 - Игровое событие: обновление_позиции - {"client_id": 3, "position": {"x": 970, "y": 590}, "inputs": {"left": false, "right": false, "up": false, "down": false}}
2025-09-25 17:56:52,140 - game_server - INFO - log_game_event:61 - Игровое событие: обновление_позиции - {"client_id": 3, "position": {"x": 970, "y": 590}, "inputs": {"left": false, "right": false, "up": false, "down": false}}
2025-09-25 17:56:52,174 - game_server - INFO - log_game_event:61 - Игровое событие: обновление_позиции - {"client_id": 3, "position": {"x": 970, "y": 590}, "inputs": {"left": false, "right": false, "up": false, "down": false}}
2025-09-25 17:56:52,206 - game_server - INFO - log_game_event:61 - Игровое событие: обновление_позиции - {"client_id": 3, "position": {"x": 970, "y": 590}, "inputs": {"left": false, "right": false, "up": false, "down": false}}
2025-09-25 17:56:52,239 - game_server - INFO - log_game_event:61 - Игровое событие: обновление_позиции - {"client_id": 3, "position": {"x": 970, "y": 590}, "inputs": {"left": false, "right": false, "up": false, "down": false}}
2025-09-25 17:56:52,272 - game_server - INFO - log_game_event:61 - Игровое событие: обновление_позиции - {"client_id": 3, "position": {"x": 970, "y": 590}, "inputs": {"left": false, "right": false, "up": false, "down": false}}
2025-09-25 17:56:52,306 - game_server - INFO - log_game_event:61 - Игровое событие: обновление_позиции - {"client_id": 3, "position": {"x": 970, "y": 590}, "inputs": {"left": false, "right": false, "up": false, "down": false}}
2025-09-25 17:56:52,338 - game_server - INFO - log_game_event:61 - Игровое событие: обновление_позиции - {"client_id": 3, "position": {"x": 970, "y": 590}, "inputs": {"left": false, "right": false, "up": false, "down": false}}
2025-09-25 17:56:52,368 - game_server - INFO - log_game_event:61 - Игровое событие: обновление_позиции - {"client_id": 3, "position": {"x": 970, "y": 590}, "inputs": {"left": false, "right": false, "up": false, "down": false}}
2025-09-25 17:56:52,401 - game_server - INFO - log_game_event:61 - Игровое событие: обновление_позиции - {"client_id": 3, "position": {"x": 970, "y": 590}, "inputs": {"left": false, "right": false, "up": false, "down": false}}
2025-09-25 17:56:52,434 - game_server - INFO - log_game_event:61 - Игровое событие: обновление_позиции - {"client_id": 3, "position": {"x": 970, "y": 590}, "inputs": {"left": false, "right": false, "up": false, "down": false}}
2025-09-25 17:56:52,467 - game_server - INFO - log_game_event:61 - Игровое событие: обновление_позиции - {"client_id": 3, "position": {"x": 970, "y": 590}, "inputs": {"left": false, "right": false, "up": false, "down": false}}
2025-09-25 17:56:52,500 - game_server - INFO - log_game_event:61 - Игровое событие: обновление_позиции - {"client_id": 3, "position": {"x": 970, "y": 590}, "inputs": {"left": false, "right": false, "up": false, "down": false}}
2025-09-25 17:56:52,533 - game_server - INFO - log_game_event:61 - Игровое событие: обновление_позиции - {"client_id": 3, "position": {"x": 970, "y": 590}, "inputs": {"left": false, "right": false, "up": false, "down": false}}
2025-09-25 17:56:52,566 - game_server - INFO - log_game_event:61 - Игровое событие: обновление_позиции - {"client_id": 3, "position": {"x": 970, "y": 590}, "inputs": {"left": false, "right": false, "up": false, "down": false}}
2025-09-25 17:56:52,598 - game_server - INFO - log_game_event:61 - Игровое событие: обновление_позиции - {"client_id": 3, "position": {"x": 970, "y": 590}, "inputs": {"left": false, "right": false, "up": false, "down": false}}
2025-09-25 17:56:52,631 - game_server - INFO - log_game_event:61 - Игровое событие: обновление_позиции - {"client_id": 3, "position": {"x": 970, "y": 590}, "inputs": {"left": false, "right": false, "up": false, "down": false}}
2025-09-25 17:56:52,663 - game_server - INFO - log_game_event:61 - Игровое событие: обновление_позиции - {"client_id": 3, "position": {"x": 970, "y": 590}, "inputs": {"left": false, "right": false, "up": false, "down": false}}
2025-09-25 17:56:52,696 - game_server - INFO - log_game_event:61 - Игровое событие: обновление_позиции - {"client_id": 3, "position": {"x": 970, "y": 590}, "inputs": {"left": false, "right": false, "up": false, "down": false}}
2025-09-25 17:56:52,729 - game_server - INFO - log_game_event:61 - Игровое событие: обновление_позиции - {"client_id": 3, "position": {"x": 970, "y": 590}, "inputs": {"left": false, "right": false, "up": false, "down": false}}
2025-09-25 17:56:52,763 - game_server - INFO - log_game_event:61 - Игровое событие: обновление_позиции - {"client_id": 3, "position": {"x": 970, "y": 590}, "inputs": {"left": false, "right": false, "up": false, "down": false}}
2025-09-25 17:56:52,796 - game_server - INFO - log_game_event:61 - Игровое событие: обновление_позиции - {"client_id": 3, "position": {"x": 970, "y": 590}, "inputs": {"left": false, "right": false, "up": false, "down": false}}
2025-09-25 17:56:52,829 - game_server - INFO - log_game_event:61 - Игровое событие: обновление_позиции - {"client_id": 3, "position": {"x": 970, "y": 590}, "inputs": {"left": false, "right": false, "up": false, "down": false}}
2025-09-25 17:56:52,863 - game_server - INFO - log_game_event:61 - Игровое событие: обновление_позиции - {"client_id": 3, "position": {"x": 970, "y": 590}, "inputs": {"left": false, "right": false, "up": false, "down": false}}
2025-09-25 17:56:52,896 - game_server - INFO - log_game_event:61 - Игровое событие: обновление_позиции - {"client_id": 3, "position": {"x": 970, "y": 590}, "inputs": {"left": false, "right": false, "up": false, "down": false}}
2025-09-25 17:56:52,928 - game_server - INFO - log_game_event:61 - Игровое событие: обновление_позиции - {"client_id": 3, "position": {"x": 970, "y": 590}, "inputs": {"left": false, "right": false, "up": false, "down": false}}
2025-09-25 17:56:52,962 - game_server - INFO - log_game_event:61 - Игровое событие: обновление_позиции - {"client_id": 3, "position": {"x": 970, "y": 590}, "inputs": {"left": false, "right": false, "up": false, "down": false}}
2025-09-25 17:56:52,996 - game_server - INFO - log_game_event:61 - Игровое событие: обновление_позиции - {"client_id": 3, "position": {"x": 970, "y": 590}, "inputs": {"left": false, "right": false, "up": false, "down": false}}
2025-09-25 17:56:53,028 - game_server - INFO - log_game_event:61 - Игровое событие: обновление_позиции - {"client_id": 3, "position": {"x": 970, "y": 590}, "inputs": {"left": false, "right": false, "up": false, "down": false}}
2025-09-25 17:56:53,061 - game_server - INFO - log_game_event:61 - Игровое событие: обновление_позиции - {"client_id": 3, "position": {"x": 970, "y": 590}, "inputs": {"left": false, "right": false, "up": false, "down": false}}
2025-09-25 17:56:53,094 - game_server - INFO - log_game_event:61 - Игровое событие: обновление_позиции - {"client_id": 3, "position": {"x": 970, "y": 590}, "inputs": {"left": false, "right": false, "up": false, "down": false}}
2025-09-25 17:56:53,128 - game_server - INFO - log_game_event:61 - Игровое событие: обновление_позиции - {"client_id": 3, "position": {"x": 970, "y": 590}, "inputs": {"left": false, "right": false, "up": false, "down": false}}
2025-09-25 17:56:53,162 - game_server - INFO - log_game_event:61 - Игровое событие: обновление_позиции - {"client_id": 3, "position": {"x": 970, "y": 590}, "inputs": {"left": false, "right": false, "up": false, "down": false}}
2025-09-25 17:56:53,195 - game_server - INFO - log_game_event:61 - Игровое событие: обновление_позиции - {"client_id": 3, "position": {"x": 970, "y": 590}, "inputs": {"left": false, "right": false, "up": false, "down": false}}
2025-09-25 17:56:53,228 - game_server - INFO - log_game_event:61 - Игровое событие: обновление_позиции - {"client_id": 3, "position": {"x": 970, "y": 590}, "inputs": {"left": false, "right": false, "up": false, "down": false}}
2025-09-25 17:56:53,262 - game_server - INFO - log_game_event:61 - Игровое событие: обновление_позиции - {"client_id": 3, "position": {"x": 970, "y": 590}, "inputs": {"left": false, "right": false, "up": false, "down": false}}
2025-09-25 17:56:53,296 - game_server - INFO - log_game_event:61 - Игровое событие: обновление_позиции - {"client_id": 3, "position": {"x": 970, "y": 590}, "inputs": {"left": false, "right": false, "up": false, "down": false}}
2025-09-25 17:56:53,330 - game_server - INFO - log_game_event:61 - Игровое событие: обновление_позиции - {"client_id": 3, "position": {"x": 970, "y": 590}, "inputs": {"left": false, "right": false, "up": false, "down": false}}
2025-09-25 17:56:53,362 - game_server - INFO - log_game_event:61 - Игровое событие: обновление_позиции - {"client_id": 3, "position": {"x": 970, "y": 590}, "inputs": {"left": false, "right": false, "up": false, "down": false}}
2025-09-25 17:56:53,396 - game_server - INFO - log_game_event:61 - Игровое событие: обновление_позиции - {"client_id": 3, "position": {"x": 970, "y": 590}, "inputs": {"left": false, "right": false, "up": false, "down": false}}
2025-09-25 17:56:53,430 - game_server - INFO - log_game_event:61 - Игровое событие: обновление_позиции - {"client_id": 3, "position": {"x": 970, "y": 590}, "inputs": {"left": false, "right": false, "up": false, "down": false}}
2025-09-25 17:56:53,463 - game_server - INFO - log_game_event:61 - Игровое событие: обновление_позиции - {"client_id": 3, "position": {"x": 970, "y": 590}, "inputs": {"left": false, "right": false, "up": false, "down": false}}
2025-09-25 17:56:53,496 - game_server - INFO - log_game_event:61 - Игровое событие: обновление_позиции - {"client_id": 3, "position": {"x": 970, "y": 590}, "inputs": {"left": false, "right": false, "up": false, "down": false}}
2025-09-25 17:56:53,530 - game_server - INFO - log_game_event:61 - Игровое событие: обновление_позиции - {"client_id": 3, "position": {"x": 970, "y": 590}, "inputs": {"left": false, "right": false, "up": false, "down": false}}
2025-09-25 17:56:53,563 - game_server - INFO - log_game_event:61 - Игровое событие: обновление_позиции - {"client_id": 3, "position": {"x": 970, "y": 590}, "inputs": {"left": false, "right": false, "up": false, "down": false}}
2025-09-25 17:56:53,597 - game_server - INFO - log_game_event:61 - Игровое событие: обновление_позиции - {"client_id": 3, "position": {"x": 970, "y": 590}, "inputs": {"left": false, "right": false, "up": false, "down": false}}
2025-09-25 17:56:53,631 - game_server - INFO - log_game_event:61 - Игровое событие: обновление_позиции - {"client_id": 3, "position": {"x": 970, "y": 590}, "inputs": {"left": false, "right": false, "up": false, "down": false}}
2025-09-25 17:56:53,663 - game_server - INFO - log_game_event:61 - Игровое событие: обновление_позиции - {"client_id": 3, "position": {"x": 970, "y": 590}, "inputs": {"left": false, "right": false, "up": false, "down": false}}
2025-09-25 17:56:53,696 - game_server - INFO - log_game_event:61 - Игровое событие: обновление_позиции - {"client_id": 3, "position": {"x": 970, "y": 590}, "inputs": {"left": false, "right": false, "up": false, "down": false}}
2025-09-25 17:56:53,730 - game_server - INFO - log_game_event:61 - Игровое событие: обновление_позиции - {"client_id": 3, "position": {"x": 970, "y": 590}, "inputs": {"left": false, "right": false, "up": false, "down": false}}
2025-09-25 17:56:53,764 - game_server - INFO - log_game_event:61 - Игровое событие: обновление_позиции - {"client_id": 3, "position": {"x": 970, "y": 590}, "inputs": {"left": false, "right": false, "up": false, "down": false}}
2025-09-25 17:56:53,797 - game_server - INFO - log_game_event:61 - Игровое событие: обновление_позиции - {"client_id": 3, "position": {"x": 970, "y": 590}, "inputs": {"left": false, "right": false, "up": false, "down": false}}
2025-09-25 17:56:53,834 - game_server - INFO - log_game_event:61 - Игровое событие: обновление_позиции - {"client_id": 3, "position": {"x": 970, "y": 590}, "inputs": {"left": false, "right": false, "up": false, "down": false}}
2025-09-25 17:56:53,867 - game_server - INFO - log_game_event:61 - Игровое событие: обновление_позиции - {"client_id": 3, "position": {"x": 970, "y": 590}, "inputs": {"left": false, "right": false, "up": false, "down": false}}
2025-09-25 17:56:53,900 - game_server - INFO - log_game_event:61 - Игровое событие: обновление_позиции - {"client_id": 3, "position": {"x": 970, "y": 590}, "inputs": {"left": false, "right": false, "up": false, "down": false}}
2025-09-25 17:56:53,932 - game_server - INFO - log_game_event:61 - Игровое событие: обновление_позиции - {"client_id": 3, "position": {"x": 970, "y": 590}, "inputs": {"left": false, "right": false, "up": false, "down": false}}
2025-09-25 17:56:53,969 - game_server - INFO - log_game_event:61 - Игровое событие: обновление_позиции - {"client_id": 3, "position": {"x": 970, "y": 590}, "inputs": {"left": false, "right": false, "up": false, "down": false}}
2025-09-25 17:56:54,004 - game_server - INFO - log_game_event:61 - Игровое событие: обновление_позиции - {"client_id": 3, "position": {"x": 970, "y": 590}, "inputs": {"left": false, "right": false, "up": false, "down": false}}
2025-09-25 17:56:54,038 - game_server - INFO - log_game_event:61 - Игровое событие: обновление_позиции - {"client_id": 3, "position": {"x": 970, "y": 590}, "inputs": {"left": false, "right": false, "up": false, "down": false}}
2025-09-25 17:56:54,071 - game_server - INFO - log_game_event:61 - Игровое событие: обновление_позиции - {"client_id": 3, "position": {"x": 970, "y": 590}, "inputs": {"left": false, "right": false, "up": false, "down": false}}
2025-09-25 17:56:54,104 - game_server - INFO - log_game_event:61 - Игровое событие: обновление_позиции - {"client_id": 3, "position": {"x": 970, "y": 590}, "inputs": {"left": false, "right": false, "up": false, "down": false}}
2025-09-25 17:56:54,140 - game_server - INFO - log_game_event:61 - Игровое событие: обновление_позиции - {"client_id": 3, "position": {"x": 970, "y": 590}, "inputs": {"left": false, "right": false, "up": false, "down": false}}
2025-09-25 17:56:54,174 - game_server - INFO - log_game_event:61 - Игровое событие: обновление_позиции - {"client_id": 3, "position": {"x": 970, "y": 590}, "inputs": {"left": false, "right": false, "up": false, "down": false}}
2025-09-25 17:56:54,209 - game_server - INFO - log_game_event:61 - Игровое событие: обновление_позиции - {"client_id": 3, "position": {"x": 970, "y": 590}, "inputs": {"left": false, "right": false, "up": false, "down": false}}
2025-09-25 17:56:54,243 - game_server - INFO - log_game_event:61 - Игровое событие: обновление_позиции - {"client_id": 3, "position": {"x": 970, "y": 590}, "inputs": {"left": false, "right": false, "up": false, "down": false}}
2025-09-25 17:56:54,278 - game_server - INFO - log_game_event:61 - Игровое событие: обновление_позиции - {"client_id": 3, "position": {"x": 970, "y": 590}, "inputs": {"left": false, "right": false, "up": false, "down": false}}
2025-09-25 17:56:54,312 - game_server - INFO - log_game_event:61 - Игровое событие: обновление_позиции - {"client_id": 3, "position": {"x": 970, "y": 590}, "inputs": {"left": false, "right": false, "up": false, "down": false}}
2025-09-25 17:56:54,346 - game_server - INFO - log_game_event:61 - Игровое событие: обновление_позиции - {"client_id": 3, "position": {"x": 970, "y": 590}, "inputs": {"left": false, "right": false, "up": false, "down": false}}
2025-09-25 17:56:54,379 - game_server - INFO - log_game_event:61 - Игровое событие: обновление_позиции - {"client_id": 3, "position": {"x": 970, "y": 590}, "inputs": {"left": false, "right": false, "up": false, "down": false}}
2025-09-25 17:56:54,416 - game_server - INFO - log_game_event:61 - Игровое событие: обновление_позиции - {"client_id": 3, "position": {"x": 970, "y": 590}, "inputs": {"left": false, "right": false, "up": false, "down": false}}
2025-09-25 17:56:54,449 - game_server - INFO - log_game_event:61 - Игровое событие: обновление_позиции - {"client_id": 3, "position": {"x": 970, "y": 590}, "inputs": {"left": false, "right": false, "up": false, "down": false}}
2025-09-25 17:56:54,482 - game_server - INFO - log_game_event:61 - Игровое событие: обновление_позиции - {"client_id": 3, "position": {"x": 970, "y": 590}, "inputs": {"left": false, "right": false, "up": false, "down": false}}
2025-09-25 17:56:54,516 - game_server - INFO - log_game_event:61 - Игровое событие: обновление_позиции - {"client_id": 3, "position": {"x": 970, "y": 590}, "inputs": {"left": false, "right": false, "up": false, "down": false}}
2025-09-25 17:56:54,548 - game_server - INFO - log_game_event:61 - Игровое событие: обновление_позиции - {"client_id": 3, "position": {"x": 970, "y": 590}, "inputs": {"left": false, "right": false, "up": false, "down": false}}
2025-09-25 17:56:54,581 - game_server - INFO - log_game_event:61 - Игровое событие: обновление_позиции - {"client_id": 3, "position": {"x": 970, "y": 590}, "inputs": {"left": false, "right": false, "up": false, "down": false}}
2025-09-25 17:56:54,618 - game_server - INFO - log_game_event:61 - Игровое событие: обновление_позиции - {"client_id": 3, "position": {"x": 970, "y": 590}, "inputs": {"left": false, "right": false, "up": false, "down": false}}
2025-09-25 17:56:54,652 - game_server - INFO - log_game_event:61 - Игровое событие: обновление_позиции - {"client_id": 3, "position": {"x": 970, "y": 590}, "inputs": {"left": false, "right": false, "up": false, "down": false}}
2025-09-25 17:56:54,686 - game_server - INFO - log_game_event:61 - Игровое событие: обновление_позиции - {"client_id": 3, "position": {"x": 970, "y": 590}, "inputs": {"left": false, "right": false, "up": false, "down": false}}
2025-09-25 17:56:54,720 - game_server - INFO - log_game_event:61 - Игровое событие: обновление_позиции - {"client_id": 3, "position": {"x": 970, "y": 590}, "inputs": {"left": false, "right": false, "up": false, "down": false}}
2025-09-25 17:56:54,756 - game_server - INFO - log_game_event:61 - Игровое событие: обновление_позиции - {"client_id": 3, "position": {"x": 970, "y": 590}, "inputs": {"left": false, "right": false, "up": false, "down": false}}
2025-09-25 17:56:54,789 - game_server - INFO - log_game_event:61 - Игровое событие: обновление_позиции - {"client_id": 3, "position": {"x": 970, "y": 590}, "inputs": {"left": false, "right": false, "up": false, "down": false}}
2025-09-25 17:56:54,822 - game_server - INFO - log_game_event:61 - Игровое событие: обновление_позиции - {"client_id": 3, "position": {"x": 970, "y": 590}, "inputs": {"left": false, "right": false, "up": false, "down": false}}
2025-09-25 17:56:54,855 - game_server - INFO - log_game_event:61 - Игровое событие: обновление_позиции - {"client_id": 3, "position": {"x": 970, "y": 590}, "inputs": {"left": false, "right": false, "up": false, "down": false}}
2025-09-25 17:56:54,888 - game_server - INFO - log_game_event:61 - Игровое событие: обновление_позиции - {"client_id": 3, "position": {"x": 970, "y": 590}, "inputs": {"left": false, "right": false, "up": false, "down": false}}
2025-09-25 17:56:54,921 - game_server - INFO - log_game_event:61 - Игровое событие: обновление_позиции - {"client_id": 3, "position": {"x": 970, "y": 590}, "inputs": {"left": false, "right": false, "up": false, "down": false}}
2025-09-25 17:56:54,953 - game_server - INFO - log_game_event:61 - Игровое событие: обновление_позиции - {"client_id": 3, "position": {"x": 970, "y": 590}, "inputs": {"left": false, "right": false, "up": false, "down": false}}
2025-09-25 17:56:54,979 - game_server - INFO - log_game_event:61 - Игровое событие: обновление_позиции - {"client_id": 3, "position": {"x": 970, "y": 590}, "inputs": {"left": false, "right": false, "up": false, "down": false}}
2025-09-25 17:56:55,012 - game_server - INFO - log_game_event:61 - Игровое событие: обновление_позиции - {"client_id": 3, "position": {"x": 970, "y": 590}, "inputs": {"left": false, "right": false, "up": false, "down": false}}
2025-09-25 17:56:55,045 - game_server - INFO - log_game_event:61 - Игровое событие: обновление_позиции - {"client_id": 3, "position": {"x": 970, "y": 590}, "inputs": {"left": false, "right": false, "up": false, "down": false}}
2025-09-25 17:56:55,080 - game_server - INFO - log_game_event:61 - Игровое событие: обновление_позиции - {"client_id": 3, "position": {"x": 970, "y": 590}, "inputs": {"left": false, "right": false, "up": false, "down": false}}
2025-09-25 17:56:55,114 - game_server - INFO - log_game_event:61 - Игровое событие: обновление_позиции - {"client_id": 3, "position": {"x": 970, "y": 590}, "inputs": {"left": false, "right": false, "up": false, "down": false}}
2025-09-25 17:56:55,145 - game_server - INFO - log_game_event:61 - Игровое событие: обновление_позиции - {"client_id": 3, "position": {"x": 970, "y": 590}, "inputs": {"left": false, "right": false, "up": false, "down": false}}
2025-09-25 17:56:55,178 - game_server - INFO - log_game_event:61 - Игровое событие: обновление_позиции - {"client_id": 3, "position": {"x": 970, "y": 590}, "inputs": {"left": false, "right": false, "up": false, "down": false}}
2025-09-25 17:56:55,211 - game_server - INFO - log_game_event:61 - Игровое событие: обновление_позиции - {"client_id": 3, "position": {"x": 970, "y": 590}, "inputs": {"left": false, "right": false, "up": false, "down": false}}
2025-09-25 17:56:55,244 - game_server - INFO - log_game_event:61 - Игровое событие: обновление_позиции - {"client_id": 3, "position": {"x": 970, "y": 590}, "inputs": {"left": false, "right": false, "up": false, "down": false}}
2025-09-25 17:56:55,273 - game_server - INFO - log_game_event:61 - Игровое событие: обновление_позиции - {"client_id": 3, "position": {"x": 970, "y": 590}, "inputs": {"left": false, "right": false, "up": false, "down": false}}
2025-09-25 17:56:55,306 - game_server - INFO - log_game_event:61 - Игровое событие: обновление_позиции - {"client_id": 3, "position": {"x": 970, "y": 590}, "inputs": {"left": false, "right": false, "up": false, "down": false}}
2025-09-25 17:56:55,340 - game_server - INFO - log_game_event:61 - Игровое событие: обновление_позиции - {"client_id": 3, "position": {"x": 970, "y": 590}, "inputs": {"left": false, "right": false, "up": false, "down": false}}
2025-09-25 17:56:55,374 - game_server - INFO - log_game_event:61 - Игровое событие: обновление_позиции - {"client_id": 3, "position": {"x": 970, "y": 590}, "inputs": {"left": false, "right": false, "up": false, "down": false}}
2025-09-25 17:56:55,406 - game_server - INFO - log_game_event:61 - Игровое событие: обновление_позиции - {"client_id": 3, "position": {"x": 970, "y": 590}, "inputs": {"left": false, "right": false, "up": false, "down": false}}
2025-09-25 17:56:55,438 - game_server - INFO - log_game_event:61 - Игровое событие: обновление_позиции - {"client_id": 3, "position": {"x": 970, "y": 590}, "inputs": {"left": false, "right": false, "up": false, "down": false}}
2025-09-25 17:56:55,470 - game_server - INFO - log_game_event:61 - Игровое событие: обновление_позиции - {"client_id": 3, "position": {"x": 970, "y": 590}, "inputs": {"left": false, "right": false, "up": false, "down": false}}
2025-09-25 17:56:55,503 - game_server - INFO - log_game_event:61 - Игровое событие: обновление_позиции - {"client_id": 3, "position": {"x": 970, "y": 590}, "inputs": {"left": false, "right": false, "up": false, "down": false}}
2025-09-25 17:56:55,532 - game_server - INFO - log_game_event:61 - Игровое событие: обновление_позиции - {"client_id": 3, "position": {"x": 970, "y": 590}, "inputs": {"left": false, "right": false, "up": false, "down": false}}
2025-09-25 17:56:55,565 - game_server - INFO - log_game_event:61 - Игровое событие: обновление_позиции - {"client_id": 3, "position": {"x": 970, "y": 590}, "inputs": {"left": false, "right": false, "up": false, "down": false}}
2025-09-25 17:56:55,598 - game_server - INFO - log_game_event:61 - Игровое событие: обновление_позиции - {"client_id": 3, "position": {"x": 970, "y": 590}, "inputs": {"left": false, "right": false, "up": false, "down": false}}
2025-09-25 17:56:55,630 - game_server - INFO - log_game_event:61 - Игровое событие: обновление_позиции - {"client_id": 3, "position": {"x": 970, "y": 590}, "inputs": {"left": false, "right": false, "up": false, "down": false}}
2025-09-25 17:56:55,662 - game_server - INFO - log_game_event:61 - Игровое событие: обновление_позиции - {"client_id": 3, "position": {"x": 970, "y": 590}, "inputs": {"left": false, "right": false, "up": false, "down": false}}
2025-09-25 17:56:55,695 - game_server - INFO - log_game_event:61 - Игровое событие: обновление_позиции - {"client_id": 3, "position": {"x": 970, "y": 590}, "inputs": {"left": false, "right": false, "up": false, "down": false}}
2025-09-25 17:56:55,727 - game_server - INFO - log_game_event:61 - Игровое событие: обновление_позиции - {"client_id": 3, "position": {"x": 970, "y": 590}, "inputs": {"left": false, "right": false, "up": false, "down": false}}
2025-09-25 17:56:55,763 - game_server - INFO - log_game_event:61 - Игровое событие: обновление_позиции - {"client_id": 3, "position": {"x": 970, "y": 590}, "inputs": {"left": false, "right": false, "up": false, "down": false}}
2025-09-25 17:56:55,795 - game_server - INFO - log_game_event:61 - Игровое событие: обновление_позиции - {"client_id": 3, "position": {"x": 970, "y": 590}, "inputs": {"left": false, "right": false, "up": false, "down": false}}
2025-09-25 17:56:55,828 - game_server - INFO - log_game_event:61 - Игровое событие: обновление_позиции - {"client_id": 3, "position": {"x": 970, "y": 590}, "inputs": {"left": false, "right": false, "up": false, "down": false}}
2025-09-25 17:56:55,862 - game_server - INFO - log_game_event:61 - Игровое событие: обновление_позиции - {"client_id": 3, "position": {"x": 970, "y": 590}, "inputs": {"left": false, "right": false, "up": false, "down": false}}
2025-09-25 17:56:55,894 - game_server - INFO - log_game_event:61 - Игровое событие: обновление_позиции - {"client_id": 3, "position": {"x": 970, "y": 590}, "inputs": {"left": false, "right": false, "up": false, "down": false}}
2025-09-25 17:56:55,931 - game_server - INFO - log_game_event:61 - Игровое событие: обновление_позиции - {"client_id": 3, "position": {"x": 970, "y": 590}, "inputs": {"left": false, "right": false, "up": false, "down": false}}
2025-09-25 17:56:55,965 - game_server - INFO - log_game_event:61 - Игровое событие: обновление_позиции - {"client_id": 3, "position": {"x": 970, "y": 590}, "inputs": {"left": false, "right": false, "up": false, "down": false}}
2025-09-25 17:56:55,998 - game_server - INFO - log_game_event:61 - Игровое событие: обновление_позиции - {"client_id": 3, "position": {"x": 970, "y": 590}, "inputs": {"left": false, "right": false, "up": false, "down": false}}
2025-09-25 17:56:56,034 - game_server - INFO - log_game_event:61 - Игровое событие: обновление_позиции - {"client_id": 3, "position": {"x": 970, "y": 590}, "inputs": {"left": false, "right": false, "up": false, "down": false}}
2025-09-25 17:56:56,067 - game_server - INFO - log_game_event:61 - Игровое событие: обновление_позиции - {"client_id": 3, "position": {"x": 970, "y": 590}, "inputs": {"left": false, "right": false, "up": false, "down": false}}
2025-09-25 17:56:56,099 - game_server - INFO - log_game_event:61 - Игровое событие: обновление_позиции - {"client_id": 3, "position": {"x": 970, "y": 590}, "inputs": {"left": false, "right": false, "up": false, "down": false}}
2025-09-25 17:56:56,131 - game_server - INFO - log_game_event:61 - Игровое событие: обновление_позиции - {"client_id": 3, "position": {"x": 970, "y": 590}, "inputs": {"left": false, "right": false, "up": false, "down": false}}
2025-09-25 17:56:56,159 - game_server - INFO - log_game_event:61 - Игровое событие: обновление_позиции - {"client_id": 3, "position": {"x": 970, "y": 590}, "inputs": {"left": false, "right": false, "up": false, "down": false}}
2025-09-25 17:56:56,193 - game_server - INFO - log_game_event:61 - Игровое событие: обновление_позиции - {"client_id": 3, "position": {"x": 970, "y": 590}, "inputs": {"left": false, "right": false, "up": false, "down": false}}
2025-09-25 17:56:56,226 - game_server - INFO - log_game_event:61 - Игровое событие: обновление_позиции - {"client_id": 3, "position": {"x": 970, "y": 590}, "inputs": {"left": false, "right": false, "up": false, "down": false}}
2025-09-25 17:56:56,259 - game_server - INFO - log_game_event:61 - Игровое событие: обновление_позиции - {"client_id": 3, "position": {"x": 970, "y": 590}, "inputs": {"left": false, "right": false, "up": false, "down": false}}
2025-09-25 17:56:56,293 - game_server - INFO - log_game_event:61 - Игровое событие: обновление_позиции - {"client_id": 3, "position": {"x": 970, "y": 590}, "inputs": {"left": false, "right": false, "up": false, "down": false}}
2025-09-25 17:56:56,328 - game_server - INFO - log_game_event:61 - Игровое событие: обновление_позиции - {"client_id": 3, "position": {"x": 970, "y": 590}, "inputs": {"left": false, "right": false, "up": false, "down": false}}
2025-09-25 17:56:56,362 - game_server - INFO - log_game_event:61 - Игровое событие: обновление_позиции - {"client_id": 3, "position": {"x": 970, "y": 590}, "inputs": {"left": false, "right": false, "up": false, "down": false}}
2025-09-25 17:56:56,394 - game_server - INFO - log_game_event:61 - Игровое событие: обновление_позиции - {"client_id": 3, "position": {"x": 970, "y": 590}, "inputs": {"left": false, "right": false, "up": false, "down": false}}
2025-09-25 17:56:56,428 - game_server - INFO - log_game_event:61 - Игровое событие: обновление_позиции - {"client_id": 3, "position": {"x": 970, "y": 590}, "inputs": {"left": false, "right": false, "up": false, "down": false}}
2025-09-25 17:56:56,462 - game_server - INFO - log_game_event:61 - Игровое событие: обновление_позиции - {"client_id": 3, "position": {"x": 970, "y": 590}, "inputs": {"left": false, "right": false, "up": false, "down": false}}
2025-09-25 17:56:56,496 - game_server - INFO - log_game_event:61 - Игровое событие: обновление_позиции - {"client_id": 3, "position": {"x": 970, "y": 590}, "inputs": {"left": false, "right": false, "up": false, "down": false}}
2025-09-25 17:56:56,528 - game_server - INFO - log_game_event:61 - Игровое событие: обновление_позиции - {"client_id": 3, "position": {"x": 970, "y": 590}, "inputs": {"left": false, "right": false, "up": false, "down": false}}
2025-09-25 17:56:56,560 - game_server - INFO - log_game_event:61 - Игровое событие: обновление_позиции - {"client_id": 3, "position": {"x": 970, "y": 590}, "inputs": {"left": false, "right": false, "up": false, "down": false}}
2025-09-25 17:56:56,594 - game_server - INFO - log_game_event:61 - Игровое событие: обновление_позиции - {"client_id": 3, "position": {"x": 970, "y": 590}, "inputs": {"left": false, "right": false, "up": false, "down": false}}
2025-09-25 17:56:56,628 - game_server - INFO - log_game_event:61 - Игровое событие: обновление_позиции - {"client_id": 3, "position": {"x": 970, "y": 590}, "inputs": {"left": false, "right": false, "up": false, "down": false}}
2025-09-25 17:56:56,661 - game_server - INFO - log_game_event:61 - Игровое событие: обновление_позиции - {"client_id": 3, "position": {"x": 970, "y": 590}, "inputs": {"left": false, "right": false, "up": false, "down": false}}
2025-09-25 17:56:56,693 - game_server - INFO - log_game_event:61 - Игровое событие: обновление_позиции - {"client_id": 3, "position": {"x": 970, "y": 590}, "inputs": {"left": false, "right": false, "up": false, "down": false}}
2025-09-25 17:56:56,726 - game_server - INFO - log_game_event:61 - Игровое событие: обновление_позиции - {"client_id": 3, "position": {"x": 970, "y": 590}, "inputs": {"left": false, "right": false, "up": false, "down": false}}
2025-09-25 17:56:56,755 - game_server - INFO - log_game_event:61 - Игровое событие: обновление_позиции - {"client_id": 3, "position": {"x": 970, "y": 590}, "inputs": {"left": false, "right": false, "up": false, "down": false}}
2025-09-25 17:56:56,790 - game_server - INFO - log_game_event:61 - Игровое событие: обновление_позиции - {"client_id": 3, "position": {"x": 970, "y": 590}, "inputs": {"left": false, "right": false, "up": false, "down": false}}
2025-09-25 17:56:56,826 - game_server - INFO - log_game_event:61 - Игровое событие: обновление_позиции - {"client_id": 3, "position": {"x": 970, "y": 590}, "inputs": {"left": false, "right": false, "up": false, "down": false}}
2025-09-25 17:56:56,858 - game_server - INFO - log_game_event:61 - Игровое событие: обновление_позиции - {"client_id": 3, "position": {"x": 970, "y": 590}, "inputs": {"left": false, "right": false, "up": false, "down": false}}
2025-09-25 17:56:56,892 - game_server - INFO - log_game_event:61 - Игровое событие: обновление_позиции - {"client_id": 3, "position": {"x": 970, "y": 590}, "inputs": {"left": false, "right": false, "up": false, "down": false}}
2025-09-25 17:56:56,927 - game_server - INFO - log_game_event:61 - Игровое событие: обновление_позиции - {"client_id": 3, "position": {"x": 970, "y": 590}, "inputs": {"left": false, "right": false, "up": false, "down": false}}
2025-09-25 17:56:56,962 - game_server - INFO - log_game_event:61 - Игровое событие: обновление_позиции - {"client_id": 3, "position": {"x": 970, "y": 590}, "inputs": {"left": false, "right": false, "up": false, "down": false}}
2025-09-25 17:56:56,995 - game_server - INFO - log_game_event:61 - Игровое событие: обновление_позиции - {"client_id": 3, "position": {"x": 970, "y": 590}, "inputs": {"left": false, "right": false, "up": false, "down": false}}
2025-09-25 17:56:57,029 - game_server - INFO - log_game_event:61 - Игровое событие: обновление_позиции - {"client_id": 3, "position": {"x": 970, "y": 590}, "inputs": {"left": false, "right": false, "up": false, "down": false}}
2025-09-25 17:56:57,062 - game_server - INFO - log_game_event:61 - Игровое событие: обновление_позиции - {"client_id": 3, "position": {"x": 970, "y": 590}, "inputs": {"left": false, "right": false, "up": false, "down": false}}
2025-09-25 17:56:57,097 - game_server - INFO - log_game_event:61 - Игровое событие: обновление_позиции - {"client_id": 3, "position": {"x": 970, "y": 590}, "inputs": {"left": false, "right": false, "up": false, "down": false}}
2025-09-25 17:56:57,131 - game_server - INFO - log_game_event:61 - Игровое событие: обновление_позиции - {"client_id": 3, "position": {"x": 970, "y": 590}, "inputs": {"left": false, "right": false, "up": false, "down": false}}
2025-09-25 17:56:57,164 - game_server - INFO - log_game_event:61 - Игровое событие: обновление_позиции - {"client_id": 3, "position": {"x": 970, "y": 590}, "inputs": {"left": false, "right": false, "up": false, "down": false}}
2025-09-25 17:56:57,193 - game_server - INFO - log_game_event:61 - Игровое событие: обновление_позиции - {"client_id": 3, "position": {"x": 970, "y": 590}, "inputs": {"left": false, "right": false, "up": false, "down": false}}
2025-09-25 17:56:57,220 - game_server - INFO - log_game_event:61 - Игровое событие: обновление_позиции - {"client_id": 3, "position": {"x": 970, "y": 590}, "inputs": {"left": false, "right": false, "up": false, "down": false}}
2025-09-25 17:56:57,251 - game_server - INFO - log_game_event:61 - Игровое событие: обновление_позиции - {"client_id": 3, "position": {"x": 970, "y": 590}, "inputs": {"left": false, "right": false, "up": false, "down": false}}
2025-09-25 17:56:57,283 - game_server - INFO - log_game_event:61 - Игровое событие: обновление_позиции - {"client_id": 3, "position": {"x": 970, "y": 590}, "inputs": {"left": false, "right": false, "up": false, "down": false}}
2025-09-25 17:56:57,312 - game_server - INFO - log_game_event:61 - Игровое событие: обновление_позиции - {"client_id": 3, "position": {"x": 970, "y": 590}, "inputs": {"left": false, "right": false, "up": false, "down": false}}
2025-09-25 17:56:57,341 - game_server - INFO - log_game_event:61 - Игровое событие: обновление_позиции - {"client_id": 3, "position": {"x": 970, "y": 590}, "inputs": {"left": false, "right": false, "up": false, "down": false}}
2025-09-25 17:56:57,372 - game_server - INFO - log_game_event:61 - Игровое событие: обновление_позиции - {"client_id": 3, "position": {"x": 970, "y": 590}, "inputs": {"left": false, "right": false, "up": false, "down": false}}
2025-09-25 17:56:57,402 - game_server - INFO - log_game_event:61 - Игровое событие: обновление_позиции - {"client_id": 3, "position": {"x": 970, "y": 590}, "inputs": {"left": false, "right": false, "up": false, "down": false}}
2025-09-25 17:56:57,432 - game_server - INFO - log_game_event:61 - Игровое событие: обновление_позиции - {"client_id": 3, "position": {"x": 970, "y": 590}, "inputs": {"left": false, "right": false, "up": false, "down": false}}
2025-09-25 17:56:57,464 - game_server - INFO - log_game_event:61 - Игровое событие: обновление_позиции - {"client_id": 3, "position": {"x": 970, "y": 590}, "inputs": {"left": false, "right": false, "up": false, "down": false}}
2025-09-25 17:56:57,498 - game_server - INFO - log_game_event:61 - Игровое событие: обновление_позиции - {"client_id": 3, "position": {"x": 970, "y": 590}, "inputs": {"left": false, "right": false, "up": false, "down": false}}
2025-09-25 17:56:57,532 - game_server - INFO - log_game_event:61 - Игровое событие: обновление_позиции - {"client_id": 3, "position": {"x": 970, "y": 590}, "inputs": {"left": false, "right": false, "up": false, "down": false}}
2025-09-25 17:56:57,564 - game_server - INFO - log_game_event:61 - Игровое событие: обновление_позиции - {"client_id": 3, "position": {"x": 970, "y": 590}, "inputs": {"left": false, "right": false, "up": false, "down": false}}
2025-09-25 17:56:57,597 - game_server - INFO - log_game_event:61 - Игровое событие: обновление_позиции - {"client_id": 3, "position": {"x": 970, "y": 590}, "inputs": {"left": false, "right": false, "up": false, "down": false}}
2025-09-25 17:56:57,631 - game_server - INFO - log_game_event:61 - Игровое событие: обновление_позиции - {"client_id": 3, "position": {"x": 970, "y": 590}, "inputs": {"left": false, "right": false, "up": false, "down": false}}
2025-09-25 17:56:57,664 - game_server - INFO - log_game_event:61 - Игровое событие: обновление_позиции - {"client_id": 3, "position": {"x": 970, "y": 590}, "inputs": {"left": false, "right": false, "up": false, "down": false}}
2025-09-25 17:56:57,697 - game_server - INFO - log_game_event:61 - Игровое событие: обновление_позиции - {"client_id": 3, "position": {"x": 970, "y": 590}, "inputs": {"left": false, "right": false, "up": false, "down": false}}
2025-09-25 17:56:57,729 - game_server - INFO - log_game_event:61 - Игровое событие: обновление_позиции - {"client_id": 3, "position": {"x": 970, "y": 590}, "inputs": {"left": false, "right": false, "up": false, "down": false}}
2025-09-25 17:56:57,762 - game_server - INFO - log_game_event:61 - Игровое событие: обновление_позиции - {"client_id": 3, "position": {"x": 970, "y": 590}, "inputs": {"left": false, "right": false, "up": false, "down": false}}
2025-09-25 17:56:57,795 - game_server - INFO - log_game_event:61 - Игровое событие: обновление_позиции - {"client_id": 3, "position": {"x": 970, "y": 590}, "inputs": {"left": false, "right": false, "up": false, "down": false}}
2025-09-25 17:56:57,827 - game_server - INFO - log_game_event:61 - Игровое событие: обновление_позиции - {"client_id": 3, "position": {"x": 970, "y": 590}, "inputs": {"left": false, "right": false, "up": false, "down": false}}
2025-09-25 17:56:57,861 - game_server - INFO - log_game_event:61 - Игровое событие: обновление_позиции - {"client_id": 3, "position": {"x": 970, "y": 590}, "inputs": {"left": false, "right": false, "up": false, "down": false}}
2025-09-25 17:56:57,893 - game_server - INFO - log_game_event:61 - Игровое событие: обновление_позиции - {"client_id": 3, "position": {"x": 970, "y": 590}, "inputs": {"left": false, "right": false, "up": false, "down": false}}
2025-09-25 17:56:57,930 - game_server - INFO - log_game_event:61 - Игровое событие: обновление_позиции - {"client_id": 3, "position": {"x": 970, "y": 590}, "inputs": {"left": false, "right": false, "up": false, "down": false}}
2025-09-25 17:56:57,965 - game_server - INFO - log_game_event:61 - Игровое событие: обновление_позиции - {"client_id": 3, "position": {"x": 970, "y": 590}, "inputs": {"left": false, "right": false, "up": false, "down": false}}
2025-09-25 17:56:57,998 - game_server - INFO - log_game_event:61 - Игровое событие: обновление_позиции - {"client_id": 3, "position": {"x": 970, "y": 590}, "inputs": {"left": false, "right": false, "up": false, "down": false}}
2025-09-25 17:56:58,032 - game_server - INFO - log_game_event:61 - Игровое событие: обновление_позиции - {"client_id": 3, "position": {"x": 970, "y": 590}, "inputs": {"left": false, "right": false, "up": false, "down": false}}
2025-09-25 17:56:58,065 - game_server - INFO - log_game_event:61 - Игровое событие: обновление_позиции - {"client_id": 3, "position": {"x": 970, "y": 590}, "inputs": {"left": false, "right": false, "up": false, "down": false}}
2025-09-25 17:56:58,097 - game_server - INFO - log_game_event:61 - Игровое событие: обновление_позиции - {"client_id": 3, "position": {"x": 970, "y": 590}, "inputs": {"left": false, "right": false, "up": false, "down": false}}
2025-09-25 17:56:58,130 - game_server - INFO - log_game_event:61 - Игровое событие: обновление_позиции - {"client_id": 3, "position": {"x": 970, "y": 590}, "inputs": {"left": false, "right": false, "up": false, "down": false}}
2025-09-25 17:56:58,162 - game_server - INFO - log_game_event:61 - Игровое событие: обновление_позиции - {"client_id": 3, "position": {"x": 970, "y": 590}, "inputs": {"left": false, "right": false, "up": false, "down": false}}
2025-09-25 17:56:58,195 - game_server - INFO - log_game_event:61 - Игровое событие: обновление_позиции - {"client_id": 3, "position": {"x": 970, "y": 590}, "inputs": {"left": false, "right": false, "up": false, "down": false}}
2025-09-25 17:56:58,228 - game_server - INFO - log_game_event:61 - Игровое событие: обновление_позиции - {"client_id": 3, "position": {"x": 970, "y": 590}, "inputs": {"left": false, "right": false, "up": false, "down": false}}
2025-09-25 17:56:58,262 - game_server - INFO - log_game_event:61 - Игровое событие: обновление_позиции - {"client_id": 3, "position": {"x": 970, "y": 590}, "inputs": {"left": false, "right": false, "up": false, "down": false}}
2025-09-25 17:56:58,296 - game_server - INFO - log_game_event:61 - Игровое событие: обновление_позиции - {"client_id": 3, "position": {"x": 970, "y": 590}, "inputs": {"left": false, "right": false, "up": false, "down": false}}
2025-09-25 17:56:58,329 - game_server - INFO - log_game_event:61 - Игровое событие: обновление_позиции - {"client_id": 3, "position": {"x": 970, "y": 590}, "inputs": {"left": false, "right": false, "up": false, "down": false}}
2025-09-25 17:56:58,364 - game_server - INFO - log_game_event:61 - Игровое событие: обновление_позиции - {"client_id": 3, "position": {"x": 970, "y": 590}, "inputs": {"left": false, "right": false, "up": false, "down": false}}
2025-09-25 17:56:58,397 - game_server - INFO - log_game_event:61 - Игровое событие: обновление_позиции - {"client_id": 3, "position": {"x": 970, "y": 590}, "inputs": {"left": false, "right": false, "up": false, "down": false}}
2025-09-25 17:56:58,430 - game_server - INFO - log_game_event:61 - Игровое событие: обновление_позиции - {"client_id": 3, "position": {"x": 970, "y": 590}, "inputs": {"left": false, "right": false, "up": false, "down": false}}
2025-09-25 17:56:58,463 - game_server - INFO - log_game_event:61 - Игровое событие: обновление_позиции - {"client_id": 3, "position": {"x": 970, "y": 590}, "inputs": {"left": false, "right": false, "up": false, "down": false}}
2025-09-25 17:56:58,497 - game_server - INFO - log_game_event:61 - Игровое событие: обновление_позиции - {"client_id": 3, "position": {"x": 970, "y": 590}, "inputs": {"left": false, "right": false, "up": false, "down": false}}
2025-09-25 17:56:58,530 - game_server - INFO - log_game_event:61 - Игровое событие: обновление_позиции - {"client_id": 3, "position": {"x": 970, "y": 590}, "inputs": {"left": false, "right": false, "up": false, "down": false}}
2025-09-25 17:56:58,563 - game_server - INFO - log_game_event:61 - Игровое событие: обновление_позиции - {"client_id": 3, "position": {"x": 970, "y": 590}, "inputs": {"left": false, "right": false, "up": false, "down": false}}
2025-09-25 17:56:58,595 - game_server - INFO - log_game_event:61 - Игровое событие: обновление_позиции - {"client_id": 3, "position": {"x": 970, "y": 590}, "inputs": {"left": false, "right": false, "up": false, "down": false}}
2025-09-25 17:56:58,627 - game_server - INFO - log_game_event:61 - Игровое событие: обновление_позиции - {"client_id": 3, "position": {"x": 970, "y": 590}, "inputs": {"left": false, "right": false, "up": false, "down": false}}
2025-09-25 17:56:58,659 - game_server - INFO - log_game_event:61 - Игровое событие: обновление_позиции - {"client_id": 3, "position": {"x": 970, "y": 590}, "inputs": {"left": false, "right": false, "up": false, "down": false}}
2025-09-25 17:56:58,694 - game_server - INFO - log_game_event:61 - Игровое событие: обновление_позиции - {"client_id": 3, "position": {"x": 970, "y": 590}, "inputs": {"left": false, "right": false, "up": false, "down": false}}
2025-09-25 17:56:58,731 - game_server - INFO - log_game_event:61 - Игровое событие: обновление_позиции - {"client_id": 3, "position": {"x": 970, "y": 590}, "inputs": {"left": false, "right": false, "up": false, "down": false}}
2025-09-25 17:56:58,766 - game_server - INFO - log_game_event:61 - Игровое событие: обновление_позиции - {"client_id": 3, "position": {"x": 970, "y": 590}, "inputs": {"left": false, "right": false, "up": false, "down": false}}
2025-09-25 17:56:58,800 - game_server - INFO - log_game_event:61 - Игровое событие: обновление_позиции - {"client_id": 3, "position": {"x": 970, "y": 590}, "inputs": {"left": false, "right": false, "up": false, "down": false}}
2025-09-25 17:56:58,837 - game_server - INFO - log_game_event:61 - Игровое событие: обновление_позиции - {"client_id": 3, "position": {"x": 970, "y": 590}, "inputs": {"left": false, "right": false, "up": false, "down": false}}
2025-09-25 17:56:58,872 - game_server - INFO - log_game_event:61 - Игровое событие: обновление_позиции - {"client_id": 3, "position": {"x": 970, "y": 590}, "inputs": {"left": false, "right": false, "up": false, "down": false}}
2025-09-25 17:56:58,907 - game_server - INFO - log_game_event:61 - Игровое событие: обновление_позиции - {"client_id": 3, "position": {"x": 970, "y": 590}, "inputs": {"left": false, "right": false, "up": false, "down": false}}
2025-09-25 17:56:58,944 - game_server - INFO - log_game_event:61 - Игровое событие: обновление_позиции - {"client_id": 3, "position": {"x": 970, "y": 590}, "inputs": {"left": false, "right": false, "up": false, "down": false}}
2025-09-25 17:56:58,978 - game_server - INFO - log_game_event:61 - Игровое событие: обновление_позиции - {"client_id": 3, "position": {"x": 970, "y": 590}, "inputs": {"left": false, "right": false, "up": false, "down": false}}
2025-09-25 17:56:59,012 - game_server - INFO - log_game_event:61 - Игровое событие: обновление_позиции - {"client_id": 3, "position": {"x": 970, "y": 590}, "inputs": {"left": false, "right": false, "up": false, "down": false}}
2025-09-25 17:56:59,046 - game_server - INFO - log_game_event:61 - Игровое событие: обновление_позиции - {"client_id": 3, "position": {"x": 970, "y": 590}, "inputs": {"left": false, "right": false, "up": false, "down": false}}
2025-09-25 17:56:59,079 - game_server - INFO - log_game_event:61 - Игровое событие: обновление_позиции - {"client_id": 3, "position": {"x": 970, "y": 590}, "inputs": {"left": false, "right": false, "up": false, "down": false}}
2025-09-25 17:56:59,112 - game_server - INFO - log_game_event:61 - Игровое событие: обновление_позиции - {"client_id": 3, "position": {"x": 970, "y": 590}, "inputs": {"left": false, "right": false, "up": false, "down": false}}
2025-09-25 17:56:59,146 - game_server - INFO - log_game_event:61 - Игровое событие: обновление_позиции - {"client_id": 3, "position": {"x": 970, "y": 590}, "inputs": {"left": false, "right": false, "up": false, "down": false}}
2025-09-25 17:56:59,180 - game_server - INFO - log_game_event:61 - Игровое событие: обновление_позиции - {"client_id": 3, "position": {"x": 970, "y": 590}, "inputs": {"left": false, "right": false, "up": false, "down": false}}
2025-09-25 17:56:59,213 - game_server - INFO - log_game_event:61 - Игровое событие: обновление_позиции - {"client_id": 3, "position": {"x": 970, "y": 590}, "inputs": {"left": false, "right": false, "up": false, "down": false}}
2025-09-25 17:56:59,236 - game_server - INFO - log_game_event:61 - Игровое событие: обновление_позиции - {"client_id": 3, "position": {"x": 970, "y": 590}, "inputs": {"left": false, "right": false, "up": false, "down": false}}
2025-09-25 17:56:59,266 - game_server - INFO - log_game_event:61 - Игровое событие: обновление_позиции - {"client_id": 3, "position": {"x": 970, "y": 590}, "inputs": {"left": false, "right": false, "up": false, "down": false}}
2025-09-25 17:56:59,299 - game_server - INFO - log_game_event:61 - Игровое событие: обновление_позиции - {"client_id": 3, "position": {"x": 970, "y": 590}, "inputs": {"left": false, "right": false, "up": false, "down": false}}
2025-09-25 17:56:59,333 - game_server - INFO - log_game_event:61 - Игровое событие: обновление_позиции - {"client_id": 3, "position": {"x": 970, "y": 590}, "inputs": {"left": false, "right": false, "up": false, "down": false}}
2025-09-25 17:56:59,365 - game_server - INFO - log_game_event:61 - Игровое событие: обновление_позиции - {"client_id": 3, "position": {"x": 970, "y": 590}, "inputs": {"left": false, "right": false, "up": false, "down": false}}
2025-09-25 17:56:59,402 - game_server - INFO - log_game_event:61 - Игровое событие: обновление_позиции - {"client_id": 3, "position": {"x": 970, "y": 590}, "inputs": {"left": false, "right": false, "up": false, "down": false}}
2025-09-25 17:56:59,436 - game_server - INFO - log_game_event:61 - Игровое событие: обновление_позиции - {"client_id": 3, "position": {"x": 970, "y": 590}, "inputs": {"left": false, "right": false, "up": false, "down": false}}
2025-09-25 17:56:59,468 - game_server - INFO - log_game_event:61 - Игровое событие: обновление_позиции - {"client_id": 3, "position": {"x": 970, "y": 590}, "inputs": {"left": false, "right": false, "up": false, "down": false}}
2025-09-25 17:56:59,499 - game_server - INFO - log_game_event:61 - Игровое событие: обновление_позиции - {"client_id": 3, "position": {"x": 970, "y": 590}, "inputs": {"left": false, "right": false, "up": false, "down": false}}
2025-09-25 17:56:59,530 - game_server - INFO - log_game_event:61 - Игровое событие: обновление_позиции - {"client_id": 3, "position": {"x": 970, "y": 590}, "inputs": {"left": false, "right": false, "up": false, "down": false}}
2025-09-25 17:56:59,558 - game_server - INFO - log_game_event:61 - Игровое событие: обновление_позиции - {"client_id": 3, "position": {"x": 970, "y": 590}, "inputs": {"left": false, "right": false, "up": false, "down": false}}
2025-09-25 17:56:59,590 - game_server - INFO - log_game_event:61 - Игровое событие: обновление_позиции - {"client_id": 3, "position": {"x": 970, "y": 590}, "inputs": {"left": false, "right": false, "up": false, "down": false}}
2025-09-25 17:56:59,625 - game_server - INFO - log_game_event:61 - Игровое событие: обновление_позиции - {"client_id": 3, "position": {"x": 970, "y": 590}, "inputs": {"left": false, "right": false, "up": false, "down": false}}
2025-09-25 17:56:59,659 - game_server - INFO - log_game_event:61 - Игровое событие: обновление_позиции - {"client_id": 3, "position": {"x": 970, "y": 590}, "inputs": {"left": false, "right": false, "up": false, "down": false}}
2025-09-25 17:56:59,692 - game_server - INFO - log_game_event:61 - Игровое событие: обновление_позиции - {"client_id": 3, "position": {"x": 970, "y": 590}, "inputs": {"left": false, "right": false, "up": false, "down": false}}
2025-09-25 17:56:59,727 - game_server - INFO - log_game_event:61 - Игровое событие: обновление_позиции - {"client_id": 3, "position": {"x": 970, "y": 590}, "inputs": {"left": false, "right": false, "up": false, "down": false}}
2025-09-25 17:56:59,759 - game_server - INFO - log_game_event:61 - Игровое событие: обновление_позиции - {"client_id": 3, "position": {"x": 970, "y": 590}, "inputs": {"left": false, "right": false, "up": false, "down": false}}
2025-09-25 17:56:59,789 - game_server - INFO - log_game_event:61 - Игровое событие: обновление_позиции - {"client_id": 3, "position": {"x": 970, "y": 590}, "inputs": {"left": false, "right": false, "up": false, "down": false}}
2025-09-25 17:56:59,823 - game_server - INFO - log_game_event:61 - Игровое событие: обновление_позиции - {"client_id": 3, "position": {"x": 970, "y": 590}, "inputs": {"left": false, "right": false, "up": false, "down": false}}
2025-09-25 17:56:59,858 - game_server - INFO - log_game_event:61 - Игровое событие: обновление_позиции - {"client_id": 3, "position": {"x": 970, "y": 590}, "inputs": {"left": false, "right": false, "up": false, "down": false}}
2025-09-25 17:56:59,892 - game_server - INFO - log_game_event:61 - Игровое событие: обновление_позиции - {"client_id": 3, "position": {"x": 970, "y": 590}, "inputs": {"left": false, "right": false, "up": false, "down": false}}
2025-09-25 17:56:59,928 - game_server - INFO - log_game_event:61 - Игровое событие: обновление_позиции - {"client_id": 3, "position": {"x": 970, "y": 590}, "inputs": {"left": false, "right": false, "up": false, "down": false}}
2025-09-25 17:56:59,962 - game_server - INFO - log_game_event:61 - Игровое событие: обновление_позиции - {"client_id": 3, "position": {"x": 970, "y": 590}, "inputs": {"left": false, "right": false, "up": false, "down": false}}
2025-09-25 17:56:59,995 - game_server - INFO - log_game_event:61 - Игровое событие: обновление_позиции - {"client_id": 3, "position": {"x": 970, "y": 590}, "inputs": {"left": false, "right": false, "up": false, "down": false}}
2025-09-25 17:57:00,028 - game_server - INFO - log_game_event:61 - Игровое событие: обновление_позиции - {"client_id": 3, "position": {"x": 970, "y": 590}, "inputs": {"left": false, "right": false, "up": false, "down": false}}
2025-09-25 17:57:00,061 - game_server - INFO - log_game_event:61 - Игровое событие: обновление_позиции - {"client_id": 3, "position": {"x": 970, "y": 590}, "inputs": {"left": false, "right": false, "up": false, "down": false}}
2025-09-25 17:57:00,094 - game_server - INFO - log_game_event:61 - Игровое событие: обновление_позиции - {"client_id": 3, "position": {"x": 970, "y": 590}, "inputs": {"left": false, "right": false, "up": false, "down": false}}
2025-09-25 17:57:00,129 - game_server - INFO - log_game_event:61 - Игровое событие: обновление_позиции - {"client_id": 3, "position": {"x": 970, "y": 590}, "inputs": {"left": false, "right": false, "up": false, "down": false}}
2025-09-25 17:57:00,161 - game_server - INFO - log_game_event:61 - Игровое событие: обновление_позиции - {"client_id": 3, "position": {"x": 970, "y": 590}, "inputs": {"left": false, "right": false, "up": false, "down": false}}
2025-09-25 17:57:00,196 - game_server - INFO - log_game_event:61 - Игровое событие: обновление_позиции - {"client_id": 3, "position": {"x": 970, "y": 590}, "inputs": {"left": false, "right": false, "up": false, "down": false}}
2025-09-25 17:57:00,229 - game_server - INFO - log_game_event:61 - Игровое событие: обновление_позиции - {"client_id": 3, "position": {"x": 970, "y": 590}, "inputs": {"left": false, "right": false, "up": false, "down": false}}
2025-09-25 17:57:00,262 - game_server - INFO - log_game_event:61 - Игровое событие: обновление_позиции - {"client_id": 3, "position": {"x": 970, "y": 590}, "inputs": {"left": false, "right": false, "up": false, "down": false}}
2025-09-25 17:57:00,295 - game_server - INFO - log_game_event:61 - Игровое событие: обновление_позиции - {"client_id": 3, "position": {"x": 970, "y": 590}, "inputs": {"left": false, "right": false, "up": false, "down": false}}
2025-09-25 17:57:00,327 - game_server - INFO - log_game_event:61 - Игровое событие: обновление_позиции - {"client_id": 3, "position": {"x": 970, "y": 590}, "inputs": {"left": false, "right": false, "up": false, "down": false}}
2025-09-25 17:57:00,356 - game_server - INFO - log_game_event:61 - Игровое событие: обновление_позиции - {"client_id": 3, "position": {"x": 970, "y": 590}, "inputs": {"left": false, "right": false, "up": false, "down": false}}
2025-09-25 17:57:00,390 - game_server - INFO - log_game_event:61 - Игровое событие: обновление_позиции - {"client_id": 3, "position": {"x": 970, "y": 590}, "inputs": {"left": false, "right": false, "up": false, "down": false}}
2025-09-25 17:57:00,425 - game_server - INFO - log_game_event:61 - Игровое событие: обновление_позиции - {"client_id": 3, "position": {"x": 970, "y": 590}, "inputs": {"left": false, "right": false, "up": false, "down": false}}
2025-09-25 17:57:00,460 - game_server - INFO - log_game_event:61 - Игровое событие: обновление_позиции - {"client_id": 3, "position": {"x": 970, "y": 590}, "inputs": {"left": false, "right": false, "up": false, "down": false}}
2025-09-25 17:57:00,492 - game_server - INFO - log_game_event:61 - Игровое событие: обновление_позиции - {"client_id": 3, "position": {"x": 970, "y": 590}, "inputs": {"left": false, "right": false, "up": false, "down": false}}
2025-09-25 17:57:00,524 - game_server - INFO - log_game_event:61 - Игровое событие: обновление_позиции - {"client_id": 3, "position": {"x": 970, "y": 590}, "inputs": {"left": false, "right": false, "up": false, "down": false}}
2025-09-25 17:57:00,556 - game_server - INFO - log_game_event:61 - Игровое событие: обновление_позиции - {"client_id": 3, "position": {"x": 970, "y": 590}, "inputs": {"left": false, "right": false, "up": false, "down": false}}
2025-09-25 17:57:00,589 - game_server - INFO - log_game_event:61 - Игровое событие: обновление_позиции - {"client_id": 3, "position": {"x": 970, "y": 590}, "inputs": {"left": false, "right": false, "up": false, "down": false}}
2025-09-25 17:57:00,623 - game_server - INFO - log_game_event:61 - Игровое событие: обновление_позиции - {"client_id": 3, "position": {"x": 970, "y": 590}, "inputs": {"left": false, "right": false, "up": false, "down": false}}
2025-09-25 17:57:00,662 - game_server - INFO - log_game_event:61 - Игровое событие: обновление_позиции - {"client_id": 3, "position": {"x": 970, "y": 590}, "inputs": {"left": false, "right": false, "up": false, "down": false}}
2025-09-25 17:57:00,696 - game_server - INFO - log_game_event:61 - Игровое событие: обновление_позиции - {"client_id": 3, "position": {"x": 970, "y": 590}, "inputs": {"left": false, "right": false, "up": false, "down": false}}
2025-09-25 17:57:00,729 - game_server - INFO - log_game_event:61 - Игровое событие: обновление_позиции - {"client_id": 3, "position": {"x": 970, "y": 590}, "inputs": {"left": false, "right": false, "up": false, "down": false}}
2025-09-25 17:57:00,762 - game_server - INFO - log_game_event:61 - Игровое событие: обновление_позиции - {"client_id": 3, "position": {"x": 970, "y": 590}, "inputs": {"left": false, "right": false, "up": false, "down": false}}
2025-09-25 17:57:00,796 - game_server - INFO - log_game_event:61 - Игровое событие: обновление_позиции - {"client_id": 3, "position": {"x": 970, "y": 590}, "inputs": {"left": false, "right": false, "up": false, "down": false}}
2025-09-25 17:57:00,831 - game_server - INFO - log_game_event:61 - Игровое событие: обновление_позиции - {"client_id": 3, "position": {"x": 970, "y": 590}, "inputs": {"left": false, "right": false, "up": false, "down": false}}
2025-09-25 17:57:00,866 - game_server - INFO - log_game_event:61 - Игровое событие: обновление_позиции - {"client_id": 3, "position": {"x": 970, "y": 590}, "inputs": {"left": false, "right": false, "up": false, "down": false}}
2025-09-25 17:57:00,902 - game_server - INFO - log_game_event:61 - Игровое событие: обновление_позиции - {"client_id": 3, "position": {"x": 970, "y": 590}, "inputs": {"left": false, "right": false, "up": false, "down": false}}
2025-09-25 17:57:00,935 - game_server - INFO - log_game_event:61 - Игровое событие: обновление_позиции - {"client_id": 3, "position": {"x": 970, "y": 590}, "inputs": {"left": false, "right": false, "up": false, "down": false}}
2025-09-25 17:57:00,968 - game_server - INFO - log_game_event:61 - Игровое событие: обновление_позиции - {"client_id": 3, "position": {"x": 970, "y": 590}, "inputs": {"left": false, "right": false, "up": false, "down": false}}
2025-09-25 17:57:01,002 - game_server - INFO - log_game_event:61 - Игровое событие: обновление_позиции - {"client_id": 3, "position": {"x": 970, "y": 590}, "inputs": {"left": false, "right": false, "up": false, "down": false}}
2025-09-25 17:57:01,042 - game_server - INFO - log_game_event:61 - Игровое событие: обновление_позиции - {"client_id": 3, "position": {"x": 970, "y": 590}, "inputs": {"left": false, "right": false, "up": false, "down": false}}
2025-09-25 17:57:01,077 - game_server - INFO - log_game_event:61 - Игровое событие: обновление_позиции - {"client_id": 3, "position": {"x": 970, "y": 590}, "inputs": {"left": false, "right": false, "up": false, "down": false}}
2025-09-25 17:57:01,110 - game_server - INFO - log_game_event:61 - Игровое событие: обновление_позиции - {"client_id": 3, "position": {"x": 970, "y": 590}, "inputs": {"left": false, "right": false, "up": false, "down": false}}
2025-09-25 17:57:01,142 - game_server - INFO - log_game_event:61 - Игровое событие: обновление_позиции - {"client_id": 3, "position": {"x": 970, "y": 590}, "inputs": {"left": false, "right": false, "up": false, "down": false}}
2025-09-25 17:57:01,178 - game_server - INFO - log_game_event:61 - Игровое событие: обновление_позиции - {"client_id": 3, "position": {"x": 970, "y": 590}, "inputs": {"left": false, "right": false, "up": false, "down": false}}
2025-09-25 17:57:01,213 - game_server - INFO - log_game_event:61 - Игровое событие: обновление_позиции - {"client_id": 3, "position": {"x": 970, "y": 590}, "inputs": {"left": false, "right": false, "up": false, "down": false}}
2025-09-25 17:57:01,247 - game_server - INFO - log_game_event:61 - Игровое событие: обновление_позиции - {"client_id": 3, "position": {"x": 970, "y": 590}, "inputs": {"left": false, "right": false, "up": false, "down": false}}
2025-09-25 17:57:01,281 - game_server - INFO - log_game_event:61 - Игровое событие: обновление_позиции - {"client_id": 3, "position": {"x": 970, "y": 590}, "inputs": {"left": false, "right": false, "up": false, "down": false}}
2025-09-25 17:57:01,314 - game_server - INFO - log_game_event:61 - Игровое событие: обновление_позиции - {"client_id": 3, "position": {"x": 970, "y": 590}, "inputs": {"left": false, "right": false, "up": false, "down": false}}
2025-09-25 17:57:01,348 - game_server - INFO - log_game_event:61 - Игровое событие: обновление_позиции - {"client_id": 3, "position": {"x": 970, "y": 590}, "inputs": {"left": false, "right": false, "up": false, "down": false}}
2025-09-25 17:57:01,380 - game_server - INFO - log_game_event:61 - Игровое событие: обновление_позиции - {"client_id": 3, "position": {"x": 970, "y": 590}, "inputs": {"left": false, "right": false, "up": false, "down": false}}
2025-09-25 17:57:01,413 - game_server - INFO - log_game_event:61 - Игровое событие: обновление_позиции - {"client_id": 3, "position": {"x": 970, "y": 590}, "inputs": {"left": false, "right": false, "up": false, "down": false}}
2025-09-25 17:57:01,446 - game_server - INFO - log_game_event:61 - Игровое событие: обновление_позиции - {"client_id": 3, "position": {"x": 970, "y": 590}, "inputs": {"left": false, "right": false, "up": false, "down": false}}
2025-09-25 17:57:01,478 - game_server - INFO - log_game_event:61 - Игровое событие: обновление_позиции - {"client_id": 3, "position": {"x": 970, "y": 590}, "inputs": {"left": false, "right": false, "up": false, "down": false}}
2025-09-25 17:57:01,510 - game_server - INFO - log_game_event:61 - Игровое событие: обновление_позиции - {"client_id": 3, "position": {"x": 970, "y": 590}, "inputs": {"left": false, "right": false, "up": false, "down": false}}
2025-09-25 17:57:01,543 - game_server - INFO - log_game_event:61 - Игровое событие: обновление_позиции - {"client_id": 3, "position": {"x": 970, "y": 590}, "inputs": {"left": false, "right": false, "up": false, "down": false}}
2025-09-25 17:57:01,577 - game_server - INFO - log_game_event:61 - Игровое событие: обновление_позиции - {"client_id": 3, "position": {"x": 970, "y": 590}, "inputs": {"left": false, "right": false, "up": false, "down": false}}
2025-09-25 17:57:01,609 - game_server - INFO - log_game_event:61 - Игровое событие: обновление_позиции - {"client_id": 3, "position": {"x": 970, "y": 590}, "inputs": {"left": false, "right": false, "up": false, "down": false}}
2025-09-25 17:57:01,643 - game_server - INFO - log_game_event:61 - Игровое событие: обновление_позиции - {"client_id": 3, "position": {"x": 970, "y": 590}, "inputs": {"left": false, "right": false, "up": false, "down": false}}
2025-09-25 17:57:01,677 - game_server - INFO - log_game_event:61 - Игровое событие: обновление_позиции - {"client_id": 3, "position": {"x": 970, "y": 590}, "inputs": {"left": false, "right": false, "up": false, "down": false}}
2025-09-25 17:57:01,710 - game_server - INFO - log_game_event:61 - Игровое событие: обновление_позиции - {"client_id": 3, "position": {"x": 970, "y": 590}, "inputs": {"left": false, "right": false, "up": false, "down": false}}
2025-09-25 17:57:01,742 - game_server - INFO - log_game_event:61 - Игровое событие: обновление_позиции - {"client_id": 3, "position": {"x": 970, "y": 590}, "inputs": {"left": false, "right": false, "up": false, "down": false}}
2025-09-25 17:57:01,775 - game_server - INFO - log_game_event:61 - Игровое событие: обновление_позиции - {"client_id": 3, "position": {"x": 970, "y": 590}, "inputs": {"left": false, "right": false, "up": false, "down": false}}
2025-09-25 17:57:01,807 - game_server - INFO - log_game_event:61 - Игровое событие: обновление_позиции - {"client_id": 3, "position": {"x": 970, "y": 590}, "inputs": {"left": false, "right": false, "up": false, "down": false}}
2025-09-25 17:57:01,840 - game_server - INFO - log_game_event:61 - Игровое событие: обновление_позиции - {"client_id": 3, "position": {"x": 970, "y": 590}, "inputs": {"left": false, "right": false, "up": false, "down": false}}
2025-09-25 17:57:01,875 - game_server - INFO - log_game_event:61 - Игровое событие: обновление_позиции - {"client_id": 3, "position": {"x": 970, "y": 590}, "inputs": {"left": false, "right": false, "up": false, "down": false}}
2025-09-25 17:57:01,910 - game_server - INFO - log_game_event:61 - Игровое событие: обновление_позиции - {"client_id": 3, "position": {"x": 970, "y": 590}, "inputs": {"left": false, "right": false, "up": false, "down": false}}
2025-09-25 17:57:01,943 - game_server - INFO - log_game_event:61 - Игровое событие: обновление_позиции - {"client_id": 3, "position": {"x": 970, "y": 590}, "inputs": {"left": false, "right": false, "up": false, "down": false}}
2025-09-25 17:57:01,976 - game_server - INFO - log_game_event:61 - Игровое событие: обновление_позиции - {"client_id": 3, "position": {"x": 970, "y": 590}, "inputs": {"left": false, "right": false, "up": false, "down": false}}
2025-09-25 17:57:02,007 - game_server - INFO - log_game_event:61 - Игровое событие: обновление_позиции - {"client_id": 3, "position": {"x": 970, "y": 590}, "inputs": {"left": false, "right": false, "up": false, "down": false}}
2025-09-25 17:57:02,042 - game_server - INFO - log_game_event:61 - Игровое событие: обновление_позиции - {"client_id": 3, "position": {"x": 970, "y": 590}, "inputs": {"left": false, "right": false, "up": false, "down": false}}
2025-09-25 17:57:02,078 - game_server - INFO - log_game_event:61 - Игровое событие: обновление_позиции - {"client_id": 3, "position": {"x": 970, "y": 590}, "inputs": {"left": false, "right": false, "up": false, "down": false}}
2025-09-25 17:57:02,110 - game_server - INFO - log_game_event:61 - Игровое событие: обновление_позиции - {"client_id": 3, "position": {"x": 970, "y": 590}, "inputs": {"left": false, "right": false, "up": false, "down": false}}
2025-09-25 17:57:02,143 - game_server - INFO - log_game_event:61 - Игровое событие: обновление_позиции - {"client_id": 3, "position": {"x": 970, "y": 590}, "inputs": {"left": false, "right": false, "up": false, "down": false}}
2025-09-25 17:57:02,177 - game_server - INFO - log_game_event:61 - Игровое событие: обновление_позиции - {"client_id": 3, "position": {"x": 970, "y": 590}, "inputs": {"left": false, "right": false, "up": false, "down": false}}
2025-09-25 17:57:02,211 - game_server - INFO - log_game_event:61 - Игровое событие: обновление_позиции - {"client_id": 3, "position": {"x": 970, "y": 590}, "inputs": {"left": false, "right": false, "up": false, "down": false}}
2025-09-25 17:57:02,245 - game_server - INFO - log_game_event:61 - Игровое событие: обновление_позиции - {"client_id": 3, "position": {"x": 970, "y": 590}, "inputs": {"left": false, "right": false, "up": false, "down": false}}
2025-09-25 17:57:02,278 - game_server - INFO - log_game_event:61 - Игровое событие: обновление_позиции - {"client_id": 3, "position": {"x": 970, "y": 590}, "inputs": {"left": false, "right": false, "up": false, "down": false}}
2025-09-25 17:57:02,310 - game_server - INFO - log_game_event:61 - Игровое событие: обновление_позиции - {"client_id": 3, "position": {"x": 970, "y": 590}, "inputs": {"left": false, "right": false, "up": false, "down": false}}
2025-09-25 17:57:02,344 - game_server - INFO - log_game_event:61 - Игровое событие: обновление_позиции - {"client_id": 3, "position": {"x": 970, "y": 590}, "inputs": {"left": false, "right": false, "up": false, "down": false}}
2025-09-25 17:57:02,378 - game_server - INFO - log_game_event:61 - Игровое событие: обновление_позиции - {"client_id": 3, "position": {"x": 970, "y": 590}, "inputs": {"left": false, "right": false, "up": false, "down": false}}
2025-09-25 17:57:02,415 - game_server - INFO - log_game_event:61 - Игровое событие: обновление_позиции - {"client_id": 3, "position": {"x": 970, "y": 590}, "inputs": {"left": false, "right": false, "up": false, "down": false}}
2025-09-25 17:57:02,448 - game_server - INFO - log_game_event:61 - Игровое событие: обновление_позиции - {"client_id": 3, "position": {"x": 970, "y": 590}, "inputs": {"left": false, "right": false, "up": false, "down": false}}
2025-09-25 17:57:02,480 - game_server - INFO - log_game_event:61 - Игровое событие: обновление_позиции - {"client_id": 3, "position": {"x": 970, "y": 590}, "inputs": {"left": false, "right": false, "up": false, "down": false}}
2025-09-25 17:57:02,512 - game_server - INFO - log_game_event:61 - Игровое событие: обновление_позиции - {"client_id": 3, "position": {"x": 970, "y": 590}, "inputs": {"left": false, "right": false, "up": false, "down": false}}
2025-09-25 17:57:02,544 - game_server - INFO - log_game_event:61 - Игровое событие: обновление_позиции - {"client_id": 3, "position": {"x": 970, "y": 590}, "inputs": {"left": false, "right": false, "up": false, "down": false}}
2025-09-25 17:57:02,576 - game_server - INFO - log_game_event:61 - Игровое событие: обновление_позиции - {"client_id": 3, "position": {"x": 970, "y": 590}, "inputs": {"left": false, "right": false, "up": false, "down": false}}
2025-09-25 17:57:02,612 - game_server - INFO - log_game_event:61 - Игровое событие: обновление_позиции - {"client_id": 3, "position": {"x": 970, "y": 590}, "inputs": {"left": false, "right": false, "up": false, "down": false}}
2025-09-25 17:57:02,643 - game_server - INFO - log_game_event:61 - Игровое событие: обновление_позиции - {"client_id": 3, "position": {"x": 970, "y": 590}, "inputs": {"left": false, "right": false, "up": false, "down": false}}
2025-09-25 17:57:02,677 - game_server - INFO - log_game_event:61 - Игровое событие: обновление_позиции - {"client_id": 3, "position": {"x": 970, "y": 590}, "inputs": {"left": false, "right": false, "up": false, "down": false}}
2025-09-25 17:57:02,710 - game_server - INFO - log_game_event:61 - Игровое событие: обновление_позиции - {"client_id": 3, "position": {"x": 970, "y": 590}, "inputs": {"left": false, "right": false, "up": false, "down": false}}
2025-09-25 17:57:02,748 - game_server - INFO - log_game_event:61 - Игровое событие: обновление_позиции - {"client_id": 3, "position": {"x": 970, "y": 590}, "inputs": {"left": false, "right": false, "up": false, "down": false}}
2025-09-25 17:57:02,781 - game_server - INFO - log_game_event:61 - Игровое событие: обновление_позиции - {"client_id": 3, "position": {"x": 970, "y": 590}, "inputs": {"left": false, "right": false, "up": false, "down": false}}
2025-09-25 17:57:02,814 - game_server - INFO - log_game_event:61 - Игровое событие: обновление_позиции - {"client_id": 3, "position": {"x": 970, "y": 590}, "inputs": {"left": false, "right": false, "up": false, "down": false}}
2025-09-25 17:57:02,847 - game_server - INFO - log_game_event:61 - Игровое событие: обновление_позиции - {"client_id": 3, "position": {"x": 970, "y": 590}, "inputs": {"left": false, "right": false, "up": false, "down": false}}
2025-09-25 17:57:02,882 - game_server - INFO - log_game_event:61 - Игровое событие: обновление_позиции - {"client_id": 3, "position": {"x": 970, "y": 590}, "inputs": {"left": false, "right": false, "up": false, "down": false}}
2025-09-25 17:57:02,916 - game_server - INFO - log_game_event:61 - Игровое событие: обновление_позиции - {"client_id": 3, "position": {"x": 970, "y": 590}, "inputs": {"left": false, "right": false, "up": false, "down": false}}
2025-09-25 17:57:02,949 - game_server - INFO - log_game_event:61 - Игровое событие: обновление_позиции - {"client_id": 3, "position": {"x": 970, "y": 590}, "inputs": {"left": false, "right": false, "up": false, "down": false}}
2025-09-25 17:57:02,982 - game_server - INFO - log_game_event:61 - Игровое событие: обновление_позиции - {"client_id": 3, "position": {"x": 970, "y": 590}, "inputs": {"left": false, "right": false, "up": false, "down": false}}
2025-09-25 17:57:03,015 - game_server - INFO - log_game_event:61 - Игровое событие: обновление_позиции - {"client_id": 3, "position": {"x": 970, "y": 590}, "inputs": {"left": false, "right": false, "up": false, "down": false}}
2025-09-25 17:57:03,047 - game_server - INFO - log_game_event:61 - Игровое событие: обновление_позиции - {"client_id": 3, "position": {"x": 970, "y": 590}, "inputs": {"left": false, "right": false, "up": false, "down": false}}
2025-09-25 17:57:03,080 - game_server - INFO - log_game_event:61 - Игровое событие: обновление_позиции - {"client_id": 3, "position": {"x": 970, "y": 590}, "inputs": {"left": false, "right": false, "up": false, "down": false}}
2025-09-25 17:57:03,112 - game_server - INFO - log_game_event:61 - Игровое событие: обновление_позиции - {"client_id": 3, "position": {"x": 970, "y": 590}, "inputs": {"left": false, "right": false, "up": false, "down": false}}
2025-09-25 17:57:03,146 - game_server - INFO - log_game_event:61 - Игровое событие: обновление_позиции - {"client_id": 3, "position": {"x": 970, "y": 590}, "inputs": {"left": false, "right": false, "up": false, "down": false}}
2025-09-25 17:57:03,179 - game_server - INFO - log_game_event:61 - Игровое событие: обновление_позиции - {"client_id": 3, "position": {"x": 970, "y": 590}, "inputs": {"left": false, "right": false, "up": false, "down": false}}
2025-09-25 17:57:03,211 - game_server - INFO - log_game_event:61 - Игровое событие: обновление_позиции - {"client_id": 3, "position": {"x": 970, "y": 590}, "inputs": {"left": false, "right": false, "up": false, "down": false}}
2025-09-25 17:57:03,244 - game_server - INFO - log_game_event:61 - Игровое событие: обновление_позиции - {"client_id": 3, "position": {"x": 970, "y": 590}, "inputs": {"left": false, "right": false, "up": false, "down": false}}
2025-09-25 17:57:03,275 - game_server - INFO - log_game_event:61 - Игровое событие: обновление_позиции - {"client_id": 3, "position": {"x": 970, "y": 590}, "inputs": {"left": false, "right": false, "up": false, "down": false}}
2025-09-25 17:57:03,309 - game_server - INFO - log_game_event:61 - Игровое событие: обновление_позиции - {"client_id": 3, "position": {"x": 970, "y": 590}, "inputs": {"left": false, "right": false, "up": false, "down": false}}
2025-09-25 17:57:03,343 - game_server - INFO - log_game_event:61 - Игровое событие: обновление_позиции - {"client_id": 3, "position": {"x": 970, "y": 590}, "inputs": {"left": false, "right": false, "up": false, "down": false}}
2025-09-25 17:57:03,376 - game_server - INFO - log_game_event:61 - Игровое событие: обновление_позиции - {"client_id": 3, "position": {"x": 970, "y": 590}, "inputs": {"left": false, "right": false, "up": false, "down": false}}
2025-09-25 17:57:03,408 - game_server - INFO - log_game_event:61 - Игровое событие: обновление_позиции - {"client_id": 3, "position": {"x": 970, "y": 590}, "inputs": {"left": false, "right": false, "up": false, "down": false}}
2025-09-25 17:57:03,442 - game_server - INFO - log_game_event:61 - Игровое событие: обновление_позиции - {"client_id": 3, "position": {"x": 970, "y": 590}, "inputs": {"left": false, "right": false, "up": false, "down": false}}
2025-09-25 17:57:03,476 - game_server - INFO - log_game_event:61 - Игровое событие: обновление_позиции - {"client_id": 3, "position": {"x": 970, "y": 590}, "inputs": {"left": false, "right": false, "up": false, "down": false}}
2025-09-25 17:57:03,511 - game_server - INFO - log_game_event:61 - Игровое событие: обновление_позиции - {"client_id": 3, "position": {"x": 970, "y": 590}, "inputs": {"left": false, "right": false, "up": false, "down": false}}
2025-09-25 17:57:03,544 - game_server - INFO - log_game_event:61 - Игровое событие: обновление_позиции - {"client_id": 3, "position": {"x": 970, "y": 590}, "inputs": {"left": false, "right": false, "up": false, "down": false}}
2025-09-25 17:57:03,578 - game_server - INFO - log_game_event:61 - Игровое событие: обновление_позиции - {"client_id": 3, "position": {"x": 970, "y": 590}, "inputs": {"left": false, "right": false, "up": false, "down": false}}
2025-09-25 17:57:03,611 - game_server - INFO - log_game_event:61 - Игровое событие: обновление_позиции - {"client_id": 3, "position": {"x": 970, "y": 590}, "inputs": {"left": false, "right": false, "up": false, "down": false}}
2025-09-25 17:57:03,644 - game_server - INFO - log_game_event:61 - Игровое событие: обновление_позиции - {"client_id": 3, "position": {"x": 970, "y": 590}, "inputs": {"left": false, "right": false, "up": false, "down": false}}
2025-09-25 17:57:03,677 - game_server - INFO - log_game_event:61 - Игровое событие: обновление_позиции - {"client_id": 3, "position": {"x": 970, "y": 590}, "inputs": {"left": false, "right": false, "up": false, "down": false}}
2025-09-25 17:57:03,705 - game_server - INFO - log_game_event:61 - Игровое событие: обновление_позиции - {"client_id": 3, "position": {"x": 970, "y": 590}, "inputs": {"left": false, "right": false, "up": false, "down": false}}
2025-09-25 17:57:03,736 - game_server - INFO - log_game_event:61 - Игровое событие: обновление_позиции - {"client_id": 3, "position": {"x": 970, "y": 590}, "inputs": {"left": false, "right": false, "up": false, "down": false}}
2025-09-25 17:57:03,768 - game_server - INFO - log_game_event:61 - Игровое событие: обновление_позиции - {"client_id": 3, "position": {"x": 970, "y": 590}, "inputs": {"left": false, "right": false, "up": false, "down": false}}
2025-09-25 17:57:03,802 - game_server - INFO - log_game_event:61 - Игровое событие: обновление_позиции - {"client_id": 3, "position": {"x": 970, "y": 590}, "inputs": {"left": false, "right": false, "up": false, "down": false}}
2025-09-25 17:57:03,835 - game_server - INFO - log_game_event:61 - Игровое событие: обновление_позиции - {"client_id": 3, "position": {"x": 970, "y": 590}, "inputs": {"left": false, "right": false, "up": false, "down": false}}
2025-09-25 17:57:03,869 - game_server - INFO - log_game_event:61 - Игровое событие: обновление_позиции - {"client_id": 3, "position": {"x": 970, "y": 590}, "inputs": {"left": false, "right": false, "up": false, "down": false}}
2025-09-25 17:57:03,903 - game_server - INFO - log_game_event:61 - Игровое событие: обновление_позиции - {"client_id": 3, "position": {"x": 970, "y": 590}, "inputs": {"left": false, "right": false, "up": false, "down": false}}
2025-09-25 17:57:03,937 - game_server - INFO - log_game_event:61 - Игровое событие: обновление_позиции - {"client_id": 3, "position": {"x": 970, "y": 590}, "inputs": {"left": false, "right": false, "up": false, "down": false}}
2025-09-25 17:57:03,972 - game_server - INFO - log_game_event:61 - Игровое событие: обновление_позиции - {"client_id": 3, "position": {"x": 970, "y": 590}, "inputs": {"left": false, "right": false, "up": false, "down": false}}
2025-09-25 17:57:04,005 - game_server - INFO - log_game_event:61 - Игровое событие: обновление_позиции - {"client_id": 3, "position": {"x": 970, "y": 590}, "inputs": {"left": false, "right": false, "up": false, "down": false}}
2025-09-25 17:57:04,039 - game_server - INFO - log_game_event:61 - Игровое событие: обновление_позиции - {"client_id": 3, "position": {"x": 970, "y": 590}, "inputs": {"left": false, "right": false, "up": false, "down": false}}
2025-09-25 17:57:04,074 - game_server - INFO - log_game_event:61 - Игровое событие: обновление_позиции - {"client_id": 3, "position": {"x": 970, "y": 590}, "inputs": {"left": false, "right": false, "up": false, "down": false}}
2025-09-25 17:57:04,109 - game_server - INFO - log_game_event:61 - Игровое событие: обновление_позиции - {"client_id": 3, "position": {"x": 970, "y": 590}, "inputs": {"left": false, "right": false, "up": false, "down": false}}
2025-09-25 17:57:04,143 - game_server - INFO - log_game_event:61 - Игровое событие: обновление_позиции - {"client_id": 3, "position": {"x": 970, "y": 590}, "inputs": {"left": false, "right": false, "up": false, "down": false}}
2025-09-25 17:57:04,177 - game_server - INFO - log_game_event:61 - Игровое событие: обновление_позиции - {"client_id": 3, "position": {"x": 970, "y": 590}, "inputs": {"left": false, "right": false, "up": false, "down": false}}
2025-09-25 17:57:04,210 - game_server - INFO - log_game_event:61 - Игровое событие: обновление_позиции - {"client_id": 3, "position": {"x": 970, "y": 590}, "inputs": {"left": false, "right": false, "up": false, "down": false}}
2025-09-25 17:57:04,243 - game_server - INFO - log_game_event:61 - Игровое событие: обновление_позиции - {"client_id": 3, "position": {"x": 970, "y": 590}, "inputs": {"left": false, "right": false, "up": false, "down": false}}
2025-09-25 17:57:04,276 - game_server - INFO - log_game_event:61 - Игровое событие: обновление_позиции - {"client_id": 3, "position": {"x": 970, "y": 590}, "inputs": {"left": false, "right": false, "up": false, "down": false}}
2025-09-25 17:57:04,309 - game_server - INFO - log_game_event:61 - Игровое событие: обновление_позиции - {"client_id": 3, "position": {"x": 970, "y": 590}, "inputs": {"left": false, "right": false, "up": false, "down": false}}
2025-09-25 17:57:04,342 - game_server - INFO - log_game_event:61 - Игровое событие: обновление_позиции - {"client_id": 3, "position": {"x": 970, "y": 590}, "inputs": {"left": false, "right": false, "up": false, "down": false}}
2025-09-25 17:57:04,373 - game_server - INFO - log_game_event:61 - Игровое событие: обновление_позиции - {"client_id": 3, "position": {"x": 970, "y": 590}, "inputs": {"left": false, "right": false, "up": false, "down": false}}
2025-09-25 17:57:04,397 - game_server - INFO - log_game_event:61 - Игровое событие: обновление_позиции - {"client_id": 3, "position": {"x": 970, "y": 590}, "inputs": {"left": false, "right": false, "up": false, "down": false}}
2025-09-25 17:57:04,421 - game_server - INFO - log_game_event:61 - Игровое событие: обновление_позиции - {"client_id": 3, "position": {"x": 970, "y": 590}, "inputs": {"left": false, "right": false, "up": false, "down": false}}
2025-09-25 17:57:04,454 - game_server - INFO - log_game_event:61 - Игровое событие: обновление_позиции - {"client_id": 3, "position": {"x": 970, "y": 590}, "inputs": {"left": false, "right": false, "up": false, "down": false}}
2025-09-25 17:57:04,478 - game_server - INFO - log_game_event:61 - Игровое событие: обновление_позиции - {"client_id": 3, "position": {"x": 970, "y": 590}, "inputs": {"left": false, "right": false, "up": false, "down": false}}
2025-09-25 17:57:04,500 - game_server - INFO - log_game_event:61 - Игровое событие: обновление_позиции - {"client_id": 3, "position": {"x": 970, "y": 590}, "inputs": {"left": false, "right": false, "up": false, "down": false}}
2025-09-25 17:57:04,523 - game_server - INFO - log_game_event:61 - Игровое событие: обновление_позиции - {"client_id": 3, "position": {"x": 970, "y": 590}, "inputs": {"left": false, "right": false, "up": false, "down": false}}
2025-09-25 17:57:04,546 - game_server - INFO - log_game_event:61 - Игровое событие: обновление_позиции - {"client_id": 3, "position": {"x": 970, "y": 590}, "inputs": {"left": false, "right": false, "up": false, "down": false}}
2025-09-25 17:57:04,567 - game_server - INFO - log_game_event:61 - Игровое событие: обновление_позиции - {"client_id": 3, "position": {"x": 970, "y": 590}, "inputs": {"left": false, "right": false, "up": false, "down": false}}
2025-09-25 17:57:04,588 - game_server - INFO - log_game_event:61 - Игровое событие: обновление_позиции - {"client_id": 3, "position": {"x": 970, "y": 590}, "inputs": {"left": false, "right": false, "up": false, "down": false}}
2025-09-25 17:57:04,613 - game_server - INFO - log_game_event:61 - Игровое событие: обновление_позиции - {"client_id": 3, "position": {"x": 970, "y": 590}, "inputs": {"left": false, "right": false, "up": false, "down": false}}
2025-09-25 17:57:04,635 - game_server - INFO - log_game_event:61 - Игровое событие: обновление_позиции - {"client_id": 3, "position": {"x": 970, "y": 590}, "inputs": {"left": false, "right": false, "up": false, "down": false}}
2025-09-25 17:57:04,669 - game_server - INFO - log_game_event:61 - Игровое событие: обновление_позиции - {"client_id": 3, "position": {"x": 970, "y": 590}, "inputs": {"left": false, "right": false, "up": false, "down": false}}
2025-09-25 17:57:04,698 - game_server - INFO - log_game_event:61 - Игровое событие: обновление_позиции - {"client_id": 3, "position": {"x": 970, "y": 590}, "inputs": {"left": false, "right": false, "up": false, "down": false}}
2025-09-25 17:57:04,725 - game_server - INFO - log_game_event:61 - Игровое событие: обновление_позиции - {"client_id": 3, "position": {"x": 970, "y": 590}, "inputs": {"left": false, "right": false, "up": false, "down": false}}
2025-09-25 17:57:04,752 - game_server - INFO - log_game_event:61 - Игровое событие: обновление_позиции - {"client_id": 3, "position": {"x": 970, "y": 590}, "inputs": {"left": false, "right": false, "up": false, "down": false}}
2025-09-25 17:57:04,778 - game_server - INFO - log_game_event:61 - Игровое событие: обновление_позиции - {"client_id": 3, "position": {"x": 970, "y": 590}, "inputs": {"left": false, "right": false, "up": false, "down": false}}
2025-09-25 17:57:04,799 - game_server - INFO - log_game_event:61 - Игровое событие: обновление_позиции - {"client_id": 3, "position": {"x": 970, "y": 590}, "inputs": {"left": false, "right": false, "up": false, "down": false}}
2025-09-25 17:57:04,822 - game_server - INFO - log_game_event:61 - Игровое событие: обновление_позиции - {"client_id": 3, "position": {"x": 970, "y": 590}, "inputs": {"left": false, "right": false, "up": false, "down": false}}
2025-09-25 17:57:04,853 - game_server - INFO - log_game_event:61 - Игровое событие: обновление_позиции - {"client_id": 3, "position": {"x": 970, "y": 590}, "inputs": {"left": false, "right": false, "up": false, "down": false}}
2025-09-25 17:57:04,882 - game_server - INFO - log_game_event:61 - Игровое событие: обновление_позиции - {"client_id": 3, "position": {"x": 970, "y": 590}, "inputs": {"left": false, "right": false, "up": false, "down": false}}
2025-09-25 17:57:04,905 - game_server - INFO - log_game_event:61 - Игровое событие: обновление_позиции - {"client_id": 3, "position": {"x": 970, "y": 590}, "inputs": {"left": false, "right": false, "up": false, "down": false}}
2025-09-25 17:57:04,931 - game_server - INFO - log_game_event:61 - Игровое событие: обновление_позиции - {"client_id": 3, "position": {"x": 970, "y": 590}, "inputs": {"left": false, "right": false, "up": false, "down": false}}
2025-09-25 17:57:04,958 - game_server - INFO - log_game_event:61 - Игровое событие: обновление_позиции - {"client_id": 3, "position": {"x": 970, "y": 590}, "inputs": {"left": false, "right": false, "up": false, "down": false}}
2025-09-25 17:57:04,982 - game_server - INFO - log_game_event:61 - Игровое событие: обновление_позиции - {"client_id": 3, "position": {"x": 970, "y": 590}, "inputs": {"left": false, "right": false, "up": false, "down": false}}
2025-09-25 17:57:05,009 - game_server - INFO - log_game_event:61 - Игровое событие: обновление_позиции - {"client_id": 3, "position": {"x": 970, "y": 590}, "inputs": {"left": false, "right": false, "up": false, "down": false}}
2025-09-25 17:57:05,036 - game_server - INFO - log_game_event:61 - Игровое событие: обновление_позиции - {"client_id": 3, "position": {"x": 970, "y": 590}, "inputs": {"left": false, "right": false, "up": false, "down": false}}
2025-09-25 17:57:05,059 - game_server - INFO - log_game_event:61 - Игровое событие: обновление_позиции - {"client_id": 3, "position": {"x": 970, "y": 590}, "inputs": {"left": false, "right": false, "up": false, "down": false}}
2025-09-25 17:57:05,085 - game_server - INFO - log_game_event:61 - Игровое событие: обновление_позиции - {"client_id": 3, "position": {"x": 970, "y": 590}, "inputs": {"left": false, "right": false, "up": false, "down": false}}
2025-09-25 17:57:05,107 - game_server - INFO - log_game_event:61 - Игровое событие: обновление_позиции - {"client_id": 3, "position": {"x": 970, "y": 590}, "inputs": {"left": false, "right": false, "up": false, "down": false}}
2025-09-25 17:57:05,131 - game_server - INFO - log_game_event:61 - Игровое событие: обновление_позиции - {"client_id": 3, "position": {"x": 970, "y": 590}, "inputs": {"left": false, "right": false, "up": false, "down": false}}
2025-09-25 17:57:05,154 - game_server - INFO - log_game_event:61 - Игровое событие: обновление_позиции - {"client_id": 3, "position": {"x": 970, "y": 590}, "inputs": {"left": false, "right": false, "up": false, "down": false}}
2025-09-25 17:57:05,182 - game_server - INFO - log_game_event:61 - Игровое событие: обновление_позиции - {"client_id": 3, "position": {"x": 970, "y": 590}, "inputs": {"left": false, "right": false, "up": false, "down": false}}
2025-09-25 17:57:05,206 - game_server - INFO - log_game_event:61 - Игровое событие: обновление_позиции - {"client_id": 3, "position": {"x": 970, "y": 590}, "inputs": {"left": false, "right": false, "up": false, "down": false}}
2025-09-25 17:57:05,245 - game_server - INFO - log_game_event:61 - Игровое событие: обновление_позиции - {"client_id": 3, "position": {"x": 970, "y": 590}, "inputs": {"left": false, "right": false, "up": false, "down": false}}
2025-09-25 17:57:05,277 - game_server - INFO - log_game_event:61 - Игровое событие: обновление_позиции - {"client_id": 3, "position": {"x": 970, "y": 590}, "inputs": {"left": false, "right": false, "up": false, "down": false}}
2025-09-25 17:57:05,310 - game_server - INFO - log_game_event:61 - Игровое событие: обновление_позиции - {"client_id": 3, "position": {"x": 970, "y": 590}, "inputs": {"left": false, "right": false, "up": false, "down": false}}
2025-09-25 17:57:05,338 - game_server - INFO - log_game_event:61 - Игровое событие: обновление_позиции - {"client_id": 3, "position": {"x": 970, "y": 590}, "inputs": {"left": false, "right": false, "up": false, "down": false}}
2025-09-25 17:57:05,367 - game_server - INFO - log_game_event:61 - Игровое событие: обновление_позиции - {"client_id": 3, "position": {"x": 970, "y": 590}, "inputs": {"left": false, "right": false, "up": false, "down": false}}
2025-09-25 17:57:05,402 - game_server - INFO - log_game_event:61 - Игровое событие: обновление_позиции - {"client_id": 3, "position": {"x": 970, "y": 590}, "inputs": {"left": false, "right": false, "up": false, "down": false}}
2025-09-25 17:57:05,431 - game_server - INFO - log_game_event:61 - Игровое событие: обновление_позиции - {"client_id": 3, "position": {"x": 970, "y": 590}, "inputs": {"left": false, "right": false, "up": false, "down": false}}
2025-09-25 17:57:05,463 - game_server - INFO - log_game_event:61 - Игровое событие: обновление_позиции - {"client_id": 3, "position": {"x": 970, "y": 590}, "inputs": {"left": false, "right": false, "up": false, "down": false}}
2025-09-25 17:57:05,493 - game_server - INFO - log_game_event:61 - Игровое событие: обновление_позиции - {"client_id": 3, "position": {"x": 970, "y": 590}, "inputs": {"left": false, "right": false, "up": false, "down": false}}
2025-09-25 17:57:05,525 - game_server - INFO - log_game_event:61 - Игровое событие: обновление_позиции - {"client_id": 3, "position": {"x": 970, "y": 590}, "inputs": {"left": false, "right": false, "up": false, "down": false}}
2025-09-25 17:57:05,551 - game_server - INFO - log_game_event:61 - Игровое событие: обновление_позиции - {"client_id": 3, "position": {"x": 970, "y": 590}, "inputs": {"left": false, "right": false, "up": false, "down": false}}
2025-09-25 17:57:05,583 - game_server - INFO - log_game_event:61 - Игровое событие: обновление_позиции - {"client_id": 3, "position": {"x": 970, "y": 590}, "inputs": {"left": false, "right": false, "up": false, "down": false}}
2025-09-25 17:57:05,614 - game_server - INFO - log_game_event:61 - Игровое событие: обновление_позиции - {"client_id": 3, "position": {"x": 970, "y": 590}, "inputs": {"left": false, "right": false, "up": false, "down": false}}
2025-09-25 17:57:05,637 - game_server - INFO - log_game_event:61 - Игровое событие: обновление_позиции - {"client_id": 3, "position": {"x": 970, "y": 590}, "inputs": {"left": false, "right": false, "up": false, "down": false}}
2025-09-25 17:57:05,661 - game_server - INFO - log_game_event:61 - Игровое событие: обновление_позиции - {"client_id": 3, "position": {"x": 970, "y": 590}, "inputs": {"left": false, "right": false, "up": false, "down": false}}
2025-09-25 17:57:05,695 - game_server - INFO - log_game_event:61 - Игровое событие: обновление_позиции - {"client_id": 3, "position": {"x": 970, "y": 590}, "inputs": {"left": false, "right": false, "up": false, "down": false}}
2025-09-25 17:57:05,723 - game_server - INFO - log_game_event:61 - Игровое событие: обновление_позиции - {"client_id": 3, "position": {"x": 970, "y": 590}, "inputs": {"left": false, "right": false, "up": false, "down": false}}
2025-09-25 17:57:05,759 - game_server - INFO - log_game_event:61 - Игровое событие: обновление_позиции - {"client_id": 3, "position": {"x": 970, "y": 590}, "inputs": {"left": false, "right": false, "up": false, "down": false}}
2025-09-25 17:57:05,794 - game_server - INFO - log_game_event:61 - Игровое событие: обновление_позиции - {"client_id": 3, "position": {"x": 970, "y": 590}, "inputs": {"left": false, "right": false, "up": false, "down": false}}
2025-09-25 17:57:05,831 - game_server - INFO - log_game_event:61 - Игровое событие: обновление_позиции - {"client_id": 3, "position": {"x": 970, "y": 590}, "inputs": {"left": false, "right": false, "up": false, "down": false}}
2025-09-25 17:57:05,865 - game_server - INFO - log_game_event:61 - Игровое событие: обновление_позиции - {"client_id": 3, "position": {"x": 970, "y": 590}, "inputs": {"left": false, "right": false, "up": false, "down": false}}
2025-09-25 17:57:05,900 - game_server - INFO - log_game_event:61 - Игровое событие: обновление_позиции - {"client_id": 3, "position": {"x": 970, "y": 590}, "inputs": {"left": false, "right": false, "up": false, "down": false}}
2025-09-25 17:57:05,937 - game_server - INFO - log_game_event:61 - Игровое событие: обновление_позиции - {"client_id": 3, "position": {"x": 970, "y": 590}, "inputs": {"left": false, "right": false, "up": false, "down": false}}
2025-09-25 17:57:05,973 - game_server - INFO - log_game_event:61 - Игровое событие: обновление_позиции - {"client_id": 3, "position": {"x": 970, "y": 590}, "inputs": {"left": false, "right": false, "up": false, "down": false}}
2025-09-25 17:57:06,011 - game_server - INFO - log_game_event:61 - Игровое событие: обновление_позиции - {"client_id": 3, "position": {"x": 970, "y": 590}, "inputs": {"left": false, "right": false, "up": false, "down": false}}
2025-09-25 17:57:06,046 - game_server - INFO - log_game_event:61 - Игровое событие: обновление_позиции - {"client_id": 3, "position": {"x": 970, "y": 590}, "inputs": {"left": false, "right": false, "up": false, "down": false}}
2025-09-25 17:57:06,082 - game_server - INFO - log_game_event:61 - Игровое событие: обновление_позиции - {"client_id": 3, "position": {"x": 970, "y": 590}, "inputs": {"left": false, "right": false, "up": false, "down": false}}
2025-09-25 17:57:06,119 - game_server - INFO - log_game_event:61 - Игровое событие: обновление_позиции - {"client_id": 3, "position": {"x": 970, "y": 590}, "inputs": {"left": false, "right": false, "up": false, "down": false}}
2025-09-25 17:57:06,155 - game_server - INFO - log_game_event:61 - Игровое событие: обновление_позиции - {"client_id": 3, "position": {"x": 970, "y": 590}, "inputs": {"left": false, "right": false, "up": false, "down": false}}
2025-09-25 17:57:06,190 - game_server - INFO - log_game_event:61 - Игровое событие: обновление_позиции - {"client_id": 3, "position": {"x": 970, "y": 590}, "inputs": {"left": false, "right": false, "up": false, "down": false}}
2025-09-25 17:57:06,228 - game_server - INFO - log_game_event:61 - Игровое событие: обновление_позиции - {"client_id": 3, "position": {"x": 970, "y": 590}, "inputs": {"left": false, "right": false, "up": false, "down": false}}
2025-09-25 17:57:06,262 - game_server - INFO - log_game_event:61 - Игровое событие: обновление_позиции - {"client_id": 3, "position": {"x": 970, "y": 590}, "inputs": {"left": false, "right": false, "up": false, "down": false}}
2025-09-25 17:57:06,295 - game_server - INFO - log_game_event:61 - Игровое событие: обновление_позиции - {"client_id": 3, "position": {"x": 970, "y": 590}, "inputs": {"left": false, "right": false, "up": false, "down": false}}
2025-09-25 17:57:06,331 - game_server - INFO - log_game_event:61 - Игровое событие: обновление_позиции - {"client_id": 3, "position": {"x": 970, "y": 590}, "inputs": {"left": false, "right": false, "up": false, "down": false}}
2025-09-25 17:57:06,369 - game_server - INFO - log_game_event:61 - Игровое событие: обновление_позиции - {"client_id": 3, "position": {"x": 970, "y": 590}, "inputs": {"left": false, "right": false, "up": false, "down": false}}
2025-09-25 17:57:06,405 - game_server - INFO - log_game_event:61 - Игровое событие: обновление_позиции - {"client_id": 3, "position": {"x": 970, "y": 590}, "inputs": {"left": false, "right": false, "up": false, "down": false}}
2025-09-25 17:57:06,440 - game_server - INFO - log_game_event:61 - Игровое событие: обновление_позиции - {"client_id": 3, "position": {"x": 970, "y": 590}, "inputs": {"left": false, "right": false, "up": false, "down": false}}
2025-09-25 17:57:06,476 - game_server - INFO - log_game_event:61 - Игровое событие: обновление_позиции - {"client_id": 3, "position": {"x": 970, "y": 590}, "inputs": {"left": false, "right": false, "up": false, "down": false}}
2025-09-25 17:57:06,512 - game_server - INFO - log_game_event:61 - Игровое событие: обновление_позиции - {"client_id": 3, "position": {"x": 970, "y": 590}, "inputs": {"left": false, "right": false, "up": false, "down": false}}
2025-09-25 17:57:06,547 - game_server - INFO - log_game_event:61 - Игровое событие: обновление_позиции - {"client_id": 3, "position": {"x": 970, "y": 590}, "inputs": {"left": false, "right": false, "up": false, "down": false}}
2025-09-25 17:57:06,582 - game_server - INFO - log_game_event:61 - Игровое событие: обновление_позиции - {"client_id": 3, "position": {"x": 970, "y": 590}, "inputs": {"left": false, "right": false, "up": false, "down": false}}
2025-09-25 17:57:06,617 - game_server - INFO - log_game_event:61 - Игровое событие: обновление_позиции - {"client_id": 3, "position": {"x": 970, "y": 590}, "inputs": {"left": false, "right": false, "up": false, "down": false}}
2025-09-25 17:57:06,652 - game_server - INFO - log_game_event:61 - Игровое событие: обновление_позиции - {"client_id": 3, "position": {"x": 970, "y": 590}, "inputs": {"left": false, "right": false, "up": false, "down": false}}
2025-09-25 17:57:06,687 - game_server - INFO - log_game_event:61 - Игровое событие: обновление_позиции - {"client_id": 3, "position": {"x": 970, "y": 590}, "inputs": {"left": false, "right": false, "up": false, "down": false}}
2025-09-25 17:57:06,723 - game_server - INFO - log_game_event:61 - Игровое событие: обновление_позиции - {"client_id": 3, "position": {"x": 970, "y": 590}, "inputs": {"left": false, "right": false, "up": false, "down": false}}
2025-09-25 17:57:06,761 - game_server - INFO - log_game_event:61 - Игровое событие: обновление_позиции - {"client_id": 3, "position": {"x": 970, "y": 590}, "inputs": {"left": false, "right": false, "up": false, "down": false}}
2025-09-25 17:57:06,795 - game_server - INFO - log_game_event:61 - Игровое событие: обновление_позиции - {"client_id": 3, "position": {"x": 970, "y": 590}, "inputs": {"left": false, "right": false, "up": false, "down": false}}
2025-09-25 17:57:06,830 - game_server - INFO - log_game_event:61 - Игровое событие: обновление_позиции - {"client_id": 3, "position": {"x": 970, "y": 590}, "inputs": {"left": false, "right": false, "up": false, "down": false}}
2025-09-25 17:57:06,864 - game_server - INFO - log_game_event:61 - Игровое событие: обновление_позиции - {"client_id": 3, "position": {"x": 970, "y": 590}, "inputs": {"left": false, "right": false, "up": false, "down": false}}
2025-09-25 17:57:06,896 - game_server - INFO - log_game_event:61 - Игровое событие: обновление_позиции - {"client_id": 3, "position": {"x": 970, "y": 590}, "inputs": {"left": false, "right": false, "up": false, "down": false}}
2025-09-25 17:57:06,932 - game_server - INFO - log_game_event:61 - Игровое событие: обновление_позиции - {"client_id": 3, "position": {"x": 970, "y": 590}, "inputs": {"left": false, "right": false, "up": false, "down": false}}
2025-09-25 17:57:06,967 - game_server - INFO - log_game_event:61 - Игровое событие: обновление_позиции - {"client_id": 3, "position": {"x": 970, "y": 590}, "inputs": {"left": false, "right": false, "up": false, "down": false}}
2025-09-25 17:57:07,002 - game_server - INFO - log_game_event:61 - Игровое событие: обновление_позиции - {"client_id": 3, "position": {"x": 970, "y": 590}, "inputs": {"left": false, "right": false, "up": false, "down": false}}
2025-09-25 17:57:07,037 - game_server - INFO - log_game_event:61 - Игровое событие: обновление_позиции - {"client_id": 3, "position": {"x": 970, "y": 590}, "inputs": {"left": false, "right": false, "up": false, "down": false}}
2025-09-25 17:57:07,073 - game_server - INFO - log_game_event:61 - Игровое событие: обновление_позиции - {"client_id": 3, "position": {"x": 970, "y": 590}, "inputs": {"left": false, "right": false, "up": false, "down": false}}
2025-09-25 17:57:07,109 - game_server - INFO - log_game_event:61 - Игровое событие: обновление_позиции - {"client_id": 3, "position": {"x": 970, "y": 590}, "inputs": {"left": false, "right": false, "up": false, "down": false}}
2025-09-25 17:57:07,143 - game_server - INFO - log_game_event:61 - Игровое событие: обновление_позиции - {"client_id": 3, "position": {"x": 970, "y": 590}, "inputs": {"left": false, "right": false, "up": false, "down": false}}
2025-09-25 17:57:07,178 - game_server - INFO - log_game_event:61 - Игровое событие: обновление_позиции - {"client_id": 3, "position": {"x": 970, "y": 590}, "inputs": {"left": false, "right": false, "up": false, "down": false}}
2025-09-25 17:57:07,213 - game_server - INFO - log_game_event:61 - Игровое событие: обновление_позиции - {"client_id": 3, "position": {"x": 970, "y": 590}, "inputs": {"left": false, "right": false, "up": false, "down": false}}
2025-09-25 17:57:07,246 - game_server - INFO - log_game_event:61 - Игровое событие: обновление_позиции - {"client_id": 3, "position": {"x": 970, "y": 590}, "inputs": {"left": false, "right": false, "up": false, "down": false}}
2025-09-25 17:57:07,282 - game_server - INFO - log_game_event:61 - Игровое событие: обновление_позиции - {"client_id": 3, "position": {"x": 970, "y": 590}, "inputs": {"left": false, "right": false, "up": false, "down": false}}
2025-09-25 17:57:07,316 - game_server - INFO - log_game_event:61 - Игровое событие: обновление_позиции - {"client_id": 3, "position": {"x": 970, "y": 590}, "inputs": {"left": false, "right": false, "up": false, "down": false}}
2025-09-25 17:57:07,349 - game_server - INFO - log_game_event:61 - Игровое событие: обновление_позиции - {"client_id": 3, "position": {"x": 970, "y": 590}, "inputs": {"left": false, "right": false, "up": false, "down": false}}
2025-09-25 17:57:07,384 - game_server - INFO - log_game_event:61 - Игровое событие: обновление_позиции - {"client_id": 3, "position": {"x": 970, "y": 590}, "inputs": {"left": false, "right": false, "up": false, "down": false}}
2025-09-25 17:57:07,419 - game_server - INFO - log_game_event:61 - Игровое событие: обновление_позиции - {"client_id": 3, "position": {"x": 970, "y": 590}, "inputs": {"left": false, "right": false, "up": false, "down": false}}
2025-09-25 17:57:07,455 - game_server - INFO - log_game_event:61 - Игровое событие: обновление_позиции - {"client_id": 3, "position": {"x": 970, "y": 590}, "inputs": {"left": false, "right": false, "up": false, "down": false}}
2025-09-25 17:57:07,490 - game_server - INFO - log_game_event:61 - Игровое событие: обновление_позиции - {"client_id": 3, "position": {"x": 970, "y": 590}, "inputs": {"left": false, "right": false, "up": false, "down": false}}
2025-09-25 17:57:07,525 - game_server - INFO - log_game_event:61 - Игровое событие: обновление_позиции - {"client_id": 3, "position": {"x": 970, "y": 590}, "inputs": {"left": false, "right": false, "up": false, "down": false}}
2025-09-25 17:57:07,560 - game_server - INFO - log_game_event:61 - Игровое событие: обновление_позиции - {"client_id": 3, "position": {"x": 970, "y": 590}, "inputs": {"left": false, "right": false, "up": false, "down": false}}
2025-09-25 17:57:07,595 - game_server - INFO - log_game_event:61 - Игровое событие: обновление_позиции - {"client_id": 3, "position": {"x": 970, "y": 590}, "inputs": {"left": false, "right": false, "up": false, "down": false}}
2025-09-25 17:57:07,629 - game_server - INFO - log_game_event:61 - Игровое событие: обновление_позиции - {"client_id": 3, "position": {"x": 970, "y": 590}, "inputs": {"left": false, "right": false, "up": false, "down": false}}
2025-09-25 17:57:07,663 - game_server - INFO - log_game_event:61 - Игровое событие: обновление_позиции - {"client_id": 3, "position": {"x": 970, "y": 590}, "inputs": {"left": false, "right": false, "up": false, "down": false}}
2025-09-25 17:57:07,697 - game_server - INFO - log_game_event:61 - Игровое событие: обновление_позиции - {"client_id": 3, "position": {"x": 970, "y": 590}, "inputs": {"left": false, "right": false, "up": false, "down": false}}
2025-09-25 17:57:07,730 - game_server - INFO - log_game_event:61 - Игровое событие: обновление_позиции - {"client_id": 3, "position": {"x": 970, "y": 590}, "inputs": {"left": false, "right": false, "up": false, "down": false}}
2025-09-25 17:57:07,762 - game_server - INFO - log_game_event:61 - Игровое событие: обновление_позиции - {"client_id": 3, "position": {"x": 970, "y": 590}, "inputs": {"left": false, "right": false, "up": false, "down": false}}
2025-09-25 17:57:07,798 - game_server - INFO - log_game_event:61 - Игровое событие: обновление_позиции - {"client_id": 3, "position": {"x": 970, "y": 590}, "inputs": {"left": false, "right": false, "up": false, "down": false}}
2025-09-25 17:57:07,832 - game_server - INFO - log_game_event:61 - Игровое событие: обновление_позиции - {"client_id": 3, "position": {"x": 970, "y": 590}, "inputs": {"left": false, "right": false, "up": false, "down": false}}
2025-09-25 17:57:07,867 - game_server - INFO - log_game_event:61 - Игровое событие: обновление_позиции - {"client_id": 3, "position": {"x": 970, "y": 590}, "inputs": {"left": false, "right": false, "up": false, "down": false}}
2025-09-25 17:57:07,900 - game_server - INFO - log_game_event:61 - Игровое событие: обновление_позиции - {"client_id": 3, "position": {"x": 970, "y": 590}, "inputs": {"left": false, "right": false, "up": false, "down": false}}
2025-09-25 17:57:07,937 - game_server - INFO - log_game_event:61 - Игровое событие: обновление_позиции - {"client_id": 3, "position": {"x": 970, "y": 590}, "inputs": {"left": false, "right": false, "up": false, "down": false}}
2025-09-25 17:57:07,971 - game_server - INFO - log_game_event:61 - Игровое событие: обновление_позиции - {"client_id": 3, "position": {"x": 970, "y": 590}, "inputs": {"left": false, "right": false, "up": false, "down": false}}
2025-09-25 17:57:08,006 - game_server - INFO - log_game_event:61 - Игровое событие: обновление_позиции - {"client_id": 3, "position": {"x": 970, "y": 590}, "inputs": {"left": false, "right": false, "up": false, "down": false}}
2025-09-25 17:57:08,042 - game_server - INFO - log_game_event:61 - Игровое событие: обновление_позиции - {"client_id": 3, "position": {"x": 970, "y": 590}, "inputs": {"left": false, "right": false, "up": false, "down": false}}
2025-09-25 17:57:08,078 - game_server - INFO - log_game_event:61 - Игровое событие: обновление_позиции - {"client_id": 3, "position": {"x": 970, "y": 590}, "inputs": {"left": false, "right": false, "up": false, "down": false}}
2025-09-25 17:57:08,113 - game_server - INFO - log_game_event:61 - Игровое событие: обновление_позиции - {"client_id": 3, "position": {"x": 970, "y": 590}, "inputs": {"left": false, "right": false, "up": false, "down": false}}
2025-09-25 17:57:08,147 - game_server - INFO - log_game_event:61 - Игровое событие: обновление_позиции - {"client_id": 3, "position": {"x": 970, "y": 590}, "inputs": {"left": false, "right": false, "up": false, "down": false}}
2025-09-25 17:57:08,181 - game_server - INFO - log_game_event:61 - Игровое событие: обновление_позиции - {"client_id": 3, "position": {"x": 970, "y": 590}, "inputs": {"left": false, "right": false, "up": false, "down": false}}
2025-09-25 17:57:08,216 - game_server - INFO - log_game_event:61 - Игровое событие: обновление_позиции - {"client_id": 3, "position": {"x": 970, "y": 590}, "inputs": {"left": false, "right": false, "up": false, "down": false}}
2025-09-25 17:57:08,249 - game_server - INFO - log_game_event:61 - Игровое событие: обновление_позиции - {"client_id": 3, "position": {"x": 970, "y": 590}, "inputs": {"left": false, "right": false, "up": false, "down": false}}
2025-09-25 17:57:08,283 - game_server - INFO - log_game_event:61 - Игровое событие: обновление_позиции - {"client_id": 3, "position": {"x": 970, "y": 590}, "inputs": {"left": false, "right": false, "up": false, "down": false}}
2025-09-25 17:57:08,319 - game_server - INFO - log_game_event:61 - Игровое событие: обновление_позиции - {"client_id": 3, "position": {"x": 970, "y": 590}, "inputs": {"left": false, "right": false, "up": false, "down": false}}
2025-09-25 17:57:08,353 - game_server - INFO - log_game_event:61 - Игровое событие: обновление_позиции - {"client_id": 3, "position": {"x": 970, "y": 590}, "inputs": {"left": false, "right": false, "up": false, "down": false}}
2025-09-25 17:57:08,389 - game_server - INFO - log_game_event:61 - Игровое событие: обновление_позиции - {"client_id": 3, "position": {"x": 970, "y": 590}, "inputs": {"left": false, "right": false, "up": false, "down": false}}
2025-09-25 17:57:08,425 - game_server - INFO - log_game_event:61 - Игровое событие: обновление_позиции - {"client_id": 3, "position": {"x": 970, "y": 590}, "inputs": {"left": false, "right": false, "up": false, "down": false}}
2025-09-25 17:57:08,461 - game_server - INFO - log_game_event:61 - Игровое событие: обновление_позиции - {"client_id": 3, "position": {"x": 970, "y": 590}, "inputs": {"left": false, "right": false, "up": false, "down": false}}
2025-09-25 17:57:08,496 - game_server - INFO - log_game_event:61 - Игровое событие: обновление_позиции - {"client_id": 3, "position": {"x": 970, "y": 590}, "inputs": {"left": false, "right": false, "up": false, "down": false}}
2025-09-25 17:57:08,530 - game_server - INFO - log_game_event:61 - Игровое событие: обновление_позиции - {"client_id": 3, "position": {"x": 970, "y": 590}, "inputs": {"left": false, "right": false, "up": false, "down": false}}
2025-09-25 17:57:08,565 - game_server - INFO - log_game_event:61 - Игровое событие: обновление_позиции - {"client_id": 3, "position": {"x": 970, "y": 590}, "inputs": {"left": false, "right": false, "up": false, "down": false}}
2025-09-25 17:57:08,599 - game_server - INFO - log_game_event:61 - Игровое событие: обновление_позиции - {"client_id": 3, "position": {"x": 970, "y": 590}, "inputs": {"left": false, "right": false, "up": false, "down": false}}
2025-09-25 17:57:08,634 - game_server - INFO - log_game_event:61 - Игровое событие: обновление_позиции - {"client_id": 3, "position": {"x": 970, "y": 590}, "inputs": {"left": false, "right": false, "up": false, "down": false}}
2025-09-25 17:57:08,669 - game_server - INFO - log_game_event:61 - Игровое событие: обновление_позиции - {"client_id": 3, "position": {"x": 970, "y": 590}, "inputs": {"left": false, "right": false, "up": false, "down": false}}
2025-09-25 17:57:08,704 - game_server - INFO - log_game_event:61 - Игровое событие: обновление_позиции - {"client_id": 3, "position": {"x": 970, "y": 590}, "inputs": {"left": false, "right": false, "up": false, "down": false}}
2025-09-25 17:57:08,739 - game_server - INFO - log_game_event:61 - Игровое событие: обновление_позиции - {"client_id": 3, "position": {"x": 970, "y": 590}, "inputs": {"left": false, "right": false, "up": false, "down": false}}
2025-09-25 17:57:08,774 - game_server - INFO - log_game_event:61 - Игровое событие: обновление_позиции - {"client_id": 3, "position": {"x": 970, "y": 590}, "inputs": {"left": false, "right": false, "up": false, "down": false}}
2025-09-25 17:57:08,803 - game_server - INFO - log_game_event:61 - Игровое событие: обновление_позиции - {"client_id": 3, "position": {"x": 970, "y": 590}, "inputs": {"left": false, "right": false, "up": false, "down": false}}
2025-09-25 17:57:08,838 - game_server - INFO - log_game_event:61 - Игровое событие: обновление_позиции - {"client_id": 3, "position": {"x": 970, "y": 590}, "inputs": {"left": false, "right": false, "up": false, "down": false}}
2025-09-25 17:57:08,873 - game_server - INFO - log_game_event:61 - Игровое событие: обновление_позиции - {"client_id": 3, "position": {"x": 970, "y": 590}, "inputs": {"left": false, "right": false, "up": false, "down": false}}
2025-09-25 17:57:08,907 - game_server - INFO - log_game_event:61 - Игровое событие: обновление_позиции - {"client_id": 3, "position": {"x": 970, "y": 590}, "inputs": {"left": false, "right": false, "up": false, "down": false}}
2025-09-25 17:57:08,942 - game_server - INFO - log_game_event:61 - Игровое событие: обновление_позиции - {"client_id": 3, "position": {"x": 970, "y": 590}, "inputs": {"left": false, "right": false, "up": false, "down": false}}
2025-09-25 17:57:08,975 - game_server - INFO - log_game_event:61 - Игровое событие: обновление_позиции - {"client_id": 3, "position": {"x": 970, "y": 590}, "inputs": {"left": false, "right": false, "up": false, "down": false}}
2025-09-25 17:57:09,007 - game_server - INFO - log_game_event:61 - Игровое событие: обновление_позиции - {"client_id": 3, "position": {"x": 970, "y": 590}, "inputs": {"left": false, "right": false, "up": false, "down": false}}
2025-09-25 17:57:09,041 - game_server - INFO - log_game_event:61 - Игровое событие: обновление_позиции - {"client_id": 3, "position": {"x": 970, "y": 590}, "inputs": {"left": false, "right": false, "up": false, "down": false}}
2025-09-25 17:57:09,075 - game_server - INFO - log_game_event:61 - Игровое событие: обновление_позиции - {"client_id": 3, "position": {"x": 970, "y": 590}, "inputs": {"left": false, "right": false, "up": false, "down": false}}
2025-09-25 17:57:09,110 - game_server - INFO - log_game_event:61 - Игровое событие: обновление_позиции - {"client_id": 3, "position": {"x": 970, "y": 590}, "inputs": {"left": false, "right": false, "up": false, "down": false}}
2025-09-25 17:57:09,143 - game_server - INFO - log_game_event:61 - Игровое событие: обновление_позиции - {"client_id": 3, "position": {"x": 970, "y": 590}, "inputs": {"left": false, "right": false, "up": false, "down": false}}
2025-09-25 17:57:09,173 - game_server - INFO - log_game_event:61 - Игровое событие: обновление_позиции - {"client_id": 3, "position": {"x": 970, "y": 590}, "inputs": {"left": false, "right": false, "up": false, "down": false}}
2025-09-25 17:57:09,207 - game_server - INFO - log_game_event:61 - Игровое событие: обновление_позиции - {"client_id": 3, "position": {"x": 970, "y": 590}, "inputs": {"left": false, "right": false, "up": false, "down": false}}
2025-09-25 17:57:09,242 - game_server - INFO - log_game_event:61 - Игровое событие: обновление_позиции - {"client_id": 3, "position": {"x": 970, "y": 590}, "inputs": {"left": false, "right": false, "up": false, "down": false}}
2025-09-25 17:57:09,275 - game_server - INFO - log_game_event:61 - Игровое событие: обновление_позиции - {"client_id": 3, "position": {"x": 970, "y": 590}, "inputs": {"left": false, "right": false, "up": false, "down": false}}
2025-09-25 17:57:09,311 - game_server - INFO - log_game_event:61 - Игровое событие: обновление_позиции - {"client_id": 3, "position": {"x": 970, "y": 590}, "inputs": {"left": false, "right": false, "up": false, "down": false}}
2025-09-25 17:57:09,345 - game_server - INFO - log_game_event:61 - Игровое событие: обновление_позиции - {"client_id": 3, "position": {"x": 970, "y": 590}, "inputs": {"left": false, "right": false, "up": false, "down": false}}
2025-09-25 17:57:09,381 - game_server - INFO - log_game_event:61 - Игровое событие: обновление_позиции - {"client_id": 3, "position": {"x": 970, "y": 590}, "inputs": {"left": false, "right": false, "up": false, "down": false}}
2025-09-25 17:57:09,415 - game_server - INFO - log_game_event:61 - Игровое событие: обновление_позиции - {"client_id": 3, "position": {"x": 970, "y": 590}, "inputs": {"left": false, "right": false, "up": false, "down": false}}
2025-09-25 17:57:09,448 - game_server - INFO - log_game_event:61 - Игровое событие: обновление_позиции - {"client_id": 3, "position": {"x": 970, "y": 590}, "inputs": {"left": false, "right": false, "up": false, "down": false}}
2025-09-25 17:57:09,484 - game_server - INFO - log_game_event:61 - Игровое событие: обновление_позиции - {"client_id": 3, "position": {"x": 970, "y": 590}, "inputs": {"left": false, "right": false, "up": false, "down": false}}
2025-09-25 17:57:09,519 - game_server - INFO - log_game_event:61 - Игровое событие: обновление_позиции - {"client_id": 3, "position": {"x": 970, "y": 590}, "inputs": {"left": false, "right": false, "up": false, "down": false}}
2025-09-25 17:57:09,555 - game_server - INFO - log_game_event:61 - Игровое событие: обновление_позиции - {"client_id": 3, "position": {"x": 970, "y": 590}, "inputs": {"left": false, "right": false, "up": false, "down": false}}
2025-09-25 17:57:09,590 - game_server - INFO - log_game_event:61 - Игровое событие: обновление_позиции - {"client_id": 3, "position": {"x": 970, "y": 590}, "inputs": {"left": false, "right": false, "up": false, "down": false}}
2025-09-25 17:57:09,624 - game_server - INFO - log_game_event:61 - Игровое событие: обновление_позиции - {"client_id": 3, "position": {"x": 970, "y": 590}, "inputs": {"left": false, "right": false, "up": false, "down": false}}
2025-09-25 17:57:09,659 - game_server - INFO - log_game_event:61 - Игровое событие: обновление_позиции - {"client_id": 3, "position": {"x": 970, "y": 590}, "inputs": {"left": false, "right": false, "up": false, "down": false}}
2025-09-25 17:57:09,692 - game_server - INFO - log_game_event:61 - Игровое событие: обновление_позиции - {"client_id": 3, "position": {"x": 970, "y": 590}, "inputs": {"left": false, "right": false, "up": false, "down": false}}
2025-09-25 17:57:09,727 - game_server - INFO - log_game_event:61 - Игровое событие: обновление_позиции - {"client_id": 3, "position": {"x": 970, "y": 590}, "inputs": {"left": false, "right": false, "up": false, "down": false}}
2025-09-25 17:57:09,761 - game_server - INFO - log_game_event:61 - Игровое событие: обновление_позиции - {"client_id": 3, "position": {"x": 970, "y": 590}, "inputs": {"left": false, "right": false, "up": false, "down": false}}
2025-09-25 17:57:09,795 - game_server - INFO - log_game_event:61 - Игровое событие: обновление_позиции - {"client_id": 3, "position": {"x": 970, "y": 590}, "inputs": {"left": false, "right": false, "up": false, "down": false}}
2025-09-25 17:57:09,829 - game_server - INFO - log_game_event:61 - Игровое событие: обновление_позиции - {"client_id": 3, "position": {"x": 970, "y": 590}, "inputs": {"left": false, "right": false, "up": false, "down": false}}
2025-09-25 17:57:09,862 - game_server - INFO - log_game_event:61 - Игровое событие: обновление_позиции - {"client_id": 3, "position": {"x": 970, "y": 590}, "inputs": {"left": false, "right": false, "up": false, "down": false}}
2025-09-25 17:57:09,895 - game_server - INFO - log_game_event:61 - Игровое событие: обновление_позиции - {"client_id": 3, "position": {"x": 970, "y": 590}, "inputs": {"left": false, "right": false, "up": false, "down": false}}
2025-09-25 17:57:09,927 - game_server - INFO - log_game_event:61 - Игровое событие: обновление_позиции - {"client_id": 3, "position": {"x": 970, "y": 590}, "inputs": {"left": false, "right": false, "up": false, "down": false}}
2025-09-25 17:57:09,961 - game_server - INFO - log_game_event:61 - Игровое событие: обновление_позиции - {"client_id": 3, "position": {"x": 970, "y": 590}, "inputs": {"left": false, "right": false, "up": false, "down": false}}
2025-09-25 17:57:09,997 - game_server - INFO - log_game_event:61 - Игровое событие: обновление_позиции - {"client_id": 3, "position": {"x": 970, "y": 590}, "inputs": {"left": false, "right": false, "up": false, "down": false}}
2025-09-25 17:57:10,034 - game_server - INFO - log_game_event:61 - Игровое событие: обновление_позиции - {"client_id": 3, "position": {"x": 970, "y": 590}, "inputs": {"left": false, "right": false, "up": false, "down": false}}
2025-09-25 17:57:10,055 - game_server - INFO - log_game_event:61 - Игровое событие: обновление_позиции - {"client_id": 3, "position": {"x": 970, "y": 590}, "inputs": {"left": false, "right": false, "up": false, "down": false}}
2025-09-25 17:57:10,079 - game_server - INFO - log_game_event:61 - Игровое событие: обновление_позиции - {"client_id": 3, "position": {"x": 970, "y": 590}, "inputs": {"left": false, "right": false, "up": false, "down": false}}
2025-09-25 17:57:10,104 - game_server - INFO - log_game_event:61 - Игровое событие: обновление_позиции - {"client_id": 3, "position": {"x": 970, "y": 590}, "inputs": {"left": false, "right": false, "up": false, "down": false}}
2025-09-25 17:57:10,141 - game_server - INFO - log_game_event:61 - Игровое событие: обновление_позиции - {"client_id": 3, "position": {"x": 970, "y": 590}, "inputs": {"left": false, "right": false, "up": false, "down": false}}
2025-09-25 17:57:10,174 - game_server - INFO - log_game_event:61 - Игровое событие: обновление_позиции - {"client_id": 3, "position": {"x": 970, "y": 590}, "inputs": {"left": false, "right": false, "up": false, "down": false}}
2025-09-25 17:57:10,211 - game_server - INFO - log_game_event:61 - Игровое событие: обновление_позиции - {"client_id": 3, "position": {"x": 970, "y": 590}, "inputs": {"left": false, "right": false, "up": false, "down": false}}
2025-09-25 17:57:10,244 - game_server - INFO - log_game_event:61 - Игровое событие: обновление_позиции - {"client_id": 3, "position": {"x": 970, "y": 590}, "inputs": {"left": false, "right": false, "up": false, "down": false}}
2025-09-25 17:57:10,280 - game_server - INFO - log_game_event:61 - Игровое событие: обновление_позиции - {"client_id": 3, "position": {"x": 970, "y": 590}, "inputs": {"left": false, "right": false, "up": false, "down": false}}
2025-09-25 17:57:10,309 - game_server - INFO - log_game_event:61 - Игровое событие: обновление_позиции - {"client_id": 3, "position": {"x": 970, "y": 590}, "inputs": {"left": false, "right": false, "up": false, "down": false}}
2025-09-25 17:57:10,337 - game_server - INFO - log_game_event:61 - Игровое событие: обновление_позиции - {"client_id": 3, "position": {"x": 970, "y": 590}, "inputs": {"left": false, "right": false, "up": false, "down": false}}
2025-09-25 17:57:10,371 - game_server - INFO - log_game_event:61 - Игровое событие: обновление_позиции - {"client_id": 3, "position": {"x": 970, "y": 590}, "inputs": {"left": false, "right": false, "up": false, "down": false}}
2025-09-25 17:57:10,407 - game_server - INFO - log_game_event:61 - Игровое событие: обновление_позиции - {"client_id": 3, "position": {"x": 970, "y": 590}, "inputs": {"left": false, "right": false, "up": false, "down": false}}
2025-09-25 17:57:10,434 - game_server - INFO - log_game_event:61 - Игровое событие: обновление_позиции - {"client_id": 3, "position": {"x": 970, "y": 590}, "inputs": {"left": false, "right": false, "up": false, "down": false}}
2025-09-25 17:57:10,456 - game_server - INFO - log_game_event:61 - Игровое событие: обновление_позиции - {"client_id": 3, "position": {"x": 970, "y": 590}, "inputs": {"left": false, "right": false, "up": false, "down": false}}
2025-09-25 17:57:10,484 - game_server - INFO - log_game_event:61 - Игровое событие: обновление_позиции - {"client_id": 3, "position": {"x": 970, "y": 590}, "inputs": {"left": false, "right": false, "up": false, "down": false}}
2025-09-25 17:57:10,514 - game_server - INFO - log_game_event:61 - Игровое событие: обновление_позиции - {"client_id": 3, "position": {"x": 970, "y": 590}, "inputs": {"left": false, "right": false, "up": false, "down": false}}
2025-09-25 17:57:10,544 - game_server - INFO - log_game_event:61 - Игровое событие: обновление_позиции - {"client_id": 3, "position": {"x": 970, "y": 590}, "inputs": {"left": false, "right": false, "up": false, "down": false}}
2025-09-25 17:57:10,578 - game_server - INFO - log_game_event:61 - Игровое событие: обновление_позиции - {"client_id": 3, "position": {"x": 970, "y": 590}, "inputs": {"left": false, "right": false, "up": false, "down": false}}
2025-09-25 17:57:10,610 - game_server - INFO - log_game_event:61 - Игровое событие: обновление_позиции - {"client_id": 3, "position": {"x": 970, "y": 590}, "inputs": {"left": false, "right": false, "up": false, "down": false}}
2025-09-25 17:57:10,643 - game_server - INFO - log_game_event:61 - Игровое событие: обновление_позиции - {"client_id": 3, "position": {"x": 970, "y": 590}, "inputs": {"left": false, "right": false, "up": false, "down": false}}
2025-09-25 17:57:10,682 - game_server - INFO - log_game_event:61 - Игровое событие: обновление_позиции - {"client_id": 3, "position": {"x": 970, "y": 590}, "inputs": {"left": false, "right": false, "up": false, "down": false}}
2025-09-25 17:57:10,719 - game_server - INFO - log_game_event:61 - Игровое событие: обновление_позиции - {"client_id": 3, "position": {"x": 970, "y": 590}, "inputs": {"left": false, "right": false, "up": false, "down": false}}
2025-09-25 17:57:10,753 - game_server - INFO - log_game_event:61 - Игровое событие: обновление_позиции - {"client_id": 3, "position": {"x": 970, "y": 590}, "inputs": {"left": false, "right": false, "up": false, "down": false}}
2025-09-25 17:57:10,792 - game_server - INFO - log_game_event:61 - Игровое событие: обновление_позиции - {"client_id": 3, "position": {"x": 970, "y": 590}, "inputs": {"left": false, "right": false, "up": false, "down": false}}
2025-09-25 17:57:10,830 - game_server - INFO - log_game_event:61 - Игровое событие: обновление_позиции - {"client_id": 3, "position": {"x": 970, "y": 590}, "inputs": {"left": false, "right": false, "up": false, "down": false}}
2025-09-25 17:57:10,869 - game_server - INFO - log_game_event:61 - Игровое событие: обновление_позиции - {"client_id": 3, "position": {"x": 970, "y": 590}, "inputs": {"left": false, "right": false, "up": false, "down": false}}
2025-09-25 17:57:10,905 - game_server - INFO - log_game_event:61 - Игровое событие: обновление_позиции - {"client_id": 3, "position": {"x": 970, "y": 590}, "inputs": {"left": false, "right": false, "up": false, "down": false}}
2025-09-25 17:57:10,944 - game_server - INFO - log_game_event:61 - Игровое событие: обновление_позиции - {"client_id": 3, "position": {"x": 970, "y": 590}, "inputs": {"left": false, "right": false, "up": false, "down": false}}
2025-09-25 17:57:10,981 - game_server - INFO - log_game_event:61 - Игровое событие: обновление_позиции - {"client_id": 3, "position": {"x": 970, "y": 590}, "inputs": {"left": false, "right": false, "up": false, "down": false}}
2025-09-25 17:57:11,018 - game_server - INFO - log_game_event:61 - Игровое событие: обновление_позиции - {"client_id": 3, "position": {"x": 970, "y": 590}, "inputs": {"left": false, "right": false, "up": false, "down": false}}
2025-09-25 17:57:11,056 - game_server - INFO - log_game_event:61 - Игровое событие: обновление_позиции - {"client_id": 3, "position": {"x": 970, "y": 590}, "inputs": {"left": false, "right": false, "up": false, "down": false}}
2025-09-25 17:57:11,095 - game_server - INFO - log_game_event:61 - Игровое событие: обновление_позиции - {"client_id": 3, "position": {"x": 970, "y": 590}, "inputs": {"left": false, "right": false, "up": false, "down": false}}
2025-09-25 17:57:11,133 - game_server - INFO - log_game_event:61 - Игровое событие: обновление_позиции - {"client_id": 3, "position": {"x": 970, "y": 590}, "inputs": {"left": false, "right": false, "up": false, "down": false}}
2025-09-25 17:57:11,170 - game_server - INFO - log_game_event:61 - Игровое событие: обновление_позиции - {"client_id": 3, "position": {"x": 970, "y": 590}, "inputs": {"left": false, "right": false, "up": false, "down": false}}
2025-09-25 17:57:11,208 - game_server - INFO - log_game_event:61 - Игровое событие: обновление_позиции - {"client_id": 3, "position": {"x": 970, "y": 590}, "inputs": {"left": false, "right": false, "up": false, "down": false}}
2025-09-25 17:57:11,247 - game_server - INFO - log_game_event:61 - Игровое событие: обновление_позиции - {"client_id": 3, "position": {"x": 970, "y": 590}, "inputs": {"left": false, "right": false, "up": false, "down": false}}
2025-09-25 17:57:11,286 - game_server - INFO - log_game_event:61 - Игровое событие: обновление_позиции - {"client_id": 3, "position": {"x": 970, "y": 590}, "inputs": {"left": false, "right": false, "up": false, "down": false}}
2025-09-25 17:57:11,323 - game_server - INFO - log_game_event:61 - Игровое событие: обновление_позиции - {"client_id": 3, "position": {"x": 970, "y": 590}, "inputs": {"left": false, "right": false, "up": false, "down": false}}
2025-09-25 17:57:11,360 - game_server - INFO - log_game_event:61 - Игровое событие: обновление_позиции - {"client_id": 3, "position": {"x": 970, "y": 590}, "inputs": {"left": false, "right": false, "up": false, "down": false}}
2025-09-25 17:57:11,385 - game_server - INFO - log_game_event:61 - Игровое событие: обновление_позиции - {"client_id": 3, "position": {"x": 970, "y": 590}, "inputs": {"left": false, "right": false, "up": false, "down": false}}
2025-09-25 17:57:11,408 - game_server - INFO - log_game_event:61 - Игровое событие: обновление_позиции - {"client_id": 3, "position": {"x": 970, "y": 590}, "inputs": {"left": false, "right": false, "up": false, "down": false}}
2025-09-25 17:57:11,436 - game_server - INFO - log_game_event:61 - Игровое событие: обновление_позиции - {"client_id": 3, "position": {"x": 970, "y": 590}, "inputs": {"left": false, "right": false, "up": false, "down": false}}
2025-09-25 17:57:11,470 - game_server - INFO - log_game_event:61 - Игровое событие: обновление_позиции - {"client_id": 3, "position": {"x": 970, "y": 590}, "inputs": {"left": false, "right": false, "up": false, "down": false}}
2025-09-25 17:57:11,507 - game_server - INFO - log_game_event:61 - Игровое событие: обновление_позиции - {"client_id": 3, "position": {"x": 970, "y": 590}, "inputs": {"left": false, "right": false, "up": false, "down": false}}
2025-09-25 17:57:11,542 - game_server - INFO - log_game_event:61 - Игровое событие: обновление_позиции - {"client_id": 3, "position": {"x": 970, "y": 590}, "inputs": {"left": false, "right": false, "up": false, "down": false}}
2025-09-25 17:57:11,578 - game_server - INFO - log_game_event:61 - Игровое событие: обновление_позиции - {"client_id": 3, "position": {"x": 970, "y": 590}, "inputs": {"left": false, "right": false, "up": false, "down": false}}
2025-09-25 17:57:11,613 - game_server - INFO - log_game_event:61 - Игровое событие: обновление_позиции - {"client_id": 3, "position": {"x": 970, "y": 590}, "inputs": {"left": false, "right": false, "up": false, "down": false}}
2025-09-25 17:57:11,649 - game_server - INFO - log_game_event:61 - Игровое событие: обновление_позиции - {"client_id": 3, "position": {"x": 970, "y": 590}, "inputs": {"left": false, "right": false, "up": false, "down": false}}
2025-09-25 17:57:11,686 - game_server - INFO - log_game_event:61 - Игровое событие: обновление_позиции - {"client_id": 3, "position": {"x": 970, "y": 590}, "inputs": {"left": false, "right": false, "up": false, "down": false}}
2025-09-25 17:57:11,723 - game_server - INFO - log_game_event:61 - Игровое событие: обновление_позиции - {"client_id": 3, "position": {"x": 970, "y": 590}, "inputs": {"left": false, "right": false, "up": false, "down": false}}
2025-09-25 17:57:11,762 - game_server - INFO - log_game_event:61 - Игровое событие: обновление_позиции - {"client_id": 3, "position": {"x": 970, "y": 590}, "inputs": {"left": false, "right": false, "up": false, "down": false}}
2025-09-25 17:57:11,797 - game_server - INFO - log_game_event:61 - Игровое событие: обновление_позиции - {"client_id": 3, "position": {"x": 970, "y": 590}, "inputs": {"left": false, "right": false, "up": false, "down": false}}
2025-09-25 17:57:11,831 - game_server - INFO - log_game_event:61 - Игровое событие: обновление_позиции - {"client_id": 3, "position": {"x": 970, "y": 590}, "inputs": {"left": false, "right": false, "up": false, "down": false}}
2025-09-25 17:57:11,864 - game_server - INFO - log_game_event:61 - Игровое событие: обновление_позиции - {"client_id": 3, "position": {"x": 970, "y": 590}, "inputs": {"left": false, "right": false, "up": false, "down": false}}
2025-09-25 17:57:11,899 - game_server - INFO - log_game_event:61 - Игровое событие: обновление_позиции - {"client_id": 3, "position": {"x": 970, "y": 590}, "inputs": {"left": false, "right": false, "up": false, "down": false}}
2025-09-25 17:57:11,932 - game_server - INFO - log_game_event:61 - Игровое событие: обновление_позиции - {"client_id": 3, "position": {"x": 970, "y": 590}, "inputs": {"left": false, "right": false, "up": false, "down": false}}
2025-09-25 17:57:11,969 - game_server - INFO - log_game_event:61 - Игровое событие: обновление_позиции - {"client_id": 3, "position": {"x": 970, "y": 590}, "inputs": {"left": false, "right": false, "up": false, "down": false}}
2025-09-25 17:57:12,005 - game_server - INFO - log_game_event:61 - Игровое событие: обновление_позиции - {"client_id": 3, "position": {"x": 970, "y": 590}, "inputs": {"left": false, "right": false, "up": false, "down": false}}
2025-09-25 17:57:12,045 - game_server - INFO - log_game_event:61 - Игровое событие: обновление_позиции - {"client_id": 3, "position": {"x": 970, "y": 590}, "inputs": {"left": false, "right": false, "up": false, "down": false}}
2025-09-25 17:57:12,079 - game_server - INFO - log_game_event:61 - Игровое событие: обновление_позиции - {"client_id": 3, "position": {"x": 970, "y": 590}, "inputs": {"left": false, "right": false, "up": false, "down": false}}
2025-09-25 17:57:12,114 - game_server - INFO - log_game_event:61 - Игровое событие: обновление_позиции - {"client_id": 3, "position": {"x": 970, "y": 590}, "inputs": {"left": false, "right": false, "up": false, "down": false}}
2025-09-25 17:57:12,150 - game_server - INFO - log_game_event:61 - Игровое событие: обновление_позиции - {"client_id": 3, "position": {"x": 970, "y": 590}, "inputs": {"left": false, "right": false, "up": false, "down": false}}
2025-09-25 17:57:12,188 - game_server - INFO - log_game_event:61 - Игровое событие: обновление_позиции - {"client_id": 3, "position": {"x": 970, "y": 590}, "inputs": {"left": false, "right": false, "up": false, "down": false}}
2025-09-25 17:57:12,226 - game_server - INFO - log_game_event:61 - Игровое событие: обновление_позиции - {"client_id": 3, "position": {"x": 970, "y": 590}, "inputs": {"left": false, "right": false, "up": false, "down": false}}
2025-09-25 17:57:12,262 - game_server - INFO - log_game_event:61 - Игровое событие: обновление_позиции - {"client_id": 3, "position": {"x": 970, "y": 590}, "inputs": {"left": false, "right": false, "up": false, "down": false}}
2025-09-25 17:57:12,298 - game_server - INFO - log_game_event:61 - Игровое событие: обновление_позиции - {"client_id": 3, "position": {"x": 970, "y": 590}, "inputs": {"left": false, "right": false, "up": false, "down": false}}
2025-09-25 17:57:12,334 - game_server - INFO - log_game_event:61 - Игровое событие: обновление_позиции - {"client_id": 3, "position": {"x": 970, "y": 590}, "inputs": {"left": false, "right": false, "up": false, "down": false}}
2025-09-25 17:57:12,369 - game_server - INFO - log_game_event:61 - Игровое событие: обновление_позиции - {"client_id": 3, "position": {"x": 970, "y": 590}, "inputs": {"left": false, "right": false, "up": false, "down": false}}
2025-09-25 17:57:12,407 - game_server - INFO - log_game_event:61 - Игровое событие: обновление_позиции - {"client_id": 3, "position": {"x": 970, "y": 590}, "inputs": {"left": false, "right": false, "up": false, "down": false}}
2025-09-25 17:57:12,444 - game_server - INFO - log_game_event:61 - Игровое событие: обновление_позиции - {"client_id": 3, "position": {"x": 970, "y": 590}, "inputs": {"left": false, "right": false, "up": false, "down": false}}
2025-09-25 17:57:12,481 - game_server - INFO - log_game_event:61 - Игровое событие: обновление_позиции - {"client_id": 3, "position": {"x": 970, "y": 590}, "inputs": {"left": false, "right": false, "up": false, "down": false}}
2025-09-25 17:57:12,517 - game_server - INFO - log_game_event:61 - Игровое событие: обновление_позиции - {"client_id": 3, "position": {"x": 970, "y": 590}, "inputs": {"left": false, "right": false, "up": false, "down": false}}
2025-09-25 17:57:12,551 - game_server - INFO - log_game_event:61 - Игровое событие: обновление_позиции - {"client_id": 3, "position": {"x": 970, "y": 590}, "inputs": {"left": false, "right": false, "up": false, "down": false}}
2025-09-25 17:57:12,586 - game_server - INFO - log_game_event:61 - Игровое событие: обновление_позиции - {"client_id": 3, "position": {"x": 970, "y": 590}, "inputs": {"left": false, "right": false, "up": false, "down": false}}
2025-09-25 17:57:12,622 - game_server - INFO - log_game_event:61 - Игровое событие: обновление_позиции - {"client_id": 3, "position": {"x": 970, "y": 590}, "inputs": {"left": false, "right": false, "up": false, "down": false}}
2025-09-25 17:57:12,658 - game_server - INFO - log_game_event:61 - Игровое событие: обновление_позиции - {"client_id": 3, "position": {"x": 970, "y": 590}, "inputs": {"left": false, "right": false, "up": false, "down": false}}
2025-09-25 17:57:12,694 - game_server - INFO - log_game_event:61 - Игровое событие: обновление_позиции - {"client_id": 3, "position": {"x": 970, "y": 590}, "inputs": {"left": false, "right": false, "up": false, "down": false}}
2025-09-25 17:57:12,729 - game_server - INFO - log_game_event:61 - Игровое событие: обновление_позиции - {"client_id": 3, "position": {"x": 970, "y": 590}, "inputs": {"left": false, "right": false, "up": false, "down": false}}
2025-09-25 17:57:12,762 - game_server - INFO - log_game_event:61 - Игровое событие: обновление_позиции - {"client_id": 3, "position": {"x": 970, "y": 590}, "inputs": {"left": false, "right": false, "up": false, "down": false}}
2025-09-25 17:57:12,796 - game_server - INFO - log_game_event:61 - Игровое событие: обновление_позиции - {"client_id": 3, "position": {"x": 970, "y": 590}, "inputs": {"left": false, "right": false, "up": false, "down": false}}
2025-09-25 17:57:12,831 - game_server - INFO - log_game_event:61 - Игровое событие: обновление_позиции - {"client_id": 3, "position": {"x": 970, "y": 590}, "inputs": {"left": false, "right": false, "up": false, "down": false}}
2025-09-25 17:57:12,866 - game_server - INFO - log_game_event:61 - Игровое событие: обновление_позиции - {"client_id": 3, "position": {"x": 970, "y": 590}, "inputs": {"left": false, "right": false, "up": false, "down": false}}
2025-09-25 17:57:12,900 - game_server - INFO - log_game_event:61 - Игровое событие: обновление_позиции - {"client_id": 3, "position": {"x": 970, "y": 590}, "inputs": {"left": false, "right": false, "up": false, "down": false}}
2025-09-25 17:57:12,935 - game_server - INFO - log_game_event:61 - Игровое событие: обновление_позиции - {"client_id": 3, "position": {"x": 970, "y": 590}, "inputs": {"left": false, "right": false, "up": false, "down": false}}
2025-09-25 17:57:12,970 - game_server - INFO - log_game_event:61 - Игровое событие: обновление_позиции - {"client_id": 3, "position": {"x": 970, "y": 590}, "inputs": {"left": false, "right": false, "up": false, "down": false}}
2025-09-25 17:57:13,006 - game_server - INFO - log_game_event:61 - Игровое событие: обновление_позиции - {"client_id": 3, "position": {"x": 970, "y": 590}, "inputs": {"left": false, "right": false, "up": false, "down": false}}
2025-09-25 17:57:13,042 - game_server - INFO - log_game_event:61 - Игровое событие: обновление_позиции - {"client_id": 3, "position": {"x": 970, "y": 590}, "inputs": {"left": false, "right": false, "up": false, "down": false}}
2025-09-25 17:57:13,077 - game_server - INFO - log_game_event:61 - Игровое событие: обновление_позиции - {"client_id": 3, "position": {"x": 970, "y": 590}, "inputs": {"left": false, "right": false, "up": false, "down": false}}
2025-09-25 17:57:13,112 - game_server - INFO - log_game_event:61 - Игровое событие: обновление_позиции - {"client_id": 3, "position": {"x": 970, "y": 590}, "inputs": {"left": false, "right": false, "up": false, "down": false}}
2025-09-25 17:57:13,146 - game_server - INFO - log_game_event:61 - Игровое событие: обновление_позиции - {"client_id": 3, "position": {"x": 970, "y": 590}, "inputs": {"left": false, "right": false, "up": false, "down": false}}
2025-09-25 17:57:13,180 - game_server - INFO - log_game_event:61 - Игровое событие: обновление_позиции - {"client_id": 3, "position": {"x": 970, "y": 590}, "inputs": {"left": false, "right": false, "up": false, "down": false}}
2025-09-25 17:57:13,215 - game_server - INFO - log_game_event:61 - Игровое событие: обновление_позиции - {"client_id": 3, "position": {"x": 970, "y": 590}, "inputs": {"left": false, "right": false, "up": false, "down": false}}
2025-09-25 17:57:13,249 - game_server - INFO - log_game_event:61 - Игровое событие: обновление_позиции - {"client_id": 3, "position": {"x": 970, "y": 590}, "inputs": {"left": false, "right": false, "up": false, "down": false}}
2025-09-25 17:57:13,284 - game_server - INFO - log_game_event:61 - Игровое событие: обновление_позиции - {"client_id": 3, "position": {"x": 970, "y": 590}, "inputs": {"left": false, "right": false, "up": false, "down": false}}
2025-09-25 17:57:13,320 - game_server - INFO - log_game_event:61 - Игровое событие: обновление_позиции - {"client_id": 3, "position": {"x": 970, "y": 590}, "inputs": {"left": false, "right": false, "up": false, "down": false}}
2025-09-25 17:57:13,356 - game_server - INFO - log_game_event:61 - Игровое событие: обновление_позиции - {"client_id": 3, "position": {"x": 970, "y": 590}, "inputs": {"left": false, "right": false, "up": false, "down": false}}
2025-09-25 17:57:13,390 - game_server - INFO - log_game_event:61 - Игровое событие: обновление_позиции - {"client_id": 3, "position": {"x": 970, "y": 590}, "inputs": {"left": false, "right": false, "up": false, "down": false}}
2025-09-25 17:57:13,427 - game_server - INFO - log_game_event:61 - Игровое событие: обновление_позиции - {"client_id": 3, "position": {"x": 970, "y": 590}, "inputs": {"left": false, "right": false, "up": false, "down": false}}
2025-09-25 17:57:13,462 - game_server - INFO - log_game_event:61 - Игровое событие: обновление_позиции - {"client_id": 3, "position": {"x": 970, "y": 590}, "inputs": {"left": false, "right": false, "up": false, "down": false}}
2025-09-25 17:57:13,497 - game_server - INFO - log_game_event:61 - Игровое событие: обновление_позиции - {"client_id": 3, "position": {"x": 970, "y": 590}, "inputs": {"left": false, "right": false, "up": false, "down": false}}
2025-09-25 17:57:13,536 - game_server - INFO - log_game_event:61 - Игровое событие: обновление_позиции - {"client_id": 3, "position": {"x": 970, "y": 590}, "inputs": {"left": false, "right": false, "up": false, "down": false}}
2025-09-25 17:57:13,571 - game_server - INFO - log_game_event:61 - Игровое событие: обновление_позиции - {"client_id": 3, "position": {"x": 970, "y": 590}, "inputs": {"left": false, "right": false, "up": false, "down": false}}
2025-09-25 17:57:13,608 - game_server - INFO - log_game_event:61 - Игровое событие: обновление_позиции - {"client_id": 3, "position": {"x": 970, "y": 590}, "inputs": {"left": false, "right": false, "up": false, "down": false}}
2025-09-25 17:57:13,644 - game_server - INFO - log_game_event:61 - Игровое событие: обновление_позиции - {"client_id": 3, "position": {"x": 970, "y": 590}, "inputs": {"left": false, "right": false, "up": false, "down": false}}
2025-09-25 17:57:13,679 - game_server - INFO - log_game_event:61 - Игровое событие: обновление_позиции - {"client_id": 3, "position": {"x": 970, "y": 590}, "inputs": {"left": false, "right": false, "up": false, "down": false}}
2025-09-25 17:57:13,715 - game_server - INFO - log_game_event:61 - Игровое событие: обновление_позиции - {"client_id": 3, "position": {"x": 970, "y": 590}, "inputs": {"left": false, "right": false, "up": false, "down": false}}
2025-09-25 17:57:13,748 - game_server - INFO - log_game_event:61 - Игровое событие: обновление_позиции - {"client_id": 3, "position": {"x": 970, "y": 590}, "inputs": {"left": false, "right": false, "up": false, "down": false}}
2025-09-25 17:57:13,780 - game_server - INFO - log_game_event:61 - Игровое событие: обновление_позиции - {"client_id": 3, "position": {"x": 970, "y": 590}, "inputs": {"left": false, "right": false, "up": false, "down": false}}
2025-09-25 17:57:13,811 - game_server - INFO - log_game_event:61 - Игровое событие: обновление_позиции - {"client_id": 3, "position": {"x": 970, "y": 590}, "inputs": {"left": false, "right": false, "up": false, "down": false}}
2025-09-25 17:57:13,843 - game_server - INFO - log_game_event:61 - Игровое событие: обновление_позиции - {"client_id": 3, "position": {"x": 970, "y": 590}, "inputs": {"left": false, "right": false, "up": false, "down": false}}
2025-09-25 17:57:13,875 - game_server - INFO - log_game_event:61 - Игровое событие: обновление_позиции - {"client_id": 3, "position": {"x": 970, "y": 590}, "inputs": {"left": false, "right": false, "up": false, "down": false}}
2025-09-25 17:57:13,910 - game_server - INFO - log_game_event:61 - Игровое событие: обновление_позиции - {"client_id": 3, "position": {"x": 970, "y": 590}, "inputs": {"left": false, "right": false, "up": false, "down": false}}
2025-09-25 17:57:13,944 - game_server - INFO - log_game_event:61 - Игровое событие: обновление_позиции - {"client_id": 3, "position": {"x": 970, "y": 590}, "inputs": {"left": false, "right": false, "up": false, "down": false}}
2025-09-25 17:57:13,979 - game_server - INFO - log_game_event:61 - Игровое событие: обновление_позиции - {"client_id": 3, "position": {"x": 970, "y": 590}, "inputs": {"left": false, "right": false, "up": false, "down": false}}
2025-09-25 17:57:14,009 - game_server - INFO - log_game_event:61 - Игровое событие: обновление_позиции - {"client_id": 3, "position": {"x": 970, "y": 590}, "inputs": {"left": false, "right": false, "up": false, "down": false}}
2025-09-25 17:57:14,041 - game_server - INFO - log_game_event:61 - Игровое событие: обновление_позиции - {"client_id": 3, "position": {"x": 970, "y": 590}, "inputs": {"left": false, "right": false, "up": false, "down": false}}
2025-09-25 17:57:14,076 - game_server - INFO - log_game_event:61 - Игровое событие: обновление_позиции - {"client_id": 3, "position": {"x": 970, "y": 590}, "inputs": {"left": false, "right": false, "up": false, "down": false}}
2025-09-25 17:57:14,110 - game_server - INFO - log_game_event:61 - Игровое событие: обновление_позиции - {"client_id": 3, "position": {"x": 970, "y": 590}, "inputs": {"left": false, "right": false, "up": false, "down": false}}
2025-09-25 17:57:14,146 - game_server - INFO - log_game_event:61 - Игровое событие: обновление_позиции - {"client_id": 3, "position": {"x": 970, "y": 590}, "inputs": {"left": false, "right": false, "up": false, "down": false}}
2025-09-25 17:57:14,180 - game_server - INFO - log_game_event:61 - Игровое событие: обновление_позиции - {"client_id": 3, "position": {"x": 970, "y": 590}, "inputs": {"left": false, "right": false, "up": false, "down": false}}
2025-09-25 17:57:14,216 - game_server - INFO - log_game_event:61 - Игровое событие: обновление_позиции - {"client_id": 3, "position": {"x": 970, "y": 590}, "inputs": {"left": false, "right": false, "up": false, "down": false}}
2025-09-25 17:57:14,251 - game_server - INFO - log_game_event:61 - Игровое событие: обновление_позиции - {"client_id": 3, "position": {"x": 970, "y": 590}, "inputs": {"left": false, "right": false, "up": false, "down": false}}
2025-09-25 17:57:14,285 - game_server - INFO - log_game_event:61 - Игровое событие: обновление_позиции - {"client_id": 3, "position": {"x": 970, "y": 590}, "inputs": {"left": false, "right": false, "up": false, "down": false}}
2025-09-25 17:57:14,320 - game_server - INFO - log_game_event:61 - Игровое событие: обновление_позиции - {"client_id": 3, "position": {"x": 970, "y": 590}, "inputs": {"left": false, "right": false, "up": false, "down": false}}
2025-09-25 17:57:14,354 - game_server - INFO - log_game_event:61 - Игровое событие: обновление_позиции - {"client_id": 3, "position": {"x": 970, "y": 590}, "inputs": {"left": false, "right": false, "up": false, "down": false}}
2025-09-25 17:57:14,388 - game_server - INFO - log_game_event:61 - Игровое событие: обновление_позиции - {"client_id": 3, "position": {"x": 970, "y": 590}, "inputs": {"left": false, "right": false, "up": false, "down": false}}
2025-09-25 17:57:14,423 - game_server - INFO - log_game_event:61 - Игровое событие: обновление_позиции - {"client_id": 3, "position": {"x": 970, "y": 590}, "inputs": {"left": false, "right": false, "up": false, "down": false}}
2025-09-25 17:57:14,456 - game_server - INFO - log_game_event:61 - Игровое событие: обновление_позиции - {"client_id": 3, "position": {"x": 970, "y": 590}, "inputs": {"left": false, "right": false, "up": false, "down": false}}
2025-09-25 17:57:14,486 - game_server - INFO - log_game_event:61 - Игровое событие: обновление_позиции - {"client_id": 3, "position": {"x": 970, "y": 590}, "inputs": {"left": false, "right": false, "up": false, "down": false}}
2025-09-25 17:57:14,522 - game_server - INFO - log_game_event:61 - Игровое событие: обновление_позиции - {"client_id": 3, "position": {"x": 970, "y": 590}, "inputs": {"left": false, "right": false, "up": false, "down": false}}
2025-09-25 17:57:14,557 - game_server - INFO - log_game_event:61 - Игровое событие: обновление_позиции - {"client_id": 3, "position": {"x": 970, "y": 590}, "inputs": {"left": false, "right": false, "up": false, "down": false}}
2025-09-25 17:57:14,593 - game_server - INFO - log_game_event:61 - Игровое событие: обновление_позиции - {"client_id": 3, "position": {"x": 970, "y": 590}, "inputs": {"left": false, "right": false, "up": false, "down": false}}
2025-09-25 17:57:14,629 - game_server - INFO - log_game_event:61 - Игровое событие: обновление_позиции - {"client_id": 3, "position": {"x": 970, "y": 590}, "inputs": {"left": false, "right": false, "up": false, "down": false}}
2025-09-25 17:57:14,666 - game_server - INFO - log_game_event:61 - Игровое событие: обновление_позиции - {"client_id": 3, "position": {"x": 970, "y": 590}, "inputs": {"left": false, "right": false, "up": false, "down": false}}
2025-09-25 17:57:14,700 - game_server - INFO - log_game_event:61 - Игровое событие: обновление_позиции - {"client_id": 3, "position": {"x": 970, "y": 590}, "inputs": {"left": false, "right": false, "up": false, "down": false}}
2025-09-25 17:57:14,734 - game_server - INFO - log_game_event:61 - Игровое событие: обновление_позиции - {"client_id": 3, "position": {"x": 970, "y": 590}, "inputs": {"left": false, "right": false, "up": false, "down": false}}
2025-09-25 17:57:14,767 - game_server - INFO - log_game_event:61 - Игровое событие: обновление_позиции - {"client_id": 3, "position": {"x": 970, "y": 590}, "inputs": {"left": false, "right": false, "up": false, "down": false}}
2025-09-25 17:57:14,798 - game_server - INFO - log_game_event:61 - Игровое событие: обновление_позиции - {"client_id": 3, "position": {"x": 970, "y": 590}, "inputs": {"left": false, "right": false, "up": false, "down": false}}
2025-09-25 17:57:14,830 - game_server - INFO - log_game_event:61 - Игровое событие: обновление_позиции - {"client_id": 3, "position": {"x": 970, "y": 590}, "inputs": {"left": false, "right": false, "up": false, "down": false}}
2025-09-25 17:57:14,865 - game_server - INFO - log_game_event:61 - Игровое событие: обновление_позиции - {"client_id": 3, "position": {"x": 970, "y": 590}, "inputs": {"left": false, "right": false, "up": false, "down": false}}
2025-09-25 17:57:14,898 - game_server - INFO - log_game_event:61 - Игровое событие: обновление_позиции - {"client_id": 3, "position": {"x": 970, "y": 590}, "inputs": {"left": false, "right": false, "up": false, "down": false}}
2025-09-25 17:57:14,927 - game_server - INFO - log_game_event:61 - Игровое событие: обновление_позиции - {"client_id": 3, "position": {"x": 970, "y": 590}, "inputs": {"left": false, "right": false, "up": false, "down": false}}
2025-09-25 17:57:14,955 - game_server - INFO - log_game_event:61 - Игровое событие: обновление_позиции - {"client_id": 3, "position": {"x": 970, "y": 590}, "inputs": {"left": false, "right": false, "up": false, "down": false}}
2025-09-25 17:57:14,985 - game_server - INFO - log_game_event:61 - Игровое событие: обновление_позиции - {"client_id": 3, "position": {"x": 970, "y": 590}, "inputs": {"left": false, "right": false, "up": false, "down": false}}
2025-09-25 17:57:15,016 - game_server - INFO - log_game_event:61 - Игровое событие: обновление_позиции - {"client_id": 3, "position": {"x": 970, "y": 590}, "inputs": {"left": false, "right": false, "up": false, "down": false}}
2025-09-25 17:57:15,040 - game_server - INFO - log_game_event:61 - Игровое событие: обновление_позиции - {"client_id": 3, "position": {"x": 970, "y": 590}, "inputs": {"left": false, "right": false, "up": false, "down": false}}
2025-09-25 17:57:15,072 - game_server - INFO - log_game_event:61 - Игровое событие: обновление_позиции - {"client_id": 3, "position": {"x": 970, "y": 590}, "inputs": {"left": false, "right": false, "up": false, "down": false}}
2025-09-25 17:57:15,106 - game_server - INFO - log_game_event:61 - Игровое событие: обновление_позиции - {"client_id": 3, "position": {"x": 970, "y": 590}, "inputs": {"left": false, "right": false, "up": false, "down": false}}
2025-09-25 17:57:15,149 - game_server - INFO - log_game_event:61 - Игровое событие: обновление_позиции - {"client_id": 3, "position": {"x": 970, "y": 590}, "inputs": {"left": false, "right": false, "up": false, "down": false}}
2025-09-25 17:57:15,179 - game_server - INFO - log_game_event:61 - Игровое событие: обновление_позиции - {"client_id": 3, "position": {"x": 970, "y": 590}, "inputs": {"left": false, "right": false, "up": false, "down": false}}
2025-09-25 17:57:15,212 - game_server - INFO - log_game_event:61 - Игровое событие: обновление_позиции - {"client_id": 3, "position": {"x": 970, "y": 590}, "inputs": {"left": false, "right": false, "up": false, "down": false}}
2025-09-25 17:57:15,236 - game_server - INFO - log_game_event:61 - Игровое событие: обновление_позиции - {"client_id": 3, "position": {"x": 970, "y": 590}, "inputs": {"left": false, "right": false, "up": false, "down": false}}
2025-09-25 17:57:15,264 - game_server - INFO - log_game_event:61 - Игровое событие: обновление_позиции - {"client_id": 3, "position": {"x": 970, "y": 590}, "inputs": {"left": false, "right": false, "up": false, "down": false}}
2025-09-25 17:57:15,290 - game_server - INFO - log_game_event:61 - Игровое событие: обновление_позиции - {"client_id": 3, "position": {"x": 970, "y": 590}, "inputs": {"left": false, "right": false, "up": false, "down": false}}
2025-09-25 17:57:15,318 - game_server - INFO - log_game_event:61 - Игровое событие: обновление_позиции - {"client_id": 3, "position": {"x": 970, "y": 590}, "inputs": {"left": false, "right": false, "up": false, "down": false}}
2025-09-25 17:57:15,352 - game_server - INFO - log_game_event:61 - Игровое событие: обновление_позиции - {"client_id": 3, "position": {"x": 970, "y": 590}, "inputs": {"left": false, "right": false, "up": false, "down": false}}
2025-09-25 17:57:15,387 - game_server - INFO - log_game_event:61 - Игровое событие: обновление_позиции - {"client_id": 3, "position": {"x": 970, "y": 590}, "inputs": {"left": false, "right": false, "up": false, "down": false}}
2025-09-25 17:57:15,423 - game_server - INFO - log_game_event:61 - Игровое событие: обновление_позиции - {"client_id": 3, "position": {"x": 970, "y": 590}, "inputs": {"left": false, "right": false, "up": false, "down": false}}
2025-09-25 17:57:15,455 - game_server - INFO - log_game_event:61 - Игровое событие: обновление_позиции - {"client_id": 3, "position": {"x": 970, "y": 590}, "inputs": {"left": false, "right": false, "up": false, "down": false}}
2025-09-25 17:57:15,491 - game_server - INFO - log_game_event:61 - Игровое событие: обновление_позиции - {"client_id": 3, "position": {"x": 970, "y": 590}, "inputs": {"left": false, "right": false, "up": false, "down": false}}
2025-09-25 17:57:15,522 - game_server - INFO - log_game_event:61 - Игровое событие: обновление_позиции - {"client_id": 3, "position": {"x": 970, "y": 590}, "inputs": {"left": false, "right": false, "up": false, "down": false}}
2025-09-25 17:57:15,557 - game_server - INFO - log_game_event:61 - Игровое событие: обновление_позиции - {"client_id": 3, "position": {"x": 970, "y": 590}, "inputs": {"left": false, "right": false, "up": false, "down": false}}
2025-09-25 17:57:15,588 - game_server - INFO - log_game_event:61 - Игровое событие: обновление_позиции - {"client_id": 3, "position": {"x": 970, "y": 590}, "inputs": {"left": false, "right": false, "up": false, "down": false}}
2025-09-25 17:57:15,622 - game_server - INFO - log_game_event:61 - Игровое событие: обновление_позиции - {"client_id": 3, "position": {"x": 970, "y": 590}, "inputs": {"left": false, "right": false, "up": false, "down": false}}
2025-09-25 17:57:15,660 - game_server - INFO - log_game_event:61 - Игровое событие: обновление_позиции - {"client_id": 3, "position": {"x": 970, "y": 590}, "inputs": {"left": false, "right": false, "up": false, "down": false}}
2025-09-25 17:57:15,695 - game_server - INFO - log_game_event:61 - Игровое событие: обновление_позиции - {"client_id": 3, "position": {"x": 970, "y": 590}, "inputs": {"left": false, "right": false, "up": false, "down": false}}
2025-09-25 17:57:15,733 - game_server - INFO - log_game_event:61 - Игровое событие: обновление_позиции - {"client_id": 3, "position": {"x": 970, "y": 590}, "inputs": {"left": false, "right": false, "up": false, "down": false}}
2025-09-25 17:57:15,767 - game_server - INFO - log_game_event:61 - Игровое событие: обновление_позиции - {"client_id": 3, "position": {"x": 970, "y": 590}, "inputs": {"left": false, "right": false, "up": false, "down": false}}
2025-09-25 17:57:15,799 - game_server - INFO - log_game_event:61 - Игровое событие: обновление_позиции - {"client_id": 3, "position": {"x": 970, "y": 590}, "inputs": {"left": false, "right": false, "up": false, "down": false}}
2025-09-25 17:57:15,827 - game_server - INFO - log_game_event:61 - Игровое событие: обновление_позиции - {"client_id": 3, "position": {"x": 970, "y": 590}, "inputs": {"left": false, "right": false, "up": false, "down": false}}
2025-09-25 17:57:15,862 - game_server - INFO - log_game_event:61 - Игровое событие: обновление_позиции - {"client_id": 3, "position": {"x": 970, "y": 590}, "inputs": {"left": false, "right": false, "up": false, "down": false}}
2025-09-25 17:57:15,897 - game_server - INFO - log_game_event:61 - Игровое событие: обновление_позиции - {"client_id": 3, "position": {"x": 970, "y": 590}, "inputs": {"left": false, "right": false, "up": false, "down": false}}
2025-09-25 17:57:15,932 - game_server - INFO - log_game_event:61 - Игровое событие: обновление_позиции - {"client_id": 3, "position": {"x": 970, "y": 590}, "inputs": {"left": false, "right": false, "up": false, "down": false}}
2025-09-25 17:57:15,965 - game_server - INFO - log_game_event:61 - Игровое событие: обновление_позиции - {"client_id": 3, "position": {"x": 970, "y": 590}, "inputs": {"left": false, "right": false, "up": false, "down": false}}
2025-09-25 17:57:16,000 - game_server - INFO - log_game_event:61 - Игровое событие: обновление_позиции - {"client_id": 3, "position": {"x": 970, "y": 590}, "inputs": {"left": false, "right": false, "up": false, "down": false}}
2025-09-25 17:57:16,028 - game_server - INFO - log_game_event:61 - Игровое событие: обновление_позиции - {"client_id": 3, "position": {"x": 970, "y": 590}, "inputs": {"left": false, "right": false, "up": false, "down": false}}
2025-09-25 17:57:16,064 - game_server - INFO - log_game_event:61 - Игровое событие: обновление_позиции - {"client_id": 3, "position": {"x": 970, "y": 590}, "inputs": {"left": false, "right": false, "up": false, "down": false}}
2025-09-25 17:57:16,099 - game_server - INFO - log_game_event:61 - Игровое событие: обновление_позиции - {"client_id": 3, "position": {"x": 970, "y": 590}, "inputs": {"left": false, "right": false, "up": false, "down": false}}
2025-09-25 17:57:16,134 - game_server - INFO - log_game_event:61 - Игровое событие: обновление_позиции - {"client_id": 3, "position": {"x": 970, "y": 590}, "inputs": {"left": false, "right": false, "up": false, "down": false}}
2025-09-25 17:57:16,169 - game_server - INFO - log_game_event:61 - Игровое событие: обновление_позиции - {"client_id": 3, "position": {"x": 970, "y": 590}, "inputs": {"left": false, "right": false, "up": false, "down": false}}
2025-09-25 17:57:16,204 - game_server - INFO - log_game_event:61 - Игровое событие: обновление_позиции - {"client_id": 3, "position": {"x": 970, "y": 590}, "inputs": {"left": false, "right": false, "up": false, "down": false}}
2025-09-25 17:57:16,240 - game_server - INFO - log_game_event:61 - Игровое событие: обновление_позиции - {"client_id": 3, "position": {"x": 970, "y": 590}, "inputs": {"left": false, "right": false, "up": false, "down": false}}
2025-09-25 17:57:16,275 - game_server - INFO - log_game_event:61 - Игровое событие: обновление_позиции - {"client_id": 3, "position": {"x": 970, "y": 590}, "inputs": {"left": false, "right": false, "up": false, "down": false}}
2025-09-25 17:57:16,311 - game_server - INFO - log_game_event:61 - Игровое событие: обновление_позиции - {"client_id": 3, "position": {"x": 970, "y": 590}, "inputs": {"left": false, "right": false, "up": false, "down": false}}
2025-09-25 17:57:16,345 - game_server - INFO - log_game_event:61 - Игровое событие: обновление_позиции - {"client_id": 3, "position": {"x": 970, "y": 590}, "inputs": {"left": false, "right": false, "up": false, "down": false}}
2025-09-25 17:57:16,376 - game_server - INFO - log_game_event:61 - Игровое событие: обновление_позиции - {"client_id": 3, "position": {"x": 970, "y": 590}, "inputs": {"left": false, "right": false, "up": false, "down": false}}
2025-09-25 17:57:16,402 - game_server - INFO - log_game_event:61 - Игровое событие: обновление_позиции - {"client_id": 3, "position": {"x": 970, "y": 590}, "inputs": {"left": false, "right": false, "up": false, "down": false}}
2025-09-25 17:57:16,433 - game_server - INFO - log_game_event:61 - Игровое событие: обновление_позиции - {"client_id": 3, "position": {"x": 970, "y": 590}, "inputs": {"left": false, "right": false, "up": false, "down": false}}
2025-09-25 17:57:16,466 - game_server - INFO - log_game_event:61 - Игровое событие: обновление_позиции - {"client_id": 3, "position": {"x": 970, "y": 590}, "inputs": {"left": false, "right": false, "up": false, "down": false}}
2025-09-25 17:57:16,500 - game_server - INFO - log_game_event:61 - Игровое событие: обновление_позиции - {"client_id": 3, "position": {"x": 970, "y": 590}, "inputs": {"left": false, "right": false, "up": false, "down": false}}
2025-09-25 17:57:16,535 - game_server - INFO - log_game_event:61 - Игровое событие: обновление_позиции - {"client_id": 3, "position": {"x": 970, "y": 590}, "inputs": {"left": false, "right": false, "up": false, "down": false}}
2025-09-25 17:57:16,570 - game_server - INFO - log_game_event:61 - Игровое событие: обновление_позиции - {"client_id": 3, "position": {"x": 970, "y": 590}, "inputs": {"left": false, "right": false, "up": false, "down": false}}
2025-09-25 17:57:16,606 - game_server - INFO - log_game_event:61 - Игровое событие: обновление_позиции - {"client_id": 3, "position": {"x": 970, "y": 590}, "inputs": {"left": false, "right": false, "up": false, "down": false}}
2025-09-25 17:57:16,642 - game_server - INFO - log_game_event:61 - Игровое событие: обновление_позиции - {"client_id": 3, "position": {"x": 970, "y": 590}, "inputs": {"left": false, "right": false, "up": false, "down": false}}
2025-09-25 17:57:16,679 - game_server - INFO - log_game_event:61 - Игровое событие: обновление_позиции - {"client_id": 3, "position": {"x": 970, "y": 590}, "inputs": {"left": false, "right": false, "up": false, "down": false}}
2025-09-25 17:57:16,714 - game_server - INFO - log_game_event:61 - Игровое событие: обновление_позиции - {"client_id": 3, "position": {"x": 970, "y": 590}, "inputs": {"left": false, "right": false, "up": false, "down": false}}
2025-09-25 17:57:16,747 - game_server - INFO - log_game_event:61 - Игровое событие: обновление_позиции - {"client_id": 3, "position": {"x": 970, "y": 590}, "inputs": {"left": false, "right": false, "up": false, "down": false}}
2025-09-25 17:57:16,780 - game_server - INFO - log_game_event:61 - Игровое событие: обновление_позиции - {"client_id": 3, "position": {"x": 970, "y": 590}, "inputs": {"left": false, "right": false, "up": false, "down": false}}
2025-09-25 17:57:16,814 - game_server - INFO - log_game_event:61 - Игровое событие: обновление_позиции - {"client_id": 3, "position": {"x": 970, "y": 590}, "inputs": {"left": false, "right": false, "up": false, "down": false}}
2025-09-25 17:57:16,849 - game_server - INFO - log_game_event:61 - Игровое событие: обновление_позиции - {"client_id": 3, "position": {"x": 970, "y": 590}, "inputs": {"left": false, "right": false, "up": false, "down": false}}
2025-09-25 17:57:16,884 - game_server - INFO - log_game_event:61 - Игровое событие: обновление_позиции - {"client_id": 3, "position": {"x": 970, "y": 590}, "inputs": {"left": false, "right": false, "up": false, "down": false}}
2025-09-25 17:57:16,920 - game_server - INFO - log_game_event:61 - Игровое событие: обновление_позиции - {"client_id": 3, "position": {"x": 970, "y": 590}, "inputs": {"left": false, "right": false, "up": false, "down": false}}
2025-09-25 17:57:16,955 - game_server - INFO - log_game_event:61 - Игровое событие: обновление_позиции - {"client_id": 3, "position": {"x": 970, "y": 590}, "inputs": {"left": false, "right": false, "up": false, "down": false}}
2025-09-25 17:57:16,992 - game_server - INFO - log_game_event:61 - Игровое событие: обновление_позиции - {"client_id": 3, "position": {"x": 970, "y": 590}, "inputs": {"left": false, "right": false, "up": false, "down": false}}
2025-09-25 17:57:17,028 - game_server - ERROR - log_error:66 - Ошибка в Обработка клиента 3: [WinError 10054] Удаленный хост принудительно разорвал существующее подключение
Traceback (most recent call last):
  File "C:\Users\User\Desktop\Карта\server.py", line 112, in handle_client
    data = client_sock.recv(1024)
           ^^^^^^^^^^^^^^^^^^^^^^
ConnectionResetError: [WinError 10054] Удаленный хост принудительно разорвал существующее подключение
2025-09-25 17:57:17,049 - game_server - INFO - log_connection:56 - Клиент 3: отключен
2025-09-25 18:00:04,437 - game_server - INFO - log_connection:56 - Клиент 4: подключен - {"ip": "192.168.1.4", "port": 53766}
2025-09-25 18:00:04,454 - game_server - INFO - log_game_event:61 - Игровое событие: обновление_позиции - {"client_id": 4, "position": {"x": 960, "y": 540}, "inputs": {"left": false, "right": false, "up": false, "down": false}}
2025-09-25 18:00:04,487 - game_server - INFO - log_game_event:61 - Игровое событие: обновление_позиции - {"client_id": 4, "position": {"x": 960, "y": 540}, "inputs": {"left": false, "right": false, "up": false, "down": false}}
2025-09-25 18:00:04,515 - game_server - INFO - log_game_event:61 - Игровое событие: обновление_позиции - {"client_id": 4, "position": {"x": 960, "y": 540}, "inputs": {"left": false, "right": false, "up": false, "down": false}}
2025-09-25 18:00:04,551 - game_server - INFO - log_game_event:61 - Игровое событие: обновление_позиции - {"client_id": 4, "position": {"x": 960, "y": 540}, "inputs": {"left": false, "right": false, "up": false, "down": false}}
2025-09-25 18:00:04,586 - game_server - INFO - log_game_event:61 - Игровое событие: обновление_позиции - {"client_id": 4, "position": {"x": 960, "y": 540}, "inputs": {"left": false, "right": false, "up": false, "down": false}}
2025-09-25 18:00:04,622 - game_server - INFO - log_game_event:61 - Игровое событие: обновление_позиции - {"client_id": 4, "position": {"x": 960, "y": 540}, "inputs": {"left": false, "right": false, "up": false, "down": false}}
2025-09-25 18:00:04,660 - game_server - INFO - log_game_event:61 - Игровое событие: обновление_позиции - {"client_id": 4, "position": {"x": 960, "y": 540}, "inputs": {"left": false, "right": false, "up": false, "down": false}}
2025-09-25 18:00:04,697 - game_server - INFO - log_game_event:61 - Игровое событие: обновление_позиции - {"client_id": 4, "position": {"x": 960, "y": 540}, "inputs": {"left": false, "right": false, "up": false, "down": false}}
2025-09-25 18:00:04,737 - game_server - INFO - log_game_event:61 - Игровое событие: обновление_позиции - {"client_id": 4, "position": {"x": 960, "y": 540}, "inputs": {"left": false, "right": false, "up": false, "down": false}}
2025-09-25 18:00:04,775 - game_server - INFO - log_game_event:61 - Игровое событие: обновление_позиции - {"client_id": 4, "position": {"x": 960, "y": 540}, "inputs": {"left": false, "right": false, "up": false, "down": false}}
2025-09-25 18:00:04,811 - game_server - INFO - log_game_event:61 - Игровое событие: обновление_позиции - {"client_id": 4, "position": {"x": 960, "y": 540}, "inputs": {"left": false, "right": false, "up": false, "down": false}}
2025-09-25 18:00:04,844 - game_server - INFO - log_game_event:61 - Игровое событие: обновление_позиции - {"client_id": 4, "position": {"x": 960, "y": 540}, "inputs": {"left": false, "right": false, "up": false, "down": false}}
2025-09-25 18:00:04,884 - game_server - INFO - log_game_event:61 - Игровое событие: обновление_позиции - {"client_id": 4, "position": {"x": 960, "y": 540}, "inputs": {"left": false, "right": false, "up": false, "down": false}}
2025-09-25 18:00:04,921 - game_server - INFO - log_game_event:61 - Игровое событие: обновление_позиции - {"client_id": 4, "position": {"x": 960, "y": 540}, "inputs": {"left": false, "right": false, "up": false, "down": false}}
2025-09-25 18:00:04,958 - game_server - INFO - log_game_event:61 - Игровое событие: обновление_позиции - {"client_id": 4, "position": {"x": 960, "y": 540}, "inputs": {"left": false, "right": false, "up": false, "down": false}}
2025-09-25 18:00:04,996 - game_server - INFO - log_game_event:61 - Игровое событие: обновление_позиции - {"client_id": 4, "position": {"x": 960, "y": 540}, "inputs": {"left": false, "right": false, "up": false, "down": false}}
2025-09-25 18:00:05,034 - game_server - INFO - log_game_event:61 - Игровое событие: обновление_позиции - {"client_id": 4, "position": {"x": 960, "y": 540}, "inputs": {"left": false, "right": false, "up": false, "down": false}}
2025-09-25 18:00:05,070 - game_server - INFO - log_game_event:61 - Игровое событие: обновление_позиции - {"client_id": 4, "position": {"x": 960, "y": 540}, "inputs": {"left": false, "right": false, "up": false, "down": false}}
2025-09-25 18:00:05,108 - game_server - INFO - log_game_event:61 - Игровое событие: обновление_позиции - {"client_id": 4, "position": {"x": 960, "y": 540}, "inputs": {"left": false, "right": false, "up": false, "down": false}}
2025-09-25 18:00:05,147 - game_server - INFO - log_game_event:61 - Игровое событие: обновление_позиции - {"client_id": 4, "position": {"x": 960, "y": 540}, "inputs": {"left": false, "right": false, "up": false, "down": false}}
2025-09-25 18:00:05,184 - game_server - INFO - log_game_event:61 - Игровое событие: обновление_позиции - {"client_id": 4, "position": {"x": 960, "y": 540}, "inputs": {"left": false, "right": false, "up": false, "down": false}}
2025-09-25 18:00:05,222 - game_server - INFO - log_game_event:61 - Игровое событие: обновление_позиции - {"client_id": 4, "position": {"x": 960, "y": 540}, "inputs": {"left": false, "right": false, "up": false, "down": false}}
2025-09-25 18:00:05,257 - game_server - INFO - log_game_event:61 - Игровое событие: обновление_позиции - {"client_id": 4, "position": {"x": 960, "y": 540}, "inputs": {"left": false, "right": false, "up": false, "down": false}}
2025-09-25 18:00:05,338 - game_server - INFO - log_game_event:61 - Игровое событие: обновление_позиции - {"client_id": 4, "position": {"x": 960, "y": 540}, "inputs": {"left": false, "right": false, "up": false, "down": false}}
2025-09-25 18:00:05,373 - game_server - INFO - log_game_event:61 - Игровое событие: обновление_позиции - {"client_id": 4, "position": {"x": 960, "y": 540}, "inputs": {"left": false, "right": false, "up": false, "down": false}}
2025-09-25 18:00:05,406 - game_server - INFO - log_game_event:61 - Игровое событие: обновление_позиции - {"client_id": 4, "position": {"x": 960, "y": 540}, "inputs": {"left": false, "right": false, "up": false, "down": false}}
2025-09-25 18:00:05,435 - game_server - INFO - log_game_event:61 - Игровое событие: обновление_позиции - {"client_id": 4, "position": {"x": 960, "y": 540}, "inputs": {"left": false, "right": false, "up": false, "down": false}}
2025-09-25 18:00:05,465 - game_server - INFO - log_game_event:61 - Игровое событие: обновление_позиции - {"client_id": 4, "position": {"x": 960, "y": 540}, "inputs": {"left": false, "right": false, "up": false, "down": false}}
2025-09-25 18:00:05,499 - game_server - INFO - log_game_event:61 - Игровое событие: обновление_позиции - {"client_id": 4, "position": {"x": 960, "y": 540}, "inputs": {"left": false, "right": false, "up": false, "down": false}}
2025-09-25 18:00:05,541 - game_server - INFO - log_game_event:61 - Игровое событие: обновление_позиции - {"client_id": 4, "position": {"x": 960, "y": 540}, "inputs": {"left": false, "right": false, "up": false, "down": false}}
2025-09-25 18:00:05,579 - game_server - INFO - log_game_event:61 - Игровое событие: обновление_позиции - {"client_id": 4, "position": {"x": 960, "y": 540}, "inputs": {"left": false, "right": false, "up": false, "down": false}}
2025-09-25 18:00:05,617 - game_server - INFO - log_game_event:61 - Игровое событие: обновление_позиции - {"client_id": 4, "position": {"x": 960, "y": 540}, "inputs": {"left": false, "right": false, "up": false, "down": false}}
2025-09-25 18:00:05,655 - game_server - INFO - log_game_event:61 - Игровое событие: обновление_позиции - {"client_id": 4, "position": {"x": 960, "y": 540}, "inputs": {"left": false, "right": false, "up": false, "down": false}}
2025-09-25 18:00:05,691 - game_server - INFO - log_game_event:61 - Игровое событие: обновление_позиции - {"client_id": 4, "position": {"x": 960, "y": 540}, "inputs": {"left": false, "right": false, "up": false, "down": false}}
2025-09-25 18:00:05,728 - game_server - INFO - log_game_event:61 - Игровое событие: обновление_позиции - {"client_id": 4, "position": {"x": 960, "y": 540}, "inputs": {"left": false, "right": false, "up": false, "down": false}}
2025-09-25 18:00:05,766 - game_server - INFO - log_game_event:61 - Игровое событие: обновление_позиции - {"client_id": 4, "position": {"x": 960, "y": 540}, "inputs": {"left": false, "right": false, "up": false, "down": false}}
2025-09-25 18:00:05,802 - game_server - INFO - log_game_event:61 - Игровое событие: обновление_позиции - {"client_id": 4, "position": {"x": 960, "y": 540}, "inputs": {"left": false, "right": false, "up": false, "down": false}}
2025-09-25 18:00:05,841 - game_server - INFO - log_game_event:61 - Игровое событие: обновление_позиции - {"client_id": 4, "position": {"x": 960, "y": 540}, "inputs": {"left": false, "right": false, "up": false, "down": false}}
2025-09-25 18:00:05,876 - game_server - INFO - log_game_event:61 - Игровое событие: обновление_позиции - {"client_id": 4, "position": {"x": 960, "y": 540}, "inputs": {"left": false, "right": false, "up": false, "down": false}}
2025-09-25 18:00:05,914 - game_server - INFO - log_game_event:61 - Игровое событие: обновление_позиции - {"client_id": 4, "position": {"x": 960, "y": 540}, "inputs": {"left": false, "right": false, "up": false, "down": false}}
2025-09-25 18:00:05,952 - game_server - INFO - log_game_event:61 - Игровое событие: обновление_позиции - {"client_id": 4, "position": {"x": 960, "y": 540}, "inputs": {"left": false, "right": false, "up": false, "down": false}}
2025-09-25 18:00:05,988 - game_server - INFO - log_game_event:61 - Игровое событие: обновление_позиции - {"client_id": 4, "position": {"x": 960, "y": 540}, "inputs": {"left": false, "right": false, "up": false, "down": false}}
2025-09-25 18:00:06,024 - game_server - INFO - log_game_event:61 - Игровое событие: обновление_позиции - {"client_id": 4, "position": {"x": 960, "y": 540}, "inputs": {"left": false, "right": false, "up": false, "down": false}}
2025-09-25 18:00:06,061 - game_server - INFO - log_game_event:61 - Игровое событие: обновление_позиции - {"client_id": 4, "position": {"x": 960, "y": 540}, "inputs": {"left": false, "right": false, "up": false, "down": false}}
2025-09-25 18:00:06,100 - game_server - INFO - log_game_event:61 - Игровое событие: обновление_позиции - {"client_id": 4, "position": {"x": 960, "y": 540}, "inputs": {"left": false, "right": false, "up": false, "down": false}}
2025-09-25 18:00:06,135 - game_server - INFO - log_game_event:61 - Игровое событие: обновление_позиции - {"client_id": 4, "position": {"x": 960, "y": 540}, "inputs": {"left": false, "right": false, "up": false, "down": false}}
2025-09-25 18:00:06,174 - game_server - INFO - log_game_event:61 - Игровое событие: обновление_позиции - {"client_id": 4, "position": {"x": 960, "y": 540}, "inputs": {"left": false, "right": false, "up": false, "down": false}}
2025-09-25 18:00:06,214 - game_server - INFO - log_game_event:61 - Игровое событие: обновление_позиции - {"client_id": 4, "position": {"x": 960, "y": 540}, "inputs": {"left": false, "right": false, "up": false, "down": false}}
2025-09-25 18:00:06,250 - game_server - INFO - log_game_event:61 - Игровое событие: обновление_позиции - {"client_id": 4, "position": {"x": 960, "y": 540}, "inputs": {"left": false, "right": false, "up": false, "down": false}}
2025-09-25 18:00:06,288 - game_server - INFO - log_game_event:61 - Игровое событие: обновление_позиции - {"client_id": 4, "position": {"x": 960, "y": 540}, "inputs": {"left": false, "right": false, "up": false, "down": false}}
2025-09-25 18:00:06,325 - game_server - INFO - log_game_event:61 - Игровое событие: обновление_позиции - {"client_id": 4, "position": {"x": 960, "y": 540}, "inputs": {"left": false, "right": false, "up": false, "down": false}}
2025-09-25 18:00:06,360 - game_server - INFO - log_game_event:61 - Игровое событие: обновление_позиции - {"client_id": 4, "position": {"x": 960, "y": 540}, "inputs": {"left": false, "right": false, "up": false, "down": false}}
2025-09-25 18:00:06,402 - game_server - INFO - log_game_event:61 - Игровое событие: обновление_позиции - {"client_id": 4, "position": {"x": 960, "y": 545}, "inputs": {"left": false, "right": false, "up": false, "down": true}}
2025-09-25 18:00:06,439 - game_server - INFO - log_game_event:61 - Игровое событие: обновление_позиции - {"client_id": 4, "position": {"x": 960, "y": 550}, "inputs": {"left": false, "right": false, "up": false, "down": true}}
2025-09-25 18:00:06,475 - game_server - INFO - log_game_event:61 - Игровое событие: обновление_позиции - {"client_id": 4, "position": {"x": 960, "y": 555}, "inputs": {"left": false, "right": false, "up": false, "down": true}}
2025-09-25 18:00:06,512 - game_server - INFO - log_game_event:61 - Игровое событие: обновление_позиции - {"client_id": 4, "position": {"x": 960, "y": 560}, "inputs": {"left": false, "right": false, "up": false, "down": true}}
2025-09-25 18:00:06,550 - game_server - INFO - log_game_event:61 - Игровое событие: обновление_позиции - {"client_id": 4, "position": {"x": 960, "y": 565}, "inputs": {"left": false, "right": false, "up": false, "down": true}}
2025-09-25 18:00:06,585 - game_server - INFO - log_game_event:61 - Игровое событие: обновление_позиции - {"client_id": 4, "position": {"x": 960, "y": 570}, "inputs": {"left": false, "right": false, "up": false, "down": true}}
2025-09-25 18:00:06,621 - game_server - INFO - log_game_event:61 - Игровое событие: обновление_позиции - {"client_id": 4, "position": {"x": 960, "y": 575}, "inputs": {"left": false, "right": false, "up": false, "down": true}}
2025-09-25 18:00:06,657 - game_server - INFO - log_game_event:61 - Игровое событие: обновление_позиции - {"client_id": 4, "position": {"x": 955, "y": 580}, "inputs": {"left": true, "right": false, "up": false, "down": true}}
2025-09-25 18:00:06,697 - game_server - INFO - log_game_event:61 - Игровое событие: обновление_позиции - {"client_id": 4, "position": {"x": 950, "y": 580}, "inputs": {"left": true, "right": false, "up": false, "down": false}}
2025-09-25 18:00:06,730 - game_server - INFO - log_game_event:61 - Игровое событие: обновление_позиции - {"client_id": 4, "position": {"x": 945, "y": 580}, "inputs": {"left": true, "right": false, "up": false, "down": false}}
2025-09-25 18:00:06,767 - game_server - INFO - log_game_event:61 - Игровое событие: обновление_позиции - {"client_id": 4, "position": {"x": 940, "y": 580}, "inputs": {"left": true, "right": false, "up": false, "down": false}}
2025-09-25 18:00:06,803 - game_server - INFO - log_game_event:61 - Игровое событие: обновление_позиции - {"client_id": 4, "position": {"x": 935, "y": 580}, "inputs": {"left": true, "right": false, "up": false, "down": false}}
2025-09-25 18:00:06,839 - game_server - INFO - log_game_event:61 - Игровое событие: обновление_позиции - {"client_id": 4, "position": {"x": 930, "y": 580}, "inputs": {"left": true, "right": false, "up": false, "down": false}}
2025-09-25 18:00:06,875 - game_server - INFO - log_game_event:61 - Игровое событие: обновление_позиции - {"client_id": 4, "position": {"x": 925, "y": 580}, "inputs": {"left": true, "right": false, "up": false, "down": false}}
2025-09-25 18:00:06,913 - game_server - INFO - log_game_event:61 - Игровое событие: обновление_позиции - {"client_id": 4, "position": {"x": 920, "y": 580}, "inputs": {"left": true, "right": false, "up": false, "down": false}}
2025-09-25 18:00:06,951 - game_server - INFO - log_game_event:61 - Игровое событие: обновление_позиции - {"client_id": 4, "position": {"x": 920, "y": 580}, "inputs": {"left": true, "right": true, "up": false, "down": false}}
2025-09-25 18:00:06,989 - game_server - INFO - log_game_event:61 - Игровое событие: обновление_позиции - {"client_id": 4, "position": {"x": 925, "y": 580}, "inputs": {"left": false, "right": true, "up": false, "down": false}}
2025-09-25 18:00:07,025 - game_server - INFO - log_game_event:61 - Игровое событие: обновление_позиции - {"client_id": 4, "position": {"x": 930, "y": 580}, "inputs": {"left": false, "right": true, "up": false, "down": false}}
2025-09-25 18:00:07,065 - game_server - INFO - log_game_event:61 - Игровое событие: обновление_позиции - {"client_id": 4, "position": {"x": 935, "y": 580}, "inputs": {"left": false, "right": true, "up": false, "down": false}}
2025-09-25 18:00:07,100 - game_server - INFO - log_game_event:61 - Игровое событие: обновление_позиции - {"client_id": 4, "position": {"x": 940, "y": 580}, "inputs": {"left": false, "right": true, "up": false, "down": false}}
2025-09-25 18:00:07,137 - game_server - INFO - log_game_event:61 - Игровое событие: обновление_позиции - {"client_id": 4, "position": {"x": 945, "y": 580}, "inputs": {"left": false, "right": true, "up": false, "down": false}}
2025-09-25 18:00:07,173 - game_server - INFO - log_game_event:61 - Игровое событие: обновление_позиции - {"client_id": 4, "position": {"x": 950, "y": 575}, "inputs": {"left": false, "right": true, "up": true, "down": false}}
2025-09-25 18:00:07,213 - game_server - INFO - log_game_event:61 - Игровое событие: обновление_позиции - {"client_id": 4, "position": {"x": 950, "y": 570}, "inputs": {"left": false, "right": false, "up": true, "down": false}}
2025-09-25 18:00:07,249 - game_server - INFO - log_game_event:61 - Игровое событие: обновление_позиции - {"client_id": 4, "position": {"x": 950, "y": 565}, "inputs": {"left": false, "right": false, "up": true, "down": false}}
2025-09-25 18:00:07,287 - game_server - INFO - log_game_event:61 - Игровое событие: обновление_позиции - {"client_id": 4, "position": {"x": 950, "y": 560}, "inputs": {"left": false, "right": false, "up": true, "down": false}}
2025-09-25 18:00:07,322 - game_server - INFO - log_game_event:61 - Игровое событие: обновление_позиции - {"client_id": 4, "position": {"x": 950, "y": 555}, "inputs": {"left": false, "right": false, "up": true, "down": false}}
2025-09-25 18:00:07,365 - game_server - INFO - log_game_event:61 - Игровое событие: обновление_позиции - {"client_id": 4, "position": {"x": 950, "y": 555}, "inputs": {"left": false, "right": false, "up": false, "down": false}}
2025-09-25 18:00:07,395 - game_server - INFO - log_game_event:61 - Игровое событие: обновление_позиции - {"client_id": 4, "position": {"x": 950, "y": 555}, "inputs": {"left": false, "right": false, "up": false, "down": false}}
2025-09-25 18:00:07,426 - game_server - INFO - log_game_event:61 - Игровое событие: обновление_позиции - {"client_id": 4, "position": {"x": 950, "y": 555}, "inputs": {"left": false, "right": false, "up": false, "down": false}}
2025-09-25 18:00:07,453 - game_server - INFO - log_game_event:61 - Игровое событие: обновление_позиции - {"client_id": 4, "position": {"x": 950, "y": 555}, "inputs": {"left": false, "right": false, "up": false, "down": false}}
2025-09-25 18:00:07,487 - game_server - INFO - log_game_event:61 - Игровое событие: обновление_позиции - {"client_id": 4, "position": {"x": 950, "y": 555}, "inputs": {"left": false, "right": false, "up": false, "down": false}}
2025-09-25 18:00:07,509 - game_server - INFO - log_game_event:61 - Игровое событие: обновление_позиции - {"client_id": 4, "position": {"x": 950, "y": 555}, "inputs": {"left": false, "right": false, "up": false, "down": false}}
2025-09-25 18:00:07,540 - game_server - INFO - log_game_event:61 - Игровое событие: обновление_позиции - {"client_id": 4, "position": {"x": 950, "y": 555}, "inputs": {"left": false, "right": false, "up": false, "down": false}}
2025-09-25 18:00:07,566 - game_server - INFO - log_game_event:61 - Игровое событие: обновление_позиции - {"client_id": 4, "position": {"x": 950, "y": 555}, "inputs": {"left": false, "right": false, "up": false, "down": false}}
2025-09-25 18:00:07,590 - game_server - INFO - log_game_event:61 - Игровое событие: обновление_позиции - {"client_id": 4, "position": {"x": 950, "y": 555}, "inputs": {"left": false, "right": false, "up": false, "down": false}}
2025-09-25 18:00:07,616 - game_server - INFO - log_game_event:61 - Игровое событие: обновление_позиции - {"client_id": 4, "position": {"x": 950, "y": 555}, "inputs": {"left": false, "right": false, "up": false, "down": false}}
2025-09-25 18:00:07,638 - game_server - INFO - log_game_event:61 - Игровое событие: обновление_позиции - {"client_id": 4, "position": {"x": 950, "y": 555}, "inputs": {"left": false, "right": false, "up": false, "down": false}}
2025-09-25 18:00:07,662 - game_server - INFO - log_game_event:61 - Игровое событие: обновление_позиции - {"client_id": 4, "position": {"x": 950, "y": 555}, "inputs": {"left": false, "right": false, "up": false, "down": false}}
2025-09-25 18:00:07,684 - game_server - INFO - log_game_event:61 - Игровое событие: обновление_позиции - {"client_id": 4, "position": {"x": 950, "y": 555}, "inputs": {"left": false, "right": false, "up": false, "down": false}}
2025-09-25 18:00:07,707 - game_server - INFO - log_game_event:61 - Игровое событие: обновление_позиции - {"client_id": 4, "position": {"x": 950, "y": 555}, "inputs": {"left": false, "right": false, "up": false, "down": false}}
2025-09-25 18:00:07,729 - game_server - INFO - log_game_event:61 - Игровое событие: обновление_позиции - {"client_id": 4, "position": {"x": 950, "y": 555}, "inputs": {"left": false, "right": false, "up": false, "down": false}}
2025-09-25 18:00:07,752 - game_server - INFO - log_game_event:61 - Игровое событие: обновление_позиции - {"client_id": 4, "position": {"x": 950, "y": 555}, "inputs": {"left": false, "right": false, "up": false, "down": false}}
2025-09-25 18:00:07,775 - game_server - INFO - log_game_event:61 - Игровое событие: обновление_позиции - {"client_id": 4, "position": {"x": 950, "y": 555}, "inputs": {"left": false, "right": false, "up": false, "down": false}}
2025-09-25 18:00:08,069 - game_server - INFO - log_game_event:61 - Игровое событие: обновление_позиции - {"client_id": 4, "position": {"x": 950, "y": 555}, "inputs": {"left": false, "right": false, "up": false, "down": false}}
2025-09-25 18:00:08,104 - game_server - INFO - log_game_event:61 - Игровое событие: обновление_позиции - {"client_id": 4, "position": {"x": 950, "y": 555}, "inputs": {"left": false, "right": false, "up": false, "down": false}}
2025-09-25 18:00:08,137 - game_server - INFO - log_game_event:61 - Игровое событие: обновление_позиции - {"client_id": 4, "position": {"x": 950, "y": 555}, "inputs": {"left": false, "right": false, "up": false, "down": false}}
2025-09-25 18:00:08,167 - game_server - INFO - log_game_event:61 - Игровое событие: обновление_позиции - {"client_id": 4, "position": {"x": 950, "y": 555}, "inputs": {"left": false, "right": false, "up": false, "down": false}}
2025-09-25 18:00:08,193 - game_server - INFO - log_game_event:61 - Игровое событие: обновление_позиции - {"client_id": 4, "position": {"x": 950, "y": 555}, "inputs": {"left": false, "right": false, "up": false, "down": false}}
2025-09-25 18:00:08,216 - game_server - INFO - log_game_event:61 - Игровое событие: обновление_позиции - {"client_id": 4, "position": {"x": 950, "y": 555}, "inputs": {"left": false, "right": false, "up": false, "down": false}}
2025-09-25 18:00:08,242 - game_server - INFO - log_game_event:61 - Игровое событие: обновление_позиции - {"client_id": 4, "position": {"x": 950, "y": 555}, "inputs": {"left": false, "right": false, "up": false, "down": false}}
2025-09-25 18:00:08,277 - game_server - INFO - log_game_event:61 - Игровое событие: обновление_позиции - {"client_id": 4, "position": {"x": 950, "y": 555}, "inputs": {"left": false, "right": false, "up": false, "down": false}}
2025-09-25 18:00:08,305 - game_server - INFO - log_game_event:61 - Игровое событие: обновление_позиции - {"client_id": 4, "position": {"x": 950, "y": 555}, "inputs": {"left": false, "right": false, "up": false, "down": false}}
2025-09-25 18:00:08,337 - game_server - INFO - log_game_event:61 - Игровое событие: обновление_позиции - {"client_id": 4, "position": {"x": 950, "y": 555}, "inputs": {"left": false, "right": false, "up": false, "down": false}}
2025-09-25 18:00:08,371 - game_server - INFO - log_game_event:61 - Игровое событие: обновление_позиции - {"client_id": 4, "position": {"x": 950, "y": 555}, "inputs": {"left": false, "right": false, "up": false, "down": false}}
2025-09-25 18:00:08,397 - game_server - INFO - log_game_event:61 - Игровое событие: обновление_позиции - {"client_id": 4, "position": {"x": 950, "y": 555}, "inputs": {"left": false, "right": false, "up": false, "down": false}}
2025-09-25 18:00:08,429 - game_server - INFO - log_game_event:61 - Игровое событие: обновление_позиции - {"client_id": 4, "position": {"x": 950, "y": 555}, "inputs": {"left": false, "right": false, "up": false, "down": false}}
2025-09-25 18:00:08,467 - game_server - INFO - log_game_event:61 - Игровое событие: обновление_позиции - {"client_id": 4, "position": {"x": 950, "y": 555}, "inputs": {"left": false, "right": false, "up": false, "down": false}}
2025-09-25 18:00:08,493 - game_server - INFO - log_game_event:61 - Игровое событие: обновление_позиции - {"client_id": 4, "position": {"x": 950, "y": 555}, "inputs": {"left": false, "right": false, "up": false, "down": false}}
2025-09-25 18:00:08,527 - game_server - INFO - log_game_event:61 - Игровое событие: обновление_позиции - {"client_id": 4, "position": {"x": 950, "y": 555}, "inputs": {"left": false, "right": false, "up": false, "down": false}}
2025-09-25 18:00:08,551 - game_server - INFO - log_game_event:61 - Игровое событие: обновление_позиции - {"client_id": 4, "position": {"x": 950, "y": 555}, "inputs": {"left": false, "right": false, "up": false, "down": false}}
2025-09-25 18:00:08,573 - game_server - INFO - log_game_event:61 - Игровое событие: обновление_позиции - {"client_id": 4, "position": {"x": 950, "y": 555}, "inputs": {"left": false, "right": false, "up": false, "down": false}}
2025-09-25 18:00:08,598 - game_server - INFO - log_game_event:61 - Игровое событие: обновление_позиции - {"client_id": 4, "position": {"x": 950, "y": 555}, "inputs": {"left": false, "right": false, "up": false, "down": false}}
2025-09-25 18:00:08,624 - game_server - INFO - log_game_event:61 - Игровое событие: обновление_позиции - {"client_id": 4, "position": {"x": 950, "y": 555}, "inputs": {"left": false, "right": false, "up": false, "down": false}}
2025-09-25 18:00:08,659 - game_server - INFO - log_game_event:61 - Игровое событие: обновление_позиции - {"client_id": 4, "position": {"x": 950, "y": 555}, "inputs": {"left": false, "right": false, "up": false, "down": false}}
2025-09-25 18:00:08,682 - game_server - INFO - log_game_event:61 - Игровое событие: обновление_позиции - {"client_id": 4, "position": {"x": 950, "y": 555}, "inputs": {"left": false, "right": false, "up": false, "down": false}}
2025-09-25 18:00:08,704 - game_server - INFO - log_game_event:61 - Игровое событие: обновление_позиции - {"client_id": 4, "position": {"x": 950, "y": 555}, "inputs": {"left": false, "right": false, "up": false, "down": false}}
2025-09-25 18:00:08,726 - game_server - INFO - log_game_event:61 - Игровое событие: обновление_позиции - {"client_id": 4, "position": {"x": 950, "y": 555}, "inputs": {"left": false, "right": false, "up": false, "down": false}}
2025-09-25 18:00:08,750 - game_server - INFO - log_game_event:61 - Игровое событие: обновление_позиции - {"client_id": 4, "position": {"x": 950, "y": 555}, "inputs": {"left": false, "right": false, "up": false, "down": false}}
2025-09-25 18:00:08,773 - game_server - INFO - log_game_event:61 - Игровое событие: обновление_позиции - {"client_id": 4, "position": {"x": 950, "y": 555}, "inputs": {"left": false, "right": false, "up": false, "down": false}}
2025-09-25 18:00:08,799 - game_server - INFO - log_game_event:61 - Игровое событие: обновление_позиции - {"client_id": 4, "position": {"x": 950, "y": 555}, "inputs": {"left": false, "right": false, "up": false, "down": false}}
2025-09-25 18:00:08,823 - game_server - INFO - log_game_event:61 - Игровое событие: обновление_позиции - {"client_id": 4, "position": {"x": 950, "y": 555}, "inputs": {"left": false, "right": false, "up": false, "down": false}}
2025-09-25 18:00:08,848 - game_server - INFO - log_game_event:61 - Игровое событие: обновление_позиции - {"client_id": 4, "position": {"x": 950, "y": 555}, "inputs": {"left": false, "right": false, "up": false, "down": false}}
2025-09-25 18:00:08,870 - game_server - INFO - log_game_event:61 - Игровое событие: обновление_позиции - {"client_id": 4, "position": {"x": 950, "y": 555}, "inputs": {"left": false, "right": false, "up": false, "down": false}}
2025-09-25 18:00:08,892 - game_server - INFO - log_game_event:61 - Игровое событие: обновление_позиции - {"client_id": 4, "position": {"x": 950, "y": 555}, "inputs": {"left": false, "right": false, "up": false, "down": false}}
2025-09-25 18:00:08,915 - game_server - INFO - log_game_event:61 - Игровое событие: обновление_позиции - {"client_id": 4, "position": {"x": 950, "y": 555}, "inputs": {"left": false, "right": false, "up": false, "down": false}}
2025-09-25 18:00:08,938 - game_server - INFO - log_game_event:61 - Игровое событие: обновление_позиции - {"client_id": 4, "position": {"x": 950, "y": 555}, "inputs": {"left": false, "right": false, "up": false, "down": false}}
2025-09-25 18:00:08,960 - game_server - INFO - log_game_event:61 - Игровое событие: обновление_позиции - {"client_id": 4, "position": {"x": 950, "y": 555}, "inputs": {"left": false, "right": false, "up": false, "down": false}}
2025-09-25 18:00:08,985 - game_server - INFO - log_game_event:61 - Игровое событие: обновление_позиции - {"client_id": 4, "position": {"x": 950, "y": 555}, "inputs": {"left": false, "right": false, "up": false, "down": false}}
2025-09-25 18:00:09,008 - game_server - INFO - log_game_event:61 - Игровое событие: обновление_позиции - {"client_id": 4, "position": {"x": 950, "y": 555}, "inputs": {"left": false, "right": false, "up": false, "down": false}}
2025-09-25 18:00:09,032 - game_server - INFO - log_game_event:61 - Игровое событие: обновление_позиции - {"client_id": 4, "position": {"x": 950, "y": 555}, "inputs": {"left": false, "right": false, "up": false, "down": false}}
2025-09-25 18:00:09,054 - game_server - INFO - log_game_event:61 - Игровое событие: обновление_позиции - {"client_id": 4, "position": {"x": 950, "y": 555}, "inputs": {"left": false, "right": false, "up": false, "down": false}}
2025-09-25 18:00:09,096 - game_server - INFO - log_game_event:61 - Игровое событие: обновление_позиции - {"client_id": 4, "position": {"x": 950, "y": 555}, "inputs": {"left": false, "right": false, "up": false, "down": false}}
2025-09-25 18:00:09,126 - game_server - INFO - log_game_event:61 - Игровое событие: обновление_позиции - {"client_id": 4, "position": {"x": 950, "y": 555}, "inputs": {"left": false, "right": false, "up": false, "down": false}}
2025-09-25 18:00:09,151 - game_server - INFO - log_game_event:61 - Игровое событие: обновление_позиции - {"client_id": 4, "position": {"x": 950, "y": 555}, "inputs": {"left": false, "right": false, "up": false, "down": false}}
2025-09-25 18:00:09,174 - game_server - INFO - log_game_event:61 - Игровое событие: обновление_позиции - {"client_id": 4, "position": {"x": 950, "y": 555}, "inputs": {"left": false, "right": false, "up": false, "down": false}}
2025-09-25 18:00:09,198 - game_server - INFO - log_game_event:61 - Игровое событие: обновление_позиции - {"client_id": 4, "position": {"x": 950, "y": 555}, "inputs": {"left": false, "right": false, "up": false, "down": false}}
2025-09-25 18:00:09,221 - game_server - INFO - log_game_event:61 - Игровое событие: обновление_позиции - {"client_id": 4, "position": {"x": 950, "y": 555}, "inputs": {"left": false, "right": false, "up": false, "down": false}}
2025-09-25 18:00:09,252 - game_server - INFO - log_game_event:61 - Игровое событие: обновление_позиции - {"client_id": 4, "position": {"x": 950, "y": 555}, "inputs": {"left": false, "right": false, "up": false, "down": false}}
2025-09-25 18:00:09,277 - game_server - INFO - log_game_event:61 - Игровое событие: обновление_позиции - {"client_id": 4, "position": {"x": 950, "y": 555}, "inputs": {"left": false, "right": false, "up": false, "down": false}}
2025-09-25 18:00:09,301 - game_server - INFO - log_game_event:61 - Игровое событие: обновление_позиции - {"client_id": 4, "position": {"x": 950, "y": 555}, "inputs": {"left": false, "right": false, "up": false, "down": false}}
2025-09-25 18:00:09,323 - game_server - INFO - log_game_event:61 - Игровое событие: обновление_позиции - {"client_id": 4, "position": {"x": 950, "y": 555}, "inputs": {"left": false, "right": false, "up": false, "down": false}}
2025-09-25 18:00:09,348 - game_server - INFO - log_game_event:61 - Игровое событие: обновление_позиции - {"client_id": 4, "position": {"x": 950, "y": 555}, "inputs": {"left": false, "right": false, "up": false, "down": false}}
2025-09-25 18:00:09,373 - game_server - INFO - log_game_event:61 - Игровое событие: обновление_позиции - {"client_id": 4, "position": {"x": 950, "y": 555}, "inputs": {"left": false, "right": false, "up": false, "down": false}}
2025-09-25 18:00:09,401 - game_server - INFO - log_game_event:61 - Игровое событие: обновление_позиции - {"client_id": 4, "position": {"x": 950, "y": 555}, "inputs": {"left": false, "right": false, "up": false, "down": false}}
2025-09-25 18:00:09,433 - game_server - INFO - log_game_event:61 - Игровое событие: обновление_позиции - {"client_id": 4, "position": {"x": 950, "y": 555}, "inputs": {"left": false, "right": false, "up": false, "down": false}}
2025-09-25 18:00:09,463 - game_server - INFO - log_game_event:61 - Игровое событие: обновление_позиции - {"client_id": 4, "position": {"x": 950, "y": 555}, "inputs": {"left": false, "right": false, "up": false, "down": false}}
2025-09-25 18:00:09,492 - game_server - INFO - log_game_event:61 - Игровое событие: обновление_позиции - {"client_id": 4, "position": {"x": 950, "y": 555}, "inputs": {"left": false, "right": false, "up": false, "down": false}}
2025-09-25 18:00:09,524 - game_server - INFO - log_game_event:61 - Игровое событие: обновление_позиции - {"client_id": 4, "position": {"x": 950, "y": 555}, "inputs": {"left": false, "right": false, "up": false, "down": false}}
2025-09-25 18:00:09,560 - game_server - INFO - log_game_event:61 - Игровое событие: обновление_позиции - {"client_id": 4, "position": {"x": 950, "y": 555}, "inputs": {"left": false, "right": false, "up": false, "down": false}}
2025-09-25 18:00:09,595 - game_server - INFO - log_game_event:61 - Игровое событие: обновление_позиции - {"client_id": 4, "position": {"x": 950, "y": 555}, "inputs": {"left": false, "right": false, "up": false, "down": false}}
2025-09-25 18:00:09,631 - game_server - INFO - log_game_event:61 - Игровое событие: обновление_позиции - {"client_id": 4, "position": {"x": 950, "y": 555}, "inputs": {"left": false, "right": false, "up": false, "down": false}}
2025-09-25 18:00:09,667 - game_server - INFO - log_game_event:61 - Игровое событие: обновление_позиции - {"client_id": 4, "position": {"x": 950, "y": 555}, "inputs": {"left": false, "right": false, "up": false, "down": false}}
2025-09-25 18:00:09,702 - game_server - INFO - log_game_event:61 - Игровое событие: обновление_позиции - {"client_id": 4, "position": {"x": 950, "y": 555}, "inputs": {"left": false, "right": false, "up": false, "down": false}}
2025-09-25 18:00:09,736 - game_server - INFO - log_game_event:61 - Игровое событие: обновление_позиции - {"client_id": 4, "position": {"x": 950, "y": 555}, "inputs": {"left": false, "right": false, "up": false, "down": false}}
2025-09-25 18:00:09,770 - game_server - INFO - log_game_event:61 - Игровое событие: обновление_позиции - {"client_id": 4, "position": {"x": 950, "y": 555}, "inputs": {"left": false, "right": false, "up": false, "down": false}}
2025-09-25 18:00:09,803 - game_server - INFO - log_game_event:61 - Игровое событие: обновление_позиции - {"client_id": 4, "position": {"x": 950, "y": 555}, "inputs": {"left": false, "right": false, "up": false, "down": false}}
2025-09-25 18:00:09,835 - game_server - INFO - log_game_event:61 - Игровое событие: обновление_позиции - {"client_id": 4, "position": {"x": 950, "y": 555}, "inputs": {"left": false, "right": false, "up": false, "down": false}}
2025-09-25 18:00:09,867 - game_server - INFO - log_game_event:61 - Игровое событие: обновление_позиции - {"client_id": 4, "position": {"x": 950, "y": 555}, "inputs": {"left": false, "right": false, "up": false, "down": false}}
2025-09-25 18:00:09,898 - game_server - INFO - log_game_event:61 - Игровое событие: обновление_позиции - {"client_id": 4, "position": {"x": 950, "y": 555}, "inputs": {"left": false, "right": false, "up": false, "down": false}}
2025-09-25 18:00:09,935 - game_server - INFO - log_game_event:61 - Игровое событие: обновление_позиции - {"client_id": 4, "position": {"x": 950, "y": 555}, "inputs": {"left": false, "right": false, "up": false, "down": false}}
2025-09-25 18:00:09,971 - game_server - INFO - log_game_event:61 - Игровое событие: обновление_позиции - {"client_id": 4, "position": {"x": 950, "y": 555}, "inputs": {"left": false, "right": false, "up": false, "down": false}}
2025-09-25 18:00:10,007 - game_server - INFO - log_game_event:61 - Игровое событие: обновление_позиции - {"client_id": 4, "position": {"x": 950, "y": 555}, "inputs": {"left": false, "right": false, "up": false, "down": false}}
2025-09-25 18:00:10,047 - game_server - INFO - log_game_event:61 - Игровое событие: обновление_позиции - {"client_id": 4, "position": {"x": 950, "y": 555}, "inputs": {"left": false, "right": false, "up": false, "down": false}}
2025-09-25 18:00:10,081 - game_server - INFO - log_game_event:61 - Игровое событие: обновление_позиции - {"client_id": 4, "position": {"x": 950, "y": 555}, "inputs": {"left": false, "right": false, "up": false, "down": false}}
2025-09-25 18:00:10,119 - game_server - INFO - log_game_event:61 - Игровое событие: обновление_позиции - {"client_id": 4, "position": {"x": 950, "y": 555}, "inputs": {"left": false, "right": false, "up": false, "down": false}}
2025-09-25 18:00:10,152 - game_server - INFO - log_game_event:61 - Игровое событие: обновление_позиции - {"client_id": 4, "position": {"x": 950, "y": 555}, "inputs": {"left": false, "right": false, "up": false, "down": false}}
2025-09-25 18:00:10,187 - game_server - INFO - log_game_event:61 - Игровое событие: обновление_позиции - {"client_id": 4, "position": {"x": 950, "y": 555}, "inputs": {"left": false, "right": false, "up": false, "down": false}}
2025-09-25 18:00:10,219 - game_server - INFO - log_game_event:61 - Игровое событие: обновление_позиции - {"client_id": 4, "position": {"x": 950, "y": 555}, "inputs": {"left": false, "right": false, "up": false, "down": false}}
2025-09-25 18:00:10,254 - game_server - INFO - log_game_event:61 - Игровое событие: обновление_позиции - {"client_id": 4, "position": {"x": 950, "y": 555}, "inputs": {"left": false, "right": false, "up": false, "down": false}}
2025-09-25 18:00:10,289 - game_server - INFO - log_game_event:61 - Игровое событие: обновление_позиции - {"client_id": 4, "position": {"x": 950, "y": 555}, "inputs": {"left": false, "right": false, "up": false, "down": false}}
2025-09-25 18:00:10,325 - game_server - INFO - log_game_event:61 - Игровое событие: обновление_позиции - {"client_id": 4, "position": {"x": 950, "y": 555}, "inputs": {"left": false, "right": false, "up": false, "down": false}}
2025-09-25 18:00:10,360 - game_server - INFO - log_game_event:61 - Игровое событие: обновление_позиции - {"client_id": 4, "position": {"x": 950, "y": 555}, "inputs": {"left": false, "right": false, "up": false, "down": false}}
2025-09-25 18:00:10,395 - game_server - INFO - log_game_event:61 - Игровое событие: обновление_позиции - {"client_id": 4, "position": {"x": 950, "y": 555}, "inputs": {"left": false, "right": false, "up": false, "down": false}}
2025-09-25 18:00:10,431 - game_server - INFO - log_game_event:61 - Игровое событие: обновление_позиции - {"client_id": 4, "position": {"x": 950, "y": 555}, "inputs": {"left": false, "right": false, "up": false, "down": false}}
2025-09-25 18:00:10,465 - game_server - INFO - log_game_event:61 - Игровое событие: обновление_позиции - {"client_id": 4, "position": {"x": 950, "y": 555}, "inputs": {"left": false, "right": false, "up": false, "down": false}}
2025-09-25 18:00:10,491 - game_server - INFO - log_game_event:61 - Игровое событие: обновление_позиции - {"client_id": 4, "position": {"x": 950, "y": 555}, "inputs": {"left": false, "right": false, "up": false, "down": false}}
2025-09-25 18:00:10,525 - game_server - INFO - log_game_event:61 - Игровое событие: обновление_позиции - {"client_id": 4, "position": {"x": 950, "y": 555}, "inputs": {"left": false, "right": false, "up": false, "down": false}}
2025-09-25 18:00:10,562 - game_server - INFO - log_game_event:61 - Игровое событие: обновление_позиции - {"client_id": 4, "position": {"x": 950, "y": 555}, "inputs": {"left": false, "right": false, "up": false, "down": false}}
2025-09-25 18:00:10,598 - game_server - INFO - log_game_event:61 - Игровое событие: обновление_позиции - {"client_id": 4, "position": {"x": 950, "y": 555}, "inputs": {"left": false, "right": false, "up": false, "down": false}}
2025-09-25 18:00:10,630 - game_server - INFO - log_game_event:61 - Игровое событие: обновление_позиции - {"client_id": 4, "position": {"x": 950, "y": 555}, "inputs": {"left": false, "right": false, "up": false, "down": false}}
2025-09-25 18:00:10,664 - game_server - INFO - log_game_event:61 - Игровое событие: обновление_позиции - {"client_id": 4, "position": {"x": 950, "y": 555}, "inputs": {"left": false, "right": false, "up": false, "down": false}}
2025-09-25 18:00:10,700 - game_server - INFO - log_game_event:61 - Игровое событие: обновление_позиции - {"client_id": 4, "position": {"x": 950, "y": 555}, "inputs": {"left": false, "right": false, "up": false, "down": false}}
2025-09-25 18:00:10,734 - game_server - INFO - log_game_event:61 - Игровое событие: обновление_позиции - {"client_id": 4, "position": {"x": 950, "y": 555}, "inputs": {"left": false, "right": false, "up": false, "down": false}}
2025-09-25 18:00:10,769 - game_server - INFO - log_game_event:61 - Игровое событие: обновление_позиции - {"client_id": 4, "position": {"x": 950, "y": 555}, "inputs": {"left": false, "right": false, "up": false, "down": false}}
2025-09-25 18:00:10,804 - game_server - INFO - log_game_event:61 - Игровое событие: обновление_позиции - {"client_id": 4, "position": {"x": 950, "y": 555}, "inputs": {"left": false, "right": false, "up": false, "down": false}}
2025-09-25 18:00:10,840 - game_server - INFO - log_game_event:61 - Игровое событие: обновление_позиции - {"client_id": 4, "position": {"x": 950, "y": 555}, "inputs": {"left": false, "right": false, "up": false, "down": false}}
2025-09-25 18:00:10,877 - game_server - INFO - log_game_event:61 - Игровое событие: обновление_позиции - {"client_id": 4, "position": {"x": 950, "y": 555}, "inputs": {"left": false, "right": false, "up": false, "down": false}}
2025-09-25 18:00:10,911 - game_server - INFO - log_game_event:61 - Игровое событие: обновление_позиции - {"client_id": 4, "position": {"x": 950, "y": 555}, "inputs": {"left": false, "right": false, "up": false, "down": false}}
2025-09-25 18:00:10,948 - game_server - INFO - log_game_event:61 - Игровое событие: обновление_позиции - {"client_id": 4, "position": {"x": 950, "y": 555}, "inputs": {"left": false, "right": false, "up": false, "down": false}}
2025-09-25 18:00:10,983 - game_server - INFO - log_game_event:61 - Игровое событие: обновление_позиции - {"client_id": 4, "position": {"x": 950, "y": 555}, "inputs": {"left": false, "right": false, "up": false, "down": false}}
2025-09-25 18:00:11,018 - game_server - INFO - log_game_event:61 - Игровое событие: обновление_позиции - {"client_id": 4, "position": {"x": 950, "y": 555}, "inputs": {"left": false, "right": false, "up": false, "down": false}}
2025-09-25 18:00:11,052 - game_server - INFO - log_game_event:61 - Игровое событие: обновление_позиции - {"client_id": 4, "position": {"x": 950, "y": 555}, "inputs": {"left": false, "right": false, "up": false, "down": false}}
2025-09-25 18:00:11,087 - game_server - INFO - log_game_event:61 - Игровое событие: обновление_позиции - {"client_id": 4, "position": {"x": 950, "y": 555}, "inputs": {"left": false, "right": false, "up": false, "down": false}}
2025-09-25 18:00:11,121 - game_server - INFO - log_game_event:61 - Игровое событие: обновление_позиции - {"client_id": 4, "position": {"x": 950, "y": 555}, "inputs": {"left": false, "right": false, "up": false, "down": false}}
2025-09-25 18:00:11,157 - game_server - INFO - log_game_event:61 - Игровое событие: обновление_позиции - {"client_id": 4, "position": {"x": 950, "y": 555}, "inputs": {"left": false, "right": false, "up": false, "down": false}}
2025-09-25 18:00:11,191 - game_server - INFO - log_game_event:61 - Игровое событие: обновление_позиции - {"client_id": 4, "position": {"x": 950, "y": 555}, "inputs": {"left": false, "right": false, "up": false, "down": false}}
2025-09-25 18:00:11,229 - game_server - INFO - log_game_event:61 - Игровое событие: обновление_позиции - {"client_id": 4, "position": {"x": 950, "y": 555}, "inputs": {"left": false, "right": false, "up": false, "down": false}}
2025-09-25 18:00:11,263 - game_server - INFO - log_game_event:61 - Игровое событие: обновление_позиции - {"client_id": 4, "position": {"x": 950, "y": 555}, "inputs": {"left": false, "right": false, "up": false, "down": false}}
2025-09-25 18:00:11,297 - game_server - INFO - log_game_event:61 - Игровое событие: обновление_позиции - {"client_id": 4, "position": {"x": 950, "y": 555}, "inputs": {"left": false, "right": false, "up": false, "down": false}}
2025-09-25 18:00:11,332 - game_server - INFO - log_game_event:61 - Игровое событие: обновление_позиции - {"client_id": 4, "position": {"x": 950, "y": 555}, "inputs": {"left": false, "right": false, "up": false, "down": false}}
2025-09-25 18:00:11,367 - game_server - INFO - log_game_event:61 - Игровое событие: обновление_позиции - {"client_id": 4, "position": {"x": 950, "y": 555}, "inputs": {"left": false, "right": false, "up": false, "down": false}}
2025-09-25 18:00:11,404 - game_server - INFO - log_game_event:61 - Игровое событие: обновление_позиции - {"client_id": 4, "position": {"x": 950, "y": 555}, "inputs": {"left": false, "right": false, "up": false, "down": false}}
2025-09-25 18:00:11,440 - game_server - INFO - log_game_event:61 - Игровое событие: обновление_позиции - {"client_id": 4, "position": {"x": 950, "y": 555}, "inputs": {"left": false, "right": false, "up": false, "down": false}}
2025-09-25 18:00:11,474 - game_server - INFO - log_game_event:61 - Игровое событие: обновление_позиции - {"client_id": 4, "position": {"x": 950, "y": 555}, "inputs": {"left": false, "right": false, "up": false, "down": false}}
2025-09-25 18:00:11,504 - game_server - INFO - log_game_event:61 - Игровое событие: обновление_позиции - {"client_id": 4, "position": {"x": 950, "y": 555}, "inputs": {"left": false, "right": false, "up": false, "down": false}}
2025-09-25 18:00:11,534 - game_server - INFO - log_game_event:61 - Игровое событие: обновление_позиции - {"client_id": 4, "position": {"x": 950, "y": 555}, "inputs": {"left": false, "right": false, "up": false, "down": false}}
2025-09-25 18:00:11,567 - game_server - INFO - log_game_event:61 - Игровое событие: обновление_позиции - {"client_id": 4, "position": {"x": 950, "y": 555}, "inputs": {"left": false, "right": false, "up": false, "down": false}}
2025-09-25 18:00:11,601 - game_server - INFO - log_game_event:61 - Игровое событие: обновление_позиции - {"client_id": 4, "position": {"x": 950, "y": 555}, "inputs": {"left": false, "right": false, "up": false, "down": false}}
2025-09-25 18:00:11,638 - game_server - INFO - log_game_event:61 - Игровое событие: обновление_позиции - {"client_id": 4, "position": {"x": 950, "y": 555}, "inputs": {"left": false, "right": false, "up": false, "down": false}}
2025-09-25 18:00:11,674 - game_server - INFO - log_game_event:61 - Игровое событие: обновление_позиции - {"client_id": 4, "position": {"x": 950, "y": 555}, "inputs": {"left": false, "right": false, "up": false, "down": false}}
2025-09-25 18:00:11,710 - game_server - INFO - log_game_event:61 - Игровое событие: обновление_позиции - {"client_id": 4, "position": {"x": 950, "y": 555}, "inputs": {"left": false, "right": false, "up": false, "down": false}}
2025-09-25 18:00:11,747 - game_server - INFO - log_game_event:61 - Игровое событие: обновление_позиции - {"client_id": 4, "position": {"x": 950, "y": 555}, "inputs": {"left": false, "right": false, "up": false, "down": false}}
2025-09-25 18:00:11,782 - game_server - INFO - log_game_event:61 - Игровое событие: обновление_позиции - {"client_id": 4, "position": {"x": 950, "y": 555}, "inputs": {"left": false, "right": false, "up": false, "down": false}}
2025-09-25 18:00:11,817 - game_server - INFO - log_game_event:61 - Игровое событие: обновление_позиции - {"client_id": 4, "position": {"x": 950, "y": 555}, "inputs": {"left": false, "right": false, "up": false, "down": false}}
2025-09-25 18:00:11,850 - game_server - INFO - log_game_event:61 - Игровое событие: обновление_позиции - {"client_id": 4, "position": {"x": 950, "y": 555}, "inputs": {"left": false, "right": false, "up": false, "down": false}}
2025-09-25 18:00:11,885 - game_server - INFO - log_game_event:61 - Игровое событие: обновление_позиции - {"client_id": 4, "position": {"x": 950, "y": 555}, "inputs": {"left": false, "right": false, "up": false, "down": false}}
2025-09-25 18:00:11,922 - game_server - INFO - log_game_event:61 - Игровое событие: обновление_позиции - {"client_id": 4, "position": {"x": 950, "y": 555}, "inputs": {"left": false, "right": false, "up": false, "down": false}}
2025-09-25 18:00:11,961 - game_server - INFO - log_game_event:61 - Игровое событие: обновление_позиции - {"client_id": 4, "position": {"x": 950, "y": 555}, "inputs": {"left": false, "right": false, "up": false, "down": false}}
2025-09-25 18:00:12,001 - game_server - INFO - log_game_event:61 - Игровое событие: обновление_позиции - {"client_id": 4, "position": {"x": 950, "y": 555}, "inputs": {"left": false, "right": false, "up": false, "down": false}}
2025-09-25 18:00:12,023 - game_server - INFO - log_game_event:61 - Игровое событие: обновление_позиции - {"client_id": 4, "position": {"x": 950, "y": 555}, "inputs": {"left": false, "right": false, "up": false, "down": false}}
2025-09-25 18:00:12,048 - game_server - INFO - log_game_event:61 - Игровое событие: обновление_позиции - {"client_id": 4, "position": {"x": 950, "y": 555}, "inputs": {"left": false, "right": false, "up": false, "down": false}}
2025-09-25 18:00:12,073 - game_server - INFO - log_game_event:61 - Игровое событие: обновление_позиции - {"client_id": 4, "position": {"x": 950, "y": 555}, "inputs": {"left": false, "right": false, "up": false, "down": false}}
2025-09-25 18:00:12,097 - game_server - INFO - log_game_event:61 - Игровое событие: обновление_позиции - {"client_id": 4, "position": {"x": 950, "y": 555}, "inputs": {"left": false, "right": false, "up": false, "down": false}}
2025-09-25 18:00:12,128 - game_server - INFO - log_game_event:61 - Игровое событие: обновление_позиции - {"client_id": 4, "position": {"x": 950, "y": 555}, "inputs": {"left": false, "right": false, "up": false, "down": false}}
2025-09-25 18:00:12,162 - game_server - INFO - log_game_event:61 - Игровое событие: обновление_позиции - {"client_id": 4, "position": {"x": 950, "y": 555}, "inputs": {"left": false, "right": false, "up": false, "down": false}}
2025-09-25 18:00:12,197 - game_server - INFO - log_game_event:61 - Игровое событие: обновление_позиции - {"client_id": 4, "position": {"x": 950, "y": 555}, "inputs": {"left": false, "right": false, "up": false, "down": false}}
2025-09-25 18:00:12,231 - game_server - INFO - log_game_event:61 - Игровое событие: обновление_позиции - {"client_id": 4, "position": {"x": 950, "y": 555}, "inputs": {"left": false, "right": false, "up": false, "down": false}}
2025-09-25 18:00:12,266 - game_server - INFO - log_game_event:61 - Игровое событие: обновление_позиции - {"client_id": 4, "position": {"x": 950, "y": 555}, "inputs": {"left": false, "right": false, "up": false, "down": false}}
2025-09-25 18:00:12,301 - game_server - INFO - log_game_event:61 - Игровое событие: обновление_позиции - {"client_id": 4, "position": {"x": 950, "y": 555}, "inputs": {"left": false, "right": false, "up": false, "down": false}}
2025-09-25 18:00:12,337 - game_server - INFO - log_game_event:61 - Игровое событие: обновление_позиции - {"client_id": 4, "position": {"x": 950, "y": 555}, "inputs": {"left": false, "right": false, "up": false, "down": false}}
2025-09-25 18:00:12,373 - game_server - INFO - log_game_event:61 - Игровое событие: обновление_позиции - {"client_id": 4, "position": {"x": 950, "y": 555}, "inputs": {"left": false, "right": false, "up": false, "down": false}}
2025-09-25 18:00:12,408 - game_server - INFO - log_game_event:61 - Игровое событие: обновление_позиции - {"client_id": 4, "position": {"x": 950, "y": 555}, "inputs": {"left": false, "right": false, "up": false, "down": false}}
2025-09-25 18:00:12,441 - game_server - INFO - log_game_event:61 - Игровое событие: обновление_позиции - {"client_id": 4, "position": {"x": 950, "y": 555}, "inputs": {"left": false, "right": false, "up": false, "down": false}}
2025-09-25 18:00:12,473 - game_server - INFO - log_game_event:61 - Игровое событие: обновление_позиции - {"client_id": 4, "position": {"x": 950, "y": 555}, "inputs": {"left": false, "right": false, "up": false, "down": false}}
2025-09-25 18:00:12,509 - game_server - INFO - log_game_event:61 - Игровое событие: обновление_позиции - {"client_id": 4, "position": {"x": 950, "y": 555}, "inputs": {"left": false, "right": false, "up": false, "down": false}}
2025-09-25 18:00:12,545 - game_server - INFO - log_game_event:61 - Игровое событие: обновление_позиции - {"client_id": 4, "position": {"x": 950, "y": 555}, "inputs": {"left": false, "right": false, "up": false, "down": false}}
2025-09-25 18:00:12,580 - game_server - INFO - log_game_event:61 - Игровое событие: обновление_позиции - {"client_id": 4, "position": {"x": 950, "y": 555}, "inputs": {"left": false, "right": false, "up": false, "down": false}}
2025-09-25 18:00:12,615 - game_server - INFO - log_game_event:61 - Игровое событие: обновление_позиции - {"client_id": 4, "position": {"x": 950, "y": 555}, "inputs": {"left": false, "right": false, "up": false, "down": false}}
2025-09-25 18:00:12,652 - game_server - INFO - log_game_event:61 - Игровое событие: обновление_позиции - {"client_id": 4, "position": {"x": 950, "y": 555}, "inputs": {"left": false, "right": false, "up": false, "down": false}}
2025-09-25 18:00:12,687 - game_server - INFO - log_game_event:61 - Игровое событие: обновление_позиции - {"client_id": 4, "position": {"x": 950, "y": 555}, "inputs": {"left": false, "right": false, "up": false, "down": false}}
2025-09-25 18:00:12,722 - game_server - INFO - log_game_event:61 - Игровое событие: обновление_позиции - {"client_id": 4, "position": {"x": 950, "y": 555}, "inputs": {"left": false, "right": false, "up": false, "down": false}}
2025-09-25 18:00:12,755 - game_server - INFO - log_game_event:61 - Игровое событие: обновление_позиции - {"client_id": 4, "position": {"x": 950, "y": 555}, "inputs": {"left": false, "right": false, "up": false, "down": false}}
2025-09-25 18:00:12,791 - game_server - INFO - log_game_event:61 - Игровое событие: обновление_позиции - {"client_id": 4, "position": {"x": 950, "y": 555}, "inputs": {"left": false, "right": false, "up": false, "down": false}}
2025-09-25 18:00:12,830 - game_server - INFO - log_game_event:61 - Игровое событие: обновление_позиции - {"client_id": 4, "position": {"x": 950, "y": 555}, "inputs": {"left": false, "right": false, "up": false, "down": false}}
2025-09-25 18:00:12,865 - game_server - INFO - log_game_event:61 - Игровое событие: обновление_позиции - {"client_id": 4, "position": {"x": 950, "y": 555}, "inputs": {"left": false, "right": false, "up": false, "down": false}}
2025-09-25 18:00:12,902 - game_server - INFO - log_game_event:61 - Игровое событие: обновление_позиции - {"client_id": 4, "position": {"x": 950, "y": 555}, "inputs": {"left": false, "right": false, "up": false, "down": false}}
2025-09-25 18:00:12,938 - game_server - INFO - log_game_event:61 - Игровое событие: обновление_позиции - {"client_id": 4, "position": {"x": 950, "y": 555}, "inputs": {"left": false, "right": false, "up": false, "down": false}}
2025-09-25 18:00:12,974 - game_server - INFO - log_game_event:61 - Игровое событие: обновление_позиции - {"client_id": 4, "position": {"x": 950, "y": 555}, "inputs": {"left": false, "right": false, "up": false, "down": false}}
2025-09-25 18:00:13,007 - game_server - INFO - log_game_event:61 - Игровое событие: обновление_позиции - {"client_id": 4, "position": {"x": 950, "y": 555}, "inputs": {"left": false, "right": false, "up": false, "down": false}}
2025-09-25 18:00:13,035 - game_server - INFO - log_game_event:61 - Игровое событие: обновление_позиции - {"client_id": 4, "position": {"x": 950, "y": 555}, "inputs": {"left": false, "right": false, "up": false, "down": false}}
2025-09-25 18:00:13,070 - game_server - INFO - log_game_event:61 - Игровое событие: обновление_позиции - {"client_id": 4, "position": {"x": 950, "y": 555}, "inputs": {"left": false, "right": false, "up": false, "down": false}}
2025-09-25 18:00:13,106 - game_server - INFO - log_game_event:61 - Игровое событие: обновление_позиции - {"client_id": 4, "position": {"x": 950, "y": 555}, "inputs": {"left": false, "right": false, "up": false, "down": false}}
2025-09-25 18:00:13,140 - game_server - INFO - log_game_event:61 - Игровое событие: обновление_позиции - {"client_id": 4, "position": {"x": 950, "y": 555}, "inputs": {"left": false, "right": false, "up": false, "down": false}}
2025-09-25 18:00:13,173 - game_server - INFO - log_game_event:61 - Игровое событие: обновление_позиции - {"client_id": 4, "position": {"x": 950, "y": 555}, "inputs": {"left": false, "right": false, "up": false, "down": false}}
2025-09-25 18:00:13,208 - game_server - INFO - log_game_event:61 - Игровое событие: обновление_позиции - {"client_id": 4, "position": {"x": 950, "y": 555}, "inputs": {"left": false, "right": false, "up": false, "down": false}}
2025-09-25 18:00:13,242 - game_server - INFO - log_game_event:61 - Игровое событие: обновление_позиции - {"client_id": 4, "position": {"x": 950, "y": 555}, "inputs": {"left": false, "right": false, "up": false, "down": false}}
2025-09-25 18:00:13,278 - game_server - INFO - log_game_event:61 - Игровое событие: обновление_позиции - {"client_id": 4, "position": {"x": 950, "y": 555}, "inputs": {"left": false, "right": false, "up": false, "down": false}}
2025-09-25 18:00:13,312 - game_server - INFO - log_game_event:61 - Игровое событие: обновление_позиции - {"client_id": 4, "position": {"x": 950, "y": 555}, "inputs": {"left": false, "right": false, "up": false, "down": false}}
2025-09-25 18:00:13,347 - game_server - INFO - log_game_event:61 - Игровое событие: обновление_позиции - {"client_id": 4, "position": {"x": 950, "y": 555}, "inputs": {"left": false, "right": false, "up": false, "down": false}}
2025-09-25 18:00:13,381 - game_server - INFO - log_game_event:61 - Игровое событие: обновление_позиции - {"client_id": 4, "position": {"x": 950, "y": 555}, "inputs": {"left": false, "right": false, "up": false, "down": false}}
2025-09-25 18:00:13,415 - game_server - INFO - log_game_event:61 - Игровое событие: обновление_позиции - {"client_id": 4, "position": {"x": 950, "y": 555}, "inputs": {"left": false, "right": false, "up": false, "down": false}}
2025-09-25 18:00:13,443 - game_server - INFO - log_game_event:61 - Игровое событие: обновление_позиции - {"client_id": 4, "position": {"x": 950, "y": 555}, "inputs": {"left": false, "right": false, "up": false, "down": false}}
2025-09-25 18:00:13,471 - game_server - INFO - log_game_event:61 - Игровое событие: обновление_позиции - {"client_id": 4, "position": {"x": 950, "y": 555}, "inputs": {"left": false, "right": false, "up": false, "down": false}}
2025-09-25 18:00:13,498 - game_server - INFO - log_game_event:61 - Игровое событие: обновление_позиции - {"client_id": 4, "position": {"x": 950, "y": 555}, "inputs": {"left": false, "right": false, "up": false, "down": false}}
2025-09-25 18:00:13,520 - game_server - INFO - log_game_event:61 - Игровое событие: обновление_позиции - {"client_id": 4, "position": {"x": 950, "y": 555}, "inputs": {"left": false, "right": false, "up": false, "down": false}}
2025-09-25 18:00:13,549 - game_server - INFO - log_game_event:61 - Игровое событие: обновление_позиции - {"client_id": 4, "position": {"x": 950, "y": 555}, "inputs": {"left": false, "right": false, "up": false, "down": false}}
2025-09-25 18:00:13,576 - game_server - INFO - log_game_event:61 - Игровое событие: обновление_позиции - {"client_id": 4, "position": {"x": 950, "y": 555}, "inputs": {"left": false, "right": false, "up": false, "down": false}}
2025-09-25 18:00:13,603 - game_server - INFO - log_game_event:61 - Игровое событие: обновление_позиции - {"client_id": 4, "position": {"x": 950, "y": 555}, "inputs": {"left": false, "right": false, "up": false, "down": false}}
2025-09-25 18:00:13,627 - game_server - INFO - log_game_event:61 - Игровое событие: обновление_позиции - {"client_id": 4, "position": {"x": 950, "y": 555}, "inputs": {"left": false, "right": false, "up": false, "down": false}}
2025-09-25 18:00:13,653 - game_server - INFO - log_game_event:61 - Игровое событие: обновление_позиции - {"client_id": 4, "position": {"x": 950, "y": 555}, "inputs": {"left": false, "right": false, "up": false, "down": false}}
2025-09-25 18:00:13,675 - game_server - INFO - log_game_event:61 - Игровое событие: обновление_позиции - {"client_id": 4, "position": {"x": 950, "y": 555}, "inputs": {"left": false, "right": false, "up": false, "down": false}}
2025-09-25 18:00:13,702 - game_server - INFO - log_game_event:61 - Игровое событие: обновление_позиции - {"client_id": 4, "position": {"x": 950, "y": 555}, "inputs": {"left": false, "right": false, "up": false, "down": false}}
2025-09-25 18:00:13,725 - game_server - INFO - log_game_event:61 - Игровое событие: обновление_позиции - {"client_id": 4, "position": {"x": 950, "y": 555}, "inputs": {"left": false, "right": false, "up": false, "down": false}}
2025-09-25 18:00:13,749 - game_server - INFO - log_game_event:61 - Игровое событие: обновление_позиции - {"client_id": 4, "position": {"x": 950, "y": 555}, "inputs": {"left": false, "right": false, "up": false, "down": false}}
2025-09-25 18:00:13,771 - game_server - INFO - log_game_event:61 - Игровое событие: обновление_позиции - {"client_id": 4, "position": {"x": 950, "y": 555}, "inputs": {"left": false, "right": false, "up": false, "down": false}}
2025-09-25 18:00:13,793 - game_server - INFO - log_game_event:61 - Игровое событие: обновление_позиции - {"client_id": 4, "position": {"x": 950, "y": 555}, "inputs": {"left": false, "right": false, "up": false, "down": false}}
2025-09-25 18:00:13,822 - game_server - INFO - log_game_event:61 - Игровое событие: обновление_позиции - {"client_id": 4, "position": {"x": 950, "y": 555}, "inputs": {"left": false, "right": false, "up": false, "down": false}}
2025-09-25 18:00:13,847 - game_server - INFO - log_game_event:61 - Игровое событие: обновление_позиции - {"client_id": 4, "position": {"x": 950, "y": 555}, "inputs": {"left": false, "right": false, "up": false, "down": false}}
2025-09-25 18:00:13,869 - game_server - INFO - log_game_event:61 - Игровое событие: обновление_позиции - {"client_id": 4, "position": {"x": 950, "y": 555}, "inputs": {"left": false, "right": false, "up": false, "down": false}}
2025-09-25 18:00:13,891 - game_server - INFO - log_game_event:61 - Игровое событие: обновление_позиции - {"client_id": 4, "position": {"x": 950, "y": 555}, "inputs": {"left": false, "right": false, "up": false, "down": false}}
2025-09-25 18:00:13,919 - game_server - INFO - log_game_event:61 - Игровое событие: обновление_позиции - {"client_id": 4, "position": {"x": 950, "y": 555}, "inputs": {"left": false, "right": false, "up": false, "down": false}}
2025-09-25 18:00:13,941 - game_server - INFO - log_game_event:61 - Игровое событие: обновление_позиции - {"client_id": 4, "position": {"x": 950, "y": 555}, "inputs": {"left": false, "right": false, "up": false, "down": false}}
2025-09-25 18:00:13,966 - game_server - INFO - log_game_event:61 - Игровое событие: обновление_позиции - {"client_id": 4, "position": {"x": 950, "y": 555}, "inputs": {"left": false, "right": false, "up": false, "down": false}}
2025-09-25 18:00:13,993 - game_server - INFO - log_game_event:61 - Игровое событие: обновление_позиции - {"client_id": 4, "position": {"x": 950, "y": 555}, "inputs": {"left": false, "right": false, "up": false, "down": false}}
2025-09-25 18:00:14,021 - game_server - INFO - log_game_event:61 - Игровое событие: обновление_позиции - {"client_id": 4, "position": {"x": 950, "y": 555}, "inputs": {"left": false, "right": false, "up": false, "down": false}}
2025-09-25 18:00:14,044 - game_server - INFO - log_game_event:61 - Игровое событие: обновление_позиции - {"client_id": 4, "position": {"x": 950, "y": 555}, "inputs": {"left": false, "right": false, "up": false, "down": false}}
2025-09-25 18:00:14,065 - game_server - INFO - log_game_event:61 - Игровое событие: обновление_позиции - {"client_id": 4, "position": {"x": 950, "y": 555}, "inputs": {"left": false, "right": false, "up": false, "down": false}}
2025-09-25 18:00:14,088 - game_server - INFO - log_game_event:61 - Игровое событие: обновление_позиции - {"client_id": 4, "position": {"x": 950, "y": 555}, "inputs": {"left": false, "right": false, "up": false, "down": false}}
2025-09-25 18:00:14,115 - game_server - INFO - log_game_event:61 - Игровое событие: обновление_позиции - {"client_id": 4, "position": {"x": 950, "y": 555}, "inputs": {"left": false, "right": false, "up": false, "down": false}}
2025-09-25 18:00:14,142 - game_server - INFO - log_game_event:61 - Игровое событие: обновление_позиции - {"client_id": 4, "position": {"x": 950, "y": 555}, "inputs": {"left": false, "right": false, "up": false, "down": false}}
2025-09-25 18:00:14,165 - game_server - INFO - log_game_event:61 - Игровое событие: обновление_позиции - {"client_id": 4, "position": {"x": 950, "y": 555}, "inputs": {"left": false, "right": false, "up": false, "down": false}}
2025-09-25 18:00:14,187 - game_server - INFO - log_game_event:61 - Игровое событие: обновление_позиции - {"client_id": 4, "position": {"x": 950, "y": 555}, "inputs": {"left": false, "right": false, "up": false, "down": false}}
2025-09-25 18:00:14,209 - game_server - INFO - log_game_event:61 - Игровое событие: обновление_позиции - {"client_id": 4, "position": {"x": 950, "y": 555}, "inputs": {"left": false, "right": false, "up": false, "down": false}}
2025-09-25 18:00:14,232 - game_server - INFO - log_game_event:61 - Игровое событие: обновление_позиции - {"client_id": 4, "position": {"x": 950, "y": 555}, "inputs": {"left": false, "right": false, "up": false, "down": false}}
2025-09-25 18:00:14,255 - game_server - INFO - log_game_event:61 - Игровое событие: обновление_позиции - {"client_id": 4, "position": {"x": 950, "y": 555}, "inputs": {"left": false, "right": false, "up": false, "down": false}}
2025-09-25 18:00:14,278 - game_server - INFO - log_game_event:61 - Игровое событие: обновление_позиции - {"client_id": 4, "position": {"x": 950, "y": 555}, "inputs": {"left": false, "right": false, "up": false, "down": false}}
2025-09-25 18:00:14,300 - game_server - INFO - log_game_event:61 - Игровое событие: обновление_позиции - {"client_id": 4, "position": {"x": 950, "y": 555}, "inputs": {"left": false, "right": false, "up": false, "down": false}}
2025-09-25 18:00:14,323 - game_server - INFO - log_game_event:61 - Игровое событие: обновление_позиции - {"client_id": 4, "position": {"x": 950, "y": 555}, "inputs": {"left": false, "right": false, "up": false, "down": false}}
2025-09-25 18:00:14,347 - game_server - INFO - log_game_event:61 - Игровое событие: обновление_позиции - {"client_id": 4, "position": {"x": 950, "y": 555}, "inputs": {"left": false, "right": false, "up": false, "down": false}}
2025-09-25 18:00:14,374 - game_server - INFO - log_game_event:61 - Игровое событие: обновление_позиции - {"client_id": 4, "position": {"x": 950, "y": 555}, "inputs": {"left": false, "right": false, "up": false, "down": false}}
2025-09-25 18:00:14,400 - game_server - INFO - log_game_event:61 - Игровое событие: обновление_позиции - {"client_id": 4, "position": {"x": 950, "y": 555}, "inputs": {"left": false, "right": false, "up": false, "down": false}}
2025-09-25 18:00:14,423 - game_server - INFO - log_game_event:61 - Игровое событие: обновление_позиции - {"client_id": 4, "position": {"x": 950, "y": 555}, "inputs": {"left": false, "right": false, "up": false, "down": false}}
2025-09-25 18:00:14,453 - game_server - INFO - log_game_event:61 - Игровое событие: обновление_позиции - {"client_id": 4, "position": {"x": 950, "y": 555}, "inputs": {"left": false, "right": false, "up": false, "down": false}}
2025-09-25 18:00:14,475 - game_server - INFO - log_game_event:61 - Игровое событие: обновление_позиции - {"client_id": 4, "position": {"x": 950, "y": 555}, "inputs": {"left": false, "right": false, "up": false, "down": false}}
2025-09-25 18:00:14,505 - game_server - INFO - log_game_event:61 - Игровое событие: обновление_позиции - {"client_id": 4, "position": {"x": 950, "y": 555}, "inputs": {"left": false, "right": false, "up": false, "down": false}}
2025-09-25 18:00:14,534 - game_server - INFO - log_game_event:61 - Игровое событие: обновление_позиции - {"client_id": 4, "position": {"x": 950, "y": 555}, "inputs": {"left": false, "right": false, "up": false, "down": false}}
2025-09-25 18:00:14,570 - game_server - INFO - log_game_event:61 - Игровое событие: обновление_позиции - {"client_id": 4, "position": {"x": 950, "y": 555}, "inputs": {"left": false, "right": false, "up": false, "down": false}}
2025-09-25 18:00:14,604 - game_server - INFO - log_game_event:61 - Игровое событие: обновление_позиции - {"client_id": 4, "position": {"x": 950, "y": 555}, "inputs": {"left": false, "right": false, "up": false, "down": false}}
2025-09-25 18:00:14,639 - game_server - INFO - log_game_event:61 - Игровое событие: обновление_позиции - {"client_id": 4, "position": {"x": 950, "y": 555}, "inputs": {"left": false, "right": false, "up": false, "down": false}}
2025-09-25 18:00:14,668 - game_server - INFO - log_game_event:61 - Игровое событие: обновление_позиции - {"client_id": 4, "position": {"x": 950, "y": 555}, "inputs": {"left": false, "right": false, "up": false, "down": false}}
2025-09-25 18:00:14,695 - game_server - INFO - log_game_event:61 - Игровое событие: обновление_позиции - {"client_id": 4, "position": {"x": 950, "y": 555}, "inputs": {"left": false, "right": false, "up": false, "down": false}}
2025-09-25 18:00:14,726 - game_server - INFO - log_game_event:61 - Игровое событие: обновление_позиции - {"client_id": 4, "position": {"x": 950, "y": 555}, "inputs": {"left": false, "right": false, "up": false, "down": false}}
2025-09-25 18:00:14,757 - game_server - INFO - log_game_event:61 - Игровое событие: обновление_позиции - {"client_id": 4, "position": {"x": 950, "y": 555}, "inputs": {"left": false, "right": false, "up": false, "down": false}}
2025-09-25 18:00:14,788 - game_server - INFO - log_game_event:61 - Игровое событие: обновление_позиции - {"client_id": 4, "position": {"x": 950, "y": 555}, "inputs": {"left": false, "right": false, "up": false, "down": false}}
2025-09-25 18:00:14,819 - game_server - INFO - log_game_event:61 - Игровое событие: обновление_позиции - {"client_id": 4, "position": {"x": 950, "y": 555}, "inputs": {"left": false, "right": false, "up": false, "down": false}}
2025-09-25 18:00:14,851 - game_server - INFO - log_game_event:61 - Игровое событие: обновление_позиции - {"client_id": 4, "position": {"x": 950, "y": 555}, "inputs": {"left": false, "right": false, "up": false, "down": false}}
2025-09-25 18:00:14,880 - game_server - INFO - log_game_event:61 - Игровое событие: обновление_позиции - {"client_id": 4, "position": {"x": 950, "y": 555}, "inputs": {"left": false, "right": false, "up": false, "down": false}}
2025-09-25 18:00:14,919 - game_server - INFO - log_game_event:61 - Игровое событие: обновление_позиции - {"client_id": 4, "position": {"x": 950, "y": 555}, "inputs": {"left": false, "right": false, "up": false, "down": false}}
2025-09-25 18:00:14,954 - game_server - INFO - log_game_event:61 - Игровое событие: обновление_позиции - {"client_id": 4, "position": {"x": 950, "y": 555}, "inputs": {"left": false, "right": false, "up": false, "down": false}}
2025-09-25 18:00:14,989 - game_server - INFO - log_game_event:61 - Игровое событие: обновление_позиции - {"client_id": 4, "position": {"x": 950, "y": 555}, "inputs": {"left": false, "right": false, "up": false, "down": false}}
2025-09-25 18:00:15,025 - game_server - INFO - log_game_event:61 - Игровое событие: обновление_позиции - {"client_id": 4, "position": {"x": 950, "y": 555}, "inputs": {"left": false, "right": false, "up": false, "down": false}}
2025-09-25 18:00:15,063 - game_server - INFO - log_game_event:61 - Игровое событие: обновление_позиции - {"client_id": 4, "position": {"x": 950, "y": 555}, "inputs": {"left": false, "right": false, "up": false, "down": false}}
2025-09-25 18:00:15,098 - game_server - INFO - log_game_event:61 - Игровое событие: обновление_позиции - {"client_id": 4, "position": {"x": 950, "y": 555}, "inputs": {"left": false, "right": false, "up": false, "down": false}}
2025-09-25 18:00:15,134 - game_server - INFO - log_game_event:61 - Игровое событие: обновление_позиции - {"client_id": 4, "position": {"x": 950, "y": 555}, "inputs": {"left": false, "right": false, "up": false, "down": false}}
2025-09-25 18:00:15,171 - game_server - INFO - log_game_event:61 - Игровое событие: обновление_позиции - {"client_id": 4, "position": {"x": 950, "y": 555}, "inputs": {"left": false, "right": false, "up": false, "down": false}}
2025-09-25 18:00:15,205 - game_server - INFO - log_game_event:61 - Игровое событие: обновление_позиции - {"client_id": 4, "position": {"x": 950, "y": 555}, "inputs": {"left": false, "right": false, "up": false, "down": false}}
2025-09-25 18:00:15,242 - game_server - INFO - log_game_event:61 - Игровое событие: обновление_позиции - {"client_id": 4, "position": {"x": 950, "y": 555}, "inputs": {"left": false, "right": false, "up": false, "down": false}}
2025-09-25 18:00:15,278 - game_server - INFO - log_game_event:61 - Игровое событие: обновление_позиции - {"client_id": 4, "position": {"x": 950, "y": 555}, "inputs": {"left": false, "right": false, "up": false, "down": false}}
2025-09-25 18:00:15,315 - game_server - INFO - log_game_event:61 - Игровое событие: обновление_позиции - {"client_id": 4, "position": {"x": 950, "y": 555}, "inputs": {"left": false, "right": false, "up": false, "down": false}}
2025-09-25 18:00:15,349 - game_server - INFO - log_game_event:61 - Игровое событие: обновление_позиции - {"client_id": 4, "position": {"x": 950, "y": 555}, "inputs": {"left": false, "right": false, "up": false, "down": false}}
2025-09-25 18:00:15,385 - game_server - INFO - log_game_event:61 - Игровое событие: обновление_позиции - {"client_id": 4, "position": {"x": 950, "y": 555}, "inputs": {"left": false, "right": false, "up": false, "down": false}}
2025-09-25 18:00:15,421 - game_server - INFO - log_game_event:61 - Игровое событие: обновление_позиции - {"client_id": 4, "position": {"x": 950, "y": 555}, "inputs": {"left": false, "right": false, "up": false, "down": false}}
2025-09-25 18:00:15,457 - game_server - INFO - log_game_event:61 - Игровое событие: обновление_позиции - {"client_id": 4, "position": {"x": 950, "y": 555}, "inputs": {"left": false, "right": false, "up": false, "down": false}}
2025-09-25 18:00:15,493 - game_server - INFO - log_game_event:61 - Игровое событие: обновление_позиции - {"client_id": 4, "position": {"x": 950, "y": 555}, "inputs": {"left": false, "right": false, "up": false, "down": false}}
2025-09-25 18:00:15,530 - game_server - INFO - log_game_event:61 - Игровое событие: обновление_позиции - {"client_id": 4, "position": {"x": 950, "y": 555}, "inputs": {"left": false, "right": false, "up": false, "down": false}}
2025-09-25 18:00:15,568 - game_server - INFO - log_game_event:61 - Игровое событие: обновление_позиции - {"client_id": 4, "position": {"x": 950, "y": 555}, "inputs": {"left": false, "right": false, "up": false, "down": false}}
2025-09-25 18:00:15,602 - game_server - INFO - log_game_event:61 - Игровое событие: обновление_позиции - {"client_id": 4, "position": {"x": 950, "y": 555}, "inputs": {"left": false, "right": false, "up": false, "down": false}}
2025-09-25 18:00:15,638 - game_server - INFO - log_game_event:61 - Игровое событие: обновление_позиции - {"client_id": 4, "position": {"x": 950, "y": 555}, "inputs": {"left": false, "right": false, "up": false, "down": false}}
2025-09-25 18:00:15,674 - game_server - INFO - log_game_event:61 - Игровое событие: обновление_позиции - {"client_id": 4, "position": {"x": 950, "y": 555}, "inputs": {"left": false, "right": false, "up": false, "down": false}}
2025-09-25 18:00:15,709 - game_server - INFO - log_game_event:61 - Игровое событие: обновление_позиции - {"client_id": 4, "position": {"x": 950, "y": 555}, "inputs": {"left": false, "right": false, "up": false, "down": false}}
2025-09-25 18:00:15,746 - game_server - INFO - log_game_event:61 - Игровое событие: обновление_позиции - {"client_id": 4, "position": {"x": 950, "y": 555}, "inputs": {"left": false, "right": false, "up": false, "down": false}}
2025-09-25 18:00:15,782 - game_server - INFO - log_game_event:61 - Игровое событие: обновление_позиции - {"client_id": 4, "position": {"x": 950, "y": 555}, "inputs": {"left": false, "right": false, "up": false, "down": false}}
2025-09-25 18:00:15,816 - game_server - INFO - log_game_event:61 - Игровое событие: обновление_позиции - {"client_id": 4, "position": {"x": 950, "y": 555}, "inputs": {"left": false, "right": false, "up": false, "down": false}}
2025-09-25 18:00:15,851 - game_server - INFO - log_game_event:61 - Игровое событие: обновление_позиции - {"client_id": 4, "position": {"x": 950, "y": 555}, "inputs": {"left": false, "right": false, "up": false, "down": false}}
2025-09-25 18:00:15,886 - game_server - INFO - log_game_event:61 - Игровое событие: обновление_позиции - {"client_id": 4, "position": {"x": 950, "y": 555}, "inputs": {"left": false, "right": false, "up": false, "down": false}}
2025-09-25 18:00:15,919 - game_server - INFO - log_game_event:61 - Игровое событие: обновление_позиции - {"client_id": 4, "position": {"x": 950, "y": 555}, "inputs": {"left": false, "right": false, "up": false, "down": false}}
2025-09-25 18:00:15,955 - game_server - INFO - log_game_event:61 - Игровое событие: обновление_позиции - {"client_id": 4, "position": {"x": 950, "y": 555}, "inputs": {"left": false, "right": false, "up": false, "down": false}}
2025-09-25 18:00:15,990 - game_server - INFO - log_game_event:61 - Игровое событие: обновление_позиции - {"client_id": 4, "position": {"x": 950, "y": 555}, "inputs": {"left": false, "right": false, "up": false, "down": false}}
2025-09-25 18:00:16,027 - game_server - INFO - log_game_event:61 - Игровое событие: обновление_позиции - {"client_id": 4, "position": {"x": 950, "y": 555}, "inputs": {"left": false, "right": false, "up": false, "down": false}}
2025-09-25 18:00:16,063 - game_server - INFO - log_game_event:61 - Игровое событие: обновление_позиции - {"client_id": 4, "position": {"x": 950, "y": 555}, "inputs": {"left": false, "right": false, "up": false, "down": false}}
2025-09-25 18:00:16,097 - game_server - INFO - log_game_event:61 - Игровое событие: обновление_позиции - {"client_id": 4, "position": {"x": 950, "y": 555}, "inputs": {"left": false, "right": false, "up": false, "down": false}}
2025-09-25 18:00:16,133 - game_server - INFO - log_game_event:61 - Игровое событие: обновление_позиции - {"client_id": 4, "position": {"x": 950, "y": 555}, "inputs": {"left": false, "right": false, "up": false, "down": false}}
2025-09-25 18:00:16,168 - game_server - INFO - log_game_event:61 - Игровое событие: обновление_позиции - {"client_id": 4, "position": {"x": 950, "y": 555}, "inputs": {"left": false, "right": false, "up": false, "down": false}}
2025-09-25 18:00:16,204 - game_server - INFO - log_game_event:61 - Игровое событие: обновление_позиции - {"client_id": 4, "position": {"x": 950, "y": 555}, "inputs": {"left": false, "right": false, "up": false, "down": false}}
2025-09-25 18:00:16,239 - game_server - INFO - log_game_event:61 - Игровое событие: обновление_позиции - {"client_id": 4, "position": {"x": 950, "y": 555}, "inputs": {"left": false, "right": false, "up": false, "down": false}}
2025-09-25 18:00:16,272 - game_server - INFO - log_game_event:61 - Игровое событие: обновление_позиции - {"client_id": 4, "position": {"x": 950, "y": 555}, "inputs": {"left": false, "right": false, "up": false, "down": false}}
2025-09-25 18:00:16,309 - game_server - INFO - log_game_event:61 - Игровое событие: обновление_позиции - {"client_id": 4, "position": {"x": 950, "y": 555}, "inputs": {"left": false, "right": false, "up": false, "down": false}}
2025-09-25 18:00:16,346 - game_server - INFO - log_game_event:61 - Игровое событие: обновление_позиции - {"client_id": 4, "position": {"x": 950, "y": 555}, "inputs": {"left": false, "right": false, "up": false, "down": false}}
2025-09-25 18:00:16,381 - game_server - INFO - log_game_event:61 - Игровое событие: обновление_позиции - {"client_id": 4, "position": {"x": 950, "y": 555}, "inputs": {"left": false, "right": false, "up": false, "down": false}}
2025-09-25 18:00:16,417 - game_server - INFO - log_game_event:61 - Игровое событие: обновление_позиции - {"client_id": 4, "position": {"x": 950, "y": 555}, "inputs": {"left": false, "right": false, "up": false, "down": false}}
2025-09-25 18:00:16,453 - game_server - INFO - log_game_event:61 - Игровое событие: обновление_позиции - {"client_id": 4, "position": {"x": 950, "y": 555}, "inputs": {"left": false, "right": false, "up": false, "down": false}}
2025-09-25 18:00:16,488 - game_server - INFO - log_game_event:61 - Игровое событие: обновление_позиции - {"client_id": 4, "position": {"x": 950, "y": 555}, "inputs": {"left": false, "right": false, "up": false, "down": false}}
2025-09-25 18:00:16,524 - game_server - INFO - log_game_event:61 - Игровое событие: обновление_позиции - {"client_id": 4, "position": {"x": 950, "y": 555}, "inputs": {"left": false, "right": false, "up": false, "down": false}}
2025-09-25 18:00:16,558 - game_server - INFO - log_game_event:61 - Игровое событие: обновление_позиции - {"client_id": 4, "position": {"x": 950, "y": 555}, "inputs": {"left": false, "right": false, "up": false, "down": false}}
2025-09-25 18:00:16,595 - game_server - INFO - log_game_event:61 - Игровое событие: обновление_позиции - {"client_id": 4, "position": {"x": 950, "y": 555}, "inputs": {"left": false, "right": false, "up": false, "down": false}}
2025-09-25 18:00:16,630 - game_server - INFO - log_game_event:61 - Игровое событие: обновление_позиции - {"client_id": 4, "position": {"x": 950, "y": 555}, "inputs": {"left": false, "right": false, "up": false, "down": false}}
2025-09-25 18:00:16,665 - game_server - INFO - log_game_event:61 - Игровое событие: обновление_позиции - {"client_id": 4, "position": {"x": 950, "y": 555}, "inputs": {"left": false, "right": false, "up": false, "down": false}}
2025-09-25 18:00:16,700 - game_server - INFO - log_game_event:61 - Игровое событие: обновление_позиции - {"client_id": 4, "position": {"x": 950, "y": 555}, "inputs": {"left": false, "right": false, "up": false, "down": false}}
2025-09-25 18:00:16,736 - game_server - INFO - log_game_event:61 - Игровое событие: обновление_позиции - {"client_id": 4, "position": {"x": 950, "y": 555}, "inputs": {"left": false, "right": false, "up": false, "down": false}}
2025-09-25 18:00:16,771 - game_server - INFO - log_game_event:61 - Игровое событие: обновление_позиции - {"client_id": 4, "position": {"x": 950, "y": 555}, "inputs": {"left": false, "right": false, "up": false, "down": false}}
2025-09-25 18:00:16,807 - game_server - INFO - log_game_event:61 - Игровое событие: обновление_позиции - {"client_id": 4, "position": {"x": 950, "y": 555}, "inputs": {"left": false, "right": false, "up": false, "down": false}}
2025-09-25 18:00:16,841 - game_server - INFO - log_game_event:61 - Игровое событие: обновление_позиции - {"client_id": 4, "position": {"x": 950, "y": 555}, "inputs": {"left": false, "right": false, "up": false, "down": false}}
2025-09-25 18:00:16,878 - game_server - INFO - log_game_event:61 - Игровое событие: обновление_позиции - {"client_id": 4, "position": {"x": 950, "y": 555}, "inputs": {"left": false, "right": false, "up": false, "down": false}}
2025-09-25 18:00:16,914 - game_server - INFO - log_game_event:61 - Игровое событие: обновление_позиции - {"client_id": 4, "position": {"x": 950, "y": 555}, "inputs": {"left": false, "right": false, "up": false, "down": false}}
2025-09-25 18:00:16,949 - game_server - INFO - log_game_event:61 - Игровое событие: обновление_позиции - {"client_id": 4, "position": {"x": 950, "y": 555}, "inputs": {"left": false, "right": false, "up": false, "down": false}}
2025-09-25 18:00:16,983 - game_server - INFO - log_game_event:61 - Игровое событие: обновление_позиции - {"client_id": 4, "position": {"x": 950, "y": 555}, "inputs": {"left": false, "right": false, "up": false, "down": false}}
2025-09-25 18:00:17,017 - game_server - INFO - log_game_event:61 - Игровое событие: обновление_позиции - {"client_id": 4, "position": {"x": 950, "y": 555}, "inputs": {"left": false, "right": false, "up": false, "down": false}}
2025-09-25 18:00:17,051 - game_server - INFO - log_game_event:61 - Игровое событие: обновление_позиции - {"client_id": 4, "position": {"x": 950, "y": 555}, "inputs": {"left": false, "right": false, "up": false, "down": false}}
2025-09-25 18:00:17,085 - game_server - INFO - log_game_event:61 - Игровое событие: обновление_позиции - {"client_id": 4, "position": {"x": 950, "y": 555}, "inputs": {"left": false, "right": false, "up": false, "down": false}}
2025-09-25 18:00:17,120 - game_server - INFO - log_game_event:61 - Игровое событие: обновление_позиции - {"client_id": 4, "position": {"x": 950, "y": 555}, "inputs": {"left": false, "right": false, "up": false, "down": false}}
2025-09-25 18:00:17,155 - game_server - INFO - log_game_event:61 - Игровое событие: обновление_позиции - {"client_id": 4, "position": {"x": 950, "y": 555}, "inputs": {"left": false, "right": false, "up": false, "down": false}}
2025-09-25 18:00:17,192 - game_server - INFO - log_game_event:61 - Игровое событие: обновление_позиции - {"client_id": 4, "position": {"x": 950, "y": 555}, "inputs": {"left": false, "right": false, "up": false, "down": false}}
2025-09-25 18:00:17,227 - game_server - INFO - log_game_event:61 - Игровое событие: обновление_позиции - {"client_id": 4, "position": {"x": 950, "y": 555}, "inputs": {"left": false, "right": false, "up": false, "down": false}}
2025-09-25 18:00:17,263 - game_server - INFO - log_game_event:61 - Игровое событие: обновление_позиции - {"client_id": 4, "position": {"x": 950, "y": 555}, "inputs": {"left": false, "right": false, "up": false, "down": false}}
2025-09-25 18:00:17,298 - game_server - INFO - log_game_event:61 - Игровое событие: обновление_позиции - {"client_id": 4, "position": {"x": 950, "y": 555}, "inputs": {"left": false, "right": false, "up": false, "down": false}}
2025-09-25 18:00:17,332 - game_server - INFO - log_game_event:61 - Игровое событие: обновление_позиции - {"client_id": 4, "position": {"x": 950, "y": 555}, "inputs": {"left": false, "right": false, "up": false, "down": false}}
2025-09-25 18:00:17,367 - game_server - INFO - log_game_event:61 - Игровое событие: обновление_позиции - {"client_id": 4, "position": {"x": 950, "y": 555}, "inputs": {"left": false, "right": false, "up": false, "down": false}}
2025-09-25 18:00:17,402 - game_server - INFO - log_game_event:61 - Игровое событие: обновление_позиции - {"client_id": 4, "position": {"x": 950, "y": 555}, "inputs": {"left": false, "right": false, "up": false, "down": false}}
2025-09-25 18:00:17,437 - game_server - INFO - log_game_event:61 - Игровое событие: обновление_позиции - {"client_id": 4, "position": {"x": 950, "y": 555}, "inputs": {"left": false, "right": false, "up": false, "down": false}}
2025-09-25 18:00:17,472 - game_server - INFO - log_game_event:61 - Игровое событие: обновление_позиции - {"client_id": 4, "position": {"x": 950, "y": 555}, "inputs": {"left": false, "right": false, "up": false, "down": false}}
2025-09-25 18:00:17,508 - game_server - INFO - log_game_event:61 - Игровое событие: обновление_позиции - {"client_id": 4, "position": {"x": 950, "y": 555}, "inputs": {"left": false, "right": false, "up": false, "down": false}}
2025-09-25 18:00:17,546 - game_server - INFO - log_game_event:61 - Игровое событие: обновление_позиции - {"client_id": 4, "position": {"x": 950, "y": 555}, "inputs": {"left": false, "right": false, "up": false, "down": false}}
2025-09-25 18:00:17,583 - game_server - INFO - log_game_event:61 - Игровое событие: обновление_позиции - {"client_id": 4, "position": {"x": 950, "y": 555}, "inputs": {"left": false, "right": false, "up": false, "down": false}}
2025-09-25 18:00:17,618 - game_server - INFO - log_game_event:61 - Игровое событие: обновление_позиции - {"client_id": 4, "position": {"x": 950, "y": 555}, "inputs": {"left": false, "right": false, "up": false, "down": false}}
2025-09-25 18:00:17,652 - game_server - INFO - log_game_event:61 - Игровое событие: обновление_позиции - {"client_id": 4, "position": {"x": 950, "y": 555}, "inputs": {"left": false, "right": false, "up": false, "down": false}}
2025-09-25 18:00:17,687 - game_server - INFO - log_game_event:61 - Игровое событие: обновление_позиции - {"client_id": 4, "position": {"x": 950, "y": 555}, "inputs": {"left": false, "right": false, "up": false, "down": false}}
2025-09-25 18:00:17,723 - game_server - INFO - log_game_event:61 - Игровое событие: обновление_позиции - {"client_id": 4, "position": {"x": 950, "y": 555}, "inputs": {"left": false, "right": false, "up": false, "down": false}}
2025-09-25 18:00:17,760 - game_server - INFO - log_game_event:61 - Игровое событие: обновление_позиции - {"client_id": 4, "position": {"x": 950, "y": 555}, "inputs": {"left": false, "right": false, "up": false, "down": false}}
2025-09-25 18:00:17,796 - game_server - INFO - log_game_event:61 - Игровое событие: обновление_позиции - {"client_id": 4, "position": {"x": 950, "y": 555}, "inputs": {"left": false, "right": false, "up": false, "down": false}}
2025-09-25 18:00:17,830 - game_server - INFO - log_game_event:61 - Игровое событие: обновление_позиции - {"client_id": 4, "position": {"x": 950, "y": 555}, "inputs": {"left": false, "right": false, "up": false, "down": false}}
2025-09-25 18:00:17,867 - game_server - INFO - log_game_event:61 - Игровое событие: обновление_позиции - {"client_id": 4, "position": {"x": 950, "y": 555}, "inputs": {"left": false, "right": false, "up": false, "down": false}}
2025-09-25 18:00:17,902 - game_server - INFO - log_game_event:61 - Игровое событие: обновление_позиции - {"client_id": 4, "position": {"x": 950, "y": 555}, "inputs": {"left": false, "right": false, "up": false, "down": false}}
2025-09-25 18:00:17,940 - game_server - INFO - log_game_event:61 - Игровое событие: обновление_позиции - {"client_id": 4, "position": {"x": 950, "y": 555}, "inputs": {"left": false, "right": false, "up": false, "down": false}}
2025-09-25 18:00:17,976 - game_server - INFO - log_game_event:61 - Игровое событие: обновление_позиции - {"client_id": 4, "position": {"x": 950, "y": 555}, "inputs": {"left": false, "right": false, "up": false, "down": false}}
2025-09-25 18:00:18,012 - game_server - INFO - log_game_event:61 - Игровое событие: обновление_позиции - {"client_id": 4, "position": {"x": 950, "y": 555}, "inputs": {"left": false, "right": false, "up": false, "down": false}}
2025-09-25 18:00:18,047 - game_server - INFO - log_game_event:61 - Игровое событие: обновление_позиции - {"client_id": 4, "position": {"x": 950, "y": 555}, "inputs": {"left": false, "right": false, "up": false, "down": false}}
2025-09-25 18:00:18,082 - game_server - INFO - log_game_event:61 - Игровое событие: обновление_позиции - {"client_id": 4, "position": {"x": 950, "y": 555}, "inputs": {"left": false, "right": false, "up": false, "down": false}}
2025-09-25 18:00:18,117 - game_server - INFO - log_game_event:61 - Игровое событие: обновление_позиции - {"client_id": 4, "position": {"x": 950, "y": 555}, "inputs": {"left": false, "right": false, "up": false, "down": false}}
2025-09-25 18:00:18,150 - game_server - INFO - log_game_event:61 - Игровое событие: обновление_позиции - {"client_id": 4, "position": {"x": 950, "y": 555}, "inputs": {"left": false, "right": false, "up": false, "down": false}}
2025-09-25 18:00:18,187 - game_server - INFO - log_game_event:61 - Игровое событие: обновление_позиции - {"client_id": 4, "position": {"x": 950, "y": 555}, "inputs": {"left": false, "right": false, "up": false, "down": false}}
2025-09-25 18:00:18,222 - game_server - INFO - log_game_event:61 - Игровое событие: обновление_позиции - {"client_id": 4, "position": {"x": 950, "y": 555}, "inputs": {"left": false, "right": false, "up": false, "down": false}}
2025-09-25 18:00:18,257 - game_server - INFO - log_game_event:61 - Игровое событие: обновление_позиции - {"client_id": 4, "position": {"x": 950, "y": 555}, "inputs": {"left": false, "right": false, "up": false, "down": false}}
2025-09-25 18:00:18,289 - game_server - INFO - log_game_event:61 - Игровое событие: обновление_позиции - {"client_id": 4, "position": {"x": 950, "y": 555}, "inputs": {"left": false, "right": false, "up": false, "down": false}}
2025-09-25 18:00:18,320 - game_server - INFO - log_game_event:61 - Игровое событие: обновление_позиции - {"client_id": 4, "position": {"x": 950, "y": 555}, "inputs": {"left": false, "right": false, "up": false, "down": false}}
2025-09-25 18:00:18,351 - game_server - INFO - log_game_event:61 - Игровое событие: обновление_позиции - {"client_id": 4, "position": {"x": 950, "y": 555}, "inputs": {"left": false, "right": false, "up": false, "down": false}}
2025-09-25 18:00:18,383 - game_server - INFO - log_game_event:61 - Игровое событие: обновление_позиции - {"client_id": 4, "position": {"x": 950, "y": 555}, "inputs": {"left": false, "right": false, "up": false, "down": false}}
2025-09-25 18:00:18,417 - game_server - INFO - log_game_event:61 - Игровое событие: обновление_позиции - {"client_id": 4, "position": {"x": 950, "y": 555}, "inputs": {"left": false, "right": false, "up": false, "down": false}}
2025-09-25 18:00:18,444 - game_server - INFO - log_game_event:61 - Игровое событие: обновление_позиции - {"client_id": 4, "position": {"x": 950, "y": 555}, "inputs": {"left": false, "right": false, "up": false, "down": false}}
2025-09-25 18:00:18,477 - game_server - INFO - log_game_event:61 - Игровое событие: обновление_позиции - {"client_id": 4, "position": {"x": 950, "y": 555}, "inputs": {"left": false, "right": false, "up": false, "down": false}}
2025-09-25 18:00:18,501 - game_server - INFO - log_game_event:61 - Игровое событие: обновление_позиции - {"client_id": 4, "position": {"x": 950, "y": 555}, "inputs": {"left": false, "right": false, "up": false, "down": false}}
2025-09-25 18:00:18,523 - game_server - INFO - log_game_event:61 - Игровое событие: обновление_позиции - {"client_id": 4, "position": {"x": 950, "y": 555}, "inputs": {"left": false, "right": false, "up": false, "down": false}}
2025-09-25 18:00:18,545 - game_server - INFO - log_game_event:61 - Игровое событие: обновление_позиции - {"client_id": 4, "position": {"x": 950, "y": 555}, "inputs": {"left": false, "right": false, "up": false, "down": false}}
2025-09-25 18:00:18,568 - game_server - INFO - log_game_event:61 - Игровое событие: обновление_позиции - {"client_id": 4, "position": {"x": 950, "y": 555}, "inputs": {"left": false, "right": false, "up": false, "down": false}}
2025-09-25 18:00:18,590 - game_server - INFO - log_game_event:61 - Игровое событие: обновление_позиции - {"client_id": 4, "position": {"x": 950, "y": 555}, "inputs": {"left": false, "right": false, "up": false, "down": false}}
2025-09-25 18:00:18,617 - game_server - INFO - log_game_event:61 - Игровое событие: обновление_позиции - {"client_id": 4, "position": {"x": 950, "y": 555}, "inputs": {"left": false, "right": false, "up": false, "down": false}}
2025-09-25 18:00:18,640 - game_server - INFO - log_game_event:61 - Игровое событие: обновление_позиции - {"client_id": 4, "position": {"x": 950, "y": 555}, "inputs": {"left": false, "right": false, "up": false, "down": false}}
2025-09-25 18:00:18,664 - game_server - INFO - log_game_event:61 - Игровое событие: обновление_позиции - {"client_id": 4, "position": {"x": 950, "y": 555}, "inputs": {"left": false, "right": false, "up": false, "down": false}}
2025-09-25 18:00:18,699 - game_server - INFO - log_game_event:61 - Игровое событие: обновление_позиции - {"client_id": 4, "position": {"x": 950, "y": 555}, "inputs": {"left": false, "right": false, "up": false, "down": false}}
2025-09-25 18:00:18,737 - game_server - INFO - log_game_event:61 - Игровое событие: обновление_позиции - {"client_id": 4, "position": {"x": 950, "y": 555}, "inputs": {"left": false, "right": false, "up": false, "down": false}}
2025-09-25 18:00:18,763 - game_server - INFO - log_game_event:61 - Игровое событие: обновление_позиции - {"client_id": 4, "position": {"x": 950, "y": 555}, "inputs": {"left": false, "right": false, "up": false, "down": false}}
2025-09-25 18:00:18,785 - game_server - INFO - log_game_event:61 - Игровое событие: обновление_позиции - {"client_id": 4, "position": {"x": 950, "y": 555}, "inputs": {"left": false, "right": false, "up": false, "down": false}}
2025-09-25 18:00:18,808 - game_server - INFO - log_game_event:61 - Игровое событие: обновление_позиции - {"client_id": 4, "position": {"x": 950, "y": 555}, "inputs": {"left": false, "right": false, "up": false, "down": false}}
2025-09-25 18:00:18,830 - game_server - INFO - log_game_event:61 - Игровое событие: обновление_позиции - {"client_id": 4, "position": {"x": 950, "y": 555}, "inputs": {"left": false, "right": false, "up": false, "down": false}}
2025-09-25 18:00:18,852 - game_server - INFO - log_game_event:61 - Игровое событие: обновление_позиции - {"client_id": 4, "position": {"x": 950, "y": 555}, "inputs": {"left": false, "right": false, "up": false, "down": false}}
2025-09-25 18:00:18,874 - game_server - INFO - log_game_event:61 - Игровое событие: обновление_позиции - {"client_id": 4, "position": {"x": 950, "y": 555}, "inputs": {"left": false, "right": false, "up": false, "down": false}}
2025-09-25 18:00:18,898 - game_server - INFO - log_game_event:61 - Игровое событие: обновление_позиции - {"client_id": 4, "position": {"x": 950, "y": 555}, "inputs": {"left": false, "right": false, "up": false, "down": false}}
2025-09-25 18:00:18,933 - game_server - INFO - log_game_event:61 - Игровое событие: обновление_позиции - {"client_id": 4, "position": {"x": 950, "y": 555}, "inputs": {"left": false, "right": false, "up": false, "down": false}}
2025-09-25 18:00:18,962 - game_server - INFO - log_game_event:61 - Игровое событие: обновление_позиции - {"client_id": 4, "position": {"x": 950, "y": 555}, "inputs": {"left": false, "right": false, "up": false, "down": false}}
2025-09-25 18:00:18,985 - game_server - INFO - log_game_event:61 - Игровое событие: обновление_позиции - {"client_id": 4, "position": {"x": 950, "y": 555}, "inputs": {"left": false, "right": false, "up": false, "down": false}}
2025-09-25 18:00:19,010 - game_server - INFO - log_game_event:61 - Игровое событие: обновление_позиции - {"client_id": 4, "position": {"x": 950, "y": 555}, "inputs": {"left": false, "right": false, "up": false, "down": false}}
2025-09-25 18:00:19,043 - game_server - INFO - log_game_event:61 - Игровое событие: обновление_позиции - {"client_id": 4, "position": {"x": 950, "y": 555}, "inputs": {"left": false, "right": false, "up": false, "down": false}}
2025-09-25 18:00:19,065 - game_server - INFO - log_game_event:61 - Игровое событие: обновление_позиции - {"client_id": 4, "position": {"x": 950, "y": 555}, "inputs": {"left": false, "right": false, "up": false, "down": false}}
2025-09-25 18:00:19,089 - game_server - INFO - log_game_event:61 - Игровое событие: обновление_позиции - {"client_id": 4, "position": {"x": 950, "y": 555}, "inputs": {"left": false, "right": false, "up": false, "down": false}}
2025-09-25 18:00:19,117 - game_server - INFO - log_game_event:61 - Игровое событие: обновление_позиции - {"client_id": 4, "position": {"x": 950, "y": 555}, "inputs": {"left": false, "right": false, "up": false, "down": false}}
2025-09-25 18:00:19,140 - game_server - INFO - log_game_event:61 - Игровое событие: обновление_позиции - {"client_id": 4, "position": {"x": 950, "y": 555}, "inputs": {"left": false, "right": false, "up": false, "down": false}}
2025-09-25 18:00:19,170 - game_server - INFO - log_game_event:61 - Игровое событие: обновление_позиции - {"client_id": 4, "position": {"x": 950, "y": 555}, "inputs": {"left": false, "right": false, "up": false, "down": false}}
2025-09-25 18:00:19,200 - game_server - INFO - log_game_event:61 - Игровое событие: обновление_позиции - {"client_id": 4, "position": {"x": 950, "y": 555}, "inputs": {"left": false, "right": false, "up": false, "down": false}}
2025-09-25 18:00:19,229 - game_server - INFO - log_game_event:61 - Игровое событие: обновление_позиции - {"client_id": 4, "position": {"x": 950, "y": 555}, "inputs": {"left": false, "right": false, "up": false, "down": false}}
2025-09-25 18:00:19,253 - game_server - INFO - log_game_event:61 - Игровое событие: обновление_позиции - {"client_id": 4, "position": {"x": 950, "y": 555}, "inputs": {"left": false, "right": false, "up": false, "down": false}}
2025-09-25 18:00:19,280 - game_server - INFO - log_game_event:61 - Игровое событие: обновление_позиции - {"client_id": 4, "position": {"x": 950, "y": 555}, "inputs": {"left": false, "right": false, "up": false, "down": false}}
2025-09-25 18:00:19,306 - game_server - INFO - log_game_event:61 - Игровое событие: обновление_позиции - {"client_id": 4, "position": {"x": 950, "y": 555}, "inputs": {"left": false, "right": false, "up": false, "down": false}}
2025-09-25 18:00:19,329 - game_server - INFO - log_game_event:61 - Игровое событие: обновление_позиции - {"client_id": 4, "position": {"x": 950, "y": 555}, "inputs": {"left": false, "right": false, "up": false, "down": false}}
2025-09-25 18:00:19,353 - game_server - INFO - log_game_event:61 - Игровое событие: обновление_позиции - {"client_id": 4, "position": {"x": 950, "y": 555}, "inputs": {"left": false, "right": false, "up": false, "down": false}}
2025-09-25 18:00:19,375 - game_server - INFO - log_game_event:61 - Игровое событие: обновление_позиции - {"client_id": 4, "position": {"x": 950, "y": 555}, "inputs": {"left": false, "right": false, "up": false, "down": false}}
2025-09-25 18:00:19,402 - game_server - INFO - log_game_event:61 - Игровое событие: обновление_позиции - {"client_id": 4, "position": {"x": 950, "y": 555}, "inputs": {"left": false, "right": false, "up": false, "down": false}}
2025-09-25 18:00:19,431 - game_server - INFO - log_game_event:61 - Игровое событие: обновление_позиции - {"client_id": 4, "position": {"x": 950, "y": 555}, "inputs": {"left": false, "right": false, "up": false, "down": false}}
2025-09-25 18:00:19,454 - game_server - INFO - log_game_event:61 - Игровое событие: обновление_позиции - {"client_id": 4, "position": {"x": 950, "y": 555}, "inputs": {"left": false, "right": false, "up": false, "down": false}}
2025-09-25 18:00:19,477 - game_server - INFO - log_game_event:61 - Игровое событие: обновление_позиции - {"client_id": 4, "position": {"x": 950, "y": 555}, "inputs": {"left": false, "right": false, "up": false, "down": false}}
2025-09-25 18:00:19,500 - game_server - INFO - log_game_event:61 - Игровое событие: обновление_позиции - {"client_id": 4, "position": {"x": 950, "y": 555}, "inputs": {"left": false, "right": false, "up": false, "down": false}}
2025-09-25 18:00:19,528 - game_server - INFO - log_game_event:61 - Игровое событие: обновление_позиции - {"client_id": 4, "position": {"x": 950, "y": 555}, "inputs": {"left": false, "right": false, "up": false, "down": false}}
2025-09-25 18:00:19,559 - game_server - INFO - log_game_event:61 - Игровое событие: обновление_позиции - {"client_id": 4, "position": {"x": 950, "y": 555}, "inputs": {"left": false, "right": false, "up": false, "down": false}}
2025-09-25 18:00:19,588 - game_server - INFO - log_game_event:61 - Игровое событие: обновление_позиции - {"client_id": 4, "position": {"x": 950, "y": 555}, "inputs": {"left": false, "right": false, "up": false, "down": false}}
2025-09-25 18:00:19,625 - game_server - INFO - log_game_event:61 - Игровое событие: обновление_позиции - {"client_id": 4, "position": {"x": 950, "y": 555}, "inputs": {"left": false, "right": false, "up": false, "down": false}}
2025-09-25 18:00:19,659 - game_server - INFO - log_game_event:61 - Игровое событие: обновление_позиции - {"client_id": 4, "position": {"x": 950, "y": 555}, "inputs": {"left": false, "right": false, "up": false, "down": false}}
2025-09-25 18:00:19,691 - game_server - INFO - log_game_event:61 - Игровое событие: обновление_позиции - {"client_id": 4, "position": {"x": 950, "y": 555}, "inputs": {"left": false, "right": false, "up": false, "down": false}}
2025-09-25 18:00:19,729 - game_server - INFO - log_game_event:61 - Игровое событие: обновление_позиции - {"client_id": 4, "position": {"x": 950, "y": 555}, "inputs": {"left": false, "right": false, "up": false, "down": false}}
2025-09-25 18:00:19,763 - game_server - INFO - log_game_event:61 - Игровое событие: обновление_позиции - {"client_id": 4, "position": {"x": 950, "y": 555}, "inputs": {"left": false, "right": false, "up": false, "down": false}}
2025-09-25 18:00:19,792 - game_server - INFO - log_game_event:61 - Игровое событие: обновление_позиции - {"client_id": 4, "position": {"x": 950, "y": 555}, "inputs": {"left": false, "right": false, "up": false, "down": false}}
2025-09-25 18:00:19,827 - game_server - INFO - log_game_event:61 - Игровое событие: обновление_позиции - {"client_id": 4, "position": {"x": 950, "y": 555}, "inputs": {"left": false, "right": false, "up": false, "down": false}}
2025-09-25 18:00:19,862 - game_server - INFO - log_game_event:61 - Игровое событие: обновление_позиции - {"client_id": 4, "position": {"x": 950, "y": 555}, "inputs": {"left": false, "right": false, "up": false, "down": false}}
2025-09-25 18:00:19,894 - game_server - INFO - log_game_event:61 - Игровое событие: обновление_позиции - {"client_id": 4, "position": {"x": 950, "y": 555}, "inputs": {"left": false, "right": false, "up": false, "down": false}}
2025-09-25 18:00:19,927 - game_server - INFO - log_game_event:61 - Игровое событие: обновление_позиции - {"client_id": 4, "position": {"x": 950, "y": 555}, "inputs": {"left": false, "right": false, "up": false, "down": false}}
2025-09-25 18:00:19,961 - game_server - INFO - log_game_event:61 - Игровое событие: обновление_позиции - {"client_id": 4, "position": {"x": 950, "y": 555}, "inputs": {"left": false, "right": false, "up": false, "down": false}}
2025-09-25 18:00:19,994 - game_server - INFO - log_game_event:61 - Игровое событие: обновление_позиции - {"client_id": 4, "position": {"x": 950, "y": 555}, "inputs": {"left": false, "right": false, "up": false, "down": false}}
2025-09-25 18:00:20,028 - game_server - INFO - log_game_event:61 - Игровое событие: обновление_позиции - {"client_id": 4, "position": {"x": 950, "y": 555}, "inputs": {"left": false, "right": false, "up": false, "down": false}}
2025-09-25 18:00:20,062 - game_server - INFO - log_game_event:61 - Игровое событие: обновление_позиции - {"client_id": 4, "position": {"x": 950, "y": 555}, "inputs": {"left": false, "right": false, "up": false, "down": false}}
2025-09-25 18:00:20,094 - game_server - INFO - log_game_event:61 - Игровое событие: обновление_позиции - {"client_id": 4, "position": {"x": 950, "y": 555}, "inputs": {"left": false, "right": false, "up": false, "down": false}}
2025-09-25 18:00:20,130 - game_server - INFO - log_game_event:61 - Игровое событие: обновление_позиции - {"client_id": 4, "position": {"x": 950, "y": 555}, "inputs": {"left": false, "right": false, "up": false, "down": false}}
2025-09-25 18:00:20,166 - game_server - INFO - log_game_event:61 - Игровое событие: обновление_позиции - {"client_id": 4, "position": {"x": 950, "y": 555}, "inputs": {"left": false, "right": false, "up": false, "down": false}}
2025-09-25 18:00:20,202 - game_server - INFO - log_game_event:61 - Игровое событие: обновление_позиции - {"client_id": 4, "position": {"x": 950, "y": 555}, "inputs": {"left": false, "right": false, "up": false, "down": false}}
2025-09-25 18:00:20,235 - game_server - INFO - log_game_event:61 - Игровое событие: обновление_позиции - {"client_id": 4, "position": {"x": 950, "y": 555}, "inputs": {"left": false, "right": false, "up": false, "down": false}}
2025-09-25 18:00:20,269 - game_server - INFO - log_game_event:61 - Игровое событие: обновление_позиции - {"client_id": 4, "position": {"x": 950, "y": 555}, "inputs": {"left": false, "right": false, "up": false, "down": false}}
2025-09-25 18:00:20,302 - game_server - INFO - log_game_event:61 - Игровое событие: обновление_позиции - {"client_id": 4, "position": {"x": 950, "y": 555}, "inputs": {"left": false, "right": false, "up": false, "down": false}}
2025-09-25 18:00:20,338 - game_server - INFO - log_game_event:61 - Игровое событие: обновление_позиции - {"client_id": 4, "position": {"x": 950, "y": 555}, "inputs": {"left": false, "right": false, "up": false, "down": false}}
2025-09-25 18:00:20,369 - game_server - INFO - log_game_event:61 - Игровое событие: обновление_позиции - {"client_id": 4, "position": {"x": 950, "y": 555}, "inputs": {"left": false, "right": false, "up": false, "down": false}}
2025-09-25 18:00:20,405 - game_server - INFO - log_game_event:61 - Игровое событие: обновление_позиции - {"client_id": 4, "position": {"x": 950, "y": 555}, "inputs": {"left": false, "right": false, "up": false, "down": false}}
2025-09-25 18:00:20,435 - game_server - INFO - log_game_event:61 - Игровое событие: обновление_позиции - {"client_id": 4, "position": {"x": 950, "y": 555}, "inputs": {"left": false, "right": false, "up": false, "down": false}}
2025-09-25 18:00:20,470 - game_server - INFO - log_game_event:61 - Игровое событие: обновление_позиции - {"client_id": 4, "position": {"x": 950, "y": 555}, "inputs": {"left": false, "right": false, "up": false, "down": false}}
2025-09-25 18:00:20,505 - game_server - INFO - log_game_event:61 - Игровое событие: обновление_позиции - {"client_id": 4, "position": {"x": 950, "y": 555}, "inputs": {"left": false, "right": false, "up": false, "down": false}}
2025-09-25 18:00:20,536 - game_server - INFO - log_game_event:61 - Игровое событие: обновление_позиции - {"client_id": 4, "position": {"x": 950, "y": 555}, "inputs": {"left": false, "right": false, "up": false, "down": false}}
2025-09-25 18:00:20,566 - game_server - INFO - log_game_event:61 - Игровое событие: обновление_позиции - {"client_id": 4, "position": {"x": 950, "y": 555}, "inputs": {"left": false, "right": false, "up": false, "down": false}}
2025-09-25 18:00:20,601 - game_server - INFO - log_game_event:61 - Игровое событие: обновление_позиции - {"client_id": 4, "position": {"x": 950, "y": 555}, "inputs": {"left": false, "right": false, "up": false, "down": false}}
2025-09-25 18:00:20,635 - game_server - INFO - log_game_event:61 - Игровое событие: обновление_позиции - {"client_id": 4, "position": {"x": 950, "y": 555}, "inputs": {"left": false, "right": false, "up": false, "down": false}}
2025-09-25 18:00:20,671 - game_server - INFO - log_game_event:61 - Игровое событие: обновление_позиции - {"client_id": 4, "position": {"x": 950, "y": 555}, "inputs": {"left": false, "right": false, "up": false, "down": false}}
2025-09-25 18:00:20,707 - game_server - INFO - log_game_event:61 - Игровое событие: обновление_позиции - {"client_id": 4, "position": {"x": 950, "y": 555}, "inputs": {"left": false, "right": false, "up": false, "down": false}}
2025-09-25 18:00:20,743 - game_server - INFO - log_game_event:61 - Игровое событие: обновление_позиции - {"client_id": 4, "position": {"x": 950, "y": 555}, "inputs": {"left": false, "right": false, "up": false, "down": false}}
2025-09-25 18:00:20,778 - game_server - INFO - log_game_event:61 - Игровое событие: обновление_позиции - {"client_id": 4, "position": {"x": 950, "y": 555}, "inputs": {"left": false, "right": false, "up": false, "down": false}}
2025-09-25 18:00:20,814 - game_server - INFO - log_game_event:61 - Игровое событие: обновление_позиции - {"client_id": 4, "position": {"x": 950, "y": 555}, "inputs": {"left": false, "right": false, "up": false, "down": false}}
2025-09-25 18:00:20,849 - game_server - INFO - log_game_event:61 - Игровое событие: обновление_позиции - {"client_id": 4, "position": {"x": 950, "y": 555}, "inputs": {"left": false, "right": false, "up": false, "down": false}}
2025-09-25 18:00:20,883 - game_server - INFO - log_game_event:61 - Игровое событие: обновление_позиции - {"client_id": 4, "position": {"x": 950, "y": 555}, "inputs": {"left": false, "right": false, "up": false, "down": false}}
2025-09-25 18:00:20,918 - game_server - INFO - log_game_event:61 - Игровое событие: обновление_позиции - {"client_id": 4, "position": {"x": 950, "y": 555}, "inputs": {"left": false, "right": false, "up": false, "down": false}}
2025-09-25 18:00:20,952 - game_server - INFO - log_game_event:61 - Игровое событие: обновление_позиции - {"client_id": 4, "position": {"x": 950, "y": 555}, "inputs": {"left": false, "right": false, "up": false, "down": false}}
2025-09-25 18:00:20,988 - game_server - INFO - log_game_event:61 - Игровое событие: обновление_позиции - {"client_id": 4, "position": {"x": 950, "y": 555}, "inputs": {"left": false, "right": false, "up": false, "down": false}}
2025-09-25 18:00:21,023 - game_server - INFO - log_game_event:61 - Игровое событие: обновление_позиции - {"client_id": 4, "position": {"x": 950, "y": 555}, "inputs": {"left": false, "right": false, "up": false, "down": false}}
2025-09-25 18:00:21,057 - game_server - INFO - log_game_event:61 - Игровое событие: обновление_позиции - {"client_id": 4, "position": {"x": 950, "y": 555}, "inputs": {"left": false, "right": false, "up": false, "down": false}}
2025-09-25 18:00:21,096 - game_server - INFO - log_game_event:61 - Игровое событие: обновление_позиции - {"client_id": 4, "position": {"x": 950, "y": 555}, "inputs": {"left": false, "right": false, "up": false, "down": false}}
2025-09-25 18:00:21,132 - game_server - INFO - log_game_event:61 - Игровое событие: обновление_позиции - {"client_id": 4, "position": {"x": 950, "y": 555}, "inputs": {"left": false, "right": false, "up": false, "down": false}}
2025-09-25 18:00:21,168 - game_server - INFO - log_game_event:61 - Игровое событие: обновление_позиции - {"client_id": 4, "position": {"x": 950, "y": 555}, "inputs": {"left": false, "right": false, "up": false, "down": false}}
2025-09-25 18:00:21,203 - game_server - INFO - log_game_event:61 - Игровое событие: обновление_позиции - {"client_id": 4, "position": {"x": 950, "y": 555}, "inputs": {"left": false, "right": false, "up": false, "down": false}}
2025-09-25 18:00:21,239 - game_server - INFO - log_game_event:61 - Игровое событие: обновление_позиции - {"client_id": 4, "position": {"x": 950, "y": 555}, "inputs": {"left": false, "right": false, "up": false, "down": false}}
2025-09-25 18:00:21,275 - game_server - INFO - log_game_event:61 - Игровое событие: обновление_позиции - {"client_id": 4, "position": {"x": 950, "y": 555}, "inputs": {"left": false, "right": false, "up": false, "down": false}}
2025-09-25 18:00:21,311 - game_server - INFO - log_game_event:61 - Игровое событие: обновление_позиции - {"client_id": 4, "position": {"x": 950, "y": 555}, "inputs": {"left": false, "right": false, "up": false, "down": false}}
2025-09-25 18:00:21,347 - game_server - INFO - log_game_event:61 - Игровое событие: обновление_позиции - {"client_id": 4, "position": {"x": 950, "y": 555}, "inputs": {"left": false, "right": false, "up": false, "down": false}}
2025-09-25 18:00:21,382 - game_server - INFO - log_game_event:61 - Игровое событие: обновление_позиции - {"client_id": 4, "position": {"x": 950, "y": 555}, "inputs": {"left": false, "right": false, "up": false, "down": false}}
2025-09-25 18:00:21,417 - game_server - INFO - log_game_event:61 - Игровое событие: обновление_позиции - {"client_id": 4, "position": {"x": 950, "y": 555}, "inputs": {"left": false, "right": false, "up": false, "down": false}}
2025-09-25 18:00:21,450 - game_server - INFO - log_game_event:61 - Игровое событие: обновление_позиции - {"client_id": 4, "position": {"x": 950, "y": 555}, "inputs": {"left": false, "right": false, "up": false, "down": false}}
2025-09-25 18:00:21,487 - game_server - INFO - log_game_event:61 - Игровое событие: обновление_позиции - {"client_id": 4, "position": {"x": 950, "y": 555}, "inputs": {"left": false, "right": false, "up": false, "down": false}}
2025-09-25 18:00:21,522 - game_server - INFO - log_game_event:61 - Игровое событие: обновление_позиции - {"client_id": 4, "position": {"x": 950, "y": 555}, "inputs": {"left": false, "right": false, "up": false, "down": false}}
2025-09-25 18:00:21,556 - game_server - INFO - log_game_event:61 - Игровое событие: обновление_позиции - {"client_id": 4, "position": {"x": 950, "y": 555}, "inputs": {"left": false, "right": false, "up": false, "down": false}}
2025-09-25 18:00:21,589 - game_server - INFO - log_game_event:61 - Игровое событие: обновление_позиции - {"client_id": 4, "position": {"x": 950, "y": 555}, "inputs": {"left": false, "right": false, "up": false, "down": false}}
2025-09-25 18:00:21,626 - game_server - INFO - log_game_event:61 - Игровое событие: обновление_позиции - {"client_id": 4, "position": {"x": 950, "y": 555}, "inputs": {"left": false, "right": false, "up": false, "down": false}}
2025-09-25 18:00:21,660 - game_server - INFO - log_game_event:61 - Игровое событие: обновление_позиции - {"client_id": 4, "position": {"x": 950, "y": 555}, "inputs": {"left": false, "right": false, "up": false, "down": false}}
2025-09-25 18:00:21,695 - game_server - INFO - log_game_event:61 - Игровое событие: обновление_позиции - {"client_id": 4, "position": {"x": 950, "y": 555}, "inputs": {"left": false, "right": false, "up": false, "down": false}}
2025-09-25 18:00:21,732 - game_server - INFO - log_game_event:61 - Игровое событие: обновление_позиции - {"client_id": 4, "position": {"x": 950, "y": 555}, "inputs": {"left": false, "right": false, "up": false, "down": false}}
2025-09-25 18:00:21,769 - game_server - INFO - log_game_event:61 - Игровое событие: обновление_позиции - {"client_id": 4, "position": {"x": 950, "y": 555}, "inputs": {"left": false, "right": false, "up": false, "down": false}}
2025-09-25 18:00:21,805 - game_server - INFO - log_game_event:61 - Игровое событие: обновление_позиции - {"client_id": 4, "position": {"x": 950, "y": 555}, "inputs": {"left": false, "right": false, "up": false, "down": false}}
2025-09-25 18:00:21,841 - game_server - INFO - log_game_event:61 - Игровое событие: обновление_позиции - {"client_id": 4, "position": {"x": 950, "y": 555}, "inputs": {"left": false, "right": false, "up": false, "down": false}}
2025-09-25 18:00:21,878 - game_server - INFO - log_game_event:61 - Игровое событие: обновление_позиции - {"client_id": 4, "position": {"x": 950, "y": 555}, "inputs": {"left": false, "right": false, "up": false, "down": false}}
2025-09-25 18:00:21,914 - game_server - INFO - log_game_event:61 - Игровое событие: обновление_позиции - {"client_id": 4, "position": {"x": 950, "y": 555}, "inputs": {"left": false, "right": false, "up": false, "down": false}}
2025-09-25 18:00:21,948 - game_server - INFO - log_game_event:61 - Игровое событие: обновление_позиции - {"client_id": 4, "position": {"x": 950, "y": 555}, "inputs": {"left": false, "right": false, "up": false, "down": false}}
2025-09-25 18:00:21,982 - game_server - INFO - log_game_event:61 - Игровое событие: обновление_позиции - {"client_id": 4, "position": {"x": 950, "y": 555}, "inputs": {"left": false, "right": false, "up": false, "down": false}}
2025-09-25 18:00:22,018 - game_server - INFO - log_game_event:61 - Игровое событие: обновление_позиции - {"client_id": 4, "position": {"x": 950, "y": 555}, "inputs": {"left": false, "right": false, "up": false, "down": false}}
2025-09-25 18:00:22,049 - game_server - INFO - log_game_event:61 - Игровое событие: обновление_позиции - {"client_id": 4, "position": {"x": 950, "y": 555}, "inputs": {"left": false, "right": false, "up": false, "down": false}}
2025-09-25 18:00:22,080 - game_server - INFO - log_game_event:61 - Игровое событие: обновление_позиции - {"client_id": 4, "position": {"x": 950, "y": 555}, "inputs": {"left": false, "right": false, "up": false, "down": false}}
2025-09-25 18:00:22,115 - game_server - INFO - log_game_event:61 - Игровое событие: обновление_позиции - {"client_id": 4, "position": {"x": 950, "y": 555}, "inputs": {"left": false, "right": false, "up": false, "down": false}}
2025-09-25 18:00:22,150 - game_server - INFO - log_game_event:61 - Игровое событие: обновление_позиции - {"client_id": 4, "position": {"x": 950, "y": 555}, "inputs": {"left": false, "right": false, "up": false, "down": false}}
2025-09-25 18:00:22,185 - game_server - INFO - log_game_event:61 - Игровое событие: обновление_позиции - {"client_id": 4, "position": {"x": 950, "y": 555}, "inputs": {"left": false, "right": false, "up": false, "down": false}}
2025-09-25 18:00:22,220 - game_server - INFO - log_game_event:61 - Игровое событие: обновление_позиции - {"client_id": 4, "position": {"x": 950, "y": 555}, "inputs": {"left": false, "right": false, "up": false, "down": false}}
2025-09-25 18:00:22,255 - game_server - INFO - log_game_event:61 - Игровое событие: обновление_позиции - {"client_id": 4, "position": {"x": 950, "y": 555}, "inputs": {"left": false, "right": false, "up": false, "down": false}}
2025-09-25 18:00:22,288 - game_server - INFO - log_game_event:61 - Игровое событие: обновление_позиции - {"client_id": 4, "position": {"x": 950, "y": 555}, "inputs": {"left": false, "right": false, "up": false, "down": false}}
2025-09-25 18:00:22,320 - game_server - INFO - log_game_event:61 - Игровое событие: обновление_позиции - {"client_id": 4, "position": {"x": 950, "y": 555}, "inputs": {"left": false, "right": false, "up": false, "down": false}}
2025-09-25 18:00:22,354 - game_server - INFO - log_game_event:61 - Игровое событие: обновление_позиции - {"client_id": 4, "position": {"x": 950, "y": 555}, "inputs": {"left": false, "right": false, "up": false, "down": false}}
2025-09-25 18:00:22,387 - game_server - INFO - log_game_event:61 - Игровое событие: обновление_позиции - {"client_id": 4, "position": {"x": 950, "y": 555}, "inputs": {"left": false, "right": false, "up": false, "down": false}}
2025-09-25 18:00:22,422 - game_server - INFO - log_game_event:61 - Игровое событие: обновление_позиции - {"client_id": 4, "position": {"x": 950, "y": 555}, "inputs": {"left": false, "right": false, "up": false, "down": false}}
2025-09-25 18:00:22,457 - game_server - INFO - log_game_event:61 - Игровое событие: обновление_позиции - {"client_id": 4, "position": {"x": 950, "y": 555}, "inputs": {"left": false, "right": false, "up": false, "down": false}}
2025-09-25 18:00:22,492 - game_server - INFO - log_game_event:61 - Игровое событие: обновление_позиции - {"client_id": 4, "position": {"x": 950, "y": 555}, "inputs": {"left": false, "right": false, "up": false, "down": false}}
2025-09-25 18:00:22,527 - game_server - INFO - log_game_event:61 - Игровое событие: обновление_позиции - {"client_id": 4, "position": {"x": 950, "y": 555}, "inputs": {"left": false, "right": false, "up": false, "down": false}}
2025-09-25 18:00:22,561 - game_server - INFO - log_game_event:61 - Игровое событие: обновление_позиции - {"client_id": 4, "position": {"x": 950, "y": 555}, "inputs": {"left": false, "right": false, "up": false, "down": false}}
2025-09-25 18:00:22,596 - game_server - INFO - log_game_event:61 - Игровое событие: обновление_позиции - {"client_id": 4, "position": {"x": 950, "y": 555}, "inputs": {"left": false, "right": false, "up": false, "down": false}}
2025-09-25 18:00:22,626 - game_server - INFO - log_game_event:61 - Игровое событие: обновление_позиции - {"client_id": 4, "position": {"x": 950, "y": 555}, "inputs": {"left": false, "right": false, "up": false, "down": false}}
2025-09-25 18:00:22,657 - game_server - INFO - log_game_event:61 - Игровое событие: обновление_позиции - {"client_id": 4, "position": {"x": 950, "y": 555}, "inputs": {"left": false, "right": false, "up": false, "down": false}}
2025-09-25 18:00:22,680 - game_server - INFO - log_game_event:61 - Игровое событие: обновление_позиции - {"client_id": 4, "position": {"x": 950, "y": 555}, "inputs": {"left": false, "right": false, "up": false, "down": false}}
2025-09-25 18:00:22,702 - game_server - INFO - log_game_event:61 - Игровое событие: обновление_позиции - {"client_id": 4, "position": {"x": 950, "y": 555}, "inputs": {"left": false, "right": false, "up": false, "down": false}}
2025-09-25 18:00:22,724 - game_server - INFO - log_game_event:61 - Игровое событие: обновление_позиции - {"client_id": 4, "position": {"x": 950, "y": 555}, "inputs": {"left": false, "right": false, "up": false, "down": false}}
2025-09-25 18:00:22,748 - game_server - INFO - log_game_event:61 - Игровое событие: обновление_позиции - {"client_id": 4, "position": {"x": 950, "y": 555}, "inputs": {"left": false, "right": false, "up": false, "down": false}}
2025-09-25 18:00:22,771 - game_server - INFO - log_game_event:61 - Игровое событие: обновление_позиции - {"client_id": 4, "position": {"x": 950, "y": 555}, "inputs": {"left": false, "right": false, "up": false, "down": false}}
2025-09-25 18:00:22,794 - game_server - INFO - log_game_event:61 - Игровое событие: обновление_позиции - {"client_id": 4, "position": {"x": 950, "y": 555}, "inputs": {"left": false, "right": false, "up": false, "down": false}}
2025-09-25 18:00:22,816 - game_server - INFO - log_game_event:61 - Игровое событие: обновление_позиции - {"client_id": 4, "position": {"x": 950, "y": 555}, "inputs": {"left": false, "right": false, "up": false, "down": false}}
2025-09-25 18:00:22,838 - game_server - INFO - log_game_event:61 - Игровое событие: обновление_позиции - {"client_id": 4, "position": {"x": 950, "y": 555}, "inputs": {"left": false, "right": false, "up": false, "down": false}}
2025-09-25 18:00:22,860 - game_server - INFO - log_game_event:61 - Игровое событие: обновление_позиции - {"client_id": 4, "position": {"x": 950, "y": 555}, "inputs": {"left": false, "right": false, "up": false, "down": false}}
2025-09-25 18:00:22,884 - game_server - INFO - log_game_event:61 - Игровое событие: обновление_позиции - {"client_id": 4, "position": {"x": 950, "y": 555}, "inputs": {"left": false, "right": false, "up": false, "down": false}}
2025-09-25 18:00:22,907 - game_server - INFO - log_game_event:61 - Игровое событие: обновление_позиции - {"client_id": 4, "position": {"x": 950, "y": 555}, "inputs": {"left": false, "right": false, "up": false, "down": false}}
2025-09-25 18:00:22,934 - game_server - INFO - log_game_event:61 - Игровое событие: обновление_позиции - {"client_id": 4, "position": {"x": 950, "y": 555}, "inputs": {"left": false, "right": false, "up": false, "down": false}}
2025-09-25 18:00:22,961 - game_server - INFO - log_game_event:61 - Игровое событие: обновление_позиции - {"client_id": 4, "position": {"x": 950, "y": 555}, "inputs": {"left": false, "right": false, "up": false, "down": false}}
2025-09-25 18:00:22,988 - game_server - INFO - log_game_event:61 - Игровое событие: обновление_позиции - {"client_id": 4, "position": {"x": 950, "y": 555}, "inputs": {"left": false, "right": false, "up": false, "down": false}}
2025-09-25 18:00:23,014 - game_server - INFO - log_game_event:61 - Игровое событие: обновление_позиции - {"client_id": 4, "position": {"x": 950, "y": 555}, "inputs": {"left": false, "right": false, "up": false, "down": false}}
2025-09-25 18:00:23,040 - game_server - INFO - log_game_event:61 - Игровое событие: обновление_позиции - {"client_id": 4, "position": {"x": 950, "y": 555}, "inputs": {"left": false, "right": false, "up": false, "down": false}}
2025-09-25 18:00:23,062 - game_server - INFO - log_game_event:61 - Игровое событие: обновление_позиции - {"client_id": 4, "position": {"x": 950, "y": 555}, "inputs": {"left": false, "right": false, "up": false, "down": false}}
2025-09-25 18:00:23,087 - game_server - INFO - log_game_event:61 - Игровое событие: обновление_позиции - {"client_id": 4, "position": {"x": 950, "y": 555}, "inputs": {"left": false, "right": false, "up": false, "down": false}}
2025-09-25 18:00:23,113 - game_server - INFO - log_game_event:61 - Игровое событие: обновление_позиции - {"client_id": 4, "position": {"x": 950, "y": 555}, "inputs": {"left": false, "right": false, "up": false, "down": false}}
2025-09-25 18:00:23,139 - game_server - INFO - log_game_event:61 - Игровое событие: обновление_позиции - {"client_id": 4, "position": {"x": 950, "y": 555}, "inputs": {"left": false, "right": false, "up": false, "down": false}}
2025-09-25 18:00:23,164 - game_server - INFO - log_game_event:61 - Игровое событие: обновление_позиции - {"client_id": 4, "position": {"x": 950, "y": 555}, "inputs": {"left": false, "right": false, "up": false, "down": false}}
2025-09-25 18:00:23,186 - game_server - INFO - log_game_event:61 - Игровое событие: обновление_позиции - {"client_id": 4, "position": {"x": 950, "y": 555}, "inputs": {"left": false, "right": false, "up": false, "down": false}}
2025-09-25 18:00:23,207 - game_server - INFO - log_game_event:61 - Игровое событие: обновление_позиции - {"client_id": 4, "position": {"x": 950, "y": 555}, "inputs": {"left": false, "right": false, "up": false, "down": false}}
2025-09-25 18:00:23,233 - game_server - INFO - log_game_event:61 - Игровое событие: обновление_позиции - {"client_id": 4, "position": {"x": 950, "y": 555}, "inputs": {"left": false, "right": false, "up": false, "down": false}}
2025-09-25 18:00:23,260 - game_server - INFO - log_game_event:61 - Игровое событие: обновление_позиции - {"client_id": 4, "position": {"x": 950, "y": 555}, "inputs": {"left": false, "right": false, "up": false, "down": false}}
2025-09-25 18:00:23,288 - game_server - INFO - log_game_event:61 - Игровое событие: обновление_позиции - {"client_id": 4, "position": {"x": 950, "y": 555}, "inputs": {"left": false, "right": false, "up": false, "down": false}}
2025-09-25 18:00:23,311 - game_server - INFO - log_game_event:61 - Игровое событие: обновление_позиции - {"client_id": 4, "position": {"x": 950, "y": 555}, "inputs": {"left": false, "right": false, "up": false, "down": false}}
2025-09-25 18:00:23,337 - game_server - INFO - log_game_event:61 - Игровое событие: обновление_позиции - {"client_id": 4, "position": {"x": 950, "y": 555}, "inputs": {"left": false, "right": false, "up": false, "down": false}}
2025-09-25 18:00:23,363 - game_server - INFO - log_game_event:61 - Игровое событие: обновление_позиции - {"client_id": 4, "position": {"x": 950, "y": 555}, "inputs": {"left": false, "right": false, "up": false, "down": false}}
2025-09-25 18:00:23,384 - game_server - INFO - log_game_event:61 - Игровое событие: обновление_позиции - {"client_id": 4, "position": {"x": 950, "y": 555}, "inputs": {"left": false, "right": false, "up": false, "down": false}}
2025-09-25 18:00:23,406 - game_server - INFO - log_game_event:61 - Игровое событие: обновление_позиции - {"client_id": 4, "position": {"x": 950, "y": 555}, "inputs": {"left": false, "right": false, "up": false, "down": false}}
2025-09-25 18:00:23,433 - game_server - INFO - log_game_event:61 - Игровое событие: обновление_позиции - {"client_id": 4, "position": {"x": 950, "y": 555}, "inputs": {"left": false, "right": false, "up": false, "down": false}}
2025-09-25 18:00:23,458 - game_server - INFO - log_game_event:61 - Игровое событие: обновление_позиции - {"client_id": 4, "position": {"x": 950, "y": 555}, "inputs": {"left": false, "right": false, "up": false, "down": false}}
2025-09-25 18:00:23,487 - game_server - INFO - log_game_event:61 - Игровое событие: обновление_позиции - {"client_id": 4, "position": {"x": 950, "y": 555}, "inputs": {"left": false, "right": false, "up": false, "down": false}}
2025-09-25 18:00:23,513 - game_server - INFO - log_game_event:61 - Игровое событие: обновление_позиции - {"client_id": 4, "position": {"x": 950, "y": 555}, "inputs": {"left": false, "right": false, "up": false, "down": false}}
2025-09-25 18:00:23,539 - game_server - INFO - log_game_event:61 - Игровое событие: обновление_позиции - {"client_id": 4, "position": {"x": 950, "y": 555}, "inputs": {"left": false, "right": false, "up": false, "down": false}}
2025-09-25 18:00:23,571 - game_server - INFO - log_game_event:61 - Игровое событие: обновление_позиции - {"client_id": 4, "position": {"x": 950, "y": 555}, "inputs": {"left": false, "right": false, "up": false, "down": false}}
2025-09-25 18:00:23,604 - game_server - INFO - log_game_event:61 - Игровое событие: обновление_позиции - {"client_id": 4, "position": {"x": 950, "y": 555}, "inputs": {"left": false, "right": false, "up": false, "down": false}}
2025-09-25 18:00:23,632 - game_server - INFO - log_game_event:61 - Игровое событие: обновление_позиции - {"client_id": 4, "position": {"x": 950, "y": 555}, "inputs": {"left": false, "right": false, "up": false, "down": false}}
2025-09-25 18:00:23,662 - game_server - INFO - log_game_event:61 - Игровое событие: обновление_позиции - {"client_id": 4, "position": {"x": 950, "y": 555}, "inputs": {"left": false, "right": false, "up": false, "down": false}}
2025-09-25 18:00:23,693 - game_server - INFO - log_game_event:61 - Игровое событие: обновление_позиции - {"client_id": 4, "position": {"x": 950, "y": 555}, "inputs": {"left": false, "right": false, "up": false, "down": false}}
2025-09-25 18:00:23,728 - game_server - INFO - log_game_event:61 - Игровое событие: обновление_позиции - {"client_id": 4, "position": {"x": 950, "y": 555}, "inputs": {"left": false, "right": false, "up": false, "down": false}}
2025-09-25 18:00:23,763 - game_server - INFO - log_game_event:61 - Игровое событие: обновление_позиции - {"client_id": 4, "position": {"x": 950, "y": 555}, "inputs": {"left": false, "right": false, "up": false, "down": false}}
2025-09-25 18:00:23,797 - game_server - INFO - log_game_event:61 - Игровое событие: обновление_позиции - {"client_id": 4, "position": {"x": 950, "y": 555}, "inputs": {"left": false, "right": false, "up": false, "down": false}}
2025-09-25 18:00:23,832 - game_server - INFO - log_game_event:61 - Игровое событие: обновление_позиции - {"client_id": 4, "position": {"x": 950, "y": 555}, "inputs": {"left": false, "right": false, "up": false, "down": false}}
2025-09-25 18:00:23,865 - game_server - INFO - log_game_event:61 - Игровое событие: обновление_позиции - {"client_id": 4, "position": {"x": 950, "y": 555}, "inputs": {"left": false, "right": false, "up": false, "down": false}}
2025-09-25 18:00:23,900 - game_server - INFO - log_game_event:61 - Игровое событие: обновление_позиции - {"client_id": 4, "position": {"x": 950, "y": 555}, "inputs": {"left": false, "right": false, "up": false, "down": false}}
2025-09-25 18:00:23,933 - game_server - INFO - log_game_event:61 - Игровое событие: обновление_позиции - {"client_id": 4, "position": {"x": 950, "y": 555}, "inputs": {"left": false, "right": false, "up": false, "down": false}}
2025-09-25 18:00:23,963 - game_server - INFO - log_game_event:61 - Игровое событие: обновление_позиции - {"client_id": 4, "position": {"x": 950, "y": 555}, "inputs": {"left": false, "right": false, "up": false, "down": false}}
2025-09-25 18:00:23,995 - game_server - INFO - log_game_event:61 - Игровое событие: обновление_позиции - {"client_id": 4, "position": {"x": 950, "y": 555}, "inputs": {"left": false, "right": false, "up": false, "down": false}}
2025-09-25 18:00:24,032 - game_server - INFO - log_game_event:61 - Игровое событие: обновление_позиции - {"client_id": 4, "position": {"x": 950, "y": 555}, "inputs": {"left": false, "right": false, "up": false, "down": false}}
2025-09-25 18:00:24,064 - game_server - INFO - log_game_event:61 - Игровое событие: обновление_позиции - {"client_id": 4, "position": {"x": 950, "y": 555}, "inputs": {"left": false, "right": false, "up": false, "down": false}}
2025-09-25 18:00:24,098 - game_server - INFO - log_game_event:61 - Игровое событие: обновление_позиции - {"client_id": 4, "position": {"x": 950, "y": 555}, "inputs": {"left": false, "right": false, "up": false, "down": false}}
2025-09-25 18:00:24,135 - game_server - INFO - log_game_event:61 - Игровое событие: обновление_позиции - {"client_id": 4, "position": {"x": 950, "y": 555}, "inputs": {"left": false, "right": false, "up": false, "down": false}}
2025-09-25 18:00:24,169 - game_server - INFO - log_game_event:61 - Игровое событие: обновление_позиции - {"client_id": 4, "position": {"x": 950, "y": 555}, "inputs": {"left": false, "right": false, "up": false, "down": false}}
2025-09-25 18:00:24,204 - game_server - INFO - log_game_event:61 - Игровое событие: обновление_позиции - {"client_id": 4, "position": {"x": 950, "y": 555}, "inputs": {"left": false, "right": false, "up": false, "down": false}}
2025-09-25 18:00:24,238 - game_server - INFO - log_game_event:61 - Игровое событие: обновление_позиции - {"client_id": 4, "position": {"x": 950, "y": 555}, "inputs": {"left": false, "right": false, "up": false, "down": false}}
2025-09-25 18:00:24,274 - game_server - INFO - log_game_event:61 - Игровое событие: обновление_позиции - {"client_id": 4, "position": {"x": 950, "y": 555}, "inputs": {"left": false, "right": false, "up": false, "down": false}}
2025-09-25 18:00:24,310 - game_server - INFO - log_game_event:61 - Игровое событие: обновление_позиции - {"client_id": 4, "position": {"x": 950, "y": 555}, "inputs": {"left": false, "right": false, "up": false, "down": false}}
2025-09-25 18:00:24,346 - game_server - INFO - log_game_event:61 - Игровое событие: обновление_позиции - {"client_id": 4, "position": {"x": 950, "y": 555}, "inputs": {"left": false, "right": false, "up": false, "down": false}}
2025-09-25 18:00:24,379 - game_server - INFO - log_game_event:61 - Игровое событие: обновление_позиции - {"client_id": 4, "position": {"x": 950, "y": 555}, "inputs": {"left": false, "right": false, "up": false, "down": false}}
2025-09-25 18:00:24,414 - game_server - INFO - log_game_event:61 - Игровое событие: обновление_позиции - {"client_id": 4, "position": {"x": 950, "y": 555}, "inputs": {"left": false, "right": false, "up": false, "down": false}}
2025-09-25 18:00:24,449 - game_server - INFO - log_game_event:61 - Игровое событие: обновление_позиции - {"client_id": 4, "position": {"x": 950, "y": 555}, "inputs": {"left": false, "right": false, "up": false, "down": false}}
2025-09-25 18:00:24,485 - game_server - INFO - log_game_event:61 - Игровое событие: обновление_позиции - {"client_id": 4, "position": {"x": 950, "y": 555}, "inputs": {"left": false, "right": false, "up": false, "down": false}}
2025-09-25 18:00:24,522 - game_server - INFO - log_game_event:61 - Игровое событие: обновление_позиции - {"client_id": 4, "position": {"x": 950, "y": 555}, "inputs": {"left": false, "right": false, "up": false, "down": false}}
2025-09-25 18:00:24,558 - game_server - INFO - log_game_event:61 - Игровое событие: обновление_позиции - {"client_id": 4, "position": {"x": 950, "y": 555}, "inputs": {"left": false, "right": false, "up": false, "down": false}}
2025-09-25 18:00:24,591 - game_server - INFO - log_game_event:61 - Игровое событие: обновление_позиции - {"client_id": 4, "position": {"x": 950, "y": 555}, "inputs": {"left": false, "right": false, "up": false, "down": false}}
2025-09-25 18:00:24,616 - game_server - INFO - log_game_event:61 - Игровое событие: обновление_позиции - {"client_id": 4, "position": {"x": 950, "y": 555}, "inputs": {"left": false, "right": false, "up": false, "down": false}}
2025-09-25 18:00:24,649 - game_server - INFO - log_game_event:61 - Игровое событие: обновление_позиции - {"client_id": 4, "position": {"x": 950, "y": 555}, "inputs": {"left": false, "right": false, "up": false, "down": false}}
2025-09-25 18:00:24,679 - game_server - INFO - log_game_event:61 - Игровое событие: обновление_позиции - {"client_id": 4, "position": {"x": 950, "y": 555}, "inputs": {"left": false, "right": false, "up": false, "down": false}}
2025-09-25 18:00:24,703 - game_server - INFO - log_game_event:61 - Игровое событие: обновление_позиции - {"client_id": 4, "position": {"x": 950, "y": 555}, "inputs": {"left": false, "right": false, "up": false, "down": false}}
2025-09-25 18:00:24,739 - game_server - INFO - log_game_event:61 - Игровое событие: обновление_позиции - {"client_id": 4, "position": {"x": 950, "y": 555}, "inputs": {"left": false, "right": false, "up": false, "down": false}}
2025-09-25 18:00:24,772 - game_server - INFO - log_game_event:61 - Игровое событие: обновление_позиции - {"client_id": 4, "position": {"x": 950, "y": 555}, "inputs": {"left": false, "right": false, "up": false, "down": false}}
2025-09-25 18:00:24,800 - game_server - INFO - log_game_event:61 - Игровое событие: обновление_позиции - {"client_id": 4, "position": {"x": 950, "y": 555}, "inputs": {"left": false, "right": false, "up": false, "down": false}}
2025-09-25 18:00:24,829 - game_server - INFO - log_game_event:61 - Игровое событие: обновление_позиции - {"client_id": 4, "position": {"x": 950, "y": 555}, "inputs": {"left": false, "right": false, "up": false, "down": false}}
2025-09-25 18:00:24,856 - game_server - INFO - log_game_event:61 - Игровое событие: обновление_позиции - {"client_id": 4, "position": {"x": 950, "y": 555}, "inputs": {"left": false, "right": false, "up": false, "down": false}}
2025-09-25 18:00:24,883 - game_server - INFO - log_game_event:61 - Игровое событие: обновление_позиции - {"client_id": 4, "position": {"x": 950, "y": 555}, "inputs": {"left": false, "right": false, "up": false, "down": false}}
2025-09-25 18:00:24,911 - game_server - INFO - log_game_event:61 - Игровое событие: обновление_позиции - {"client_id": 4, "position": {"x": 950, "y": 555}, "inputs": {"left": false, "right": false, "up": false, "down": false}}
2025-09-25 18:00:24,945 - game_server - INFO - log_game_event:61 - Игровое событие: обновление_позиции - {"client_id": 4, "position": {"x": 950, "y": 555}, "inputs": {"left": false, "right": false, "up": false, "down": false}}
2025-09-25 18:00:24,978 - game_server - INFO - log_game_event:61 - Игровое событие: обновление_позиции - {"client_id": 4, "position": {"x": 950, "y": 555}, "inputs": {"left": false, "right": false, "up": false, "down": false}}
2025-09-25 18:00:25,013 - game_server - INFO - log_game_event:61 - Игровое событие: обновление_позиции - {"client_id": 4, "position": {"x": 950, "y": 555}, "inputs": {"left": false, "right": false, "up": false, "down": false}}
2025-09-25 18:00:25,047 - game_server - INFO - log_game_event:61 - Игровое событие: обновление_позиции - {"client_id": 4, "position": {"x": 950, "y": 555}, "inputs": {"left": false, "right": false, "up": false, "down": false}}
2025-09-25 18:00:25,079 - game_server - INFO - log_game_event:61 - Игровое событие: обновление_позиции - {"client_id": 4, "position": {"x": 950, "y": 555}, "inputs": {"left": false, "right": false, "up": false, "down": false}}
2025-09-25 18:00:25,114 - game_server - INFO - log_game_event:61 - Игровое событие: обновление_позиции - {"client_id": 4, "position": {"x": 950, "y": 555}, "inputs": {"left": false, "right": false, "up": false, "down": false}}
2025-09-25 18:00:25,148 - game_server - INFO - log_game_event:61 - Игровое событие: обновление_позиции - {"client_id": 4, "position": {"x": 950, "y": 555}, "inputs": {"left": false, "right": false, "up": false, "down": false}}
2025-09-25 18:00:25,183 - game_server - INFO - log_game_event:61 - Игровое событие: обновление_позиции - {"client_id": 4, "position": {"x": 950, "y": 555}, "inputs": {"left": false, "right": false, "up": false, "down": false}}
2025-09-25 18:00:25,218 - game_server - INFO - log_game_event:61 - Игровое событие: обновление_позиции - {"client_id": 4, "position": {"x": 950, "y": 555}, "inputs": {"left": false, "right": false, "up": false, "down": false}}
2025-09-25 18:00:25,255 - game_server - INFO - log_game_event:61 - Игровое событие: обновление_позиции - {"client_id": 4, "position": {"x": 950, "y": 555}, "inputs": {"left": false, "right": false, "up": false, "down": false}}
2025-09-25 18:00:25,291 - game_server - INFO - log_game_event:61 - Игровое событие: обновление_позиции - {"client_id": 4, "position": {"x": 950, "y": 555}, "inputs": {"left": false, "right": false, "up": false, "down": false}}
2025-09-25 18:00:25,328 - game_server - INFO - log_game_event:61 - Игровое событие: обновление_позиции - {"client_id": 4, "position": {"x": 950, "y": 555}, "inputs": {"left": false, "right": false, "up": false, "down": false}}
2025-09-25 18:00:25,363 - game_server - INFO - log_game_event:61 - Игровое событие: обновление_позиции - {"client_id": 4, "position": {"x": 950, "y": 555}, "inputs": {"left": false, "right": false, "up": false, "down": false}}
2025-09-25 18:00:25,397 - game_server - INFO - log_game_event:61 - Игровое событие: обновление_позиции - {"client_id": 4, "position": {"x": 950, "y": 555}, "inputs": {"left": false, "right": false, "up": false, "down": false}}
2025-09-25 18:00:25,432 - game_server - INFO - log_game_event:61 - Игровое событие: обновление_позиции - {"client_id": 4, "position": {"x": 950, "y": 555}, "inputs": {"left": false, "right": false, "up": false, "down": false}}
2025-09-25 18:00:25,468 - game_server - INFO - log_game_event:61 - Игровое событие: обновление_позиции - {"client_id": 4, "position": {"x": 950, "y": 555}, "inputs": {"left": false, "right": false, "up": false, "down": false}}
2025-09-25 18:00:25,504 - game_server - INFO - log_game_event:61 - Игровое событие: обновление_позиции - {"client_id": 4, "position": {"x": 950, "y": 555}, "inputs": {"left": false, "right": false, "up": false, "down": false}}
2025-09-25 18:00:25,539 - game_server - INFO - log_game_event:61 - Игровое событие: обновление_позиции - {"client_id": 4, "position": {"x": 950, "y": 555}, "inputs": {"left": false, "right": false, "up": false, "down": false}}
2025-09-25 18:00:25,575 - game_server - INFO - log_game_event:61 - Игровое событие: обновление_позиции - {"client_id": 4, "position": {"x": 950, "y": 555}, "inputs": {"left": false, "right": false, "up": false, "down": false}}
2025-09-25 18:00:25,613 - game_server - INFO - log_game_event:61 - Игровое событие: обновление_позиции - {"client_id": 4, "position": {"x": 950, "y": 555}, "inputs": {"left": false, "right": false, "up": false, "down": false}}
2025-09-25 18:00:25,649 - game_server - INFO - log_game_event:61 - Игровое событие: обновление_позиции - {"client_id": 4, "position": {"x": 950, "y": 555}, "inputs": {"left": false, "right": false, "up": false, "down": false}}
2025-09-25 18:00:25,684 - game_server - INFO - log_game_event:61 - Игровое событие: обновление_позиции - {"client_id": 4, "position": {"x": 950, "y": 555}, "inputs": {"left": false, "right": false, "up": false, "down": false}}
2025-09-25 18:00:25,719 - game_server - INFO - log_game_event:61 - Игровое событие: обновление_позиции - {"client_id": 4, "position": {"x": 950, "y": 555}, "inputs": {"left": false, "right": false, "up": false, "down": false}}
2025-09-25 18:00:25,754 - game_server - INFO - log_game_event:61 - Игровое событие: обновление_позиции - {"client_id": 4, "position": {"x": 950, "y": 555}, "inputs": {"left": false, "right": false, "up": false, "down": false}}
2025-09-25 18:00:25,791 - game_server - INFO - log_game_event:61 - Игровое событие: обновление_позиции - {"client_id": 4, "position": {"x": 950, "y": 555}, "inputs": {"left": false, "right": false, "up": false, "down": false}}
2025-09-25 18:00:25,828 - game_server - INFO - log_game_event:61 - Игровое событие: обновление_позиции - {"client_id": 4, "position": {"x": 950, "y": 555}, "inputs": {"left": false, "right": false, "up": false, "down": false}}
2025-09-25 18:00:25,864 - game_server - INFO - log_game_event:61 - Игровое событие: обновление_позиции - {"client_id": 4, "position": {"x": 950, "y": 555}, "inputs": {"left": false, "right": false, "up": false, "down": false}}
2025-09-25 18:00:25,899 - game_server - INFO - log_game_event:61 - Игровое событие: обновление_позиции - {"client_id": 4, "position": {"x": 950, "y": 555}, "inputs": {"left": false, "right": false, "up": false, "down": false}}
2025-09-25 18:00:25,933 - game_server - INFO - log_game_event:61 - Игровое событие: обновление_позиции - {"client_id": 4, "position": {"x": 950, "y": 555}, "inputs": {"left": false, "right": false, "up": false, "down": false}}
2025-09-25 18:00:25,968 - game_server - INFO - log_game_event:61 - Игровое событие: обновление_позиции - {"client_id": 4, "position": {"x": 950, "y": 555}, "inputs": {"left": false, "right": false, "up": false, "down": false}}
2025-09-25 18:00:26,003 - game_server - INFO - log_game_event:61 - Игровое событие: обновление_позиции - {"client_id": 4, "position": {"x": 950, "y": 555}, "inputs": {"left": false, "right": false, "up": false, "down": false}}
2025-09-25 18:00:26,039 - game_server - INFO - log_game_event:61 - Игровое событие: обновление_позиции - {"client_id": 4, "position": {"x": 950, "y": 555}, "inputs": {"left": false, "right": false, "up": false, "down": false}}
2025-09-25 18:00:26,075 - game_server - INFO - log_game_event:61 - Игровое событие: обновление_позиции - {"client_id": 4, "position": {"x": 950, "y": 555}, "inputs": {"left": false, "right": false, "up": false, "down": false}}
2025-09-25 18:00:26,111 - game_server - INFO - log_game_event:61 - Игровое событие: обновление_позиции - {"client_id": 4, "position": {"x": 950, "y": 555}, "inputs": {"left": false, "right": false, "up": false, "down": false}}
2025-09-25 18:00:26,147 - game_server - INFO - log_game_event:61 - Игровое событие: обновление_позиции - {"client_id": 4, "position": {"x": 950, "y": 555}, "inputs": {"left": false, "right": false, "up": false, "down": false}}
2025-09-25 18:00:26,181 - game_server - INFO - log_game_event:61 - Игровое событие: обновление_позиции - {"client_id": 4, "position": {"x": 950, "y": 555}, "inputs": {"left": false, "right": false, "up": false, "down": false}}
2025-09-25 18:00:26,216 - game_server - INFO - log_game_event:61 - Игровое событие: обновление_позиции - {"client_id": 4, "position": {"x": 950, "y": 555}, "inputs": {"left": false, "right": false, "up": false, "down": false}}
2025-09-25 18:00:26,249 - game_server - INFO - log_game_event:61 - Игровое событие: обновление_позиции - {"client_id": 4, "position": {"x": 950, "y": 555}, "inputs": {"left": false, "right": false, "up": false, "down": false}}
2025-09-25 18:00:26,287 - game_server - INFO - log_game_event:61 - Игровое событие: обновление_позиции - {"client_id": 4, "position": {"x": 950, "y": 555}, "inputs": {"left": false, "right": false, "up": false, "down": false}}
2025-09-25 18:00:26,327 - game_server - INFO - log_game_event:61 - Игровое событие: обновление_позиции - {"client_id": 4, "position": {"x": 950, "y": 555}, "inputs": {"left": false, "right": false, "up": false, "down": false}}
2025-09-25 18:00:26,364 - game_server - INFO - log_game_event:61 - Игровое событие: обновление_позиции - {"client_id": 4, "position": {"x": 950, "y": 555}, "inputs": {"left": false, "right": false, "up": false, "down": false}}
2025-09-25 18:00:26,398 - game_server - INFO - log_game_event:61 - Игровое событие: обновление_позиции - {"client_id": 4, "position": {"x": 950, "y": 555}, "inputs": {"left": false, "right": false, "up": false, "down": false}}
2025-09-25 18:00:26,433 - game_server - INFO - log_game_event:61 - Игровое событие: обновление_позиции - {"client_id": 4, "position": {"x": 950, "y": 555}, "inputs": {"left": false, "right": false, "up": false, "down": false}}
2025-09-25 18:00:26,469 - game_server - INFO - log_game_event:61 - Игровое событие: обновление_позиции - {"client_id": 4, "position": {"x": 950, "y": 555}, "inputs": {"left": false, "right": false, "up": false, "down": false}}
2025-09-25 18:00:26,505 - game_server - INFO - log_game_event:61 - Игровое событие: обновление_позиции - {"client_id": 4, "position": {"x": 950, "y": 555}, "inputs": {"left": false, "right": false, "up": false, "down": false}}
2025-09-25 18:00:26,539 - game_server - INFO - log_game_event:61 - Игровое событие: обновление_позиции - {"client_id": 4, "position": {"x": 950, "y": 555}, "inputs": {"left": false, "right": false, "up": false, "down": false}}
2025-09-25 18:00:26,575 - game_server - INFO - log_game_event:61 - Игровое событие: обновление_позиции - {"client_id": 4, "position": {"x": 950, "y": 555}, "inputs": {"left": false, "right": false, "up": false, "down": false}}
2025-09-25 18:00:26,610 - game_server - INFO - log_game_event:61 - Игровое событие: обновление_позиции - {"client_id": 4, "position": {"x": 950, "y": 555}, "inputs": {"left": false, "right": false, "up": false, "down": false}}
2025-09-25 18:00:26,645 - game_server - INFO - log_game_event:61 - Игровое событие: обновление_позиции - {"client_id": 4, "position": {"x": 950, "y": 555}, "inputs": {"left": false, "right": false, "up": false, "down": false}}
2025-09-25 18:00:26,679 - game_server - INFO - log_game_event:61 - Игровое событие: обновление_позиции - {"client_id": 4, "position": {"x": 950, "y": 555}, "inputs": {"left": false, "right": false, "up": false, "down": false}}
2025-09-25 18:00:26,714 - game_server - INFO - log_game_event:61 - Игровое событие: обновление_позиции - {"client_id": 4, "position": {"x": 950, "y": 555}, "inputs": {"left": false, "right": false, "up": false, "down": false}}
2025-09-25 18:00:26,748 - game_server - INFO - log_game_event:61 - Игровое событие: обновление_позиции - {"client_id": 4, "position": {"x": 950, "y": 555}, "inputs": {"left": false, "right": false, "up": false, "down": false}}
2025-09-25 18:00:26,780 - game_server - INFO - log_game_event:61 - Игровое событие: обновление_позиции - {"client_id": 4, "position": {"x": 950, "y": 555}, "inputs": {"left": false, "right": false, "up": false, "down": false}}
2025-09-25 18:00:26,811 - game_server - INFO - log_game_event:61 - Игровое событие: обновление_позиции - {"client_id": 4, "position": {"x": 950, "y": 555}, "inputs": {"left": false, "right": false, "up": false, "down": false}}
2025-09-25 18:00:26,846 - game_server - INFO - log_game_event:61 - Игровое событие: обновление_позиции - {"client_id": 4, "position": {"x": 950, "y": 555}, "inputs": {"left": false, "right": false, "up": false, "down": false}}
2025-09-25 18:00:26,881 - game_server - INFO - log_game_event:61 - Игровое событие: обновление_позиции - {"client_id": 4, "position": {"x": 950, "y": 555}, "inputs": {"left": false, "right": false, "up": false, "down": false}}
2025-09-25 18:00:26,915 - game_server - INFO - log_game_event:61 - Игровое событие: обновление_позиции - {"client_id": 4, "position": {"x": 950, "y": 555}, "inputs": {"left": false, "right": false, "up": false, "down": false}}
2025-09-25 18:00:26,949 - game_server - INFO - log_game_event:61 - Игровое событие: обновление_позиции - {"client_id": 4, "position": {"x": 950, "y": 555}, "inputs": {"left": false, "right": false, "up": false, "down": false}}
2025-09-25 18:00:26,981 - game_server - INFO - log_game_event:61 - Игровое событие: обновление_позиции - {"client_id": 4, "position": {"x": 950, "y": 555}, "inputs": {"left": false, "right": false, "up": false, "down": false}}
2025-09-25 18:00:27,017 - game_server - INFO - log_game_event:61 - Игровое событие: обновление_позиции - {"client_id": 4, "position": {"x": 950, "y": 555}, "inputs": {"left": false, "right": false, "up": false, "down": false}}
2025-09-25 18:00:27,050 - game_server - INFO - log_game_event:61 - Игровое событие: обновление_позиции - {"client_id": 4, "position": {"x": 950, "y": 555}, "inputs": {"left": false, "right": false, "up": false, "down": false}}
2025-09-25 18:00:27,087 - game_server - INFO - log_game_event:61 - Игровое событие: обновление_позиции - {"client_id": 4, "position": {"x": 950, "y": 555}, "inputs": {"left": false, "right": false, "up": false, "down": false}}
2025-09-25 18:00:27,127 - game_server - INFO - log_game_event:61 - Игровое событие: обновление_позиции - {"client_id": 4, "position": {"x": 950, "y": 555}, "inputs": {"left": false, "right": false, "up": false, "down": false}}
2025-09-25 18:00:27,165 - game_server - INFO - log_game_event:61 - Игровое событие: обновление_позиции - {"client_id": 4, "position": {"x": 950, "y": 555}, "inputs": {"left": false, "right": false, "up": false, "down": false}}
2025-09-25 18:00:27,200 - game_server - INFO - log_game_event:61 - Игровое событие: обновление_позиции - {"client_id": 4, "position": {"x": 950, "y": 555}, "inputs": {"left": false, "right": false, "up": false, "down": false}}
2025-09-25 18:00:27,233 - game_server - INFO - log_game_event:61 - Игровое событие: обновление_позиции - {"client_id": 4, "position": {"x": 950, "y": 555}, "inputs": {"left": false, "right": false, "up": false, "down": false}}
2025-09-25 18:00:27,268 - game_server - INFO - log_game_event:61 - Игровое событие: обновление_позиции - {"client_id": 4, "position": {"x": 950, "y": 555}, "inputs": {"left": false, "right": false, "up": false, "down": false}}
2025-09-25 18:00:27,302 - game_server - INFO - log_game_event:61 - Игровое событие: обновление_позиции - {"client_id": 4, "position": {"x": 950, "y": 555}, "inputs": {"left": false, "right": false, "up": false, "down": false}}
2025-09-25 18:00:27,331 - game_server - INFO - log_game_event:61 - Игровое событие: обновление_позиции - {"client_id": 4, "position": {"x": 950, "y": 555}, "inputs": {"left": false, "right": false, "up": false, "down": false}}
2025-09-25 18:00:27,362 - game_server - INFO - log_game_event:61 - Игровое событие: обновление_позиции - {"client_id": 4, "position": {"x": 950, "y": 555}, "inputs": {"left": false, "right": false, "up": false, "down": false}}
2025-09-25 18:00:27,387 - game_server - INFO - log_game_event:61 - Игровое событие: обновление_позиции - {"client_id": 4, "position": {"x": 950, "y": 555}, "inputs": {"left": false, "right": false, "up": false, "down": false}}
2025-09-25 18:00:27,410 - game_server - INFO - log_game_event:61 - Игровое событие: обновление_позиции - {"client_id": 4, "position": {"x": 950, "y": 555}, "inputs": {"left": false, "right": false, "up": false, "down": false}}
2025-09-25 18:00:27,442 - game_server - INFO - log_game_event:61 - Игровое событие: обновление_позиции - {"client_id": 4, "position": {"x": 950, "y": 555}, "inputs": {"left": false, "right": false, "up": false, "down": false}}
2025-09-25 18:00:27,474 - game_server - INFO - log_game_event:61 - Игровое событие: обновление_позиции - {"client_id": 4, "position": {"x": 950, "y": 555}, "inputs": {"left": false, "right": false, "up": false, "down": false}}
2025-09-25 18:00:27,505 - game_server - INFO - log_game_event:61 - Игровое событие: обновление_позиции - {"client_id": 4, "position": {"x": 950, "y": 555}, "inputs": {"left": false, "right": false, "up": false, "down": false}}
2025-09-25 18:00:27,534 - game_server - INFO - log_game_event:61 - Игровое событие: обновление_позиции - {"client_id": 4, "position": {"x": 950, "y": 555}, "inputs": {"left": false, "right": false, "up": false, "down": false}}
2025-09-25 18:00:27,556 - game_server - INFO - log_game_event:61 - Игровое событие: обновление_позиции - {"client_id": 4, "position": {"x": 950, "y": 555}, "inputs": {"left": false, "right": false, "up": false, "down": false}}
2025-09-25 18:00:27,585 - game_server - INFO - log_game_event:61 - Игровое событие: обновление_позиции - {"client_id": 4, "position": {"x": 950, "y": 555}, "inputs": {"left": false, "right": false, "up": false, "down": false}}
2025-09-25 18:00:27,607 - game_server - INFO - log_game_event:61 - Игровое событие: обновление_позиции - {"client_id": 4, "position": {"x": 950, "y": 555}, "inputs": {"left": false, "right": false, "up": false, "down": false}}
2025-09-25 18:00:27,629 - game_server - INFO - log_game_event:61 - Игровое событие: обновление_позиции - {"client_id": 4, "position": {"x": 950, "y": 555}, "inputs": {"left": false, "right": false, "up": false, "down": false}}
2025-09-25 18:00:27,651 - game_server - INFO - log_game_event:61 - Игровое событие: обновление_позиции - {"client_id": 4, "position": {"x": 950, "y": 555}, "inputs": {"left": false, "right": false, "up": false, "down": false}}
2025-09-25 18:00:27,673 - game_server - INFO - log_game_event:61 - Игровое событие: обновление_позиции - {"client_id": 4, "position": {"x": 950, "y": 555}, "inputs": {"left": false, "right": false, "up": false, "down": false}}
2025-09-25 18:00:27,695 - game_server - INFO - log_game_event:61 - Игровое событие: обновление_позиции - {"client_id": 4, "position": {"x": 950, "y": 555}, "inputs": {"left": false, "right": false, "up": false, "down": false}}
2025-09-25 18:00:27,718 - game_server - INFO - log_game_event:61 - Игровое событие: обновление_позиции - {"client_id": 4, "position": {"x": 950, "y": 555}, "inputs": {"left": false, "right": false, "up": false, "down": false}}
2025-09-25 18:00:27,744 - game_server - INFO - log_game_event:61 - Игровое событие: обновление_позиции - {"client_id": 4, "position": {"x": 950, "y": 555}, "inputs": {"left": false, "right": false, "up": false, "down": false}}
2025-09-25 18:00:27,766 - game_server - INFO - log_game_event:61 - Игровое событие: обновление_позиции - {"client_id": 4, "position": {"x": 950, "y": 555}, "inputs": {"left": false, "right": false, "up": false, "down": false}}
2025-09-25 18:00:27,789 - game_server - INFO - log_game_event:61 - Игровое событие: обновление_позиции - {"client_id": 4, "position": {"x": 950, "y": 555}, "inputs": {"left": false, "right": false, "up": false, "down": false}}
2025-09-25 18:00:27,817 - game_server - INFO - log_game_event:61 - Игровое событие: обновление_позиции - {"client_id": 4, "position": {"x": 950, "y": 555}, "inputs": {"left": false, "right": false, "up": false, "down": false}}
2025-09-25 18:00:27,843 - game_server - INFO - log_game_event:61 - Игровое событие: обновление_позиции - {"client_id": 4, "position": {"x": 950, "y": 555}, "inputs": {"left": false, "right": false, "up": false, "down": false}}
2025-09-25 18:00:27,870 - game_server - INFO - log_game_event:61 - Игровое событие: обновление_позиции - {"client_id": 4, "position": {"x": 950, "y": 555}, "inputs": {"left": false, "right": false, "up": false, "down": false}}
2025-09-25 18:00:27,897 - game_server - INFO - log_game_event:61 - Игровое событие: обновление_позиции - {"client_id": 4, "position": {"x": 950, "y": 555}, "inputs": {"left": false, "right": false, "up": false, "down": false}}
2025-09-25 18:00:27,921 - game_server - INFO - log_game_event:61 - Игровое событие: обновление_позиции - {"client_id": 4, "position": {"x": 950, "y": 555}, "inputs": {"left": false, "right": false, "up": false, "down": false}}
2025-09-25 18:00:27,947 - game_server - INFO - log_game_event:61 - Игровое событие: обновление_позиции - {"client_id": 4, "position": {"x": 950, "y": 555}, "inputs": {"left": false, "right": false, "up": false, "down": false}}
2025-09-25 18:00:27,971 - game_server - INFO - log_game_event:61 - Игровое событие: обновление_позиции - {"client_id": 4, "position": {"x": 950, "y": 555}, "inputs": {"left": false, "right": false, "up": false, "down": false}}
2025-09-25 18:00:27,996 - game_server - INFO - log_game_event:61 - Игровое событие: обновление_позиции - {"client_id": 4, "position": {"x": 950, "y": 555}, "inputs": {"left": false, "right": false, "up": false, "down": false}}
2025-09-25 18:00:28,022 - game_server - INFO - log_game_event:61 - Игровое событие: обновление_позиции - {"client_id": 4, "position": {"x": 950, "y": 555}, "inputs": {"left": false, "right": false, "up": false, "down": false}}
2025-09-25 18:00:28,049 - game_server - INFO - log_game_event:61 - Игровое событие: обновление_позиции - {"client_id": 4, "position": {"x": 950, "y": 555}, "inputs": {"left": false, "right": false, "up": false, "down": false}}
2025-09-25 18:00:28,071 - game_server - INFO - log_game_event:61 - Игровое событие: обновление_позиции - {"client_id": 4, "position": {"x": 950, "y": 555}, "inputs": {"left": false, "right": false, "up": false, "down": false}}
2025-09-25 18:00:28,094 - game_server - INFO - log_game_event:61 - Игровое событие: обновление_позиции - {"client_id": 4, "position": {"x": 950, "y": 555}, "inputs": {"left": false, "right": false, "up": false, "down": false}}
2025-09-25 18:00:28,117 - game_server - INFO - log_game_event:61 - Игровое событие: обновление_позиции - {"client_id": 4, "position": {"x": 950, "y": 555}, "inputs": {"left": false, "right": false, "up": false, "down": false}}
2025-09-25 18:00:28,139 - game_server - INFO - log_game_event:61 - Игровое событие: обновление_позиции - {"client_id": 4, "position": {"x": 950, "y": 555}, "inputs": {"left": false, "right": false, "up": false, "down": false}}
2025-09-25 18:00:28,163 - game_server - INFO - log_game_event:61 - Игровое событие: обновление_позиции - {"client_id": 4, "position": {"x": 950, "y": 555}, "inputs": {"left": false, "right": false, "up": false, "down": false}}
2025-09-25 18:00:28,185 - game_server - INFO - log_game_event:61 - Игровое событие: обновление_позиции - {"client_id": 4, "position": {"x": 950, "y": 555}, "inputs": {"left": false, "right": false, "up": false, "down": false}}
2025-09-25 18:00:28,208 - game_server - INFO - log_game_event:61 - Игровое событие: обновление_позиции - {"client_id": 4, "position": {"x": 950, "y": 555}, "inputs": {"left": false, "right": false, "up": false, "down": false}}
2025-09-25 18:00:28,235 - game_server - INFO - log_game_event:61 - Игровое событие: обновление_позиции - {"client_id": 4, "position": {"x": 950, "y": 555}, "inputs": {"left": false, "right": false, "up": false, "down": false}}
2025-09-25 18:00:28,272 - game_server - INFO - log_game_event:61 - Игровое событие: обновление_позиции - {"client_id": 4, "position": {"x": 950, "y": 555}, "inputs": {"left": false, "right": false, "up": false, "down": false}}
2025-09-25 18:00:28,305 - game_server - INFO - log_game_event:61 - Игровое событие: обновление_позиции - {"client_id": 4, "position": {"x": 950, "y": 555}, "inputs": {"left": false, "right": false, "up": false, "down": false}}
2025-09-25 18:00:28,343 - game_server - INFO - log_game_event:61 - Игровое событие: обновление_позиции - {"client_id": 4, "position": {"x": 950, "y": 555}, "inputs": {"left": false, "right": false, "up": false, "down": false}}
2025-09-25 18:00:28,382 - game_server - INFO - log_game_event:61 - Игровое событие: обновление_позиции - {"client_id": 4, "position": {"x": 950, "y": 555}, "inputs": {"left": false, "right": false, "up": false, "down": false}}
2025-09-25 18:00:28,417 - game_server - INFO - log_game_event:61 - Игровое событие: обновление_позиции - {"client_id": 4, "position": {"x": 950, "y": 555}, "inputs": {"left": false, "right": false, "up": false, "down": false}}
2025-09-25 18:00:28,449 - game_server - INFO - log_game_event:61 - Игровое событие: обновление_позиции - {"client_id": 4, "position": {"x": 950, "y": 555}, "inputs": {"left": false, "right": false, "up": false, "down": false}}
2025-09-25 18:00:28,485 - game_server - INFO - log_game_event:61 - Игровое событие: обновление_позиции - {"client_id": 4, "position": {"x": 950, "y": 555}, "inputs": {"left": false, "right": false, "up": false, "down": false}}
2025-09-25 18:00:28,508 - game_server - INFO - log_game_event:61 - Игровое событие: обновление_позиции - {"client_id": 4, "position": {"x": 950, "y": 555}, "inputs": {"left": false, "right": false, "up": false, "down": false}}
2025-09-25 18:00:28,531 - game_server - INFO - log_game_event:61 - Игровое событие: обновление_позиции - {"client_id": 4, "position": {"x": 950, "y": 555}, "inputs": {"left": false, "right": false, "up": false, "down": false}}
2025-09-25 18:00:28,554 - game_server - INFO - log_game_event:61 - Игровое событие: обновление_позиции - {"client_id": 4, "position": {"x": 950, "y": 555}, "inputs": {"left": false, "right": false, "up": false, "down": false}}
2025-09-25 18:00:28,577 - game_server - INFO - log_game_event:61 - Игровое событие: обновление_позиции - {"client_id": 4, "position": {"x": 950, "y": 555}, "inputs": {"left": false, "right": false, "up": false, "down": false}}
2025-09-25 18:00:28,601 - game_server - INFO - log_game_event:61 - Игровое событие: обновление_позиции - {"client_id": 4, "position": {"x": 950, "y": 555}, "inputs": {"left": false, "right": false, "up": false, "down": false}}
2025-09-25 18:00:28,623 - game_server - INFO - log_game_event:61 - Игровое событие: обновление_позиции - {"client_id": 4, "position": {"x": 950, "y": 555}, "inputs": {"left": false, "right": false, "up": false, "down": false}}
2025-09-25 18:00:28,655 - game_server - INFO - log_game_event:61 - Игровое событие: обновление_позиции - {"client_id": 4, "position": {"x": 950, "y": 555}, "inputs": {"left": false, "right": false, "up": false, "down": false}}
2025-09-25 18:00:28,690 - game_server - INFO - log_game_event:61 - Игровое событие: обновление_позиции - {"client_id": 4, "position": {"x": 950, "y": 555}, "inputs": {"left": false, "right": false, "up": false, "down": false}}
2025-09-25 18:00:28,721 - game_server - INFO - log_game_event:61 - Игровое событие: обновление_позиции - {"client_id": 4, "position": {"x": 950, "y": 555}, "inputs": {"left": false, "right": false, "up": false, "down": false}}
2025-09-25 18:00:28,754 - game_server - INFO - log_game_event:61 - Игровое событие: обновление_позиции - {"client_id": 4, "position": {"x": 950, "y": 555}, "inputs": {"left": false, "right": false, "up": false, "down": false}}
2025-09-25 18:00:28,784 - game_server - INFO - log_game_event:61 - Игровое событие: обновление_позиции - {"client_id": 4, "position": {"x": 950, "y": 555}, "inputs": {"left": false, "right": false, "up": false, "down": false}}
2025-09-25 18:00:28,815 - game_server - INFO - log_game_event:61 - Игровое событие: обновление_позиции - {"client_id": 4, "position": {"x": 950, "y": 555}, "inputs": {"left": false, "right": false, "up": false, "down": false}}
2025-09-25 18:00:28,841 - game_server - INFO - log_game_event:61 - Игровое событие: обновление_позиции - {"client_id": 4, "position": {"x": 950, "y": 555}, "inputs": {"left": false, "right": false, "up": false, "down": false}}
2025-09-25 18:00:28,871 - game_server - INFO - log_game_event:61 - Игровое событие: обновление_позиции - {"client_id": 4, "position": {"x": 950, "y": 555}, "inputs": {"left": false, "right": false, "up": false, "down": false}}
2025-09-25 18:00:28,894 - game_server - INFO - log_game_event:61 - Игровое событие: обновление_позиции - {"client_id": 4, "position": {"x": 950, "y": 555}, "inputs": {"left": false, "right": false, "up": false, "down": false}}
2025-09-25 18:00:28,925 - game_server - INFO - log_game_event:61 - Игровое событие: обновление_позиции - {"client_id": 4, "position": {"x": 950, "y": 555}, "inputs": {"left": false, "right": false, "up": false, "down": false}}
2025-09-25 18:00:28,952 - game_server - INFO - log_game_event:61 - Игровое событие: обновление_позиции - {"client_id": 4, "position": {"x": 950, "y": 555}, "inputs": {"left": false, "right": false, "up": false, "down": false}}
2025-09-25 18:00:28,987 - game_server - INFO - log_game_event:61 - Игровое событие: обновление_позиции - {"client_id": 4, "position": {"x": 950, "y": 555}, "inputs": {"left": false, "right": false, "up": false, "down": false}}
2025-09-25 18:00:29,018 - game_server - INFO - log_game_event:61 - Игровое событие: обновление_позиции - {"client_id": 4, "position": {"x": 950, "y": 555}, "inputs": {"left": false, "right": false, "up": false, "down": false}}
2025-09-25 18:00:29,050 - game_server - INFO - log_game_event:61 - Игровое событие: обновление_позиции - {"client_id": 4, "position": {"x": 950, "y": 555}, "inputs": {"left": false, "right": false, "up": false, "down": false}}
2025-09-25 18:00:29,080 - game_server - INFO - log_game_event:61 - Игровое событие: обновление_позиции - {"client_id": 4, "position": {"x": 950, "y": 555}, "inputs": {"left": false, "right": false, "up": false, "down": false}}
2025-09-25 18:00:29,112 - game_server - INFO - log_game_event:61 - Игровое событие: обновление_позиции - {"client_id": 4, "position": {"x": 950, "y": 555}, "inputs": {"left": false, "right": false, "up": false, "down": false}}
2025-09-25 18:00:29,147 - game_server - INFO - log_game_event:61 - Игровое событие: обновление_позиции - {"client_id": 4, "position": {"x": 950, "y": 555}, "inputs": {"left": false, "right": false, "up": false, "down": false}}
2025-09-25 18:00:29,181 - game_server - INFO - log_game_event:61 - Игровое событие: обновление_позиции - {"client_id": 4, "position": {"x": 950, "y": 555}, "inputs": {"left": false, "right": false, "up": false, "down": false}}
2025-09-25 18:00:29,217 - game_server - INFO - log_game_event:61 - Игровое событие: обновление_позиции - {"client_id": 4, "position": {"x": 950, "y": 555}, "inputs": {"left": false, "right": false, "up": false, "down": false}}
2025-09-25 18:00:29,249 - game_server - INFO - log_game_event:61 - Игровое событие: обновление_позиции - {"client_id": 4, "position": {"x": 950, "y": 555}, "inputs": {"left": false, "right": false, "up": false, "down": false}}
2025-09-25 18:00:29,284 - game_server - INFO - log_game_event:61 - Игровое событие: обновление_позиции - {"client_id": 4, "position": {"x": 950, "y": 555}, "inputs": {"left": false, "right": false, "up": false, "down": false}}
2025-09-25 18:00:29,319 - game_server - INFO - log_game_event:61 - Игровое событие: обновление_позиции - {"client_id": 4, "position": {"x": 950, "y": 555}, "inputs": {"left": false, "right": false, "up": false, "down": false}}
2025-09-25 18:00:29,353 - game_server - INFO - log_game_event:61 - Игровое событие: обновление_позиции - {"client_id": 4, "position": {"x": 950, "y": 555}, "inputs": {"left": false, "right": false, "up": false, "down": false}}
2025-09-25 18:00:29,388 - game_server - INFO - log_game_event:61 - Игровое событие: обновление_позиции - {"client_id": 4, "position": {"x": 950, "y": 555}, "inputs": {"left": false, "right": false, "up": false, "down": false}}
2025-09-25 18:00:29,420 - game_server - INFO - log_game_event:61 - Игровое событие: обновление_позиции - {"client_id": 4, "position": {"x": 950, "y": 555}, "inputs": {"left": false, "right": false, "up": false, "down": false}}
2025-09-25 18:00:29,453 - game_server - INFO - log_game_event:61 - Игровое событие: обновление_позиции - {"client_id": 4, "position": {"x": 950, "y": 555}, "inputs": {"left": false, "right": false, "up": false, "down": false}}
2025-09-25 18:00:29,488 - game_server - INFO - log_game_event:61 - Игровое событие: обновление_позиции - {"client_id": 4, "position": {"x": 950, "y": 555}, "inputs": {"left": false, "right": false, "up": false, "down": false}}
2025-09-25 18:00:29,523 - game_server - INFO - log_game_event:61 - Игровое событие: обновление_позиции - {"client_id": 4, "position": {"x": 950, "y": 555}, "inputs": {"left": false, "right": false, "up": false, "down": false}}
2025-09-25 18:00:29,560 - game_server - INFO - log_game_event:61 - Игровое событие: обновление_позиции - {"client_id": 4, "position": {"x": 950, "y": 555}, "inputs": {"left": false, "right": false, "up": false, "down": false}}
2025-09-25 18:00:29,595 - game_server - INFO - log_game_event:61 - Игровое событие: обновление_позиции - {"client_id": 4, "position": {"x": 950, "y": 555}, "inputs": {"left": false, "right": false, "up": false, "down": false}}
2025-09-25 18:00:29,629 - game_server - INFO - log_game_event:61 - Игровое событие: обновление_позиции - {"client_id": 4, "position": {"x": 950, "y": 555}, "inputs": {"left": false, "right": false, "up": false, "down": false}}
2025-09-25 18:00:29,662 - game_server - INFO - log_game_event:61 - Игровое событие: обновление_позиции - {"client_id": 4, "position": {"x": 950, "y": 555}, "inputs": {"left": false, "right": false, "up": false, "down": false}}
2025-09-25 18:00:29,693 - game_server - INFO - log_game_event:61 - Игровое событие: обновление_позиции - {"client_id": 4, "position": {"x": 950, "y": 555}, "inputs": {"left": false, "right": false, "up": false, "down": false}}
2025-09-25 18:00:29,723 - game_server - INFO - log_game_event:61 - Игровое событие: обновление_позиции - {"client_id": 4, "position": {"x": 950, "y": 555}, "inputs": {"left": false, "right": false, "up": false, "down": false}}
