2025-09-25 18:33:31,818 - game_server - INFO - <module>:87 - Сервер запущен на 192.168.1.4:5555 (привязан к 0.0.0.0)
2025-09-25 18:33:53,770 - game_server - INFO - log_connection:56 - Клиент 0: подключен - {"ip": "192.168.1.4", "port": 54294}
2025-09-25 18:33:53,791 - game_server - INFO - log_game_event:61 - Игровое событие: обновление_позиции - {"client_id": 0, "position": {"x": 960, "y": 540}, "inputs": {"left": false, "right": false, "up": false, "down": false}}
2025-09-25 18:33:53,827 - game_server - INFO - log_game_event:61 - Игровое событие: обновление_позиции - {"client_id": 0, "position": {"x": 960, "y": 540}, "inputs": {"left": false, "right": false, "up": false, "down": false}}
2025-09-25 18:33:53,851 - game_server - INFO - log_game_event:61 - Игровое событие: обновление_позиции - {"client_id": 0, "position": {"x": 960, "y": 540}, "inputs": {"left": false, "right": false, "up": false, "down": false}}
2025-09-25 18:33:53,884 - game_server - INFO - log_game_event:61 - Игровое событие: обновление_позиции - {"client_id": 0, "position": {"x": 960, "y": 540}, "inputs": {"left": false, "right": false, "up": false, "down": false}}
2025-09-25 18:33:53,925 - game_server - INFO - log_game_event:61 - Игровое событие: обновление_позиции - {"client_id": 0, "position": {"x": 960, "y": 540}, "inputs": {"left": false, "right": false, "up": false, "down": false}}
2025-09-25 18:33:53,963 - game_server - INFO - log_game_event:61 - Игровое событие: обновление_позиции - {"client_id": 0, "position": {"x": 960, "y": 540}, "inputs": {"left": false, "right": false, "up": false, "down": false}}
2025-09-25 18:33:54,001 - game_server - INFO - log_game_event:61 - Игровое событие: обновление_позиции - {"client_id": 0, "position": {"x": 960, "y": 540}, "inputs": {"left": false, "right": false, "up": false, "down": false}}
2025-09-25 18:33:54,042 - game_server - INFO - log_game_event:61 - Игровое событие: обновление_позиции - {"client_id": 0, "position": {"x": 960, "y": 540}, "inputs": {"left": false, "right": false, "up": false, "down": false}}
2025-09-25 18:33:54,081 - game_server - INFO - log_game_event:61 - Игровое событие: обновление_позиции - {"client_id": 0, "position": {"x": 960, "y": 540}, "inputs": {"left": false, "right": false, "up": false, "down": false}}
2025-09-25 18:33:54,121 - game_server - INFO - log_game_event:61 - Игровое событие: обновление_позиции - {"client_id": 0, "position": {"x": 960, "y": 540}, "inputs": {"left": false, "right": false, "up": false, "down": false}}
2025-09-25 18:33:54,159 - game_server - INFO - log_game_event:61 - Игровое событие: обновление_позиции - {"client_id": 0, "position": {"x": 960, "y": 540}, "inputs": {"left": false, "right": false, "up": false, "down": false}}
2025-09-25 18:33:54,197 - game_server - INFO - log_game_event:61 - Игровое событие: обновление_позиции - {"client_id": 0, "position": {"x": 960, "y": 540}, "inputs": {"left": false, "right": false, "up": false, "down": false}}
2025-09-25 18:33:54,234 - game_server - INFO - log_game_event:61 - Игровое событие: обновление_позиции - {"client_id": 0, "position": {"x": 960, "y": 540}, "inputs": {"left": false, "right": false, "up": false, "down": false}}
2025-09-25 18:33:54,273 - game_server - INFO - log_game_event:61 - Игровое событие: обновление_позиции - {"client_id": 0, "position": {"x": 960, "y": 540}, "inputs": {"left": false, "right": false, "up": false, "down": false}}
2025-09-25 18:33:54,312 - game_server - INFO - log_game_event:61 - Игровое событие: обновление_позиции - {"client_id": 0, "position": {"x": 960, "y": 540}, "inputs": {"left": false, "right": false, "up": false, "down": false}}
2025-09-25 18:33:54,347 - game_server - INFO - log_game_event:61 - Игровое событие: обновление_позиции - {"client_id": 0, "position": {"x": 960, "y": 540}, "inputs": {"left": false, "right": false, "up": false, "down": false}}
2025-09-25 18:33:54,381 - game_server - INFO - log_game_event:61 - Игровое событие: обновление_позиции - {"client_id": 0, "position": {"x": 960, "y": 540}, "inputs": {"left": false, "right": false, "up": false, "down": false}}
2025-09-25 18:33:54,420 - game_server - INFO - log_game_event:61 - Игровое событие: обновление_позиции - {"client_id": 0, "position": {"x": 960, "y": 540}, "inputs": {"left": false, "right": false, "up": false, "down": false}}
2025-09-25 18:33:54,458 - game_server - INFO - log_game_event:61 - Игровое событие: обновление_позиции - {"client_id": 0, "position": {"x": 960, "y": 540}, "inputs": {"left": false, "right": false, "up": false, "down": false}}
2025-09-25 18:33:54,495 - game_server - INFO - log_game_event:61 - Игровое событие: обновление_позиции - {"client_id": 0, "position": {"x": 960, "y": 540}, "inputs": {"left": false, "right": false, "up": false, "down": false}}
2025-09-25 18:33:54,535 - game_server - INFO - log_game_event:61 - Игровое событие: обновление_позиции - {"client_id": 0, "position": {"x": 960, "y": 540}, "inputs": {"left": false, "right": false, "up": false, "down": false}}
2025-09-25 18:33:54,573 - game_server - INFO - log_game_event:61 - Игровое событие: обновление_позиции - {"client_id": 0, "position": {"x": 960, "y": 540}, "inputs": {"left": false, "right": false, "up": false, "down": false}}
2025-09-25 18:33:54,606 - game_server - INFO - log_game_event:61 - Игровое событие: обновление_позиции - {"client_id": 0, "position": {"x": 960, "y": 540}, "inputs": {"left": false, "right": false, "up": false, "down": false}}
2025-09-25 18:33:54,641 - game_server - INFO - log_game_event:61 - Игровое событие: обновление_позиции - {"client_id": 0, "position": {"x": 960, "y": 540}, "inputs": {"left": false, "right": false, "up": false, "down": false}}
2025-09-25 18:33:54,673 - game_server - INFO - log_game_event:61 - Игровое событие: обновление_позиции - {"client_id": 0, "position": {"x": 960, "y": 540}, "inputs": {"left": false, "right": false, "up": false, "down": false}}
2025-09-25 18:33:54,702 - game_server - INFO - log_game_event:61 - Игровое событие: обновление_позиции - {"client_id": 0, "position": {"x": 960, "y": 540}, "inputs": {"left": false, "right": false, "up": false, "down": false}}
2025-09-25 18:33:54,733 - game_server - INFO - log_game_event:61 - Игровое событие: обновление_позиции - {"client_id": 0, "position": {"x": 960, "y": 540}, "inputs": {"left": false, "right": false, "up": false, "down": false}}
2025-09-25 18:33:54,769 - game_server - INFO - log_game_event:61 - Игровое событие: обновление_позиции - {"client_id": 0, "position": {"x": 960, "y": 540}, "inputs": {"left": false, "right": false, "up": false, "down": false}}
2025-09-25 18:33:54,806 - game_server - INFO - log_game_event:61 - Игровое событие: обновление_позиции - {"client_id": 0, "position": {"x": 960, "y": 540}, "inputs": {"left": false, "right": false, "up": false, "down": false}}
2025-09-25 18:33:54,843 - game_server - INFO - log_game_event:61 - Игровое событие: обновление_позиции - {"client_id": 0, "position": {"x": 960, "y": 540}, "inputs": {"left": false, "right": false, "up": false, "down": false}}
2025-09-25 18:33:54,882 - game_server - INFO - log_game_event:61 - Игровое событие: обновление_позиции - {"client_id": 0, "position": {"x": 960, "y": 540}, "inputs": {"left": false, "right": false, "up": false, "down": false}}
2025-09-25 18:33:54,921 - game_server - INFO - log_game_event:61 - Игровое событие: обновление_позиции - {"client_id": 0, "position": {"x": 960, "y": 540}, "inputs": {"left": false, "right": false, "up": false, "down": false}}
2025-09-25 18:33:54,959 - game_server - INFO - log_game_event:61 - Игровое событие: обновление_позиции - {"client_id": 0, "position": {"x": 960, "y": 540}, "inputs": {"left": false, "right": false, "up": false, "down": false}}
2025-09-25 18:33:54,999 - game_server - INFO - log_game_event:61 - Игровое событие: обновление_позиции - {"client_id": 0, "position": {"x": 960, "y": 540}, "inputs": {"left": false, "right": false, "up": false, "down": false}}
2025-09-25 18:33:55,037 - game_server - INFO - log_game_event:61 - Игровое событие: обновление_позиции - {"client_id": 0, "position": {"x": 960, "y": 540}, "inputs": {"left": false, "right": false, "up": false, "down": false}}
2025-09-25 18:33:55,074 - game_server - INFO - log_game_event:61 - Игровое событие: обновление_позиции - {"client_id": 0, "position": {"x": 960, "y": 540}, "inputs": {"left": false, "right": false, "up": false, "down": false}}
2025-09-25 18:33:55,109 - game_server - INFO - log_game_event:61 - Игровое событие: обновление_позиции - {"client_id": 0, "position": {"x": 960, "y": 540}, "inputs": {"left": false, "right": false, "up": false, "down": false}}
2025-09-25 18:33:55,140 - game_server - INFO - log_game_event:61 - Игровое событие: обновление_позиции - {"client_id": 0, "position": {"x": 960, "y": 540}, "inputs": {"left": false, "right": false, "up": false, "down": false}}
2025-09-25 18:33:55,172 - game_server - INFO - log_game_event:61 - Игровое событие: обновление_позиции - {"client_id": 0, "position": {"x": 960, "y": 540}, "inputs": {"left": false, "right": false, "up": false, "down": false}}
2025-09-25 18:33:55,207 - game_server - INFO - log_game_event:61 - Игровое событие: обновление_позиции - {"client_id": 0, "position": {"x": 960, "y": 540}, "inputs": {"left": false, "right": false, "up": false, "down": false}}
2025-09-25 18:33:55,245 - game_server - INFO - log_game_event:61 - Игровое событие: обновление_позиции - {"client_id": 0, "position": {"x": 960, "y": 540}, "inputs": {"left": false, "right": false, "up": false, "down": false}}
2025-09-25 18:33:55,285 - game_server - INFO - log_game_event:61 - Игровое событие: обновление_позиции - {"client_id": 0, "position": {"x": 960, "y": 540}, "inputs": {"left": false, "right": false, "up": false, "down": false}}
2025-09-25 18:33:55,322 - game_server - INFO - log_game_event:61 - Игровое событие: обновление_позиции - {"client_id": 0, "position": {"x": 960, "y": 540}, "inputs": {"left": false, "right": false, "up": false, "down": false}}
2025-09-25 18:33:55,361 - game_server - INFO - log_game_event:61 - Игровое событие: обновление_позиции - {"client_id": 0, "position": {"x": 960, "y": 540}, "inputs": {"left": false, "right": false, "up": false, "down": false}}
2025-09-25 18:33:55,396 - game_server - INFO - log_game_event:61 - Игровое событие: обновление_позиции - {"client_id": 0, "position": {"x": 960, "y": 540}, "inputs": {"left": false, "right": false, "up": false, "down": false}}
2025-09-25 18:33:55,434 - game_server - INFO - log_game_event:61 - Игровое событие: обновление_позиции - {"client_id": 0, "position": {"x": 960, "y": 540}, "inputs": {"left": false, "right": false, "up": false, "down": false}}
2025-09-25 18:33:55,472 - game_server - INFO - log_game_event:61 - Игровое событие: обновление_позиции - {"client_id": 0, "position": {"x": 960, "y": 540}, "inputs": {"left": false, "right": false, "up": false, "down": false}}
2025-09-25 18:33:55,510 - game_server - INFO - log_game_event:61 - Игровое событие: обновление_позиции - {"client_id": 0, "position": {"x": 960, "y": 540}, "inputs": {"left": false, "right": false, "up": false, "down": false}}
2025-09-25 18:33:55,546 - game_server - INFO - log_game_event:61 - Игровое событие: обновление_позиции - {"client_id": 0, "position": {"x": 960, "y": 540}, "inputs": {"left": false, "right": false, "up": false, "down": false}}
2025-09-25 18:33:55,584 - game_server - INFO - log_game_event:61 - Игровое событие: обновление_позиции - {"client_id": 0, "position": {"x": 960, "y": 540}, "inputs": {"left": false, "right": false, "up": false, "down": false}}
2025-09-25 18:33:55,622 - game_server - INFO - log_game_event:61 - Игровое событие: обновление_позиции - {"client_id": 0, "position": {"x": 960, "y": 540}, "inputs": {"left": false, "right": false, "up": false, "down": false}}
2025-09-25 18:33:55,659 - game_server - INFO - log_game_event:61 - Игровое событие: обновление_позиции - {"client_id": 0, "position": {"x": 960, "y": 540}, "inputs": {"left": false, "right": false, "up": false, "down": false}}
2025-09-25 18:33:55,694 - game_server - INFO - log_game_event:61 - Игровое событие: обновление_позиции - {"client_id": 0, "position": {"x": 960, "y": 540}, "inputs": {"left": false, "right": false, "up": false, "down": false}}
2025-09-25 18:33:55,731 - game_server - INFO - log_game_event:61 - Игровое событие: обновление_позиции - {"client_id": 0, "position": {"x": 960, "y": 540}, "inputs": {"left": false, "right": false, "up": false, "down": false}}
2025-09-25 18:33:55,769 - game_server - INFO - log_game_event:61 - Игровое событие: обновление_позиции - {"client_id": 0, "position": {"x": 960, "y": 540}, "inputs": {"left": false, "right": false, "up": false, "down": false}}
2025-09-25 18:33:55,796 - game_server - INFO - log_game_event:61 - Игровое событие: обновление_позиции - {"client_id": 0, "position": {"x": 960, "y": 540}, "inputs": {"left": false, "right": false, "up": false, "down": false}}
2025-09-25 18:33:55,831 - game_server - INFO - log_game_event:61 - Игровое событие: обновление_позиции - {"client_id": 0, "position": {"x": 960, "y": 535}, "inputs": {"left": false, "right": false, "up": true, "down": false}}
2025-09-25 18:33:55,864 - game_server - INFO - log_game_event:61 - Игровое событие: обновление_позиции - {"client_id": 0, "position": {"x": 960, "y": 530}, "inputs": {"left": false, "right": false, "up": true, "down": false}}
2025-09-25 18:33:55,901 - game_server - INFO - log_game_event:61 - Игровое событие: обновление_позиции - {"client_id": 0, "position": {"x": 960, "y": 525}, "inputs": {"left": false, "right": false, "up": true, "down": false}}
2025-09-25 18:33:55,940 - game_server - INFO - log_game_event:61 - Игровое событие: обновление_позиции - {"client_id": 0, "position": {"x": 960, "y": 520}, "inputs": {"left": false, "right": false, "up": true, "down": false}}
2025-09-25 18:33:55,977 - game_server - INFO - log_game_event:61 - Игровое событие: обновление_позиции - {"client_id": 0, "position": {"x": 960, "y": 515}, "inputs": {"left": false, "right": false, "up": true, "down": false}}
2025-09-25 18:33:56,014 - game_server - INFO - log_game_event:61 - Игровое событие: обновление_позиции - {"client_id": 0, "position": {"x": 960, "y": 510}, "inputs": {"left": false, "right": false, "up": true, "down": false}}
2025-09-25 18:33:56,051 - game_server - INFO - log_game_event:61 - Игровое событие: обновление_позиции - {"client_id": 0, "position": {"x": 960, "y": 505}, "inputs": {"left": false, "right": false, "up": true, "down": false}}
2025-09-25 18:33:56,087 - game_server - INFO - log_game_event:61 - Игровое событие: обновление_позиции - {"client_id": 0, "position": {"x": 960, "y": 500}, "inputs": {"left": false, "right": false, "up": true, "down": false}}
2025-09-25 18:33:56,124 - game_server - INFO - log_game_event:61 - Игровое событие: обновление_позиции - {"client_id": 0, "position": {"x": 960, "y": 495}, "inputs": {"left": false, "right": false, "up": true, "down": false}}
2025-09-25 18:33:56,161 - game_server - INFO - log_game_event:61 - Игровое событие: обновление_позиции - {"client_id": 0, "position": {"x": 960, "y": 490}, "inputs": {"left": false, "right": false, "up": true, "down": false}}
2025-09-25 18:33:56,200 - game_server - INFO - log_game_event:61 - Игровое событие: обновление_позиции - {"client_id": 0, "position": {"x": 960, "y": 485}, "inputs": {"left": false, "right": false, "up": true, "down": false}}
2025-09-25 18:33:56,238 - game_server - INFO - log_game_event:61 - Игровое событие: обновление_позиции - {"client_id": 0, "position": {"x": 960, "y": 480}, "inputs": {"left": false, "right": false, "up": true, "down": false}}
2025-09-25 18:33:56,276 - game_server - INFO - log_game_event:61 - Игровое событие: обновление_позиции - {"client_id": 0, "position": {"x": 960, "y": 475}, "inputs": {"left": false, "right": false, "up": true, "down": false}}
2025-09-25 18:33:56,313 - game_server - INFO - log_game_event:61 - Игровое событие: обновление_позиции - {"client_id": 0, "position": {"x": 960, "y": 470}, "inputs": {"left": false, "right": false, "up": true, "down": false}}
2025-09-25 18:33:56,349 - game_server - INFO - log_game_event:61 - Игровое событие: обновление_позиции - {"client_id": 0, "position": {"x": 960, "y": 465}, "inputs": {"left": false, "right": false, "up": true, "down": false}}
2025-09-25 18:33:56,389 - game_server - INFO - log_game_event:61 - Игровое событие: обновление_позиции - {"client_id": 0, "position": {"x": 960, "y": 460}, "inputs": {"left": false, "right": false, "up": true, "down": false}}
2025-09-25 18:33:56,426 - game_server - INFO - log_game_event:61 - Игровое событие: обновление_позиции - {"client_id": 0, "position": {"x": 960, "y": 455}, "inputs": {"left": false, "right": false, "up": true, "down": false}}
2025-09-25 18:33:56,464 - game_server - INFO - log_game_event:61 - Игровое событие: обновление_позиции - {"client_id": 0, "position": {"x": 960, "y": 450}, "inputs": {"left": false, "right": false, "up": true, "down": false}}
2025-09-25 18:33:56,501 - game_server - INFO - log_game_event:61 - Игровое событие: обновление_позиции - {"client_id": 0, "position": {"x": 960, "y": 445}, "inputs": {"left": false, "right": false, "up": true, "down": false}}
2025-09-25 18:33:56,532 - game_server - INFO - log_game_event:61 - Игровое событие: обновление_позиции - {"client_id": 0, "position": {"x": 960, "y": 440}, "inputs": {"left": false, "right": false, "up": true, "down": false}}
2025-09-25 18:33:56,570 - game_server - INFO - log_game_event:61 - Игровое событие: обновление_позиции - {"client_id": 0, "position": {"x": 960, "y": 435}, "inputs": {"left": false, "right": false, "up": true, "down": false}}
2025-09-25 18:33:56,607 - game_server - INFO - log_game_event:61 - Игровое событие: обновление_позиции - {"client_id": 0, "position": {"x": 960, "y": 430}, "inputs": {"left": false, "right": false, "up": true, "down": false}}
2025-09-25 18:33:56,645 - game_server - INFO - log_game_event:61 - Игровое событие: обновление_позиции - {"client_id": 0, "position": {"x": 960, "y": 425}, "inputs": {"left": false, "right": false, "up": true, "down": false}}
2025-09-25 18:33:56,682 - game_server - INFO - log_game_event:61 - Игровое событие: обновление_позиции - {"client_id": 0, "position": {"x": 960, "y": 420}, "inputs": {"left": false, "right": false, "up": true, "down": false}}
2025-09-25 18:33:56,720 - game_server - INFO - log_game_event:61 - Игровое событие: обновление_позиции - {"client_id": 0, "position": {"x": 960, "y": 415}, "inputs": {"left": false, "right": false, "up": true, "down": false}}
2025-09-25 18:33:56,758 - game_server - INFO - log_game_event:61 - Игровое событие: обновление_позиции - {"client_id": 0, "position": {"x": 960, "y": 410}, "inputs": {"left": false, "right": false, "up": true, "down": false}}
2025-09-25 18:33:56,797 - game_server - INFO - log_game_event:61 - Игровое событие: обновление_позиции - {"client_id": 0, "position": {"x": 960, "y": 405}, "inputs": {"left": false, "right": false, "up": true, "down": false}}
2025-09-25 18:33:56,832 - game_server - INFO - log_game_event:61 - Игровое событие: обновление_позиции - {"client_id": 0, "position": {"x": 960, "y": 405}, "inputs": {"left": false, "right": false, "up": false, "down": false}}
2025-09-25 18:33:56,870 - game_server - INFO - log_game_event:61 - Игровое событие: обновление_позиции - {"client_id": 0, "position": {"x": 960, "y": 405}, "inputs": {"left": false, "right": false, "up": false, "down": false}}
2025-09-25 18:33:56,908 - game_server - INFO - log_game_event:61 - Игровое событие: обновление_позиции - {"client_id": 0, "position": {"x": 960, "y": 405}, "inputs": {"left": false, "right": false, "up": false, "down": false}}
2025-09-25 18:33:56,944 - game_server - INFO - log_game_event:61 - Игровое событие: обновление_позиции - {"client_id": 0, "position": {"x": 960, "y": 405}, "inputs": {"left": false, "right": false, "up": false, "down": false}}
2025-09-25 18:33:56,981 - game_server - INFO - log_game_event:61 - Игровое событие: обновление_позиции - {"client_id": 0, "position": {"x": 960, "y": 405}, "inputs": {"left": false, "right": false, "up": false, "down": false}}
2025-09-25 18:33:57,020 - game_server - INFO - log_game_event:61 - Игровое событие: обновление_позиции - {"client_id": 0, "position": {"x": 960, "y": 405}, "inputs": {"left": false, "right": false, "up": false, "down": false}}
2025-09-25 18:33:57,055 - game_server - INFO - log_game_event:61 - Игровое событие: обновление_позиции - {"client_id": 0, "position": {"x": 960, "y": 405}, "inputs": {"left": false, "right": false, "up": false, "down": false}}
2025-09-25 18:33:57,092 - game_server - INFO - log_game_event:61 - Игровое событие: обновление_позиции - {"client_id": 0, "position": {"x": 960, "y": 405}, "inputs": {"left": false, "right": false, "up": false, "down": false}}
2025-09-25 18:33:57,131 - game_server - INFO - log_game_event:61 - Игровое событие: обновление_позиции - {"client_id": 0, "position": {"x": 960, "y": 405}, "inputs": {"left": false, "right": false, "up": false, "down": false}}
2025-09-25 18:33:57,167 - game_server - INFO - log_game_event:61 - Игровое событие: обновление_позиции - {"client_id": 0, "position": {"x": 960, "y": 405}, "inputs": {"left": false, "right": false, "up": false, "down": false}}
2025-09-25 18:33:57,194 - game_server - INFO - log_game_event:61 - Игровое событие: обновление_позиции - {"client_id": 0, "position": {"x": 960, "y": 405}, "inputs": {"left": false, "right": false, "up": false, "down": false}}
2025-09-25 18:33:57,231 - game_server - INFO - log_game_event:61 - Игровое событие: обновление_позиции - {"client_id": 0, "position": {"x": 960, "y": 405}, "inputs": {"left": false, "right": false, "up": false, "down": false}}
2025-09-25 18:33:57,265 - game_server - INFO - log_game_event:61 - Игровое событие: обновление_позиции - {"client_id": 0, "position": {"x": 960, "y": 405}, "inputs": {"left": false, "right": false, "up": false, "down": false}}
2025-09-25 18:33:57,297 - game_server - INFO - log_game_event:61 - Игровое событие: обновление_позиции - {"client_id": 0, "position": {"x": 960, "y": 405}, "inputs": {"left": false, "right": false, "up": false, "down": false}}
2025-09-25 18:33:57,333 - game_server - INFO - log_game_event:61 - Игровое событие: обновление_позиции - {"client_id": 0, "position": {"x": 960, "y": 405}, "inputs": {"left": false, "right": false, "up": false, "down": false}}
2025-09-25 18:33:57,372 - game_server - INFO - log_game_event:61 - Игровое событие: обновление_позиции - {"client_id": 0, "position": {"x": 960, "y": 405}, "inputs": {"left": false, "right": false, "up": false, "down": false}}
2025-09-25 18:33:57,408 - game_server - INFO - log_game_event:61 - Игровое событие: обновление_позиции - {"client_id": 0, "position": {"x": 960, "y": 405}, "inputs": {"left": false, "right": false, "up": false, "down": false}}
2025-09-25 18:33:57,444 - game_server - INFO - log_game_event:61 - Игровое событие: обновление_позиции - {"client_id": 0, "position": {"x": 960, "y": 405}, "inputs": {"left": false, "right": false, "up": false, "down": false}}
2025-09-25 18:33:57,482 - game_server - INFO - log_game_event:61 - Игровое событие: обновление_позиции - {"client_id": 0, "position": {"x": 960, "y": 405}, "inputs": {"left": false, "right": false, "up": false, "down": false}}
2025-09-25 18:33:57,520 - game_server - INFO - log_game_event:61 - Игровое событие: обновление_позиции - {"client_id": 0, "position": {"x": 960, "y": 405}, "inputs": {"left": false, "right": false, "up": false, "down": false}}
2025-09-25 18:33:57,556 - game_server - INFO - log_game_event:61 - Игровое событие: обновление_позиции - {"client_id": 0, "position": {"x": 960, "y": 405}, "inputs": {"left": false, "right": false, "up": false, "down": false}}
2025-09-25 18:33:57,594 - game_server - INFO - log_game_event:61 - Игровое событие: обновление_позиции - {"client_id": 0, "position": {"x": 960, "y": 405}, "inputs": {"left": false, "right": false, "up": false, "down": false}}
2025-09-25 18:33:57,630 - game_server - INFO - log_game_event:61 - Игровое событие: обновление_позиции - {"client_id": 0, "position": {"x": 960, "y": 405}, "inputs": {"left": false, "right": false, "up": false, "down": false}}
2025-09-25 18:33:57,667 - game_server - INFO - log_game_event:61 - Игровое событие: обновление_позиции - {"client_id": 0, "position": {"x": 960, "y": 405}, "inputs": {"left": false, "right": false, "up": false, "down": false}}
2025-09-25 18:33:57,705 - game_server - INFO - log_game_event:61 - Игровое событие: обновление_позиции - {"client_id": 0, "position": {"x": 960, "y": 405}, "inputs": {"left": false, "right": false, "up": false, "down": false}}
2025-09-25 18:33:57,741 - game_server - INFO - log_game_event:61 - Игровое событие: обновление_позиции - {"client_id": 0, "position": {"x": 960, "y": 405}, "inputs": {"left": false, "right": false, "up": false, "down": false}}
2025-09-25 18:33:57,775 - game_server - INFO - log_game_event:61 - Игровое событие: обновление_позиции - {"client_id": 0, "position": {"x": 960, "y": 405}, "inputs": {"left": false, "right": false, "up": false, "down": false}}
2025-09-25 18:33:57,812 - game_server - INFO - log_game_event:61 - Игровое событие: обновление_позиции - {"client_id": 0, "position": {"x": 960, "y": 405}, "inputs": {"left": false, "right": false, "up": false, "down": false}}
2025-09-25 18:33:57,850 - game_server - INFO - log_game_event:61 - Игровое событие: обновление_позиции - {"client_id": 0, "position": {"x": 960, "y": 405}, "inputs": {"left": false, "right": false, "up": false, "down": false}}
2025-09-25 18:33:57,890 - game_server - INFO - log_game_event:61 - Игровое событие: обновление_позиции - {"client_id": 0, "position": {"x": 960, "y": 405}, "inputs": {"left": false, "right": false, "up": false, "down": false}}
2025-09-25 18:33:57,929 - game_server - INFO - log_game_event:61 - Игровое событие: обновление_позиции - {"client_id": 0, "position": {"x": 960, "y": 405}, "inputs": {"left": false, "right": false, "up": false, "down": false}}
2025-09-25 18:33:57,965 - game_server - INFO - log_game_event:61 - Игровое событие: обновление_позиции - {"client_id": 0, "position": {"x": 960, "y": 405}, "inputs": {"left": false, "right": false, "up": false, "down": false}}
2025-09-25 18:33:58,005 - game_server - INFO - log_game_event:61 - Игровое событие: обновление_позиции - {"client_id": 0, "position": {"x": 960, "y": 405}, "inputs": {"left": false, "right": false, "up": false, "down": false}}
2025-09-25 18:33:58,042 - game_server - INFO - log_game_event:61 - Игровое событие: обновление_позиции - {"client_id": 0, "position": {"x": 960, "y": 405}, "inputs": {"left": false, "right": false, "up": false, "down": false}}
2025-09-25 18:33:58,081 - game_server - INFO - log_game_event:61 - Игровое событие: обновление_позиции - {"client_id": 0, "position": {"x": 960, "y": 405}, "inputs": {"left": false, "right": false, "up": false, "down": false}}
2025-09-25 18:33:58,119 - game_server - INFO - log_game_event:61 - Игровое событие: обновление_позиции - {"client_id": 0, "position": {"x": 960, "y": 405}, "inputs": {"left": false, "right": false, "up": false, "down": false}}
2025-09-25 18:33:58,156 - game_server - INFO - log_game_event:61 - Игровое событие: обновление_позиции - {"client_id": 0, "position": {"x": 960, "y": 405}, "inputs": {"left": false, "right": false, "up": false, "down": false}}
2025-09-25 18:33:58,192 - game_server - INFO - log_game_event:61 - Игровое событие: обновление_позиции - {"client_id": 0, "position": {"x": 960, "y": 405}, "inputs": {"left": false, "right": false, "up": false, "down": false}}
2025-09-25 18:33:58,229 - game_server - INFO - log_game_event:61 - Игровое событие: обновление_позиции - {"client_id": 0, "position": {"x": 960, "y": 405}, "inputs": {"left": false, "right": false, "up": false, "down": false}}
2025-09-25 18:33:58,266 - game_server - INFO - log_game_event:61 - Игровое событие: обновление_позиции - {"client_id": 0, "position": {"x": 960, "y": 405}, "inputs": {"left": false, "right": false, "up": false, "down": false}}
2025-09-25 18:33:58,306 - game_server - INFO - log_game_event:61 - Игровое событие: обновление_позиции - {"client_id": 0, "position": {"x": 960, "y": 405}, "inputs": {"left": false, "right": false, "up": false, "down": false}}
2025-09-25 18:33:58,343 - game_server - INFO - log_game_event:61 - Игровое событие: обновление_позиции - {"client_id": 0, "position": {"x": 960, "y": 405}, "inputs": {"left": false, "right": false, "up": false, "down": false}}
2025-09-25 18:33:58,381 - game_server - INFO - log_game_event:61 - Игровое событие: обновление_позиции - {"client_id": 0, "position": {"x": 960, "y": 405}, "inputs": {"left": false, "right": false, "up": false, "down": false}}
2025-09-25 18:33:58,419 - game_server - INFO - log_game_event:61 - Игровое событие: обновление_позиции - {"client_id": 0, "position": {"x": 960, "y": 405}, "inputs": {"left": false, "right": false, "up": false, "down": false}}
2025-09-25 18:33:58,456 - game_server - INFO - log_game_event:61 - Игровое событие: обновление_позиции - {"client_id": 0, "position": {"x": 960, "y": 405}, "inputs": {"left": false, "right": false, "up": false, "down": false}}
2025-09-25 18:33:58,491 - game_server - INFO - log_game_event:61 - Игровое событие: обновление_позиции - {"client_id": 0, "position": {"x": 960, "y": 405}, "inputs": {"left": false, "right": false, "up": false, "down": false}}
2025-09-25 18:33:58,530 - game_server - INFO - log_game_event:61 - Игровое событие: обновление_позиции - {"client_id": 0, "position": {"x": 960, "y": 405}, "inputs": {"left": false, "right": false, "up": false, "down": false}}
2025-09-25 18:33:58,569 - game_server - INFO - log_game_event:61 - Игровое событие: обновление_позиции - {"client_id": 0, "position": {"x": 960, "y": 405}, "inputs": {"left": false, "right": false, "up": false, "down": false}}
2025-09-25 18:33:58,608 - game_server - INFO - log_game_event:61 - Игровое событие: обновление_позиции - {"client_id": 0, "position": {"x": 960, "y": 405}, "inputs": {"left": false, "right": false, "up": false, "down": false}}
2025-09-25 18:33:58,646 - game_server - INFO - log_game_event:61 - Игровое событие: обновление_позиции - {"client_id": 0, "position": {"x": 960, "y": 405}, "inputs": {"left": false, "right": false, "up": false, "down": false}}
2025-09-25 18:33:58,677 - game_server - INFO - log_game_event:61 - Игровое событие: обновление_позиции - {"client_id": 0, "position": {"x": 960, "y": 405}, "inputs": {"left": false, "right": false, "up": false, "down": false}}
2025-09-25 18:33:58,700 - game_server - INFO - log_game_event:61 - Игровое событие: обновление_позиции - {"client_id": 0, "position": {"x": 960, "y": 405}, "inputs": {"left": false, "right": false, "up": false, "down": false}}
2025-09-25 18:33:58,724 - game_server - INFO - log_game_event:61 - Игровое событие: обновление_позиции - {"client_id": 0, "position": {"x": 960, "y": 405}, "inputs": {"left": false, "right": false, "up": false, "down": false}}
2025-09-25 18:33:58,749 - game_server - INFO - log_game_event:61 - Игровое событие: обновление_позиции - {"client_id": 0, "position": {"x": 960, "y": 405}, "inputs": {"left": false, "right": false, "up": false, "down": false}}
2025-09-25 18:33:58,782 - game_server - INFO - log_game_event:61 - Игровое событие: обновление_позиции - {"client_id": 0, "position": {"x": 960, "y": 405}, "inputs": {"left": false, "right": false, "up": false, "down": false}}
2025-09-25 18:33:58,815 - game_server - INFO - log_game_event:61 - Игровое событие: обновление_позиции - {"client_id": 0, "position": {"x": 960, "y": 405}, "inputs": {"left": false, "right": false, "up": false, "down": false}}
2025-09-25 18:33:58,847 - game_server - INFO - log_game_event:61 - Игровое событие: обновление_позиции - {"client_id": 0, "position": {"x": 965, "y": 405}, "inputs": {"left": false, "right": true, "up": false, "down": false}}
2025-09-25 18:33:58,871 - game_server - INFO - log_game_event:61 - Игровое событие: обновление_позиции - {"client_id": 0, "position": {"x": 970, "y": 405}, "inputs": {"left": false, "right": true, "up": false, "down": false}}
2025-09-25 18:33:58,895 - game_server - INFO - log_game_event:61 - Игровое событие: обновление_позиции - {"client_id": 0, "position": {"x": 975, "y": 405}, "inputs": {"left": false, "right": true, "up": false, "down": false}}
2025-09-25 18:33:58,923 - game_server - INFO - log_game_event:61 - Игровое событие: обновление_позиции - {"client_id": 0, "position": {"x": 980, "y": 405}, "inputs": {"left": false, "right": true, "up": false, "down": false}}
2025-09-25 18:33:58,946 - game_server - INFO - log_game_event:61 - Игровое событие: обновление_позиции - {"client_id": 0, "position": {"x": 985, "y": 405}, "inputs": {"left": false, "right": true, "up": false, "down": false}}
2025-09-25 18:33:58,970 - game_server - INFO - log_game_event:61 - Игровое событие: обновление_позиции - {"client_id": 0, "position": {"x": 990, "y": 405}, "inputs": {"left": false, "right": true, "up": false, "down": false}}
2025-09-25 18:33:58,993 - game_server - INFO - log_game_event:61 - Игровое событие: обновление_позиции - {"client_id": 0, "position": {"x": 995, "y": 405}, "inputs": {"left": false, "right": true, "up": false, "down": false}}
2025-09-25 18:33:59,018 - game_server - INFO - log_game_event:61 - Игровое событие: обновление_позиции - {"client_id": 0, "position": {"x": 1000, "y": 405}, "inputs": {"left": false, "right": true, "up": false, "down": false}}
2025-09-25 18:33:59,048 - game_server - INFO - log_game_event:61 - Игровое событие: обновление_позиции - {"client_id": 0, "position": {"x": 1000, "y": 405}, "inputs": {"left": false, "right": false, "up": false, "down": false}}
2025-09-25 18:33:59,072 - game_server - INFO - log_game_event:61 - Игровое событие: обновление_позиции - {"client_id": 0, "position": {"x": 1000, "y": 405}, "inputs": {"left": false, "right": false, "up": false, "down": false}}
2025-09-25 18:33:59,097 - game_server - INFO - log_game_event:61 - Игровое событие: обновление_позиции - {"client_id": 0, "position": {"x": 1000, "y": 405}, "inputs": {"left": false, "right": false, "up": false, "down": false}}
2025-09-25 18:33:59,121 - game_server - INFO - log_game_event:61 - Игровое событие: обновление_позиции - {"client_id": 0, "position": {"x": 1000, "y": 405}, "inputs": {"left": false, "right": false, "up": false, "down": false}}
2025-09-25 18:33:59,143 - game_server - INFO - log_game_event:61 - Игровое событие: обновление_позиции - {"client_id": 0, "position": {"x": 1000, "y": 405}, "inputs": {"left": false, "right": false, "up": false, "down": false}}
2025-09-25 18:33:59,167 - game_server - INFO - log_game_event:61 - Игровое событие: обновление_позиции - {"client_id": 0, "position": {"x": 1000, "y": 405}, "inputs": {"left": false, "right": false, "up": false, "down": false}}
2025-09-25 18:33:59,190 - game_server - INFO - log_game_event:61 - Игровое событие: обновление_позиции - {"client_id": 0, "position": {"x": 1000, "y": 405}, "inputs": {"left": false, "right": false, "up": false, "down": false}}
2025-09-25 18:33:59,214 - game_server - INFO - log_game_event:61 - Игровое событие: обновление_позиции - {"client_id": 0, "position": {"x": 1000, "y": 405}, "inputs": {"left": false, "right": false, "up": false, "down": false}}
2025-09-25 18:33:59,238 - game_server - INFO - log_game_event:61 - Игровое событие: обновление_позиции - {"client_id": 0, "position": {"x": 1000, "y": 405}, "inputs": {"left": false, "right": false, "up": false, "down": false}}
2025-09-25 18:33:59,269 - game_server - INFO - log_game_event:61 - Игровое событие: обновление_позиции - {"client_id": 0, "position": {"x": 1000, "y": 405}, "inputs": {"left": false, "right": false, "up": false, "down": false}}
2025-09-25 18:33:59,295 - game_server - INFO - log_game_event:61 - Игровое событие: обновление_позиции - {"client_id": 0, "position": {"x": 1000, "y": 405}, "inputs": {"left": false, "right": false, "up": false, "down": false}}
2025-09-25 18:33:59,319 - game_server - INFO - log_game_event:61 - Игровое событие: обновление_позиции - {"client_id": 0, "position": {"x": 1000, "y": 405}, "inputs": {"left": false, "right": false, "up": false, "down": false}}
2025-09-25 18:33:59,342 - game_server - INFO - log_game_event:61 - Игровое событие: обновление_позиции - {"client_id": 0, "position": {"x": 1000, "y": 405}, "inputs": {"left": false, "right": false, "up": false, "down": false}}
2025-09-25 18:33:59,371 - game_server - INFO - log_game_event:61 - Игровое событие: обновление_позиции - {"client_id": 0, "position": {"x": 1000, "y": 405}, "inputs": {"left": false, "right": false, "up": false, "down": false}}
2025-09-25 18:33:59,400 - game_server - INFO - log_game_event:61 - Игровое событие: обновление_позиции - {"client_id": 0, "position": {"x": 1000, "y": 405}, "inputs": {"left": false, "right": false, "up": false, "down": false}}
2025-09-25 18:33:59,426 - game_server - INFO - log_game_event:61 - Игровое событие: обновление_позиции - {"client_id": 0, "position": {"x": 1000, "y": 405}, "inputs": {"left": false, "right": false, "up": false, "down": false}}
2025-09-25 18:33:59,450 - game_server - INFO - log_game_event:61 - Игровое событие: обновление_позиции - {"client_id": 0, "position": {"x": 995, "y": 405}, "inputs": {"left": true, "right": false, "up": false, "down": false}}
2025-09-25 18:33:59,476 - game_server - INFO - log_game_event:61 - Игровое событие: обновление_позиции - {"client_id": 0, "position": {"x": 990, "y": 405}, "inputs": {"left": true, "right": false, "up": false, "down": false}}
2025-09-25 18:33:59,503 - game_server - INFO - log_game_event:61 - Игровое событие: обновление_позиции - {"client_id": 0, "position": {"x": 985, "y": 405}, "inputs": {"left": true, "right": false, "up": false, "down": false}}
2025-09-25 18:33:59,529 - game_server - INFO - log_game_event:61 - Игровое событие: обновление_позиции - {"client_id": 0, "position": {"x": 980, "y": 405}, "inputs": {"left": true, "right": false, "up": false, "down": false}}
2025-09-25 18:33:59,560 - game_server - INFO - log_game_event:61 - Игровое событие: обновление_позиции - {"client_id": 0, "position": {"x": 975, "y": 405}, "inputs": {"left": true, "right": false, "up": false, "down": false}}
2025-09-25 18:33:59,592 - game_server - INFO - log_game_event:61 - Игровое событие: обновление_позиции - {"client_id": 0, "position": {"x": 970, "y": 405}, "inputs": {"left": true, "right": false, "up": false, "down": false}}
2025-09-25 18:33:59,617 - game_server - INFO - log_game_event:61 - Игровое событие: обновление_позиции - {"client_id": 0, "position": {"x": 965, "y": 405}, "inputs": {"left": true, "right": false, "up": false, "down": false}}
2025-09-25 18:33:59,643 - game_server - INFO - log_game_event:61 - Игровое событие: обновление_позиции - {"client_id": 0, "position": {"x": 960, "y": 405}, "inputs": {"left": true, "right": false, "up": false, "down": false}}
2025-09-25 18:33:59,680 - game_server - INFO - log_game_event:61 - Игровое событие: обновление_позиции - {"client_id": 0, "position": {"x": 955, "y": 405}, "inputs": {"left": true, "right": false, "up": false, "down": false}}
2025-09-25 18:33:59,714 - game_server - INFO - log_game_event:61 - Игровое событие: обновление_позиции - {"client_id": 0, "position": {"x": 955, "y": 405}, "inputs": {"left": false, "right": false, "up": false, "down": false}}
2025-09-25 18:33:59,753 - game_server - INFO - log_game_event:61 - Игровое событие: обновление_позиции - {"client_id": 0, "position": {"x": 955, "y": 405}, "inputs": {"left": false, "right": false, "up": false, "down": false}}
2025-09-25 18:33:59,791 - game_server - INFO - log_game_event:61 - Игровое событие: обновление_позиции - {"client_id": 0, "position": {"x": 955, "y": 405}, "inputs": {"left": false, "right": false, "up": false, "down": false}}
2025-09-25 18:33:59,823 - game_server - INFO - log_game_event:61 - Игровое событие: обновление_позиции - {"client_id": 0, "position": {"x": 955, "y": 405}, "inputs": {"left": false, "right": false, "up": false, "down": false}}
2025-09-25 18:33:59,853 - game_server - INFO - log_game_event:61 - Игровое событие: обновление_позиции - {"client_id": 0, "position": {"x": 955, "y": 405}, "inputs": {"left": false, "right": false, "up": false, "down": false}}
2025-09-25 18:33:59,881 - game_server - INFO - log_game_event:61 - Игровое событие: обновление_позиции - {"client_id": 0, "position": {"x": 955, "y": 405}, "inputs": {"left": false, "right": false, "up": false, "down": false}}
2025-09-25 18:33:59,913 - game_server - INFO - log_game_event:61 - Игровое событие: обновление_позиции - {"client_id": 0, "position": {"x": 955, "y": 405}, "inputs": {"left": false, "right": false, "up": false, "down": false}}
2025-09-25 18:33:59,945 - game_server - INFO - log_game_event:61 - Игровое событие: обновление_позиции - {"client_id": 0, "position": {"x": 955, "y": 405}, "inputs": {"left": false, "right": false, "up": false, "down": false}}
2025-09-25 18:33:59,981 - game_server - INFO - log_game_event:61 - Игровое событие: обновление_позиции - {"client_id": 0, "position": {"x": 955, "y": 405}, "inputs": {"left": false, "right": false, "up": false, "down": false}}
2025-09-25 18:34:00,017 - game_server - INFO - log_game_event:61 - Игровое событие: обновление_позиции - {"client_id": 0, "position": {"x": 955, "y": 405}, "inputs": {"left": false, "right": false, "up": false, "down": false}}
2025-09-25 18:34:00,056 - game_server - INFO - log_game_event:61 - Игровое событие: обновление_позиции - {"client_id": 0, "position": {"x": 955, "y": 405}, "inputs": {"left": false, "right": false, "up": false, "down": false}}
2025-09-25 18:34:00,093 - game_server - INFO - log_game_event:61 - Игровое событие: обновление_позиции - {"client_id": 0, "position": {"x": 955, "y": 405}, "inputs": {"left": false, "right": false, "up": false, "down": false}}
2025-09-25 18:34:00,131 - game_server - INFO - log_game_event:61 - Игровое событие: обновление_позиции - {"client_id": 0, "position": {"x": 955, "y": 405}, "inputs": {"left": false, "right": false, "up": false, "down": false}}
2025-09-25 18:34:00,169 - game_server - INFO - log_game_event:61 - Игровое событие: обновление_позиции - {"client_id": 0, "position": {"x": 955, "y": 405}, "inputs": {"left": false, "right": false, "up": false, "down": false}}
2025-09-25 18:34:00,206 - game_server - INFO - log_game_event:61 - Игровое событие: обновление_позиции - {"client_id": 0, "position": {"x": 955, "y": 405}, "inputs": {"left": false, "right": false, "up": false, "down": false}}
2025-09-25 18:34:00,242 - game_server - INFO - log_game_event:61 - Игровое событие: обновление_позиции - {"client_id": 0, "position": {"x": 955, "y": 405}, "inputs": {"left": false, "right": false, "up": false, "down": false}}
2025-09-25 18:34:00,279 - game_server - INFO - log_game_event:61 - Игровое событие: обновление_позиции - {"client_id": 0, "position": {"x": 955, "y": 405}, "inputs": {"left": false, "right": false, "up": false, "down": false}}
2025-09-25 18:34:00,314 - game_server - INFO - log_game_event:61 - Игровое событие: обновление_позиции - {"client_id": 0, "position": {"x": 955, "y": 405}, "inputs": {"left": false, "right": false, "up": false, "down": false}}
2025-09-25 18:34:00,351 - game_server - INFO - log_game_event:61 - Игровое событие: обновление_позиции - {"client_id": 0, "position": {"x": 955, "y": 405}, "inputs": {"left": false, "right": false, "up": false, "down": false}}
2025-09-25 18:34:00,388 - game_server - INFO - log_game_event:61 - Игровое событие: обновление_позиции - {"client_id": 0, "position": {"x": 955, "y": 405}, "inputs": {"left": false, "right": false, "up": false, "down": false}}
2025-09-25 18:34:00,425 - game_server - INFO - log_game_event:61 - Игровое событие: обновление_позиции - {"client_id": 0, "position": {"x": 955, "y": 405}, "inputs": {"left": false, "right": false, "up": false, "down": false}}
2025-09-25 18:34:00,461 - game_server - INFO - log_game_event:61 - Игровое событие: обновление_позиции - {"client_id": 0, "position": {"x": 955, "y": 405}, "inputs": {"left": false, "right": false, "up": false, "down": false}}
2025-09-25 18:34:00,500 - game_server - INFO - log_game_event:61 - Игровое событие: обновление_позиции - {"client_id": 0, "position": {"x": 955, "y": 400}, "inputs": {"left": false, "right": false, "up": true, "down": false}}
2025-09-25 18:34:00,537 - game_server - INFO - log_game_event:61 - Игровое событие: обновление_позиции - {"client_id": 0, "position": {"x": 955, "y": 395}, "inputs": {"left": false, "right": false, "up": true, "down": false}}
2025-09-25 18:34:00,573 - game_server - INFO - log_game_event:61 - Игровое событие: обновление_позиции - {"client_id": 0, "position": {"x": 955, "y": 390}, "inputs": {"left": false, "right": false, "up": true, "down": false}}
2025-09-25 18:34:00,610 - game_server - INFO - log_game_event:61 - Игровое событие: обновление_позиции - {"client_id": 0, "position": {"x": 955, "y": 385}, "inputs": {"left": false, "right": false, "up": true, "down": false}}
2025-09-25 18:34:00,648 - game_server - INFO - log_game_event:61 - Игровое событие: обновление_позиции - {"client_id": 0, "position": {"x": 955, "y": 380}, "inputs": {"left": false, "right": false, "up": true, "down": false}}
2025-09-25 18:34:00,686 - game_server - INFO - log_game_event:61 - Игровое событие: обновление_позиции - {"client_id": 0, "position": {"x": 955, "y": 375}, "inputs": {"left": false, "right": false, "up": true, "down": false}}
2025-09-25 18:34:00,722 - game_server - INFO - log_game_event:61 - Игровое событие: обновление_позиции - {"client_id": 0, "position": {"x": 955, "y": 370}, "inputs": {"left": false, "right": false, "up": true, "down": false}}
2025-09-25 18:34:00,760 - game_server - INFO - log_game_event:61 - Игровое событие: обновление_позиции - {"client_id": 0, "position": {"x": 955, "y": 365}, "inputs": {"left": false, "right": false, "up": true, "down": false}}
2025-09-25 18:34:00,797 - game_server - INFO - log_game_event:61 - Игровое событие: обновление_позиции - {"client_id": 0, "position": {"x": 955, "y": 360}, "inputs": {"left": false, "right": false, "up": true, "down": false}}
2025-09-25 18:34:00,834 - game_server - INFO - log_game_event:61 - Игровое событие: обновление_позиции - {"client_id": 0, "position": {"x": 955, "y": 355}, "inputs": {"left": false, "right": false, "up": true, "down": false}}
2025-09-25 18:34:00,873 - game_server - INFO - log_game_event:61 - Игровое событие: обновление_позиции - {"client_id": 0, "position": {"x": 955, "y": 350}, "inputs": {"left": false, "right": false, "up": true, "down": false}}
2025-09-25 18:34:00,909 - game_server - INFO - log_game_event:61 - Игровое событие: обновление_позиции - {"client_id": 0, "position": {"x": 955, "y": 345}, "inputs": {"left": false, "right": false, "up": true, "down": false}}
2025-09-25 18:34:00,941 - game_server - INFO - log_game_event:61 - Игровое событие: обновление_позиции - {"client_id": 0, "position": {"x": 955, "y": 340}, "inputs": {"left": false, "right": false, "up": true, "down": false}}
2025-09-25 18:34:00,973 - game_server - INFO - log_game_event:61 - Игровое событие: обновление_позиции - {"client_id": 0, "position": {"x": 955, "y": 335}, "inputs": {"left": false, "right": false, "up": true, "down": false}}
2025-09-25 18:34:01,006 - game_server - INFO - log_game_event:61 - Игровое событие: обновление_позиции - {"client_id": 0, "position": {"x": 955, "y": 330}, "inputs": {"left": false, "right": false, "up": true, "down": false}}
2025-09-25 18:34:01,040 - game_server - INFO - log_game_event:61 - Игровое событие: обновление_позиции - {"client_id": 0, "position": {"x": 955, "y": 325}, "inputs": {"left": false, "right": false, "up": true, "down": false}}
2025-09-25 18:34:01,077 - game_server - INFO - log_game_event:61 - Игровое событие: обновление_позиции - {"client_id": 0, "position": {"x": 955, "y": 320}, "inputs": {"left": false, "right": false, "up": true, "down": false}}
2025-09-25 18:34:01,111 - game_server - INFO - log_game_event:61 - Игровое событие: обновление_позиции - {"client_id": 0, "position": {"x": 955, "y": 320}, "inputs": {"left": false, "right": false, "up": false, "down": false}}
2025-09-25 18:34:01,142 - game_server - INFO - log_game_event:61 - Игровое событие: обновление_позиции - {"client_id": 0, "position": {"x": 955, "y": 320}, "inputs": {"left": false, "right": false, "up": false, "down": false}}
2025-09-25 18:34:01,171 - game_server - INFO - log_game_event:61 - Игровое событие: обновление_позиции - {"client_id": 0, "position": {"x": 955, "y": 320}, "inputs": {"left": false, "right": false, "up": false, "down": false}}
2025-09-25 18:34:01,207 - game_server - INFO - log_game_event:61 - Игровое событие: обновление_позиции - {"client_id": 0, "position": {"x": 955, "y": 320}, "inputs": {"left": false, "right": false, "up": false, "down": false}}
2025-09-25 18:34:01,242 - game_server - INFO - log_game_event:61 - Игровое событие: обновление_позиции - {"client_id": 0, "position": {"x": 955, "y": 320}, "inputs": {"left": false, "right": false, "up": false, "down": false}}
2025-09-25 18:34:01,274 - game_server - INFO - log_game_event:61 - Игровое событие: обновление_позиции - {"client_id": 0, "position": {"x": 955, "y": 320}, "inputs": {"left": false, "right": false, "up": false, "down": false}}
2025-09-25 18:34:01,306 - game_server - INFO - log_game_event:61 - Игровое событие: обновление_позиции - {"client_id": 0, "position": {"x": 955, "y": 320}, "inputs": {"left": false, "right": false, "up": false, "down": false}}
2025-09-25 18:34:01,342 - game_server - INFO - log_game_event:61 - Игровое событие: обновление_позиции - {"client_id": 0, "position": {"x": 955, "y": 320}, "inputs": {"left": false, "right": false, "up": false, "down": false}}
2025-09-25 18:34:01,381 - game_server - INFO - log_game_event:61 - Игровое событие: обновление_позиции - {"client_id": 0, "position": {"x": 955, "y": 320}, "inputs": {"left": false, "right": false, "up": false, "down": false}}
2025-09-25 18:34:01,418 - game_server - INFO - log_game_event:61 - Игровое событие: обновление_позиции - {"client_id": 0, "position": {"x": 955, "y": 320}, "inputs": {"left": false, "right": false, "up": false, "down": false}}
2025-09-25 18:34:01,457 - game_server - INFO - log_game_event:61 - Игровое событие: обновление_позиции - {"client_id": 0, "position": {"x": 955, "y": 320}, "inputs": {"left": false, "right": false, "up": false, "down": false}}
2025-09-25 18:34:01,493 - game_server - INFO - log_game_event:61 - Игровое событие: обновление_позиции - {"client_id": 0, "position": {"x": 955, "y": 320}, "inputs": {"left": false, "right": false, "up": false, "down": false}}
2025-09-25 18:34:01,532 - game_server - INFO - log_game_event:61 - Игровое событие: обновление_позиции - {"client_id": 0, "position": {"x": 955, "y": 320}, "inputs": {"left": false, "right": false, "up": false, "down": false}}
2025-09-25 18:34:01,568 - game_server - INFO - log_game_event:61 - Игровое событие: обновление_позиции - {"client_id": 0, "position": {"x": 955, "y": 320}, "inputs": {"left": false, "right": false, "up": false, "down": false}}
2025-09-25 18:34:01,604 - game_server - INFO - log_game_event:61 - Игровое событие: обновление_позиции - {"client_id": 0, "position": {"x": 955, "y": 320}, "inputs": {"left": false, "right": false, "up": false, "down": false}}
2025-09-25 18:34:01,640 - game_server - INFO - log_game_event:61 - Игровое событие: обновление_позиции - {"client_id": 0, "position": {"x": 955, "y": 320}, "inputs": {"left": false, "right": false, "up": false, "down": false}}
2025-09-25 18:34:01,674 - game_server - INFO - log_game_event:61 - Игровое событие: обновление_позиции - {"client_id": 0, "position": {"x": 955, "y": 320}, "inputs": {"left": false, "right": false, "up": false, "down": false}}
2025-09-25 18:34:01,706 - game_server - INFO - log_game_event:61 - Игровое событие: обновление_позиции - {"client_id": 0, "position": {"x": 955, "y": 320}, "inputs": {"left": false, "right": false, "up": false, "down": false}}
2025-09-25 18:34:01,741 - game_server - INFO - log_game_event:61 - Игровое событие: обновление_позиции - {"client_id": 0, "position": {"x": 955, "y": 320}, "inputs": {"left": false, "right": false, "up": false, "down": false}}
2025-09-25 18:34:01,778 - game_server - INFO - log_game_event:61 - Игровое событие: обновление_позиции - {"client_id": 0, "position": {"x": 955, "y": 320}, "inputs": {"left": false, "right": false, "up": false, "down": false}}
2025-09-25 18:34:01,815 - game_server - INFO - log_game_event:61 - Игровое событие: обновление_позиции - {"client_id": 0, "position": {"x": 955, "y": 320}, "inputs": {"left": false, "right": false, "up": false, "down": false}}
2025-09-25 18:34:01,852 - game_server - INFO - log_game_event:61 - Игровое событие: обновление_позиции - {"client_id": 0, "position": {"x": 955, "y": 320}, "inputs": {"left": false, "right": false, "up": false, "down": false}}
2025-09-25 18:34:01,890 - game_server - INFO - log_game_event:61 - Игровое событие: обновление_позиции - {"client_id": 0, "position": {"x": 955, "y": 320}, "inputs": {"left": false, "right": false, "up": false, "down": false}}
2025-09-25 18:34:01,930 - game_server - INFO - log_game_event:61 - Игровое событие: обновление_позиции - {"client_id": 0, "position": {"x": 955, "y": 320}, "inputs": {"left": false, "right": false, "up": false, "down": false}}
2025-09-25 18:34:01,967 - game_server - INFO - log_game_event:61 - Игровое событие: обновление_позиции - {"client_id": 0, "position": {"x": 955, "y": 320}, "inputs": {"left": false, "right": false, "up": false, "down": false}}
2025-09-25 18:34:02,005 - game_server - INFO - log_game_event:61 - Игровое событие: обновление_позиции - {"client_id": 0, "position": {"x": 955, "y": 320}, "inputs": {"left": false, "right": false, "up": false, "down": false}}
2025-09-25 18:34:02,044 - game_server - INFO - log_game_event:61 - Игровое событие: обновление_позиции - {"client_id": 0, "position": {"x": 955, "y": 320}, "inputs": {"left": false, "right": false, "up": false, "down": false}}
2025-09-25 18:34:02,081 - game_server - INFO - log_game_event:61 - Игровое событие: обновление_позиции - {"client_id": 0, "position": {"x": 955, "y": 320}, "inputs": {"left": false, "right": false, "up": false, "down": false}}
2025-09-25 18:34:02,120 - game_server - INFO - log_game_event:61 - Игровое событие: обновление_позиции - {"client_id": 0, "position": {"x": 955, "y": 320}, "inputs": {"left": false, "right": false, "up": false, "down": false}}
2025-09-25 18:34:02,154 - game_server - INFO - log_game_event:61 - Игровое событие: обновление_позиции - {"client_id": 0, "position": {"x": 955, "y": 320}, "inputs": {"left": false, "right": false, "up": false, "down": false}}
2025-09-25 18:34:02,191 - game_server - INFO - log_game_event:61 - Игровое событие: обновление_позиции - {"client_id": 0, "position": {"x": 955, "y": 320}, "inputs": {"left": false, "right": false, "up": false, "down": false}}
2025-09-25 18:34:02,228 - game_server - INFO - log_game_event:61 - Игровое событие: обновление_позиции - {"client_id": 0, "position": {"x": 955, "y": 320}, "inputs": {"left": false, "right": false, "up": false, "down": false}}
2025-09-25 18:34:02,264 - game_server - INFO - log_game_event:61 - Игровое событие: обновление_позиции - {"client_id": 0, "position": {"x": 955, "y": 320}, "inputs": {"left": false, "right": false, "up": false, "down": false}}
2025-09-25 18:34:02,303 - game_server - INFO - log_game_event:61 - Игровое событие: обновление_позиции - {"client_id": 0, "position": {"x": 955, "y": 320}, "inputs": {"left": false, "right": false, "up": false, "down": false}}
2025-09-25 18:34:02,339 - game_server - INFO - log_game_event:61 - Игровое событие: обновление_позиции - {"client_id": 0, "position": {"x": 955, "y": 320}, "inputs": {"left": false, "right": false, "up": false, "down": false}}
2025-09-25 18:34:02,374 - game_server - INFO - log_game_event:61 - Игровое событие: обновление_позиции - {"client_id": 0, "position": {"x": 955, "y": 320}, "inputs": {"left": false, "right": false, "up": false, "down": false}}
2025-09-25 18:34:02,406 - game_server - INFO - log_game_event:61 - Игровое событие: обновление_позиции - {"client_id": 0, "position": {"x": 955, "y": 320}, "inputs": {"left": false, "right": false, "up": false, "down": false}}
2025-09-25 18:34:02,442 - game_server - INFO - log_game_event:61 - Игровое событие: обновление_позиции - {"client_id": 0, "position": {"x": 955, "y": 320}, "inputs": {"left": false, "right": false, "up": false, "down": false}}
2025-09-25 18:34:02,478 - game_server - INFO - log_game_event:61 - Игровое событие: обновление_позиции - {"client_id": 0, "position": {"x": 955, "y": 320}, "inputs": {"left": false, "right": false, "up": false, "down": false}}
2025-09-25 18:34:02,514 - game_server - INFO - log_game_event:61 - Игровое событие: обновление_позиции - {"client_id": 0, "position": {"x": 955, "y": 320}, "inputs": {"left": false, "right": false, "up": false, "down": false}}
2025-09-25 18:34:02,553 - game_server - INFO - log_game_event:61 - Игровое событие: обновление_позиции - {"client_id": 0, "position": {"x": 955, "y": 320}, "inputs": {"left": false, "right": false, "up": false, "down": false}}
2025-09-25 18:34:02,588 - game_server - INFO - log_game_event:61 - Игровое событие: обновление_позиции - {"client_id": 0, "position": {"x": 955, "y": 320}, "inputs": {"left": false, "right": false, "up": false, "down": false}}
2025-09-25 18:34:02,624 - game_server - INFO - log_game_event:61 - Игровое событие: обновление_позиции - {"client_id": 0, "position": {"x": 955, "y": 320}, "inputs": {"left": false, "right": false, "up": false, "down": false}}
2025-09-25 18:34:02,662 - game_server - INFO - log_game_event:61 - Игровое событие: обновление_позиции - {"client_id": 0, "position": {"x": 955, "y": 320}, "inputs": {"left": false, "right": false, "up": false, "down": false}}
2025-09-25 18:34:02,700 - game_server - INFO - log_game_event:61 - Игровое событие: обновление_позиции - {"client_id": 0, "position": {"x": 955, "y": 320}, "inputs": {"left": false, "right": false, "up": false, "down": false}}
2025-09-25 18:34:02,740 - game_server - INFO - log_game_event:61 - Игровое событие: обновление_позиции - {"client_id": 0, "position": {"x": 955, "y": 320}, "inputs": {"left": false, "right": false, "up": false, "down": false}}
2025-09-25 18:34:02,775 - game_server - INFO - log_game_event:61 - Игровое событие: обновление_позиции - {"client_id": 0, "position": {"x": 955, "y": 320}, "inputs": {"left": false, "right": false, "up": false, "down": false}}
2025-09-25 18:34:02,807 - game_server - INFO - log_game_event:61 - Игровое событие: обновление_позиции - {"client_id": 0, "position": {"x": 955, "y": 320}, "inputs": {"left": false, "right": false, "up": false, "down": false}}
2025-09-25 18:34:02,842 - game_server - INFO - log_game_event:61 - Игровое событие: обновление_позиции - {"client_id": 0, "position": {"x": 955, "y": 320}, "inputs": {"left": false, "right": false, "up": false, "down": false}}
2025-09-25 18:34:02,874 - game_server - INFO - log_game_event:61 - Игровое событие: обновление_позиции - {"client_id": 0, "position": {"x": 955, "y": 320}, "inputs": {"left": false, "right": false, "up": false, "down": false}}
2025-09-25 18:34:02,901 - game_server - INFO - log_game_event:61 - Игровое событие: обновление_позиции - {"client_id": 0, "position": {"x": 955, "y": 320}, "inputs": {"left": false, "right": false, "up": false, "down": false}}
2025-09-25 18:34:02,938 - game_server - INFO - log_game_event:61 - Игровое событие: обновление_позиции - {"client_id": 0, "position": {"x": 955, "y": 320}, "inputs": {"left": false, "right": false, "up": false, "down": false}}
2025-09-25 18:34:02,977 - game_server - INFO - log_game_event:61 - Игровое событие: обновление_позиции - {"client_id": 0, "position": {"x": 955, "y": 320}, "inputs": {"left": false, "right": false, "up": false, "down": false}}
2025-09-25 18:34:03,011 - game_server - INFO - log_game_event:61 - Игровое событие: обновление_позиции - {"client_id": 0, "position": {"x": 955, "y": 320}, "inputs": {"left": false, "right": false, "up": false, "down": false}}
2025-09-25 18:34:03,050 - game_server - INFO - log_game_event:61 - Игровое событие: обновление_позиции - {"client_id": 0, "position": {"x": 955, "y": 320}, "inputs": {"left": false, "right": false, "up": false, "down": false}}
2025-09-25 18:34:03,088 - game_server - INFO - log_game_event:61 - Игровое событие: обновление_позиции - {"client_id": 0, "position": {"x": 955, "y": 320}, "inputs": {"left": false, "right": false, "up": false, "down": false}}
2025-09-25 18:34:03,124 - game_server - INFO - log_game_event:61 - Игровое событие: обновление_позиции - {"client_id": 0, "position": {"x": 955, "y": 320}, "inputs": {"left": false, "right": false, "up": false, "down": false}}
2025-09-25 18:34:03,161 - game_server - INFO - log_game_event:61 - Игровое событие: обновление_позиции - {"client_id": 0, "position": {"x": 955, "y": 320}, "inputs": {"left": false, "right": false, "up": false, "down": false}}
2025-09-25 18:34:03,198 - game_server - INFO - log_game_event:61 - Игровое событие: обновление_позиции - {"client_id": 0, "position": {"x": 955, "y": 320}, "inputs": {"left": false, "right": false, "up": false, "down": false}}
2025-09-25 18:34:03,237 - game_server - INFO - log_game_event:61 - Игровое событие: обновление_позиции - {"client_id": 0, "position": {"x": 955, "y": 320}, "inputs": {"left": false, "right": false, "up": false, "down": false}}
2025-09-25 18:34:03,274 - game_server - INFO - log_game_event:61 - Игровое событие: обновление_позиции - {"client_id": 0, "position": {"x": 955, "y": 320}, "inputs": {"left": false, "right": false, "up": false, "down": false}}
2025-09-25 18:34:03,310 - game_server - INFO - log_game_event:61 - Игровое событие: обновление_позиции - {"client_id": 0, "position": {"x": 955, "y": 320}, "inputs": {"left": false, "right": false, "up": false, "down": false}}
2025-09-25 18:34:03,345 - game_server - INFO - log_game_event:61 - Игровое событие: обновление_позиции - {"client_id": 0, "position": {"x": 955, "y": 320}, "inputs": {"left": false, "right": false, "up": false, "down": false}}
2025-09-25 18:34:03,379 - game_server - INFO - log_game_event:61 - Игровое событие: обновление_позиции - {"client_id": 0, "position": {"x": 955, "y": 320}, "inputs": {"left": false, "right": false, "up": false, "down": false}}
2025-09-25 18:34:03,419 - game_server - INFO - log_game_event:61 - Игровое событие: обновление_позиции - {"client_id": 0, "position": {"x": 955, "y": 320}, "inputs": {"left": false, "right": false, "up": false, "down": false}}
2025-09-25 18:34:03,454 - game_server - INFO - log_game_event:61 - Игровое событие: обновление_позиции - {"client_id": 0, "position": {"x": 955, "y": 320}, "inputs": {"left": false, "right": false, "up": false, "down": false}}
2025-09-25 18:34:03,489 - game_server - INFO - log_game_event:61 - Игровое событие: обновление_позиции - {"client_id": 0, "position": {"x": 955, "y": 320}, "inputs": {"left": false, "right": false, "up": false, "down": false}}
2025-09-25 18:34:03,526 - game_server - INFO - log_game_event:61 - Игровое событие: обновление_позиции - {"client_id": 0, "position": {"x": 955, "y": 320}, "inputs": {"left": false, "right": false, "up": false, "down": false}}
2025-09-25 18:34:03,560 - game_server - INFO - log_game_event:61 - Игровое событие: обновление_позиции - {"client_id": 0, "position": {"x": 955, "y": 320}, "inputs": {"left": false, "right": false, "up": false, "down": false}}
2025-09-25 18:34:03,598 - game_server - INFO - log_game_event:61 - Игровое событие: обновление_позиции - {"client_id": 0, "position": {"x": 955, "y": 320}, "inputs": {"left": false, "right": false, "up": false, "down": false}}
2025-09-25 18:34:03,634 - game_server - INFO - log_game_event:61 - Игровое событие: обновление_позиции - {"client_id": 0, "position": {"x": 955, "y": 320}, "inputs": {"left": false, "right": false, "up": false, "down": false}}
2025-09-25 18:34:03,672 - game_server - INFO - log_game_event:61 - Игровое событие: обновление_позиции - {"client_id": 0, "position": {"x": 955, "y": 320}, "inputs": {"left": false, "right": false, "up": false, "down": false}}
2025-09-25 18:34:03,709 - game_server - INFO - log_game_event:61 - Игровое событие: обновление_позиции - {"client_id": 0, "position": {"x": 955, "y": 320}, "inputs": {"left": false, "right": false, "up": false, "down": false}}
2025-09-25 18:34:03,742 - game_server - INFO - log_game_event:61 - Игровое событие: обновление_позиции - {"client_id": 0, "position": {"x": 955, "y": 320}, "inputs": {"left": false, "right": false, "up": false, "down": false}}
2025-09-25 18:34:03,779 - game_server - INFO - log_game_event:61 - Игровое событие: обновление_позиции - {"client_id": 0, "position": {"x": 955, "y": 320}, "inputs": {"left": false, "right": false, "up": false, "down": false}}
2025-09-25 18:34:03,817 - game_server - INFO - log_game_event:61 - Игровое событие: обновление_позиции - {"client_id": 0, "position": {"x": 955, "y": 320}, "inputs": {"left": false, "right": false, "up": false, "down": false}}
2025-09-25 18:34:03,854 - game_server - INFO - log_game_event:61 - Игровое событие: обновление_позиции - {"client_id": 0, "position": {"x": 955, "y": 320}, "inputs": {"left": false, "right": false, "up": false, "down": false}}
2025-09-25 18:34:03,892 - game_server - INFO - log_game_event:61 - Игровое событие: обновление_позиции - {"client_id": 0, "position": {"x": 955, "y": 320}, "inputs": {"left": false, "right": false, "up": false, "down": false}}
2025-09-25 18:34:03,929 - game_server - INFO - log_game_event:61 - Игровое событие: обновление_позиции - {"client_id": 0, "position": {"x": 955, "y": 320}, "inputs": {"left": false, "right": false, "up": false, "down": false}}
2025-09-25 18:34:03,967 - game_server - INFO - log_game_event:61 - Игровое событие: обновление_позиции - {"client_id": 0, "position": {"x": 955, "y": 320}, "inputs": {"left": false, "right": false, "up": false, "down": false}}
2025-09-25 18:34:04,005 - game_server - INFO - log_game_event:61 - Игровое событие: обновление_позиции - {"client_id": 0, "position": {"x": 955, "y": 320}, "inputs": {"left": false, "right": false, "up": false, "down": false}}
2025-09-25 18:34:04,042 - game_server - INFO - log_game_event:61 - Игровое событие: обновление_позиции - {"client_id": 0, "position": {"x": 955, "y": 320}, "inputs": {"left": false, "right": false, "up": false, "down": false}}
2025-09-25 18:34:04,079 - game_server - INFO - log_game_event:61 - Игровое событие: обновление_позиции - {"client_id": 0, "position": {"x": 955, "y": 320}, "inputs": {"left": false, "right": false, "up": false, "down": false}}
2025-09-25 18:34:04,116 - game_server - INFO - log_game_event:61 - Игровое событие: обновление_позиции - {"client_id": 0, "position": {"x": 955, "y": 320}, "inputs": {"left": false, "right": false, "up": false, "down": false}}
2025-09-25 18:34:04,154 - game_server - INFO - log_game_event:61 - Игровое событие: обновление_позиции - {"client_id": 0, "position": {"x": 955, "y": 320}, "inputs": {"left": false, "right": false, "up": false, "down": false}}
2025-09-25 18:34:04,193 - game_server - INFO - log_game_event:61 - Игровое событие: обновление_позиции - {"client_id": 0, "position": {"x": 955, "y": 320}, "inputs": {"left": false, "right": false, "up": false, "down": false}}
2025-09-25 18:34:04,230 - game_server - INFO - log_game_event:61 - Игровое событие: обновление_позиции - {"client_id": 0, "position": {"x": 955, "y": 320}, "inputs": {"left": false, "right": false, "up": false, "down": false}}
2025-09-25 18:34:04,267 - game_server - INFO - log_game_event:61 - Игровое событие: обновление_позиции - {"client_id": 0, "position": {"x": 955, "y": 320}, "inputs": {"left": false, "right": false, "up": false, "down": false}}
2025-09-25 18:34:04,302 - game_server - INFO - log_game_event:61 - Игровое событие: обновление_позиции - {"client_id": 0, "position": {"x": 955, "y": 320}, "inputs": {"left": false, "right": false, "up": false, "down": false}}
2025-09-25 18:34:04,338 - game_server - INFO - log_game_event:61 - Игровое событие: обновление_позиции - {"client_id": 0, "position": {"x": 955, "y": 320}, "inputs": {"left": false, "right": false, "up": false, "down": false}}
2025-09-25 18:34:04,376 - game_server - INFO - log_game_event:61 - Игровое событие: обновление_позиции - {"client_id": 0, "position": {"x": 955, "y": 320}, "inputs": {"left": false, "right": false, "up": false, "down": false}}
2025-09-25 18:34:04,413 - game_server - INFO - log_game_event:61 - Игровое событие: обновление_позиции - {"client_id": 0, "position": {"x": 955, "y": 320}, "inputs": {"left": false, "right": false, "up": false, "down": false}}
2025-09-25 18:34:04,450 - game_server - INFO - log_game_event:61 - Игровое событие: обновление_позиции - {"client_id": 0, "position": {"x": 955, "y": 320}, "inputs": {"left": false, "right": false, "up": false, "down": false}}
2025-09-25 18:34:04,490 - game_server - INFO - log_game_event:61 - Игровое событие: обновление_позиции - {"client_id": 0, "position": {"x": 955, "y": 320}, "inputs": {"left": false, "right": false, "up": false, "down": false}}
2025-09-25 18:34:04,526 - game_server - INFO - log_game_event:61 - Игровое событие: обновление_позиции - {"client_id": 0, "position": {"x": 955, "y": 320}, "inputs": {"left": false, "right": false, "up": false, "down": false}}
2025-09-25 18:34:04,564 - game_server - INFO - log_game_event:61 - Игровое событие: обновление_позиции - {"client_id": 0, "position": {"x": 955, "y": 320}, "inputs": {"left": false, "right": false, "up": false, "down": false}}
2025-09-25 18:34:04,601 - game_server - INFO - log_game_event:61 - Игровое событие: обновление_позиции - {"client_id": 0, "position": {"x": 955, "y": 320}, "inputs": {"left": false, "right": false, "up": false, "down": false}}
2025-09-25 18:34:04,638 - game_server - INFO - log_game_event:61 - Игровое событие: обновление_позиции - {"client_id": 0, "position": {"x": 955, "y": 320}, "inputs": {"left": false, "right": false, "up": false, "down": false}}
2025-09-25 18:34:04,674 - game_server - INFO - log_game_event:61 - Игровое событие: обновление_позиции - {"client_id": 0, "position": {"x": 955, "y": 320}, "inputs": {"left": false, "right": false, "up": false, "down": false}}
2025-09-25 18:34:04,710 - game_server - INFO - log_game_event:61 - Игровое событие: обновление_позиции - {"client_id": 0, "position": {"x": 955, "y": 320}, "inputs": {"left": false, "right": false, "up": false, "down": false}}
2025-09-25 18:34:04,748 - game_server - INFO - log_game_event:61 - Игровое событие: обновление_позиции - {"client_id": 0, "position": {"x": 955, "y": 320}, "inputs": {"left": false, "right": false, "up": false, "down": false}}
2025-09-25 18:34:04,785 - game_server - INFO - log_game_event:61 - Игровое событие: обновление_позиции - {"client_id": 0, "position": {"x": 955, "y": 320}, "inputs": {"left": false, "right": false, "up": false, "down": false}}
2025-09-25 18:34:04,823 - game_server - INFO - log_game_event:61 - Игровое событие: обновление_позиции - {"client_id": 0, "position": {"x": 955, "y": 320}, "inputs": {"left": false, "right": false, "up": false, "down": false}}
2025-09-25 18:34:04,863 - game_server - INFO - log_game_event:61 - Игровое событие: обновление_позиции - {"client_id": 0, "position": {"x": 955, "y": 320}, "inputs": {"left": false, "right": false, "up": false, "down": false}}
2025-09-25 18:34:04,902 - game_server - INFO - log_game_event:61 - Игровое событие: обновление_позиции - {"client_id": 0, "position": {"x": 955, "y": 320}, "inputs": {"left": false, "right": false, "up": false, "down": false}}
2025-09-25 18:34:04,938 - game_server - INFO - log_game_event:61 - Игровое событие: обновление_позиции - {"client_id": 0, "position": {"x": 955, "y": 320}, "inputs": {"left": false, "right": false, "up": false, "down": false}}
2025-09-25 18:34:04,976 - game_server - INFO - log_game_event:61 - Игровое событие: обновление_позиции - {"client_id": 0, "position": {"x": 955, "y": 320}, "inputs": {"left": false, "right": false, "up": false, "down": false}}
2025-09-25 18:34:05,012 - game_server - INFO - log_game_event:61 - Игровое событие: обновление_позиции - {"client_id": 0, "position": {"x": 955, "y": 320}, "inputs": {"left": false, "right": false, "up": false, "down": false}}
2025-09-25 18:34:05,050 - game_server - INFO - log_game_event:61 - Игровое событие: обновление_позиции - {"client_id": 0, "position": {"x": 955, "y": 320}, "inputs": {"left": false, "right": false, "up": false, "down": false}}
2025-09-25 18:34:05,088 - game_server - INFO - log_game_event:61 - Игровое событие: обновление_позиции - {"client_id": 0, "position": {"x": 955, "y": 320}, "inputs": {"left": false, "right": false, "up": false, "down": false}}
2025-09-25 18:34:05,124 - game_server - INFO - log_game_event:61 - Игровое событие: обновление_позиции - {"client_id": 0, "position": {"x": 955, "y": 320}, "inputs": {"left": false, "right": false, "up": false, "down": false}}
2025-09-25 18:34:05,162 - game_server - INFO - log_game_event:61 - Игровое событие: обновление_позиции - {"client_id": 0, "position": {"x": 955, "y": 320}, "inputs": {"left": false, "right": false, "up": false, "down": false}}
2025-09-25 18:34:05,200 - game_server - INFO - log_game_event:61 - Игровое событие: обновление_позиции - {"client_id": 0, "position": {"x": 955, "y": 320}, "inputs": {"left": false, "right": false, "up": false, "down": false}}
2025-09-25 18:34:05,240 - game_server - INFO - log_game_event:61 - Игровое событие: обновление_позиции - {"client_id": 0, "position": {"x": 955, "y": 320}, "inputs": {"left": false, "right": false, "up": false, "down": false}}
2025-09-25 18:34:05,276 - game_server - INFO - log_game_event:61 - Игровое событие: обновление_позиции - {"client_id": 0, "position": {"x": 955, "y": 320}, "inputs": {"left": false, "right": false, "up": false, "down": false}}
2025-09-25 18:34:05,313 - game_server - INFO - log_game_event:61 - Игровое событие: обновление_позиции - {"client_id": 0, "position": {"x": 955, "y": 320}, "inputs": {"left": false, "right": false, "up": false, "down": false}}
2025-09-25 18:34:05,350 - game_server - INFO - log_game_event:61 - Игровое событие: обновление_позиции - {"client_id": 0, "position": {"x": 955, "y": 320}, "inputs": {"left": false, "right": false, "up": false, "down": false}}
2025-09-25 18:34:05,386 - game_server - INFO - log_game_event:61 - Игровое событие: обновление_позиции - {"client_id": 0, "position": {"x": 955, "y": 320}, "inputs": {"left": false, "right": false, "up": false, "down": false}}
2025-09-25 18:34:05,422 - game_server - INFO - log_game_event:61 - Игровое событие: обновление_позиции - {"client_id": 0, "position": {"x": 955, "y": 320}, "inputs": {"left": false, "right": false, "up": false, "down": false}}
2025-09-25 18:34:05,455 - game_server - INFO - log_game_event:61 - Игровое событие: обновление_позиции - {"client_id": 0, "position": {"x": 955, "y": 320}, "inputs": {"left": false, "right": false, "up": false, "down": false}}
2025-09-25 18:34:05,489 - game_server - INFO - log_game_event:61 - Игровое событие: обновление_позиции - {"client_id": 0, "position": {"x": 955, "y": 320}, "inputs": {"left": false, "right": false, "up": false, "down": false}}
2025-09-25 18:34:05,525 - game_server - INFO - log_game_event:61 - Игровое событие: обновление_позиции - {"client_id": 0, "position": {"x": 955, "y": 320}, "inputs": {"left": false, "right": false, "up": false, "down": false}}
2025-09-25 18:34:05,561 - game_server - INFO - log_game_event:61 - Игровое событие: обновление_позиции - {"client_id": 0, "position": {"x": 955, "y": 320}, "inputs": {"left": false, "right": false, "up": false, "down": false}}
2025-09-25 18:34:05,600 - game_server - INFO - log_game_event:61 - Игровое событие: обновление_позиции - {"client_id": 0, "position": {"x": 955, "y": 320}, "inputs": {"left": false, "right": false, "up": false, "down": false}}
2025-09-25 18:34:05,638 - game_server - INFO - log_game_event:61 - Игровое событие: обновление_позиции - {"client_id": 0, "position": {"x": 955, "y": 320}, "inputs": {"left": false, "right": false, "up": false, "down": false}}
2025-09-25 18:34:05,675 - game_server - INFO - log_game_event:61 - Игровое событие: обновление_позиции - {"client_id": 0, "position": {"x": 955, "y": 320}, "inputs": {"left": false, "right": false, "up": false, "down": false}}
2025-09-25 18:34:05,715 - game_server - INFO - log_game_event:61 - Игровое событие: обновление_позиции - {"client_id": 0, "position": {"x": 955, "y": 320}, "inputs": {"left": false, "right": false, "up": false, "down": false}}
2025-09-25 18:34:05,751 - game_server - INFO - log_game_event:61 - Игровое событие: обновление_позиции - {"client_id": 0, "position": {"x": 955, "y": 320}, "inputs": {"left": false, "right": false, "up": false, "down": false}}
2025-09-25 18:34:05,787 - game_server - INFO - log_game_event:61 - Игровое событие: обновление_позиции - {"client_id": 0, "position": {"x": 955, "y": 320}, "inputs": {"left": false, "right": false, "up": false, "down": false}}
2025-09-25 18:34:05,823 - game_server - INFO - log_game_event:61 - Игровое событие: обновление_позиции - {"client_id": 0, "position": {"x": 955, "y": 320}, "inputs": {"left": false, "right": false, "up": false, "down": false}}
2025-09-25 18:34:05,860 - game_server - INFO - log_game_event:61 - Игровое событие: обновление_позиции - {"client_id": 0, "position": {"x": 955, "y": 320}, "inputs": {"left": false, "right": false, "up": false, "down": false}}
2025-09-25 18:34:05,897 - game_server - INFO - log_game_event:61 - Игровое событие: обновление_позиции - {"client_id": 0, "position": {"x": 955, "y": 320}, "inputs": {"left": false, "right": false, "up": false, "down": false}}
2025-09-25 18:34:05,935 - game_server - INFO - log_game_event:61 - Игровое событие: обновление_позиции - {"client_id": 0, "position": {"x": 955, "y": 320}, "inputs": {"left": false, "right": false, "up": false, "down": false}}
2025-09-25 18:34:05,972 - game_server - INFO - log_game_event:61 - Игровое событие: обновление_позиции - {"client_id": 0, "position": {"x": 955, "y": 320}, "inputs": {"left": false, "right": false, "up": false, "down": false}}
2025-09-25 18:34:06,008 - game_server - INFO - log_game_event:61 - Игровое событие: обновление_позиции - {"client_id": 0, "position": {"x": 955, "y": 320}, "inputs": {"left": false, "right": false, "up": false, "down": false}}
2025-09-25 18:34:06,040 - game_server - INFO - log_game_event:61 - Игровое событие: обновление_позиции - {"client_id": 0, "position": {"x": 955, "y": 320}, "inputs": {"left": false, "right": false, "up": false, "down": false}}
2025-09-25 18:34:06,074 - game_server - INFO - log_game_event:61 - Игровое событие: обновление_позиции - {"client_id": 0, "position": {"x": 955, "y": 320}, "inputs": {"left": false, "right": false, "up": false, "down": false}}
2025-09-25 18:34:06,108 - game_server - INFO - log_game_event:61 - Игровое событие: обновление_позиции - {"client_id": 0, "position": {"x": 955, "y": 320}, "inputs": {"left": false, "right": false, "up": false, "down": false}}
2025-09-25 18:34:06,144 - game_server - INFO - log_game_event:61 - Игровое событие: обновление_позиции - {"client_id": 0, "position": {"x": 955, "y": 320}, "inputs": {"left": false, "right": false, "up": false, "down": false}}
2025-09-25 18:34:06,182 - game_server - INFO - log_game_event:61 - Игровое событие: обновление_позиции - {"client_id": 0, "position": {"x": 955, "y": 320}, "inputs": {"left": false, "right": false, "up": false, "down": false}}
2025-09-25 18:34:06,219 - game_server - INFO - log_game_event:61 - Игровое событие: обновление_позиции - {"client_id": 0, "position": {"x": 955, "y": 320}, "inputs": {"left": false, "right": false, "up": false, "down": false}}
2025-09-25 18:34:06,254 - game_server - INFO - log_game_event:61 - Игровое событие: обновление_позиции - {"client_id": 0, "position": {"x": 955, "y": 320}, "inputs": {"left": false, "right": false, "up": false, "down": false}}
2025-09-25 18:34:06,291 - game_server - INFO - log_game_event:61 - Игровое событие: обновление_позиции - {"client_id": 0, "position": {"x": 955, "y": 320}, "inputs": {"left": false, "right": false, "up": false, "down": false}}
2025-09-25 18:34:06,328 - game_server - INFO - log_game_event:61 - Игровое событие: обновление_позиции - {"client_id": 0, "position": {"x": 955, "y": 320}, "inputs": {"left": false, "right": false, "up": false, "down": false}}
2025-09-25 18:34:06,366 - game_server - INFO - log_game_event:61 - Игровое событие: обновление_позиции - {"client_id": 0, "position": {"x": 955, "y": 320}, "inputs": {"left": false, "right": false, "up": false, "down": false}}
2025-09-25 18:34:06,405 - game_server - INFO - log_game_event:61 - Игровое событие: обновление_позиции - {"client_id": 0, "position": {"x": 955, "y": 320}, "inputs": {"left": false, "right": false, "up": false, "down": false}}
2025-09-25 18:34:06,442 - game_server - INFO - log_game_event:61 - Игровое событие: обновление_позиции - {"client_id": 0, "position": {"x": 960, "y": 320}, "inputs": {"left": false, "right": true, "up": false, "down": false}}
2025-09-25 18:34:06,473 - game_server - INFO - log_game_event:61 - Игровое событие: обновление_позиции - {"client_id": 0, "position": {"x": 965, "y": 320}, "inputs": {"left": false, "right": true, "up": false, "down": false}}
2025-09-25 18:34:06,506 - game_server - INFO - log_game_event:61 - Игровое событие: обновление_позиции - {"client_id": 0, "position": {"x": 970, "y": 320}, "inputs": {"left": false, "right": true, "up": false, "down": false}}
2025-09-25 18:34:06,542 - game_server - INFO - log_game_event:61 - Игровое событие: обновление_позиции - {"client_id": 0, "position": {"x": 975, "y": 320}, "inputs": {"left": false, "right": true, "up": false, "down": false}}
2025-09-25 18:34:06,565 - game_server - INFO - log_game_event:61 - Игровое событие: обновление_позиции - {"client_id": 0, "position": {"x": 980, "y": 320}, "inputs": {"left": false, "right": true, "up": false, "down": false}}
2025-09-25 18:34:06,589 - game_server - INFO - log_game_event:61 - Игровое событие: обновление_позиции - {"client_id": 0, "position": {"x": 985, "y": 320}, "inputs": {"left": false, "right": true, "up": false, "down": false}}
2025-09-25 18:34:06,613 - game_server - INFO - log_game_event:61 - Игровое событие: обновление_позиции - {"client_id": 0, "position": {"x": 990, "y": 320}, "inputs": {"left": false, "right": true, "up": false, "down": false}}
2025-09-25 18:34:06,637 - game_server - INFO - log_game_event:61 - Игровое событие: обновление_позиции - {"client_id": 0, "position": {"x": 995, "y": 320}, "inputs": {"left": false, "right": true, "up": false, "down": false}}
2025-09-25 18:34:06,660 - game_server - INFO - log_game_event:61 - Игровое событие: обновление_позиции - {"client_id": 0, "position": {"x": 1000, "y": 320}, "inputs": {"left": false, "right": true, "up": false, "down": false}}
2025-09-25 18:34:06,684 - game_server - INFO - log_game_event:61 - Игровое событие: обновление_позиции - {"client_id": 0, "position": {"x": 1005, "y": 320}, "inputs": {"left": false, "right": true, "up": false, "down": false}}
2025-09-25 18:34:06,713 - game_server - INFO - log_game_event:61 - Игровое событие: обновление_позиции - {"client_id": 0, "position": {"x": 1005, "y": 320}, "inputs": {"left": false, "right": false, "up": false, "down": false}}
2025-09-25 18:34:06,739 - game_server - INFO - log_game_event:61 - Игровое событие: обновление_позиции - {"client_id": 0, "position": {"x": 1005, "y": 320}, "inputs": {"left": false, "right": false, "up": false, "down": false}}
2025-09-25 18:34:06,768 - game_server - INFO - log_game_event:61 - Игровое событие: обновление_позиции - {"client_id": 0, "position": {"x": 1005, "y": 320}, "inputs": {"left": false, "right": false, "up": false, "down": false}}
2025-09-25 18:34:06,797 - game_server - INFO - log_game_event:61 - Игровое событие: обновление_позиции - {"client_id": 0, "position": {"x": 1005, "y": 320}, "inputs": {"left": false, "right": false, "up": false, "down": false}}
2025-09-25 18:34:06,820 - game_server - INFO - log_game_event:61 - Игровое событие: обновление_позиции - {"client_id": 0, "position": {"x": 1010, "y": 320}, "inputs": {"left": false, "right": true, "up": false, "down": false}}
2025-09-25 18:34:06,843 - game_server - INFO - log_game_event:61 - Игровое событие: обновление_позиции - {"client_id": 0, "position": {"x": 1015, "y": 320}, "inputs": {"left": false, "right": true, "up": false, "down": false}}
2025-09-25 18:34:06,871 - game_server - INFO - log_game_event:61 - Игровое событие: обновление_позиции - {"client_id": 0, "position": {"x": 1020, "y": 320}, "inputs": {"left": false, "right": true, "up": false, "down": false}}
2025-09-25 18:34:06,903 - game_server - INFO - log_game_event:61 - Игровое событие: обновление_позиции - {"client_id": 0, "position": {"x": 1025, "y": 320}, "inputs": {"left": false, "right": true, "up": false, "down": false}}
2025-09-25 18:34:06,926 - game_server - INFO - log_game_event:61 - Игровое событие: обновление_позиции - {"client_id": 0, "position": {"x": 1030, "y": 320}, "inputs": {"left": false, "right": true, "up": false, "down": false}}
2025-09-25 18:34:06,950 - game_server - INFO - log_game_event:61 - Игровое событие: обновление_позиции - {"client_id": 0, "position": {"x": 1035, "y": 320}, "inputs": {"left": false, "right": true, "up": false, "down": false}}
2025-09-25 18:34:06,978 - game_server - INFO - log_game_event:61 - Игровое событие: обновление_позиции - {"client_id": 0, "position": {"x": 1040, "y": 320}, "inputs": {"left": false, "right": true, "up": false, "down": false}}
2025-09-25 18:34:07,004 - game_server - INFO - log_game_event:61 - Игровое событие: обновление_позиции - {"client_id": 0, "position": {"x": 1045, "y": 320}, "inputs": {"left": false, "right": true, "up": false, "down": false}}
2025-09-25 18:34:07,027 - game_server - INFO - log_game_event:61 - Игровое событие: обновление_позиции - {"client_id": 0, "position": {"x": 1050, "y": 320}, "inputs": {"left": false, "right": true, "up": false, "down": false}}
2025-09-25 18:34:07,051 - game_server - INFO - log_game_event:61 - Игровое событие: обновление_позиции - {"client_id": 0, "position": {"x": 1055, "y": 320}, "inputs": {"left": false, "right": true, "up": false, "down": false}}
2025-09-25 18:34:07,081 - game_server - INFO - log_game_event:61 - Игровое событие: обновление_позиции - {"client_id": 0, "position": {"x": 1060, "y": 320}, "inputs": {"left": false, "right": true, "up": false, "down": false}}
2025-09-25 18:34:07,105 - game_server - INFO - log_game_event:61 - Игровое событие: обновление_позиции - {"client_id": 0, "position": {"x": 1065, "y": 320}, "inputs": {"left": false, "right": true, "up": false, "down": false}}
2025-09-25 18:34:07,129 - game_server - INFO - log_game_event:61 - Игровое событие: обновление_позиции - {"client_id": 0, "position": {"x": 1070, "y": 320}, "inputs": {"left": false, "right": true, "up": false, "down": false}}
2025-09-25 18:34:07,157 - game_server - INFO - log_game_event:61 - Игровое событие: обновление_позиции - {"client_id": 0, "position": {"x": 1075, "y": 320}, "inputs": {"left": false, "right": true, "up": false, "down": false}}
2025-09-25 18:34:07,187 - game_server - INFO - log_game_event:61 - Игровое событие: обновление_позиции - {"client_id": 0, "position": {"x": 1080, "y": 320}, "inputs": {"left": false, "right": true, "up": false, "down": false}}
2025-09-25 18:34:07,210 - game_server - INFO - log_game_event:61 - Игровое событие: обновление_позиции - {"client_id": 0, "position": {"x": 1085, "y": 320}, "inputs": {"left": false, "right": true, "up": false, "down": false}}
2025-09-25 18:34:07,234 - game_server - INFO - log_game_event:61 - Игровое событие: обновление_позиции - {"client_id": 0, "position": {"x": 1090, "y": 320}, "inputs": {"left": false, "right": true, "up": false, "down": false}}
2025-09-25 18:34:07,257 - game_server - INFO - log_game_event:61 - Игровое событие: обновление_позиции - {"client_id": 0, "position": {"x": 1095, "y": 320}, "inputs": {"left": false, "right": true, "up": false, "down": false}}
2025-09-25 18:34:07,280 - game_server - INFO - log_game_event:61 - Игровое событие: обновление_позиции - {"client_id": 0, "position": {"x": 1100, "y": 320}, "inputs": {"left": false, "right": true, "up": false, "down": false}}
2025-09-25 18:34:07,304 - game_server - INFO - log_game_event:61 - Игровое событие: обновление_позиции - {"client_id": 0, "position": {"x": 1105, "y": 320}, "inputs": {"left": false, "right": true, "up": false, "down": false}}
2025-09-25 18:34:07,327 - game_server - INFO - log_game_event:61 - Игровое событие: обновление_позиции - {"client_id": 0, "position": {"x": 1110, "y": 320}, "inputs": {"left": false, "right": true, "up": false, "down": false}}
2025-09-25 18:34:07,359 - game_server - INFO - log_game_event:61 - Игровое событие: обновление_позиции - {"client_id": 0, "position": {"x": 1115, "y": 320}, "inputs": {"left": false, "right": true, "up": false, "down": false}}
2025-09-25 18:34:07,384 - game_server - INFO - log_game_event:61 - Игровое событие: обновление_позиции - {"client_id": 0, "position": {"x": 1120, "y": 320}, "inputs": {"left": false, "right": true, "up": false, "down": false}}
2025-09-25 18:34:07,407 - game_server - INFO - log_game_event:61 - Игровое событие: обновление_позиции - {"client_id": 0, "position": {"x": 1125, "y": 320}, "inputs": {"left": false, "right": true, "up": false, "down": false}}
2025-09-25 18:34:07,440 - game_server - INFO - log_game_event:61 - Игровое событие: обновление_позиции - {"client_id": 0, "position": {"x": 1130, "y": 320}, "inputs": {"left": false, "right": true, "up": false, "down": false}}
2025-09-25 18:34:07,474 - game_server - INFO - log_game_event:61 - Игровое событие: обновление_позиции - {"client_id": 0, "position": {"x": 1135, "y": 320}, "inputs": {"left": false, "right": true, "up": false, "down": false}}
2025-09-25 18:34:07,500 - game_server - INFO - log_game_event:61 - Игровое событие: обновление_позиции - {"client_id": 0, "position": {"x": 1140, "y": 320}, "inputs": {"left": false, "right": true, "up": false, "down": false}}
2025-09-25 18:34:07,528 - game_server - INFO - log_game_event:61 - Игровое событие: обновление_позиции - {"client_id": 0, "position": {"x": 1140, "y": 320}, "inputs": {"left": false, "right": false, "up": false, "down": false}}
2025-09-25 18:34:07,556 - game_server - INFO - log_game_event:61 - Игровое событие: обновление_позиции - {"client_id": 0, "position": {"x": 1140, "y": 320}, "inputs": {"left": false, "right": false, "up": false, "down": false}}
2025-09-25 18:34:07,587 - game_server - INFO - log_game_event:61 - Игровое событие: обновление_позиции - {"client_id": 0, "position": {"x": 1140, "y": 320}, "inputs": {"left": false, "right": false, "up": false, "down": false}}
2025-09-25 18:34:07,620 - game_server - INFO - log_game_event:61 - Игровое событие: обновление_позиции - {"client_id": 0, "position": {"x": 1140, "y": 320}, "inputs": {"left": false, "right": false, "up": false, "down": false}}
2025-09-25 18:34:07,655 - game_server - INFO - log_game_event:61 - Игровое событие: обновление_позиции - {"client_id": 0, "position": {"x": 1140, "y": 320}, "inputs": {"left": false, "right": false, "up": false, "down": false}}
2025-09-25 18:34:07,690 - game_server - INFO - log_game_event:61 - Игровое событие: обновление_позиции - {"client_id": 0, "position": {"x": 1140, "y": 320}, "inputs": {"left": false, "right": false, "up": false, "down": false}}
2025-09-25 18:34:07,726 - game_server - INFO - log_game_event:61 - Игровое событие: обновление_позиции - {"client_id": 0, "position": {"x": 1140, "y": 320}, "inputs": {"left": false, "right": false, "up": false, "down": false}}
2025-09-25 18:34:07,762 - game_server - INFO - log_game_event:61 - Игровое событие: обновление_позиции - {"client_id": 0, "position": {"x": 1140, "y": 320}, "inputs": {"left": false, "right": false, "up": false, "down": false}}
2025-09-25 18:34:07,797 - game_server - INFO - log_game_event:61 - Игровое событие: обновление_позиции - {"client_id": 0, "position": {"x": 1140, "y": 320}, "inputs": {"left": false, "right": false, "up": false, "down": false}}
2025-09-25 18:34:07,833 - game_server - INFO - log_game_event:61 - Игровое событие: обновление_позиции - {"client_id": 0, "position": {"x": 1140, "y": 320}, "inputs": {"left": false, "right": false, "up": false, "down": false}}
2025-09-25 18:34:07,865 - game_server - INFO - log_game_event:61 - Игровое событие: обновление_позиции - {"client_id": 0, "position": {"x": 1140, "y": 320}, "inputs": {"left": false, "right": false, "up": false, "down": false}}
2025-09-25 18:34:07,901 - game_server - INFO - log_game_event:61 - Игровое событие: обновление_позиции - {"client_id": 0, "position": {"x": 1140, "y": 320}, "inputs": {"left": false, "right": false, "up": false, "down": false}}
2025-09-25 18:34:07,938 - game_server - INFO - log_game_event:61 - Игровое событие: обновление_позиции - {"client_id": 0, "position": {"x": 1140, "y": 320}, "inputs": {"left": false, "right": false, "up": false, "down": false}}
2025-09-25 18:34:07,971 - game_server - INFO - log_game_event:61 - Игровое событие: обновление_позиции - {"client_id": 0, "position": {"x": 1140, "y": 320}, "inputs": {"left": false, "right": false, "up": false, "down": false}}
2025-09-25 18:34:08,007 - game_server - INFO - log_game_event:61 - Игровое событие: обновление_позиции - {"client_id": 0, "position": {"x": 1140, "y": 325}, "inputs": {"left": false, "right": false, "up": false, "down": true}}
2025-09-25 18:34:08,039 - game_server - INFO - log_game_event:61 - Игровое событие: обновление_позиции - {"client_id": 0, "position": {"x": 1140, "y": 330}, "inputs": {"left": false, "right": false, "up": false, "down": true}}
2025-09-25 18:34:08,073 - game_server - INFO - log_game_event:61 - Игровое событие: обновление_позиции - {"client_id": 0, "position": {"x": 1140, "y": 335}, "inputs": {"left": false, "right": false, "up": false, "down": true}}
2025-09-25 18:34:08,101 - game_server - INFO - log_game_event:61 - Игровое событие: обновление_позиции - {"client_id": 0, "position": {"x": 1140, "y": 340}, "inputs": {"left": false, "right": false, "up": false, "down": true}}
2025-09-25 18:34:08,135 - game_server - INFO - log_game_event:61 - Игровое событие: обновление_позиции - {"client_id": 0, "position": {"x": 1140, "y": 345}, "inputs": {"left": false, "right": false, "up": false, "down": true}}
2025-09-25 18:34:08,169 - game_server - INFO - log_game_event:61 - Игровое событие: обновление_позиции - {"client_id": 0, "position": {"x": 1140, "y": 350}, "inputs": {"left": false, "right": false, "up": false, "down": true}}
2025-09-25 18:34:08,202 - game_server - INFO - log_game_event:61 - Игровое событие: обновление_позиции - {"client_id": 0, "position": {"x": 1140, "y": 355}, "inputs": {"left": false, "right": false, "up": false, "down": true}}
2025-09-25 18:34:08,235 - game_server - INFO - log_game_event:61 - Игровое событие: обновление_позиции - {"client_id": 0, "position": {"x": 1140, "y": 360}, "inputs": {"left": false, "right": false, "up": false, "down": true}}
2025-09-25 18:34:08,270 - game_server - INFO - log_game_event:61 - Игровое событие: обновление_позиции - {"client_id": 0, "position": {"x": 1140, "y": 365}, "inputs": {"left": false, "right": false, "up": false, "down": true}}
2025-09-25 18:34:08,304 - game_server - INFO - log_game_event:61 - Игровое событие: обновление_позиции - {"client_id": 0, "position": {"x": 1140, "y": 370}, "inputs": {"left": false, "right": false, "up": false, "down": true}}
2025-09-25 18:34:08,338 - game_server - INFO - log_game_event:61 - Игровое событие: обновление_позиции - {"client_id": 0, "position": {"x": 1140, "y": 375}, "inputs": {"left": false, "right": false, "up": false, "down": true}}
2025-09-25 18:34:08,373 - game_server - INFO - log_game_event:61 - Игровое событие: обновление_позиции - {"client_id": 0, "position": {"x": 1140, "y": 380}, "inputs": {"left": false, "right": false, "up": false, "down": true}}
2025-09-25 18:34:08,410 - game_server - INFO - log_game_event:61 - Игровое событие: обновление_позиции - {"client_id": 0, "position": {"x": 1140, "y": 385}, "inputs": {"left": false, "right": false, "up": false, "down": true}}
2025-09-25 18:34:08,445 - game_server - INFO - log_game_event:61 - Игровое событие: обновление_позиции - {"client_id": 0, "position": {"x": 1140, "y": 390}, "inputs": {"left": false, "right": false, "up": false, "down": true}}
2025-09-25 18:34:08,482 - game_server - INFO - log_game_event:61 - Игровое событие: обновление_позиции - {"client_id": 0, "position": {"x": 1140, "y": 395}, "inputs": {"left": false, "right": false, "up": false, "down": true}}
2025-09-25 18:34:08,520 - game_server - INFO - log_game_event:61 - Игровое событие: обновление_позиции - {"client_id": 0, "position": {"x": 1140, "y": 400}, "inputs": {"left": false, "right": false, "up": false, "down": true}}
2025-09-25 18:34:08,557 - game_server - INFO - log_game_event:61 - Игровое событие: обновление_позиции - {"client_id": 0, "position": {"x": 1140, "y": 405}, "inputs": {"left": false, "right": false, "up": false, "down": true}}
2025-09-25 18:34:08,595 - game_server - INFO - log_game_event:61 - Игровое событие: обновление_позиции - {"client_id": 0, "position": {"x": 1140, "y": 410}, "inputs": {"left": false, "right": false, "up": false, "down": true}}
2025-09-25 18:34:08,632 - game_server - INFO - log_game_event:61 - Игровое событие: обновление_позиции - {"client_id": 0, "position": {"x": 1140, "y": 415}, "inputs": {"left": false, "right": false, "up": false, "down": true}}
2025-09-25 18:34:08,669 - game_server - INFO - log_game_event:61 - Игровое событие: обновление_позиции - {"client_id": 0, "position": {"x": 1140, "y": 420}, "inputs": {"left": false, "right": false, "up": false, "down": true}}
2025-09-25 18:34:08,707 - game_server - INFO - log_game_event:61 - Игровое событие: обновление_позиции - {"client_id": 0, "position": {"x": 1140, "y": 425}, "inputs": {"left": false, "right": false, "up": false, "down": true}}
2025-09-25 18:34:08,743 - game_server - INFO - log_game_event:61 - Игровое событие: обновление_позиции - {"client_id": 0, "position": {"x": 1140, "y": 430}, "inputs": {"left": false, "right": false, "up": false, "down": true}}
2025-09-25 18:34:08,782 - game_server - INFO - log_game_event:61 - Игровое событие: обновление_позиции - {"client_id": 0, "position": {"x": 1140, "y": 435}, "inputs": {"left": false, "right": false, "up": false, "down": true}}
2025-09-25 18:34:08,820 - game_server - INFO - log_game_event:61 - Игровое событие: обновление_позиции - {"client_id": 0, "position": {"x": 1140, "y": 440}, "inputs": {"left": false, "right": false, "up": false, "down": true}}
2025-09-25 18:34:08,857 - game_server - INFO - log_game_event:61 - Игровое событие: обновление_позиции - {"client_id": 0, "position": {"x": 1140, "y": 445}, "inputs": {"left": false, "right": false, "up": false, "down": true}}
2025-09-25 18:34:08,894 - game_server - INFO - log_game_event:61 - Игровое событие: обновление_позиции - {"client_id": 0, "position": {"x": 1140, "y": 445}, "inputs": {"left": false, "right": false, "up": false, "down": false}}
2025-09-25 18:34:08,929 - game_server - INFO - log_game_event:61 - Игровое событие: обновление_позиции - {"client_id": 0, "position": {"x": 1140, "y": 445}, "inputs": {"left": false, "right": false, "up": false, "down": false}}
2025-09-25 18:34:08,967 - game_server - INFO - log_game_event:61 - Игровое событие: обновление_позиции - {"client_id": 0, "position": {"x": 1140, "y": 445}, "inputs": {"left": false, "right": false, "up": false, "down": false}}
2025-09-25 18:34:09,001 - game_server - INFO - log_game_event:61 - Игровое событие: обновление_позиции - {"client_id": 0, "position": {"x": 1140, "y": 445}, "inputs": {"left": false, "right": false, "up": false, "down": false}}
2025-09-25 18:34:09,037 - game_server - INFO - log_game_event:61 - Игровое событие: обновление_позиции - {"client_id": 0, "position": {"x": 1140, "y": 445}, "inputs": {"left": false, "right": false, "up": false, "down": false}}
2025-09-25 18:34:09,072 - game_server - INFO - log_game_event:61 - Игровое событие: обновление_позиции - {"client_id": 0, "position": {"x": 1140, "y": 445}, "inputs": {"left": false, "right": false, "up": false, "down": false}}
2025-09-25 18:34:09,109 - game_server - INFO - log_game_event:61 - Игровое событие: обновление_позиции - {"client_id": 0, "position": {"x": 1140, "y": 445}, "inputs": {"left": false, "right": false, "up": false, "down": false}}
2025-09-25 18:34:09,144 - game_server - INFO - log_game_event:61 - Игровое событие: обновление_позиции - {"client_id": 0, "position": {"x": 1140, "y": 445}, "inputs": {"left": false, "right": false, "up": false, "down": false}}
2025-09-25 18:34:09,181 - game_server - INFO - log_game_event:61 - Игровое событие: обновление_позиции - {"client_id": 0, "position": {"x": 1140, "y": 445}, "inputs": {"left": false, "right": false, "up": false, "down": false}}
2025-09-25 18:34:09,218 - game_server - INFO - log_game_event:61 - Игровое событие: обновление_позиции - {"client_id": 0, "position": {"x": 1140, "y": 445}, "inputs": {"left": false, "right": false, "up": false, "down": false}}
2025-09-25 18:34:09,257 - game_server - INFO - log_game_event:61 - Игровое событие: обновление_позиции - {"client_id": 0, "position": {"x": 1140, "y": 445}, "inputs": {"left": false, "right": false, "up": false, "down": false}}
2025-09-25 18:34:09,294 - game_server - INFO - log_game_event:61 - Игровое событие: обновление_позиции - {"client_id": 0, "position": {"x": 1140, "y": 445}, "inputs": {"left": false, "right": false, "up": false, "down": false}}
2025-09-25 18:34:09,330 - game_server - INFO - log_game_event:61 - Игровое событие: обновление_позиции - {"client_id": 0, "position": {"x": 1140, "y": 445}, "inputs": {"left": false, "right": false, "up": false, "down": false}}
2025-09-25 18:34:09,364 - game_server - INFO - log_game_event:61 - Игровое событие: обновление_позиции - {"client_id": 0, "position": {"x": 1140, "y": 445}, "inputs": {"left": false, "right": false, "up": false, "down": false}}
2025-09-25 18:34:09,400 - game_server - INFO - log_game_event:61 - Игровое событие: обновление_позиции - {"client_id": 0, "position": {"x": 1140, "y": 445}, "inputs": {"left": false, "right": false, "up": false, "down": false}}
2025-09-25 18:34:09,437 - game_server - INFO - log_game_event:61 - Игровое событие: обновление_позиции - {"client_id": 0, "position": {"x": 1140, "y": 445}, "inputs": {"left": false, "right": false, "up": false, "down": false}}
2025-09-25 18:34:09,472 - game_server - INFO - log_game_event:61 - Игровое событие: обновление_позиции - {"client_id": 0, "position": {"x": 1140, "y": 445}, "inputs": {"left": false, "right": false, "up": false, "down": false}}
2025-09-25 18:34:09,508 - game_server - INFO - log_game_event:61 - Игровое событие: обновление_позиции - {"client_id": 0, "position": {"x": 1140, "y": 445}, "inputs": {"left": false, "right": false, "up": false, "down": false}}
2025-09-25 18:34:09,546 - game_server - INFO - log_game_event:61 - Игровое событие: обновление_позиции - {"client_id": 0, "position": {"x": 1140, "y": 445}, "inputs": {"left": false, "right": false, "up": false, "down": false}}
2025-09-25 18:34:09,583 - game_server - INFO - log_game_event:61 - Игровое событие: обновление_позиции - {"client_id": 0, "position": {"x": 1140, "y": 445}, "inputs": {"left": false, "right": false, "up": false, "down": false}}
2025-09-25 18:34:09,621 - game_server - INFO - log_game_event:61 - Игровое событие: обновление_позиции - {"client_id": 0, "position": {"x": 1140, "y": 445}, "inputs": {"left": false, "right": false, "up": false, "down": false}}
2025-09-25 18:34:09,657 - game_server - INFO - log_game_event:61 - Игровое событие: обновление_позиции - {"client_id": 0, "position": {"x": 1140, "y": 445}, "inputs": {"left": false, "right": false, "up": false, "down": false}}
2025-09-25 18:34:09,693 - game_server - INFO - log_game_event:61 - Игровое событие: обновление_позиции - {"client_id": 0, "position": {"x": 1140, "y": 445}, "inputs": {"left": false, "right": false, "up": false, "down": false}}
2025-09-25 18:34:09,731 - game_server - INFO - log_game_event:61 - Игровое событие: обновление_позиции - {"client_id": 0, "position": {"x": 1140, "y": 445}, "inputs": {"left": false, "right": false, "up": false, "down": false}}
2025-09-25 18:34:09,767 - game_server - INFO - log_game_event:61 - Игровое событие: обновление_позиции - {"client_id": 0, "position": {"x": 1140, "y": 445}, "inputs": {"left": false, "right": false, "up": false, "down": false}}
2025-09-25 18:34:09,803 - game_server - INFO - log_game_event:61 - Игровое событие: обновление_позиции - {"client_id": 0, "position": {"x": 1140, "y": 445}, "inputs": {"left": false, "right": false, "up": false, "down": false}}
2025-09-25 18:34:09,840 - game_server - INFO - log_game_event:61 - Игровое событие: обновление_позиции - {"client_id": 0, "position": {"x": 1140, "y": 445}, "inputs": {"left": false, "right": false, "up": false, "down": false}}
2025-09-25 18:34:09,872 - game_server - INFO - log_game_event:61 - Игровое событие: обновление_позиции - {"client_id": 0, "position": {"x": 1140, "y": 445}, "inputs": {"left": false, "right": false, "up": false, "down": false}}
2025-09-25 18:34:09,905 - game_server - INFO - log_game_event:61 - Игровое событие: обновление_позиции - {"client_id": 0, "position": {"x": 1140, "y": 445}, "inputs": {"left": false, "right": false, "up": false, "down": false}}
2025-09-25 18:34:09,942 - game_server - INFO - log_game_event:61 - Игровое событие: обновление_позиции - {"client_id": 0, "position": {"x": 1140, "y": 445}, "inputs": {"left": false, "right": false, "up": false, "down": false}}
2025-09-25 18:34:09,979 - game_server - INFO - log_game_event:61 - Игровое событие: обновление_позиции - {"client_id": 0, "position": {"x": 1140, "y": 445}, "inputs": {"left": false, "right": false, "up": false, "down": false}}
2025-09-25 18:34:10,012 - game_server - INFO - log_game_event:61 - Игровое событие: обновление_позиции - {"client_id": 0, "position": {"x": 1140, "y": 445}, "inputs": {"left": false, "right": false, "up": false, "down": false}}
2025-09-25 18:34:10,049 - game_server - INFO - log_game_event:61 - Игровое событие: обновление_позиции - {"client_id": 0, "position": {"x": 1140, "y": 445}, "inputs": {"left": false, "right": false, "up": false, "down": false}}
2025-09-25 18:34:10,083 - game_server - INFO - log_game_event:61 - Игровое событие: обновление_позиции - {"client_id": 0, "position": {"x": 1140, "y": 445}, "inputs": {"left": false, "right": false, "up": false, "down": false}}
2025-09-25 18:34:10,118 - game_server - INFO - log_game_event:61 - Игровое событие: обновление_позиции - {"client_id": 0, "position": {"x": 1140, "y": 445}, "inputs": {"left": false, "right": false, "up": false, "down": false}}
2025-09-25 18:34:10,153 - game_server - INFO - log_game_event:61 - Игровое событие: обновление_позиции - {"client_id": 0, "position": {"x": 1140, "y": 445}, "inputs": {"left": false, "right": false, "up": false, "down": false}}
2025-09-25 18:34:10,191 - game_server - INFO - log_game_event:61 - Игровое событие: обновление_позиции - {"client_id": 0, "position": {"x": 1140, "y": 445}, "inputs": {"left": false, "right": false, "up": false, "down": false}}
2025-09-25 18:34:10,227 - game_server - INFO - log_game_event:61 - Игровое событие: обновление_позиции - {"client_id": 0, "position": {"x": 1140, "y": 445}, "inputs": {"left": false, "right": false, "up": false, "down": false}}
2025-09-25 18:34:10,264 - game_server - INFO - log_game_event:61 - Игровое событие: обновление_позиции - {"client_id": 0, "position": {"x": 1140, "y": 445}, "inputs": {"left": false, "right": false, "up": false, "down": false}}
2025-09-25 18:34:10,297 - game_server - INFO - log_game_event:61 - Игровое событие: обновление_позиции - {"client_id": 0, "position": {"x": 1140, "y": 445}, "inputs": {"left": false, "right": false, "up": false, "down": false}}
2025-09-25 18:34:10,337 - game_server - INFO - log_game_event:61 - Игровое событие: обновление_позиции - {"client_id": 0, "position": {"x": 1140, "y": 445}, "inputs": {"left": false, "right": false, "up": false, "down": false}}
2025-09-25 18:34:10,375 - game_server - INFO - log_game_event:61 - Игровое событие: обновление_позиции - {"client_id": 0, "position": {"x": 1140, "y": 445}, "inputs": {"left": false, "right": false, "up": false, "down": false}}
2025-09-25 18:34:10,413 - game_server - INFO - log_game_event:61 - Игровое событие: обновление_позиции - {"client_id": 0, "position": {"x": 1140, "y": 445}, "inputs": {"left": false, "right": false, "up": false, "down": false}}
2025-09-25 18:34:10,439 - game_server - INFO - log_game_event:61 - Игровое событие: обновление_позиции - {"client_id": 0, "position": {"x": 1140, "y": 445}, "inputs": {"left": false, "right": false, "up": false, "down": false}}
2025-09-25 18:34:10,463 - game_server - INFO - log_game_event:61 - Игровое событие: обновление_позиции - {"client_id": 0, "position": {"x": 1140, "y": 445}, "inputs": {"left": false, "right": false, "up": false, "down": false}}
2025-09-25 18:34:10,491 - game_server - INFO - log_game_event:61 - Игровое событие: обновление_позиции - {"client_id": 0, "position": {"x": 1140, "y": 445}, "inputs": {"left": false, "right": false, "up": false, "down": false}}
2025-09-25 18:34:10,514 - game_server - INFO - log_game_event:61 - Игровое событие: обновление_позиции - {"client_id": 0, "position": {"x": 1140, "y": 445}, "inputs": {"left": false, "right": false, "up": false, "down": false}}
2025-09-25 18:34:10,540 - game_server - INFO - log_game_event:61 - Игровое событие: обновление_позиции - {"client_id": 0, "position": {"x": 1140, "y": 445}, "inputs": {"left": false, "right": false, "up": false, "down": false}}
2025-09-25 18:34:10,563 - game_server - INFO - log_game_event:61 - Игровое событие: обновление_позиции - {"client_id": 0, "position": {"x": 1140, "y": 445}, "inputs": {"left": false, "right": false, "up": false, "down": false}}
2025-09-25 18:34:10,586 - game_server - INFO - log_game_event:61 - Игровое событие: обновление_позиции - {"client_id": 0, "position": {"x": 1140, "y": 445}, "inputs": {"left": false, "right": false, "up": false, "down": false}}
2025-09-25 18:34:10,612 - game_server - INFO - log_game_event:61 - Игровое событие: обновление_позиции - {"client_id": 0, "position": {"x": 1140, "y": 445}, "inputs": {"left": false, "right": false, "up": false, "down": false}}
2025-09-25 18:34:10,643 - game_server - INFO - log_game_event:61 - Игровое событие: обновление_позиции - {"client_id": 0, "position": {"x": 1140, "y": 445}, "inputs": {"left": false, "right": false, "up": false, "down": false}}
2025-09-25 18:34:10,678 - game_server - INFO - log_game_event:61 - Игровое событие: обновление_позиции - {"client_id": 0, "position": {"x": 1140, "y": 445}, "inputs": {"left": false, "right": false, "up": false, "down": false}}
2025-09-25 18:34:10,713 - game_server - INFO - log_game_event:61 - Игровое событие: обновление_позиции - {"client_id": 0, "position": {"x": 1140, "y": 445}, "inputs": {"left": false, "right": false, "up": false, "down": false}}
2025-09-25 18:34:10,751 - game_server - INFO - log_game_event:61 - Игровое событие: обновление_позиции - {"client_id": 0, "position": {"x": 1140, "y": 445}, "inputs": {"left": false, "right": false, "up": false, "down": false}}
2025-09-25 18:34:10,785 - game_server - INFO - log_game_event:61 - Игровое событие: обновление_позиции - {"client_id": 0, "position": {"x": 1140, "y": 445}, "inputs": {"left": false, "right": false, "up": false, "down": false}}
2025-09-25 18:34:10,820 - game_server - INFO - log_game_event:61 - Игровое событие: обновление_позиции - {"client_id": 0, "position": {"x": 1140, "y": 445}, "inputs": {"left": false, "right": false, "up": false, "down": false}}
2025-09-25 18:34:10,851 - game_server - INFO - log_game_event:61 - Игровое событие: обновление_позиции - {"client_id": 0, "position": {"x": 1140, "y": 445}, "inputs": {"left": false, "right": false, "up": false, "down": false}}
2025-09-25 18:34:10,879 - game_server - INFO - log_game_event:61 - Игровое событие: обновление_позиции - {"client_id": 0, "position": {"x": 1140, "y": 445}, "inputs": {"left": false, "right": false, "up": false, "down": false}}
2025-09-25 18:34:10,915 - game_server - INFO - log_game_event:61 - Игровое событие: обновление_позиции - {"client_id": 0, "position": {"x": 1140, "y": 445}, "inputs": {"left": false, "right": false, "up": false, "down": false}}
2025-09-25 18:34:10,952 - game_server - INFO - log_game_event:61 - Игровое событие: обновление_позиции - {"client_id": 0, "position": {"x": 1140, "y": 445}, "inputs": {"left": false, "right": false, "up": false, "down": false}}
2025-09-25 18:34:10,987 - game_server - INFO - log_game_event:61 - Игровое событие: обновление_позиции - {"client_id": 0, "position": {"x": 1140, "y": 445}, "inputs": {"left": false, "right": false, "up": false, "down": false}}
2025-09-25 18:34:11,023 - game_server - INFO - log_game_event:61 - Игровое событие: обновление_позиции - {"client_id": 0, "position": {"x": 1140, "y": 445}, "inputs": {"left": false, "right": false, "up": false, "down": false}}
2025-09-25 18:34:11,059 - game_server - INFO - log_game_event:61 - Игровое событие: обновление_позиции - {"client_id": 0, "position": {"x": 1140, "y": 445}, "inputs": {"left": false, "right": false, "up": false, "down": false}}
2025-09-25 18:34:11,090 - game_server - INFO - log_game_event:61 - Игровое событие: обновление_позиции - {"client_id": 0, "position": {"x": 1140, "y": 445}, "inputs": {"left": false, "right": false, "up": false, "down": false}}
2025-09-25 18:34:11,127 - game_server - INFO - log_game_event:61 - Игровое событие: обновление_позиции - {"client_id": 0, "position": {"x": 1140, "y": 445}, "inputs": {"left": false, "right": false, "up": false, "down": false}}
2025-09-25 18:34:11,162 - game_server - INFO - log_game_event:61 - Игровое событие: обновление_позиции - {"client_id": 0, "position": {"x": 1140, "y": 445}, "inputs": {"left": false, "right": false, "up": false, "down": false}}
2025-09-25 18:34:11,197 - game_server - INFO - log_game_event:61 - Игровое событие: обновление_позиции - {"client_id": 0, "position": {"x": 1140, "y": 445}, "inputs": {"left": false, "right": false, "up": false, "down": false}}
2025-09-25 18:34:11,233 - game_server - INFO - log_game_event:61 - Игровое событие: обновление_позиции - {"client_id": 0, "position": {"x": 1140, "y": 445}, "inputs": {"left": false, "right": false, "up": false, "down": false}}
2025-09-25 18:34:11,270 - game_server - INFO - log_game_event:61 - Игровое событие: обновление_позиции - {"client_id": 0, "position": {"x": 1140, "y": 445}, "inputs": {"left": false, "right": false, "up": false, "down": false}}
2025-09-25 18:34:11,304 - game_server - INFO - log_game_event:61 - Игровое событие: обновление_позиции - {"client_id": 0, "position": {"x": 1140, "y": 445}, "inputs": {"left": false, "right": false, "up": false, "down": false}}
2025-09-25 18:34:11,341 - game_server - INFO - log_game_event:61 - Игровое событие: обновление_позиции - {"client_id": 0, "position": {"x": 1140, "y": 445}, "inputs": {"left": false, "right": false, "up": false, "down": false}}
2025-09-25 18:34:11,380 - game_server - INFO - log_game_event:61 - Игровое событие: обновление_позиции - {"client_id": 0, "position": {"x": 1140, "y": 445}, "inputs": {"left": false, "right": false, "up": false, "down": false}}
2025-09-25 18:34:11,415 - game_server - INFO - log_game_event:61 - Игровое событие: обновление_позиции - {"client_id": 0, "position": {"x": 1140, "y": 445}, "inputs": {"left": false, "right": false, "up": false, "down": false}}
2025-09-25 18:34:11,451 - game_server - INFO - log_game_event:61 - Игровое событие: обновление_позиции - {"client_id": 0, "position": {"x": 1140, "y": 445}, "inputs": {"left": false, "right": false, "up": false, "down": false}}
2025-09-25 18:34:11,487 - game_server - INFO - log_game_event:61 - Игровое событие: обновление_позиции - {"client_id": 0, "position": {"x": 1140, "y": 445}, "inputs": {"left": false, "right": false, "up": false, "down": false}}
2025-09-25 18:34:11,522 - game_server - INFO - log_game_event:61 - Игровое событие: обновление_позиции - {"client_id": 0, "position": {"x": 1140, "y": 445}, "inputs": {"left": false, "right": false, "up": false, "down": false}}
2025-09-25 18:34:11,560 - game_server - INFO - log_game_event:61 - Игровое событие: обновление_позиции - {"client_id": 0, "position": {"x": 1140, "y": 445}, "inputs": {"left": false, "right": false, "up": false, "down": false}}
2025-09-25 18:34:11,598 - game_server - INFO - log_game_event:61 - Игровое событие: обновление_позиции - {"client_id": 0, "position": {"x": 1140, "y": 445}, "inputs": {"left": false, "right": false, "up": false, "down": false}}
2025-09-25 18:34:11,636 - game_server - INFO - log_game_event:61 - Игровое событие: обновление_позиции - {"client_id": 0, "position": {"x": 1140, "y": 445}, "inputs": {"left": false, "right": false, "up": false, "down": false}}
2025-09-25 18:34:11,672 - game_server - INFO - log_game_event:61 - Игровое событие: обновление_позиции - {"client_id": 0, "position": {"x": 1140, "y": 445}, "inputs": {"left": false, "right": false, "up": false, "down": false}}
2025-09-25 18:34:11,710 - game_server - INFO - log_game_event:61 - Игровое событие: обновление_позиции - {"client_id": 0, "position": {"x": 1140, "y": 445}, "inputs": {"left": false, "right": false, "up": false, "down": false}}
2025-09-25 18:34:11,746 - game_server - INFO - log_game_event:61 - Игровое событие: обновление_позиции - {"client_id": 0, "position": {"x": 1140, "y": 445}, "inputs": {"left": false, "right": false, "up": false, "down": false}}
2025-09-25 18:34:11,784 - game_server - INFO - log_game_event:61 - Игровое событие: обновление_позиции - {"client_id": 0, "position": {"x": 1140, "y": 445}, "inputs": {"left": false, "right": false, "up": false, "down": false}}
2025-09-25 18:34:11,821 - game_server - INFO - log_game_event:61 - Игровое событие: обновление_позиции - {"client_id": 0, "position": {"x": 1140, "y": 445}, "inputs": {"left": false, "right": false, "up": false, "down": false}}
2025-09-25 18:34:11,858 - game_server - INFO - log_game_event:61 - Игровое событие: обновление_позиции - {"client_id": 0, "position": {"x": 1140, "y": 445}, "inputs": {"left": false, "right": false, "up": false, "down": false}}
2025-09-25 18:34:11,896 - game_server - INFO - log_game_event:61 - Игровое событие: обновление_позиции - {"client_id": 0, "position": {"x": 1140, "y": 445}, "inputs": {"left": false, "right": false, "up": false, "down": false}}
2025-09-25 18:34:11,932 - game_server - INFO - log_game_event:61 - Игровое событие: обновление_позиции - {"client_id": 0, "position": {"x": 1140, "y": 445}, "inputs": {"left": false, "right": false, "up": false, "down": false}}
2025-09-25 18:34:11,967 - game_server - INFO - log_game_event:61 - Игровое событие: обновление_позиции - {"client_id": 0, "position": {"x": 1140, "y": 445}, "inputs": {"left": false, "right": false, "up": false, "down": false}}
2025-09-25 18:34:11,999 - game_server - INFO - log_game_event:61 - Игровое событие: обновление_позиции - {"client_id": 0, "position": {"x": 1140, "y": 445}, "inputs": {"left": false, "right": false, "up": false, "down": false}}
2025-09-25 18:34:12,032 - game_server - INFO - log_game_event:61 - Игровое событие: обновление_позиции - {"client_id": 0, "position": {"x": 1140, "y": 445}, "inputs": {"left": false, "right": false, "up": false, "down": false}}
2025-09-25 18:34:12,068 - game_server - INFO - log_game_event:61 - Игровое событие: обновление_позиции - {"client_id": 0, "position": {"x": 1140, "y": 445}, "inputs": {"left": false, "right": false, "up": false, "down": false}}
2025-09-25 18:34:12,105 - game_server - INFO - log_game_event:61 - Игровое событие: обновление_позиции - {"client_id": 0, "position": {"x": 1140, "y": 445}, "inputs": {"left": false, "right": false, "up": false, "down": false}}
2025-09-25 18:34:12,140 - game_server - INFO - log_game_event:61 - Игровое событие: обновление_позиции - {"client_id": 0, "position": {"x": 1140, "y": 445}, "inputs": {"left": false, "right": false, "up": false, "down": false}}
2025-09-25 18:34:12,179 - game_server - INFO - log_game_event:61 - Игровое событие: обновление_позиции - {"client_id": 0, "position": {"x": 1140, "y": 445}, "inputs": {"left": false, "right": false, "up": false, "down": false}}
2025-09-25 18:34:12,215 - game_server - INFO - log_game_event:61 - Игровое событие: обновление_позиции - {"client_id": 0, "position": {"x": 1140, "y": 445}, "inputs": {"left": false, "right": false, "up": false, "down": false}}
2025-09-25 18:34:12,253 - game_server - INFO - log_game_event:61 - Игровое событие: обновление_позиции - {"client_id": 0, "position": {"x": 1140, "y": 445}, "inputs": {"left": false, "right": false, "up": false, "down": false}}
2025-09-25 18:34:12,290 - game_server - INFO - log_game_event:61 - Игровое событие: обновление_позиции - {"client_id": 0, "position": {"x": 1135, "y": 445}, "inputs": {"left": true, "right": false, "up": false, "down": false}}
2025-09-25 18:34:12,326 - game_server - INFO - log_game_event:61 - Игровое событие: обновление_позиции - {"client_id": 0, "position": {"x": 1130, "y": 445}, "inputs": {"left": true, "right": false, "up": false, "down": false}}
2025-09-25 18:34:12,363 - game_server - INFO - log_game_event:61 - Игровое событие: обновление_позиции - {"client_id": 0, "position": {"x": 1125, "y": 445}, "inputs": {"left": true, "right": false, "up": false, "down": false}}
2025-09-25 18:34:12,400 - game_server - INFO - log_game_event:61 - Игровое событие: обновление_позиции - {"client_id": 0, "position": {"x": 1120, "y": 445}, "inputs": {"left": true, "right": false, "up": false, "down": false}}
2025-09-25 18:34:12,435 - game_server - INFO - log_game_event:61 - Игровое событие: обновление_позиции - {"client_id": 0, "position": {"x": 1115, "y": 445}, "inputs": {"left": true, "right": false, "up": false, "down": false}}
2025-09-25 18:34:12,469 - game_server - INFO - log_game_event:61 - Игровое событие: обновление_позиции - {"client_id": 0, "position": {"x": 1110, "y": 445}, "inputs": {"left": true, "right": false, "up": false, "down": false}}
2025-09-25 18:34:12,506 - game_server - INFO - log_game_event:61 - Игровое событие: обновление_позиции - {"client_id": 0, "position": {"x": 1110, "y": 445}, "inputs": {"left": false, "right": false, "up": false, "down": false}}
2025-09-25 18:34:12,542 - game_server - INFO - log_game_event:61 - Игровое событие: обновление_позиции - {"client_id": 0, "position": {"x": 1110, "y": 445}, "inputs": {"left": false, "right": false, "up": false, "down": false}}
2025-09-25 18:34:12,580 - game_server - INFO - log_game_event:61 - Игровое событие: обновление_позиции - {"client_id": 0, "position": {"x": 1110, "y": 445}, "inputs": {"left": false, "right": false, "up": false, "down": false}}
2025-09-25 18:34:12,619 - game_server - INFO - log_game_event:61 - Игровое событие: обновление_позиции - {"client_id": 0, "position": {"x": 1110, "y": 445}, "inputs": {"left": false, "right": false, "up": false, "down": false}}
2025-09-25 18:34:12,653 - game_server - INFO - log_game_event:61 - Игровое событие: обновление_позиции - {"client_id": 0, "position": {"x": 1110, "y": 445}, "inputs": {"left": false, "right": false, "up": false, "down": false}}
2025-09-25 18:34:12,690 - game_server - INFO - log_game_event:61 - Игровое событие: обновление_позиции - {"client_id": 0, "position": {"x": 1110, "y": 445}, "inputs": {"left": false, "right": false, "up": false, "down": false}}
2025-09-25 18:34:12,727 - game_server - INFO - log_game_event:61 - Игровое событие: обновление_позиции - {"client_id": 0, "position": {"x": 1110, "y": 445}, "inputs": {"left": false, "right": false, "up": false, "down": false}}
2025-09-25 18:34:12,763 - game_server - INFO - log_game_event:61 - Игровое событие: обновление_позиции - {"client_id": 0, "position": {"x": 1110, "y": 445}, "inputs": {"left": false, "right": false, "up": false, "down": false}}
2025-09-25 18:34:12,799 - game_server - INFO - log_game_event:61 - Игровое событие: обновление_позиции - {"client_id": 0, "position": {"x": 1110, "y": 445}, "inputs": {"left": false, "right": false, "up": false, "down": false}}
2025-09-25 18:34:12,836 - game_server - INFO - log_game_event:61 - Игровое событие: обновление_позиции - {"client_id": 0, "position": {"x": 1110, "y": 445}, "inputs": {"left": false, "right": false, "up": false, "down": false}}
2025-09-25 18:34:12,872 - game_server - INFO - log_game_event:61 - Игровое событие: обновление_позиции - {"client_id": 0, "position": {"x": 1110, "y": 445}, "inputs": {"left": false, "right": false, "up": false, "down": false}}
2025-09-25 18:34:12,904 - game_server - INFO - log_game_event:61 - Игровое событие: обновление_позиции - {"client_id": 0, "position": {"x": 1110, "y": 445}, "inputs": {"left": false, "right": false, "up": false, "down": false}}
2025-09-25 18:34:12,939 - game_server - INFO - log_game_event:61 - Игровое событие: обновление_позиции - {"client_id": 0, "position": {"x": 1110, "y": 445}, "inputs": {"left": false, "right": false, "up": false, "down": false}}
2025-09-25 18:34:12,976 - game_server - INFO - log_game_event:61 - Игровое событие: обновление_позиции - {"client_id": 0, "position": {"x": 1110, "y": 445}, "inputs": {"left": false, "right": false, "up": false, "down": false}}
2025-09-25 18:34:13,013 - game_server - INFO - log_game_event:61 - Игровое событие: обновление_позиции - {"client_id": 0, "position": {"x": 1110, "y": 445}, "inputs": {"left": false, "right": false, "up": false, "down": false}}
2025-09-25 18:34:13,049 - game_server - INFO - log_game_event:61 - Игровое событие: обновление_позиции - {"client_id": 0, "position": {"x": 1110, "y": 445}, "inputs": {"left": false, "right": false, "up": false, "down": false}}
2025-09-25 18:34:13,085 - game_server - INFO - log_game_event:61 - Игровое событие: обновление_позиции - {"client_id": 0, "position": {"x": 1110, "y": 445}, "inputs": {"left": false, "right": false, "up": false, "down": false}}
2025-09-25 18:34:13,123 - game_server - INFO - log_game_event:61 - Игровое событие: обновление_позиции - {"client_id": 0, "position": {"x": 1110, "y": 445}, "inputs": {"left": false, "right": false, "up": false, "down": false}}
2025-09-25 18:34:13,160 - game_server - INFO - log_game_event:61 - Игровое событие: обновление_позиции - {"client_id": 0, "position": {"x": 1110, "y": 445}, "inputs": {"left": false, "right": false, "up": false, "down": false}}
2025-09-25 18:34:13,198 - game_server - INFO - log_game_event:61 - Игровое событие: обновление_позиции - {"client_id": 0, "position": {"x": 1110, "y": 445}, "inputs": {"left": false, "right": false, "up": false, "down": false}}
2025-09-25 18:34:13,235 - game_server - INFO - log_game_event:61 - Игровое событие: обновление_позиции - {"client_id": 0, "position": {"x": 1110, "y": 445}, "inputs": {"left": false, "right": false, "up": false, "down": false}}
2025-09-25 18:34:13,271 - game_server - INFO - log_game_event:61 - Игровое событие: обновление_позиции - {"client_id": 0, "position": {"x": 1110, "y": 445}, "inputs": {"left": false, "right": false, "up": false, "down": false}}
2025-09-25 18:34:13,306 - game_server - INFO - log_game_event:61 - Игровое событие: обновление_позиции - {"client_id": 0, "position": {"x": 1110, "y": 445}, "inputs": {"left": false, "right": false, "up": false, "down": false}}
2025-09-25 18:34:13,339 - game_server - INFO - log_game_event:61 - Игровое событие: обновление_позиции - {"client_id": 0, "position": {"x": 1110, "y": 445}, "inputs": {"left": false, "right": false, "up": false, "down": false}}
2025-09-25 18:34:13,376 - game_server - INFO - log_game_event:61 - Игровое событие: обновление_позиции - {"client_id": 0, "position": {"x": 1110, "y": 445}, "inputs": {"left": false, "right": false, "up": false, "down": false}}
2025-09-25 18:34:13,407 - game_server - INFO - log_game_event:61 - Игровое событие: обновление_позиции - {"client_id": 0, "position": {"x": 1110, "y": 445}, "inputs": {"left": false, "right": false, "up": false, "down": false}}
2025-09-25 18:34:13,444 - game_server - INFO - log_game_event:61 - Игровое событие: обновление_позиции - {"client_id": 0, "position": {"x": 1110, "y": 445}, "inputs": {"left": false, "right": false, "up": false, "down": false}}
2025-09-25 18:34:13,479 - game_server - INFO - log_game_event:61 - Игровое событие: обновление_позиции - {"client_id": 0, "position": {"x": 1110, "y": 445}, "inputs": {"left": false, "right": false, "up": false, "down": false}}
2025-09-25 18:34:13,516 - game_server - INFO - log_game_event:61 - Игровое событие: обновление_позиции - {"client_id": 0, "position": {"x": 1110, "y": 445}, "inputs": {"left": false, "right": false, "up": false, "down": false}}
2025-09-25 18:34:13,553 - game_server - INFO - log_game_event:61 - Игровое событие: обновление_позиции - {"client_id": 0, "position": {"x": 1110, "y": 445}, "inputs": {"left": false, "right": false, "up": false, "down": false}}
2025-09-25 18:34:13,589 - game_server - INFO - log_game_event:61 - Игровое событие: обновление_позиции - {"client_id": 0, "position": {"x": 1110, "y": 445}, "inputs": {"left": false, "right": false, "up": false, "down": false}}
2025-09-25 18:34:13,624 - game_server - INFO - log_game_event:61 - Игровое событие: обновление_позиции - {"client_id": 0, "position": {"x": 1110, "y": 445}, "inputs": {"left": false, "right": false, "up": false, "down": false}}
2025-09-25 18:34:13,662 - game_server - INFO - log_game_event:61 - Игровое событие: обновление_позиции - {"client_id": 0, "position": {"x": 1110, "y": 445}, "inputs": {"left": false, "right": false, "up": false, "down": false}}
2025-09-25 18:34:13,698 - game_server - INFO - log_game_event:61 - Игровое событие: обновление_позиции - {"client_id": 0, "position": {"x": 1110, "y": 445}, "inputs": {"left": false, "right": false, "up": false, "down": false}}
2025-09-25 18:34:13,734 - game_server - INFO - log_game_event:61 - Игровое событие: обновление_позиции - {"client_id": 0, "position": {"x": 1110, "y": 440}, "inputs": {"left": false, "right": false, "up": true, "down": false}}
2025-09-25 18:34:13,771 - game_server - INFO - log_game_event:61 - Игровое событие: обновление_позиции - {"client_id": 0, "position": {"x": 1110, "y": 435}, "inputs": {"left": false, "right": false, "up": true, "down": false}}
2025-09-25 18:34:13,807 - game_server - INFO - log_game_event:61 - Игровое событие: обновление_позиции - {"client_id": 0, "position": {"x": 1110, "y": 430}, "inputs": {"left": false, "right": false, "up": true, "down": false}}
2025-09-25 18:34:13,844 - game_server - INFO - log_game_event:61 - Игровое событие: обновление_позиции - {"client_id": 0, "position": {"x": 1110, "y": 425}, "inputs": {"left": false, "right": false, "up": true, "down": false}}
2025-09-25 18:34:13,881 - game_server - INFO - log_game_event:61 - Игровое событие: обновление_позиции - {"client_id": 0, "position": {"x": 1110, "y": 420}, "inputs": {"left": false, "right": false, "up": true, "down": false}}
2025-09-25 18:34:13,919 - game_server - INFO - log_game_event:61 - Игровое событие: обновление_позиции - {"client_id": 0, "position": {"x": 1110, "y": 415}, "inputs": {"left": false, "right": false, "up": true, "down": false}}
2025-09-25 18:34:13,955 - game_server - INFO - log_game_event:61 - Игровое событие: обновление_позиции - {"client_id": 0, "position": {"x": 1110, "y": 410}, "inputs": {"left": false, "right": false, "up": true, "down": false}}
2025-09-25 18:34:13,991 - game_server - INFO - log_game_event:61 - Игровое событие: обновление_позиции - {"client_id": 0, "position": {"x": 1110, "y": 405}, "inputs": {"left": false, "right": false, "up": true, "down": false}}
2025-09-25 18:34:14,029 - game_server - INFO - log_game_event:61 - Игровое событие: обновление_позиции - {"client_id": 0, "position": {"x": 1110, "y": 400}, "inputs": {"left": false, "right": false, "up": true, "down": false}}
2025-09-25 18:34:14,065 - game_server - INFO - log_game_event:61 - Игровое событие: обновление_позиции - {"client_id": 0, "position": {"x": 1110, "y": 400}, "inputs": {"left": false, "right": false, "up": false, "down": false}}
2025-09-25 18:34:14,101 - game_server - INFO - log_game_event:61 - Игровое событие: обновление_позиции - {"client_id": 0, "position": {"x": 1110, "y": 400}, "inputs": {"left": false, "right": false, "up": false, "down": false}}
2025-09-25 18:34:14,138 - game_server - INFO - log_game_event:61 - Игровое событие: обновление_позиции - {"client_id": 0, "position": {"x": 1110, "y": 400}, "inputs": {"left": false, "right": false, "up": false, "down": false}}
2025-09-25 18:34:14,174 - game_server - INFO - log_game_event:61 - Игровое событие: обновление_позиции - {"client_id": 0, "position": {"x": 1110, "y": 400}, "inputs": {"left": false, "right": false, "up": false, "down": false}}
2025-09-25 18:34:14,210 - game_server - INFO - log_game_event:61 - Игровое событие: обновление_позиции - {"client_id": 0, "position": {"x": 1110, "y": 400}, "inputs": {"left": false, "right": false, "up": false, "down": false}}
2025-09-25 18:34:14,246 - game_server - INFO - log_game_event:61 - Игровое событие: обновление_позиции - {"client_id": 0, "position": {"x": 1110, "y": 400}, "inputs": {"left": false, "right": false, "up": false, "down": false}}
2025-09-25 18:34:14,282 - game_server - INFO - log_game_event:61 - Игровое событие: обновление_позиции - {"client_id": 0, "position": {"x": 1110, "y": 400}, "inputs": {"left": false, "right": false, "up": false, "down": false}}
2025-09-25 18:34:14,319 - game_server - INFO - log_game_event:61 - Игровое событие: обновление_позиции - {"client_id": 0, "position": {"x": 1110, "y": 400}, "inputs": {"left": false, "right": false, "up": false, "down": false}}
2025-09-25 18:34:14,359 - game_server - INFO - log_game_event:61 - Игровое событие: обновление_позиции - {"client_id": 0, "position": {"x": 1110, "y": 400}, "inputs": {"left": false, "right": false, "up": false, "down": false}}
2025-09-25 18:34:14,396 - game_server - INFO - log_game_event:61 - Игровое событие: обновление_позиции - {"client_id": 0, "position": {"x": 1110, "y": 400}, "inputs": {"left": false, "right": false, "up": false, "down": false}}
2025-09-25 18:34:14,434 - game_server - INFO - log_game_event:61 - Игровое событие: обновление_позиции - {"client_id": 0, "position": {"x": 1115, "y": 400}, "inputs": {"left": false, "right": true, "up": false, "down": false}}
2025-09-25 18:34:14,469 - game_server - INFO - log_game_event:61 - Игровое событие: обновление_позиции - {"client_id": 0, "position": {"x": 1120, "y": 400}, "inputs": {"left": false, "right": true, "up": false, "down": false}}
2025-09-25 18:34:14,503 - game_server - INFO - log_game_event:61 - Игровое событие: обновление_позиции - {"client_id": 0, "position": {"x": 1125, "y": 400}, "inputs": {"left": false, "right": true, "up": false, "down": false}}
2025-09-25 18:34:14,539 - game_server - INFO - log_game_event:61 - Игровое событие: обновление_позиции - {"client_id": 0, "position": {"x": 1130, "y": 400}, "inputs": {"left": false, "right": true, "up": false, "down": false}}
2025-09-25 18:34:14,574 - game_server - INFO - log_game_event:61 - Игровое событие: обновление_позиции - {"client_id": 0, "position": {"x": 1135, "y": 400}, "inputs": {"left": false, "right": true, "up": false, "down": false}}
2025-09-25 18:34:14,612 - game_server - INFO - log_game_event:61 - Игровое событие: обновление_позиции - {"client_id": 0, "position": {"x": 1140, "y": 400}, "inputs": {"left": false, "right": true, "up": false, "down": false}}
2025-09-25 18:34:14,650 - game_server - INFO - log_game_event:61 - Игровое событие: обновление_позиции - {"client_id": 0, "position": {"x": 1145, "y": 400}, "inputs": {"left": false, "right": true, "up": false, "down": false}}
2025-09-25 18:34:14,684 - game_server - INFO - log_game_event:61 - Игровое событие: обновление_позиции - {"client_id": 0, "position": {"x": 1150, "y": 400}, "inputs": {"left": false, "right": true, "up": false, "down": false}}
2025-09-25 18:34:14,720 - game_server - INFO - log_game_event:61 - Игровое событие: обновление_позиции - {"client_id": 0, "position": {"x": 1155, "y": 400}, "inputs": {"left": false, "right": true, "up": false, "down": false}}
2025-09-25 18:34:14,755 - game_server - INFO - log_game_event:61 - Игровое событие: обновление_позиции - {"client_id": 0, "position": {"x": 1160, "y": 400}, "inputs": {"left": false, "right": true, "up": false, "down": false}}
2025-09-25 18:34:14,791 - game_server - INFO - log_game_event:61 - Игровое событие: обновление_позиции - {"client_id": 0, "position": {"x": 1165, "y": 400}, "inputs": {"left": false, "right": true, "up": false, "down": false}}
2025-09-25 18:34:14,829 - game_server - INFO - log_game_event:61 - Игровое событие: обновление_позиции - {"client_id": 0, "position": {"x": 1170, "y": 400}, "inputs": {"left": false, "right": true, "up": false, "down": false}}
2025-09-25 18:34:14,864 - game_server - INFO - log_game_event:61 - Игровое событие: обновление_позиции - {"client_id": 0, "position": {"x": 1175, "y": 400}, "inputs": {"left": false, "right": true, "up": false, "down": false}}
2025-09-25 18:34:14,902 - game_server - INFO - log_game_event:61 - Игровое событие: обновление_позиции - {"client_id": 0, "position": {"x": 1180, "y": 400}, "inputs": {"left": false, "right": true, "up": false, "down": false}}
2025-09-25 18:34:14,938 - game_server - INFO - log_game_event:61 - Игровое событие: обновление_позиции - {"client_id": 0, "position": {"x": 1185, "y": 400}, "inputs": {"left": false, "right": true, "up": false, "down": false}}
2025-09-25 18:34:14,975 - game_server - INFO - log_game_event:61 - Игровое событие: обновление_позиции - {"client_id": 0, "position": {"x": 1185, "y": 400}, "inputs": {"left": false, "right": false, "up": false, "down": false}}
2025-09-25 18:34:15,012 - game_server - INFO - log_game_event:61 - Игровое событие: обновление_позиции - {"client_id": 0, "position": {"x": 1185, "y": 400}, "inputs": {"left": false, "right": false, "up": false, "down": false}}
2025-09-25 18:34:15,048 - game_server - INFO - log_game_event:61 - Игровое событие: обновление_позиции - {"client_id": 0, "position": {"x": 1185, "y": 400}, "inputs": {"left": false, "right": false, "up": false, "down": false}}
2025-09-25 18:34:15,084 - game_server - INFO - log_game_event:61 - Игровое событие: обновление_позиции - {"client_id": 0, "position": {"x": 1185, "y": 400}, "inputs": {"left": false, "right": false, "up": false, "down": false}}
2025-09-25 18:34:15,119 - game_server - INFO - log_game_event:61 - Игровое событие: обновление_позиции - {"client_id": 0, "position": {"x": 1185, "y": 400}, "inputs": {"left": false, "right": false, "up": false, "down": false}}
2025-09-25 18:34:15,155 - game_server - INFO - log_game_event:61 - Игровое событие: обновление_позиции - {"client_id": 0, "position": {"x": 1185, "y": 400}, "inputs": {"left": false, "right": false, "up": false, "down": false}}
2025-09-25 18:34:15,191 - game_server - INFO - log_game_event:61 - Игровое событие: обновление_позиции - {"client_id": 0, "position": {"x": 1185, "y": 400}, "inputs": {"left": false, "right": false, "up": false, "down": false}}
2025-09-25 18:34:15,228 - game_server - INFO - log_game_event:61 - Игровое событие: обновление_позиции - {"client_id": 0, "position": {"x": 1185, "y": 400}, "inputs": {"left": false, "right": false, "up": false, "down": false}}
2025-09-25 18:34:15,264 - game_server - INFO - log_game_event:61 - Игровое событие: обновление_позиции - {"client_id": 0, "position": {"x": 1185, "y": 400}, "inputs": {"left": false, "right": false, "up": false, "down": false}}
2025-09-25 18:34:15,300 - game_server - INFO - log_game_event:61 - Игровое событие: обновление_позиции - {"client_id": 0, "position": {"x": 1185, "y": 400}, "inputs": {"left": false, "right": false, "up": false, "down": false}}
2025-09-25 18:34:15,337 - game_server - INFO - log_game_event:61 - Игровое событие: обновление_позиции - {"client_id": 0, "position": {"x": 1185, "y": 400}, "inputs": {"left": false, "right": false, "up": false, "down": false}}
2025-09-25 18:34:15,372 - game_server - INFO - log_game_event:61 - Игровое событие: обновление_позиции - {"client_id": 0, "position": {"x": 1185, "y": 400}, "inputs": {"left": false, "right": false, "up": false, "down": false}}
2025-09-25 18:34:15,410 - game_server - INFO - log_game_event:61 - Игровое событие: обновление_позиции - {"client_id": 0, "position": {"x": 1185, "y": 400}, "inputs": {"left": false, "right": false, "up": false, "down": false}}
2025-09-25 18:34:15,445 - game_server - INFO - log_game_event:61 - Игровое событие: обновление_позиции - {"client_id": 0, "position": {"x": 1185, "y": 400}, "inputs": {"left": false, "right": false, "up": false, "down": false}}
2025-09-25 18:34:15,484 - game_server - INFO - log_game_event:61 - Игровое событие: обновление_позиции - {"client_id": 0, "position": {"x": 1185, "y": 400}, "inputs": {"left": false, "right": false, "up": false, "down": false}}
2025-09-25 18:34:15,507 - game_server - INFO - log_game_event:61 - Игровое событие: обновление_позиции - {"client_id": 0, "position": {"x": 1185, "y": 400}, "inputs": {"left": false, "right": false, "up": false, "down": false}}
2025-09-25 18:34:15,533 - game_server - INFO - log_game_event:61 - Игровое событие: обновление_позиции - {"client_id": 0, "position": {"x": 1185, "y": 400}, "inputs": {"left": false, "right": false, "up": false, "down": false}}
2025-09-25 18:34:15,563 - game_server - INFO - log_game_event:61 - Игровое событие: обновление_позиции - {"client_id": 0, "position": {"x": 1185, "y": 400}, "inputs": {"left": false, "right": false, "up": false, "down": false}}
2025-09-25 18:34:15,599 - game_server - INFO - log_game_event:61 - Игровое событие: обновление_позиции - {"client_id": 0, "position": {"x": 1185, "y": 400}, "inputs": {"left": false, "right": false, "up": false, "down": false}}
2025-09-25 18:34:15,637 - game_server - INFO - log_game_event:61 - Игровое событие: обновление_позиции - {"client_id": 0, "position": {"x": 1185, "y": 400}, "inputs": {"left": false, "right": false, "up": false, "down": false}}
2025-09-25 18:34:15,671 - game_server - INFO - log_game_event:61 - Игровое событие: обновление_позиции - {"client_id": 0, "position": {"x": 1185, "y": 400}, "inputs": {"left": false, "right": false, "up": false, "down": false}}
2025-09-25 18:34:15,709 - game_server - INFO - log_game_event:61 - Игровое событие: обновление_позиции - {"client_id": 0, "position": {"x": 1185, "y": 400}, "inputs": {"left": false, "right": false, "up": false, "down": false}}
2025-09-25 18:34:15,745 - game_server - INFO - log_game_event:61 - Игровое событие: обновление_позиции - {"client_id": 0, "position": {"x": 1185, "y": 400}, "inputs": {"left": false, "right": false, "up": false, "down": false}}
2025-09-25 18:34:15,781 - game_server - INFO - log_game_event:61 - Игровое событие: обновление_позиции - {"client_id": 0, "position": {"x": 1185, "y": 400}, "inputs": {"left": false, "right": false, "up": false, "down": false}}
2025-09-25 18:34:15,817 - game_server - INFO - log_game_event:61 - Игровое событие: обновление_позиции - {"client_id": 0, "position": {"x": 1185, "y": 400}, "inputs": {"left": false, "right": false, "up": false, "down": false}}
2025-09-25 18:34:15,852 - game_server - INFO - log_game_event:61 - Игровое событие: обновление_позиции - {"client_id": 0, "position": {"x": 1185, "y": 400}, "inputs": {"left": false, "right": false, "up": false, "down": false}}
2025-09-25 18:34:15,889 - game_server - INFO - log_game_event:61 - Игровое событие: обновление_позиции - {"client_id": 0, "position": {"x": 1185, "y": 400}, "inputs": {"left": false, "right": false, "up": false, "down": false}}
2025-09-25 18:34:15,925 - game_server - INFO - log_game_event:61 - Игровое событие: обновление_позиции - {"client_id": 0, "position": {"x": 1185, "y": 400}, "inputs": {"left": false, "right": false, "up": false, "down": false}}
2025-09-25 18:34:15,962 - game_server - INFO - log_game_event:61 - Игровое событие: обновление_позиции - {"client_id": 0, "position": {"x": 1185, "y": 400}, "inputs": {"left": false, "right": false, "up": false, "down": false}}
2025-09-25 18:34:15,998 - game_server - INFO - log_game_event:61 - Игровое событие: обновление_позиции - {"client_id": 0, "position": {"x": 1185, "y": 400}, "inputs": {"left": false, "right": false, "up": false, "down": false}}
2025-09-25 18:34:16,035 - game_server - INFO - log_game_event:61 - Игровое событие: обновление_позиции - {"client_id": 0, "position": {"x": 1185, "y": 400}, "inputs": {"left": false, "right": false, "up": false, "down": false}}
2025-09-25 18:34:16,070 - game_server - INFO - log_game_event:61 - Игровое событие: обновление_позиции - {"client_id": 0, "position": {"x": 1185, "y": 400}, "inputs": {"left": false, "right": false, "up": false, "down": false}}
2025-09-25 18:34:16,106 - game_server - INFO - log_game_event:61 - Игровое событие: обновление_позиции - {"client_id": 0, "position": {"x": 1185, "y": 400}, "inputs": {"left": false, "right": false, "up": false, "down": false}}
2025-09-25 18:34:16,145 - game_server - INFO - log_game_event:61 - Игровое событие: обновление_позиции - {"client_id": 0, "position": {"x": 1185, "y": 400}, "inputs": {"left": false, "right": false, "up": false, "down": false}}
2025-09-25 18:34:16,170 - game_server - INFO - log_game_event:61 - Игровое событие: обновление_позиции - {"client_id": 0, "position": {"x": 1185, "y": 400}, "inputs": {"left": false, "right": false, "up": false, "down": false}}
2025-09-25 18:34:16,194 - game_server - INFO - log_game_event:61 - Игровое событие: обновление_позиции - {"client_id": 0, "position": {"x": 1185, "y": 400}, "inputs": {"left": false, "right": false, "up": false, "down": false}}
2025-09-25 18:34:16,223 - game_server - INFO - log_game_event:61 - Игровое событие: обновление_позиции - {"client_id": 0, "position": {"x": 1185, "y": 400}, "inputs": {"left": false, "right": false, "up": false, "down": false}}
2025-09-25 18:34:16,259 - game_server - INFO - log_game_event:61 - Игровое событие: обновление_позиции - {"client_id": 0, "position": {"x": 1185, "y": 400}, "inputs": {"left": false, "right": false, "up": false, "down": false}}
2025-09-25 18:34:16,295 - game_server - INFO - log_game_event:61 - Игровое событие: обновление_позиции - {"client_id": 0, "position": {"x": 1185, "y": 400}, "inputs": {"left": false, "right": false, "up": false, "down": false}}
2025-09-25 18:34:16,331 - game_server - INFO - log_game_event:61 - Игровое событие: обновление_позиции - {"client_id": 0, "position": {"x": 1185, "y": 400}, "inputs": {"left": false, "right": false, "up": false, "down": false}}
2025-09-25 18:34:16,370 - game_server - INFO - log_game_event:61 - Игровое событие: обновление_позиции - {"client_id": 0, "position": {"x": 1185, "y": 400}, "inputs": {"left": false, "right": false, "up": false, "down": false}}
2025-09-25 18:34:16,405 - game_server - INFO - log_game_event:61 - Игровое событие: обновление_позиции - {"client_id": 0, "position": {"x": 1185, "y": 400}, "inputs": {"left": false, "right": false, "up": false, "down": false}}
2025-09-25 18:34:16,444 - game_server - INFO - log_game_event:61 - Игровое событие: обновление_позиции - {"client_id": 0, "position": {"x": 1185, "y": 400}, "inputs": {"left": false, "right": false, "up": false, "down": false}}
2025-09-25 18:34:16,481 - game_server - INFO - log_game_event:61 - Игровое событие: обновление_позиции - {"client_id": 0, "position": {"x": 1185, "y": 400}, "inputs": {"left": false, "right": false, "up": false, "down": false}}
2025-09-25 18:34:16,517 - game_server - INFO - log_game_event:61 - Игровое событие: обновление_позиции - {"client_id": 0, "position": {"x": 1185, "y": 400}, "inputs": {"left": false, "right": false, "up": false, "down": false}}
2025-09-25 18:34:16,552 - game_server - INFO - log_game_event:61 - Игровое событие: обновление_позиции - {"client_id": 0, "position": {"x": 1185, "y": 400}, "inputs": {"left": false, "right": false, "up": false, "down": false}}
2025-09-25 18:34:16,588 - game_server - INFO - log_game_event:61 - Игровое событие: обновление_позиции - {"client_id": 0, "position": {"x": 1185, "y": 400}, "inputs": {"left": false, "right": false, "up": false, "down": false}}
2025-09-25 18:34:16,623 - game_server - INFO - log_game_event:61 - Игровое событие: обновление_позиции - {"client_id": 0, "position": {"x": 1185, "y": 400}, "inputs": {"left": false, "right": false, "up": false, "down": false}}
2025-09-25 18:34:16,662 - game_server - INFO - log_game_event:61 - Игровое событие: обновление_позиции - {"client_id": 0, "position": {"x": 1185, "y": 400}, "inputs": {"left": false, "right": false, "up": false, "down": false}}
2025-09-25 18:34:16,698 - game_server - INFO - log_game_event:61 - Игровое событие: обновление_позиции - {"client_id": 0, "position": {"x": 1185, "y": 400}, "inputs": {"left": false, "right": false, "up": false, "down": false}}
2025-09-25 18:34:16,734 - game_server - INFO - log_game_event:61 - Игровое событие: обновление_позиции - {"client_id": 0, "position": {"x": 1185, "y": 400}, "inputs": {"left": false, "right": false, "up": false, "down": false}}
2025-09-25 18:34:16,770 - game_server - INFO - log_game_event:61 - Игровое событие: обновление_позиции - {"client_id": 0, "position": {"x": 1185, "y": 400}, "inputs": {"left": false, "right": false, "up": false, "down": false}}
2025-09-25 18:34:16,805 - game_server - INFO - log_game_event:61 - Игровое событие: обновление_позиции - {"client_id": 0, "position": {"x": 1185, "y": 400}, "inputs": {"left": false, "right": false, "up": false, "down": false}}
2025-09-25 18:34:16,841 - game_server - INFO - log_game_event:61 - Игровое событие: обновление_позиции - {"client_id": 0, "position": {"x": 1185, "y": 400}, "inputs": {"left": false, "right": false, "up": false, "down": false}}
2025-09-25 18:34:16,877 - game_server - INFO - log_game_event:61 - Игровое событие: обновление_позиции - {"client_id": 0, "position": {"x": 1185, "y": 400}, "inputs": {"left": false, "right": false, "up": false, "down": false}}
2025-09-25 18:34:16,912 - game_server - INFO - log_game_event:61 - Игровое событие: обновление_позиции - {"client_id": 0, "position": {"x": 1185, "y": 400}, "inputs": {"left": false, "right": false, "up": false, "down": false}}
2025-09-25 18:34:16,948 - game_server - INFO - log_game_event:61 - Игровое событие: обновление_позиции - {"client_id": 0, "position": {"x": 1185, "y": 400}, "inputs": {"left": false, "right": false, "up": false, "down": false}}
2025-09-25 18:34:16,982 - game_server - INFO - log_game_event:61 - Игровое событие: обновление_позиции - {"client_id": 0, "position": {"x": 1185, "y": 400}, "inputs": {"left": false, "right": false, "up": false, "down": false}}
2025-09-25 18:34:17,019 - game_server - INFO - log_game_event:61 - Игровое событие: обновление_позиции - {"client_id": 0, "position": {"x": 1185, "y": 400}, "inputs": {"left": false, "right": false, "up": false, "down": false}}
2025-09-25 18:34:17,053 - game_server - INFO - log_game_event:61 - Игровое событие: обновление_позиции - {"client_id": 0, "position": {"x": 1185, "y": 400}, "inputs": {"left": false, "right": false, "up": false, "down": false}}
2025-09-25 18:34:17,089 - game_server - INFO - log_game_event:61 - Игровое событие: обновление_позиции - {"client_id": 0, "position": {"x": 1185, "y": 400}, "inputs": {"left": false, "right": false, "up": false, "down": false}}
2025-09-25 18:34:17,125 - game_server - INFO - log_game_event:61 - Игровое событие: обновление_позиции - {"client_id": 0, "position": {"x": 1185, "y": 400}, "inputs": {"left": false, "right": false, "up": false, "down": false}}
2025-09-25 18:34:17,164 - game_server - INFO - log_game_event:61 - Игровое событие: обновление_позиции - {"client_id": 0, "position": {"x": 1185, "y": 400}, "inputs": {"left": false, "right": false, "up": false, "down": false}}
2025-09-25 18:34:17,200 - game_server - INFO - log_game_event:61 - Игровое событие: обновление_позиции - {"client_id": 0, "position": {"x": 1185, "y": 400}, "inputs": {"left": false, "right": false, "up": false, "down": false}}
2025-09-25 18:34:17,239 - game_server - INFO - log_game_event:61 - Игровое событие: обновление_позиции - {"client_id": 0, "position": {"x": 1185, "y": 400}, "inputs": {"left": false, "right": false, "up": false, "down": false}}
2025-09-25 18:34:17,274 - game_server - INFO - log_game_event:61 - Игровое событие: обновление_позиции - {"client_id": 0, "position": {"x": 1185, "y": 400}, "inputs": {"left": false, "right": false, "up": false, "down": false}}
2025-09-25 18:34:17,311 - game_server - INFO - log_game_event:61 - Игровое событие: обновление_позиции - {"client_id": 0, "position": {"x": 1185, "y": 400}, "inputs": {"left": false, "right": false, "up": false, "down": false}}
2025-09-25 18:34:17,348 - game_server - INFO - log_game_event:61 - Игровое событие: обновление_позиции - {"client_id": 0, "position": {"x": 1185, "y": 400}, "inputs": {"left": false, "right": false, "up": false, "down": false}}
2025-09-25 18:34:17,383 - game_server - INFO - log_game_event:61 - Игровое событие: обновление_позиции - {"client_id": 0, "position": {"x": 1185, "y": 400}, "inputs": {"left": false, "right": false, "up": false, "down": false}}
2025-09-25 18:34:17,417 - game_server - INFO - log_game_event:61 - Игровое событие: обновление_позиции - {"client_id": 0, "position": {"x": 1185, "y": 400}, "inputs": {"left": false, "right": false, "up": false, "down": false}}
2025-09-25 18:34:17,452 - game_server - INFO - log_game_event:61 - Игровое событие: обновление_позиции - {"client_id": 0, "position": {"x": 1185, "y": 400}, "inputs": {"left": false, "right": false, "up": false, "down": false}}
2025-09-25 18:34:17,490 - game_server - INFO - log_game_event:61 - Игровое событие: обновление_позиции - {"client_id": 0, "position": {"x": 1185, "y": 400}, "inputs": {"left": false, "right": false, "up": false, "down": false}}
2025-09-25 18:34:17,526 - game_server - INFO - log_game_event:61 - Игровое событие: обновление_позиции - {"client_id": 0, "position": {"x": 1185, "y": 400}, "inputs": {"left": false, "right": false, "up": false, "down": false}}
2025-09-25 18:34:17,563 - game_server - INFO - log_game_event:61 - Игровое событие: обновление_позиции - {"client_id": 0, "position": {"x": 1185, "y": 400}, "inputs": {"left": false, "right": false, "up": false, "down": false}}
2025-09-25 18:34:17,598 - game_server - INFO - log_game_event:61 - Игровое событие: обновление_позиции - {"client_id": 0, "position": {"x": 1185, "y": 400}, "inputs": {"left": false, "right": false, "up": false, "down": false}}
2025-09-25 18:34:17,632 - game_server - INFO - log_game_event:61 - Игровое событие: обновление_позиции - {"client_id": 0, "position": {"x": 1185, "y": 400}, "inputs": {"left": false, "right": false, "up": false, "down": false}}
2025-09-25 18:34:17,668 - game_server - INFO - log_game_event:61 - Игровое событие: обновление_позиции - {"client_id": 0, "position": {"x": 1185, "y": 400}, "inputs": {"left": false, "right": false, "up": false, "down": false}}
2025-09-25 18:34:17,703 - game_server - INFO - log_game_event:61 - Игровое событие: обновление_позиции - {"client_id": 0, "position": {"x": 1185, "y": 400}, "inputs": {"left": false, "right": false, "up": false, "down": false}}
2025-09-25 18:34:17,739 - game_server - INFO - log_game_event:61 - Игровое событие: обновление_позиции - {"client_id": 0, "position": {"x": 1185, "y": 400}, "inputs": {"left": false, "right": false, "up": false, "down": false}}
2025-09-25 18:34:17,776 - game_server - INFO - log_game_event:61 - Игровое событие: обновление_позиции - {"client_id": 0, "position": {"x": 1185, "y": 400}, "inputs": {"left": false, "right": false, "up": false, "down": false}}
2025-09-25 18:34:17,813 - game_server - INFO - log_game_event:61 - Игровое событие: обновление_позиции - {"client_id": 0, "position": {"x": 1185, "y": 400}, "inputs": {"left": false, "right": false, "up": false, "down": false}}
2025-09-25 18:34:17,848 - game_server - INFO - log_game_event:61 - Игровое событие: обновление_позиции - {"client_id": 0, "position": {"x": 1185, "y": 400}, "inputs": {"left": false, "right": false, "up": false, "down": false}}
2025-09-25 18:34:17,881 - game_server - INFO - log_game_event:61 - Игровое событие: обновление_позиции - {"client_id": 0, "position": {"x": 1185, "y": 400}, "inputs": {"left": false, "right": false, "up": false, "down": false}}
2025-09-25 18:34:17,915 - game_server - INFO - log_game_event:61 - Игровое событие: обновление_позиции - {"client_id": 0, "position": {"x": 1185, "y": 400}, "inputs": {"left": false, "right": false, "up": false, "down": false}}
2025-09-25 18:34:17,950 - game_server - INFO - log_game_event:61 - Игровое событие: обновление_позиции - {"client_id": 0, "position": {"x": 1185, "y": 400}, "inputs": {"left": false, "right": false, "up": false, "down": false}}
2025-09-25 18:34:17,986 - game_server - INFO - log_game_event:61 - Игровое событие: обновление_позиции - {"client_id": 0, "position": {"x": 1185, "y": 400}, "inputs": {"left": false, "right": false, "up": false, "down": false}}
2025-09-25 18:34:18,022 - game_server - INFO - log_game_event:61 - Игровое событие: обновление_позиции - {"client_id": 0, "position": {"x": 1185, "y": 400}, "inputs": {"left": false, "right": false, "up": false, "down": false}}
2025-09-25 18:34:18,059 - game_server - INFO - log_game_event:61 - Игровое событие: обновление_позиции - {"client_id": 0, "position": {"x": 1185, "y": 400}, "inputs": {"left": false, "right": false, "up": false, "down": false}}
2025-09-25 18:34:18,095 - game_server - INFO - log_game_event:61 - Игровое событие: обновление_позиции - {"client_id": 0, "position": {"x": 1185, "y": 400}, "inputs": {"left": false, "right": false, "up": false, "down": false}}
2025-09-25 18:34:18,132 - game_server - INFO - log_game_event:61 - Игровое событие: обновление_позиции - {"client_id": 0, "position": {"x": 1185, "y": 400}, "inputs": {"left": false, "right": false, "up": false, "down": false}}
2025-09-25 18:34:18,168 - game_server - INFO - log_game_event:61 - Игровое событие: обновление_позиции - {"client_id": 0, "position": {"x": 1185, "y": 400}, "inputs": {"left": false, "right": false, "up": false, "down": false}}
2025-09-25 18:34:18,204 - game_server - INFO - log_game_event:61 - Игровое событие: обновление_позиции - {"client_id": 0, "position": {"x": 1185, "y": 400}, "inputs": {"left": false, "right": false, "up": false, "down": false}}
2025-09-25 18:34:18,242 - game_server - INFO - log_game_event:61 - Игровое событие: обновление_позиции - {"client_id": 0, "position": {"x": 1185, "y": 400}, "inputs": {"left": false, "right": false, "up": false, "down": false}}
2025-09-25 18:34:18,277 - game_server - INFO - log_game_event:61 - Игровое событие: обновление_позиции - {"client_id": 0, "position": {"x": 1185, "y": 400}, "inputs": {"left": false, "right": false, "up": false, "down": false}}
2025-09-25 18:34:18,314 - game_server - INFO - log_game_event:61 - Игровое событие: обновление_позиции - {"client_id": 0, "position": {"x": 1185, "y": 400}, "inputs": {"left": false, "right": false, "up": false, "down": false}}
2025-09-25 18:34:18,350 - game_server - INFO - log_game_event:61 - Игровое событие: обновление_позиции - {"client_id": 0, "position": {"x": 1185, "y": 400}, "inputs": {"left": false, "right": false, "up": false, "down": false}}
2025-09-25 18:34:18,384 - game_server - INFO - log_game_event:61 - Игровое событие: обновление_позиции - {"client_id": 0, "position": {"x": 1185, "y": 400}, "inputs": {"left": false, "right": false, "up": false, "down": false}}
2025-09-25 18:34:18,421 - game_server - INFO - log_game_event:61 - Игровое событие: обновление_позиции - {"client_id": 0, "position": {"x": 1185, "y": 400}, "inputs": {"left": false, "right": false, "up": false, "down": false}}
2025-09-25 18:34:18,458 - game_server - INFO - log_game_event:61 - Игровое событие: обновление_позиции - {"client_id": 0, "position": {"x": 1185, "y": 400}, "inputs": {"left": false, "right": false, "up": false, "down": false}}
2025-09-25 18:34:18,494 - game_server - INFO - log_game_event:61 - Игровое событие: обновление_позиции - {"client_id": 0, "position": {"x": 1185, "y": 400}, "inputs": {"left": false, "right": false, "up": false, "down": false}}
2025-09-25 18:34:18,531 - game_server - INFO - log_game_event:61 - Игровое событие: обновление_позиции - {"client_id": 0, "position": {"x": 1185, "y": 400}, "inputs": {"left": false, "right": false, "up": false, "down": false}}
2025-09-25 18:34:18,568 - game_server - INFO - log_game_event:61 - Игровое событие: обновление_позиции - {"client_id": 0, "position": {"x": 1185, "y": 400}, "inputs": {"left": false, "right": false, "up": false, "down": false}}
2025-09-25 18:34:18,602 - game_server - INFO - log_game_event:61 - Игровое событие: обновление_позиции - {"client_id": 0, "position": {"x": 1185, "y": 400}, "inputs": {"left": false, "right": false, "up": false, "down": false}}
2025-09-25 18:34:18,636 - game_server - INFO - log_game_event:61 - Игровое событие: обновление_позиции - {"client_id": 0, "position": {"x": 1185, "y": 400}, "inputs": {"left": false, "right": false, "up": false, "down": false}}
2025-09-25 18:34:18,673 - game_server - INFO - log_game_event:61 - Игровое событие: обновление_позиции - {"client_id": 0, "position": {"x": 1185, "y": 400}, "inputs": {"left": false, "right": false, "up": false, "down": false}}
2025-09-25 18:34:18,710 - game_server - INFO - log_game_event:61 - Игровое событие: обновление_позиции - {"client_id": 0, "position": {"x": 1185, "y": 400}, "inputs": {"left": false, "right": false, "up": false, "down": false}}
2025-09-25 18:34:18,747 - game_server - INFO - log_game_event:61 - Игровое событие: обновление_позиции - {"client_id": 0, "position": {"x": 1185, "y": 400}, "inputs": {"left": false, "right": false, "up": false, "down": false}}
2025-09-25 18:34:18,784 - game_server - INFO - log_game_event:61 - Игровое событие: обновление_позиции - {"client_id": 0, "position": {"x": 1185, "y": 400}, "inputs": {"left": false, "right": false, "up": false, "down": false}}
2025-09-25 18:34:18,819 - game_server - INFO - log_game_event:61 - Игровое событие: обновление_позиции - {"client_id": 0, "position": {"x": 1185, "y": 400}, "inputs": {"left": false, "right": false, "up": false, "down": false}}
2025-09-25 18:34:18,854 - game_server - INFO - log_game_event:61 - Игровое событие: обновление_позиции - {"client_id": 0, "position": {"x": 1185, "y": 400}, "inputs": {"left": false, "right": false, "up": false, "down": false}}
2025-09-25 18:34:18,892 - game_server - INFO - log_game_event:61 - Игровое событие: обновление_позиции - {"client_id": 0, "position": {"x": 1185, "y": 400}, "inputs": {"left": false, "right": false, "up": false, "down": false}}
2025-09-25 18:34:18,929 - game_server - INFO - log_game_event:61 - Игровое событие: обновление_позиции - {"client_id": 0, "position": {"x": 1185, "y": 400}, "inputs": {"left": false, "right": false, "up": false, "down": false}}
2025-09-25 18:34:18,964 - game_server - INFO - log_game_event:61 - Игровое событие: обновление_позиции - {"client_id": 0, "position": {"x": 1185, "y": 400}, "inputs": {"left": false, "right": false, "up": false, "down": false}}
2025-09-25 18:34:19,000 - game_server - INFO - log_game_event:61 - Игровое событие: обновление_позиции - {"client_id": 0, "position": {"x": 1185, "y": 400}, "inputs": {"left": false, "right": false, "up": false, "down": false}}
2025-09-25 18:34:19,036 - game_server - INFO - log_game_event:61 - Игровое событие: обновление_позиции - {"client_id": 0, "position": {"x": 1185, "y": 400}, "inputs": {"left": false, "right": false, "up": false, "down": false}}
2025-09-25 18:34:19,073 - game_server - INFO - log_game_event:61 - Игровое событие: обновление_позиции - {"client_id": 0, "position": {"x": 1185, "y": 400}, "inputs": {"left": false, "right": false, "up": false, "down": false}}
2025-09-25 18:34:19,109 - game_server - INFO - log_game_event:61 - Игровое событие: обновление_позиции - {"client_id": 0, "position": {"x": 1185, "y": 400}, "inputs": {"left": false, "right": false, "up": false, "down": false}}
2025-09-25 18:34:19,146 - game_server - INFO - log_game_event:61 - Игровое событие: обновление_позиции - {"client_id": 0, "position": {"x": 1185, "y": 400}, "inputs": {"left": false, "right": false, "up": false, "down": false}}
2025-09-25 18:34:19,182 - game_server - INFO - log_game_event:61 - Игровое событие: обновление_позиции - {"client_id": 0, "position": {"x": 1185, "y": 400}, "inputs": {"left": false, "right": false, "up": false, "down": false}}
2025-09-25 18:34:19,217 - game_server - INFO - log_game_event:61 - Игровое событие: обновление_позиции - {"client_id": 0, "position": {"x": 1185, "y": 400}, "inputs": {"left": false, "right": false, "up": false, "down": false}}
2025-09-25 18:34:19,254 - game_server - INFO - log_game_event:61 - Игровое событие: обновление_позиции - {"client_id": 0, "position": {"x": 1185, "y": 400}, "inputs": {"left": false, "right": false, "up": false, "down": false}}
2025-09-25 18:34:19,290 - game_server - INFO - log_game_event:61 - Игровое событие: обновление_позиции - {"client_id": 0, "position": {"x": 1185, "y": 400}, "inputs": {"left": false, "right": false, "up": false, "down": false}}
2025-09-25 18:34:19,327 - game_server - INFO - log_game_event:61 - Игровое событие: обновление_позиции - {"client_id": 0, "position": {"x": 1185, "y": 400}, "inputs": {"left": false, "right": false, "up": false, "down": false}}
2025-09-25 18:34:19,357 - game_server - INFO - log_game_event:61 - Игровое событие: обновление_позиции - {"client_id": 0, "position": {"x": 1185, "y": 400}, "inputs": {"left": false, "right": false, "up": false, "down": false}}
2025-09-25 18:34:19,393 - game_server - INFO - log_game_event:61 - Игровое событие: обновление_позиции - {"client_id": 0, "position": {"x": 1185, "y": 400}, "inputs": {"left": false, "right": false, "up": false, "down": false}}
2025-09-25 18:34:19,422 - game_server - INFO - log_game_event:61 - Игровое событие: обновление_позиции - {"client_id": 0, "position": {"x": 1185, "y": 400}, "inputs": {"left": false, "right": false, "up": false, "down": false}}
2025-09-25 18:34:19,453 - game_server - INFO - log_game_event:61 - Игровое событие: обновление_позиции - {"client_id": 0, "position": {"x": 1185, "y": 400}, "inputs": {"left": false, "right": false, "up": false, "down": false}}
2025-09-25 18:34:19,489 - game_server - INFO - log_game_event:61 - Игровое событие: обновление_позиции - {"client_id": 0, "position": {"x": 1185, "y": 400}, "inputs": {"left": false, "right": false, "up": false, "down": false}}
2025-09-25 18:34:19,522 - game_server - INFO - log_game_event:61 - Игровое событие: обновление_позиции - {"client_id": 0, "position": {"x": 1185, "y": 400}, "inputs": {"left": false, "right": false, "up": false, "down": false}}
2025-09-25 18:34:19,555 - game_server - INFO - log_game_event:61 - Игровое событие: обновление_позиции - {"client_id": 0, "position": {"x": 1185, "y": 400}, "inputs": {"left": false, "right": false, "up": false, "down": false}}
2025-09-25 18:34:19,591 - game_server - INFO - log_game_event:61 - Игровое событие: обновление_позиции - {"client_id": 0, "position": {"x": 1185, "y": 400}, "inputs": {"left": false, "right": false, "up": false, "down": false}}
2025-09-25 18:34:19,626 - game_server - INFO - log_game_event:61 - Игровое событие: обновление_позиции - {"client_id": 0, "position": {"x": 1185, "y": 400}, "inputs": {"left": false, "right": false, "up": false, "down": false}}
2025-09-25 18:34:19,660 - game_server - INFO - log_game_event:61 - Игровое событие: обновление_позиции - {"client_id": 0, "position": {"x": 1185, "y": 400}, "inputs": {"left": false, "right": false, "up": false, "down": false}}
2025-09-25 18:34:19,695 - game_server - INFO - log_game_event:61 - Игровое событие: обновление_позиции - {"client_id": 0, "position": {"x": 1185, "y": 400}, "inputs": {"left": false, "right": false, "up": false, "down": false}}
2025-09-25 18:34:19,730 - game_server - INFO - log_game_event:61 - Игровое событие: обновление_позиции - {"client_id": 0, "position": {"x": 1185, "y": 400}, "inputs": {"left": false, "right": false, "up": false, "down": false}}
2025-09-25 18:34:19,763 - game_server - INFO - log_game_event:61 - Игровое событие: обновление_позиции - {"client_id": 0, "position": {"x": 1185, "y": 400}, "inputs": {"left": false, "right": false, "up": false, "down": false}}
2025-09-25 18:34:19,795 - game_server - INFO - log_game_event:61 - Игровое событие: обновление_позиции - {"client_id": 0, "position": {"x": 1185, "y": 400}, "inputs": {"left": false, "right": false, "up": false, "down": false}}
2025-09-25 18:34:19,829 - game_server - INFO - log_game_event:61 - Игровое событие: обновление_позиции - {"client_id": 0, "position": {"x": 1185, "y": 400}, "inputs": {"left": false, "right": false, "up": false, "down": false}}
2025-09-25 18:34:19,866 - game_server - INFO - log_game_event:61 - Игровое событие: обновление_позиции - {"client_id": 0, "position": {"x": 1185, "y": 400}, "inputs": {"left": false, "right": false, "up": false, "down": false}}
2025-09-25 18:34:19,903 - game_server - INFO - log_game_event:61 - Игровое событие: обновление_позиции - {"client_id": 0, "position": {"x": 1185, "y": 400}, "inputs": {"left": false, "right": false, "up": false, "down": false}}
2025-09-25 18:34:19,940 - game_server - INFO - log_game_event:61 - Игровое событие: обновление_позиции - {"client_id": 0, "position": {"x": 1185, "y": 400}, "inputs": {"left": false, "right": false, "up": false, "down": false}}
2025-09-25 18:34:19,975 - game_server - INFO - log_game_event:61 - Игровое событие: обновление_позиции - {"client_id": 0, "position": {"x": 1185, "y": 400}, "inputs": {"left": false, "right": false, "up": false, "down": false}}
2025-09-25 18:34:20,010 - game_server - INFO - log_game_event:61 - Игровое событие: обновление_позиции - {"client_id": 0, "position": {"x": 1185, "y": 400}, "inputs": {"left": false, "right": false, "up": false, "down": false}}
2025-09-25 18:34:20,046 - game_server - INFO - log_game_event:61 - Игровое событие: обновление_позиции - {"client_id": 0, "position": {"x": 1185, "y": 400}, "inputs": {"left": false, "right": false, "up": false, "down": false}}
2025-09-25 18:34:20,082 - game_server - INFO - log_game_event:61 - Игровое событие: обновление_позиции - {"client_id": 0, "position": {"x": 1185, "y": 400}, "inputs": {"left": false, "right": false, "up": false, "down": false}}
2025-09-25 18:34:20,118 - game_server - INFO - log_game_event:61 - Игровое событие: обновление_позиции - {"client_id": 0, "position": {"x": 1185, "y": 400}, "inputs": {"left": false, "right": false, "up": false, "down": false}}
2025-09-25 18:34:20,151 - game_server - INFO - log_game_event:61 - Игровое событие: обновление_позиции - {"client_id": 0, "position": {"x": 1185, "y": 400}, "inputs": {"left": false, "right": false, "up": false, "down": false}}
2025-09-25 18:34:20,186 - game_server - INFO - log_game_event:61 - Игровое событие: обновление_позиции - {"client_id": 0, "position": {"x": 1185, "y": 400}, "inputs": {"left": false, "right": false, "up": false, "down": false}}
2025-09-25 18:34:20,220 - game_server - INFO - log_game_event:61 - Игровое событие: обновление_позиции - {"client_id": 0, "position": {"x": 1185, "y": 400}, "inputs": {"left": false, "right": false, "up": false, "down": false}}
2025-09-25 18:34:20,254 - game_server - INFO - log_game_event:61 - Игровое событие: обновление_позиции - {"client_id": 0, "position": {"x": 1185, "y": 400}, "inputs": {"left": false, "right": false, "up": false, "down": false}}
2025-09-25 18:34:20,291 - game_server - INFO - log_game_event:61 - Игровое событие: обновление_позиции - {"client_id": 0, "position": {"x": 1185, "y": 400}, "inputs": {"left": false, "right": false, "up": false, "down": false}}
2025-09-25 18:34:20,330 - game_server - INFO - log_game_event:61 - Игровое событие: обновление_позиции - {"client_id": 0, "position": {"x": 1185, "y": 400}, "inputs": {"left": false, "right": false, "up": false, "down": false}}
2025-09-25 18:34:20,366 - game_server - INFO - log_game_event:61 - Игровое событие: обновление_позиции - {"client_id": 0, "position": {"x": 1185, "y": 400}, "inputs": {"left": false, "right": false, "up": false, "down": false}}
2025-09-25 18:34:20,402 - game_server - INFO - log_game_event:61 - Игровое событие: обновление_позиции - {"client_id": 0, "position": {"x": 1185, "y": 400}, "inputs": {"left": false, "right": false, "up": false, "down": false}}
2025-09-25 18:34:20,439 - game_server - INFO - log_game_event:61 - Игровое событие: обновление_позиции - {"client_id": 0, "position": {"x": 1185, "y": 400}, "inputs": {"left": false, "right": false, "up": false, "down": false}}
2025-09-25 18:34:20,474 - game_server - INFO - log_game_event:61 - Игровое событие: обновление_позиции - {"client_id": 0, "position": {"x": 1185, "y": 400}, "inputs": {"left": false, "right": false, "up": false, "down": false}}
2025-09-25 18:34:20,510 - game_server - INFO - log_game_event:61 - Игровое событие: обновление_позиции - {"client_id": 0, "position": {"x": 1185, "y": 400}, "inputs": {"left": false, "right": false, "up": false, "down": false}}
2025-09-25 18:34:20,547 - game_server - INFO - log_game_event:61 - Игровое событие: обновление_позиции - {"client_id": 0, "position": {"x": 1185, "y": 400}, "inputs": {"left": false, "right": false, "up": false, "down": false}}
2025-09-25 18:34:20,587 - game_server - INFO - log_game_event:61 - Игровое событие: обновление_позиции - {"client_id": 0, "position": {"x": 1185, "y": 400}, "inputs": {"left": false, "right": false, "up": false, "down": false}}
2025-09-25 18:34:20,625 - game_server - INFO - log_game_event:61 - Игровое событие: обновление_позиции - {"client_id": 0, "position": {"x": 1185, "y": 400}, "inputs": {"left": false, "right": false, "up": false, "down": false}}
2025-09-25 18:34:20,661 - game_server - INFO - log_game_event:61 - Игровое событие: обновление_позиции - {"client_id": 0, "position": {"x": 1185, "y": 400}, "inputs": {"left": false, "right": false, "up": false, "down": false}}
2025-09-25 18:34:20,698 - game_server - INFO - log_game_event:61 - Игровое событие: обновление_позиции - {"client_id": 0, "position": {"x": 1185, "y": 400}, "inputs": {"left": false, "right": false, "up": false, "down": false}}
2025-09-25 18:34:20,737 - game_server - INFO - log_game_event:61 - Игровое событие: обновление_позиции - {"client_id": 0, "position": {"x": 1185, "y": 400}, "inputs": {"left": false, "right": false, "up": false, "down": false}}
2025-09-25 18:34:20,773 - game_server - INFO - log_game_event:61 - Игровое событие: обновление_позиции - {"client_id": 0, "position": {"x": 1185, "y": 400}, "inputs": {"left": false, "right": false, "up": false, "down": false}}
2025-09-25 18:34:20,811 - game_server - INFO - log_game_event:61 - Игровое событие: обновление_позиции - {"client_id": 0, "position": {"x": 1185, "y": 400}, "inputs": {"left": false, "right": false, "up": false, "down": false}}
2025-09-25 18:34:20,848 - game_server - INFO - log_game_event:61 - Игровое событие: обновление_позиции - {"client_id": 0, "position": {"x": 1185, "y": 400}, "inputs": {"left": false, "right": false, "up": false, "down": false}}
2025-09-25 18:34:20,884 - game_server - INFO - log_game_event:61 - Игровое событие: обновление_позиции - {"client_id": 0, "position": {"x": 1185, "y": 400}, "inputs": {"left": false, "right": false, "up": false, "down": false}}
2025-09-25 18:34:20,920 - game_server - INFO - log_game_event:61 - Игровое событие: обновление_позиции - {"client_id": 0, "position": {"x": 1185, "y": 400}, "inputs": {"left": false, "right": false, "up": false, "down": false}}
2025-09-25 18:34:20,955 - game_server - INFO - log_game_event:61 - Игровое событие: обновление_позиции - {"client_id": 0, "position": {"x": 1185, "y": 400}, "inputs": {"left": false, "right": false, "up": false, "down": false}}
2025-09-25 18:34:20,992 - game_server - INFO - log_game_event:61 - Игровое событие: обновление_позиции - {"client_id": 0, "position": {"x": 1185, "y": 400}, "inputs": {"left": false, "right": false, "up": false, "down": false}}
2025-09-25 18:34:21,028 - game_server - INFO - log_game_event:61 - Игровое событие: обновление_позиции - {"client_id": 0, "position": {"x": 1185, "y": 400}, "inputs": {"left": false, "right": false, "up": false, "down": false}}
2025-09-25 18:34:21,065 - game_server - INFO - log_game_event:61 - Игровое событие: обновление_позиции - {"client_id": 0, "position": {"x": 1185, "y": 400}, "inputs": {"left": false, "right": false, "up": false, "down": false}}
2025-09-25 18:34:21,100 - game_server - INFO - log_game_event:61 - Игровое событие: обновление_позиции - {"client_id": 0, "position": {"x": 1185, "y": 400}, "inputs": {"left": false, "right": false, "up": false, "down": false}}
2025-09-25 18:34:21,134 - game_server - INFO - log_game_event:61 - Игровое событие: обновление_позиции - {"client_id": 0, "position": {"x": 1185, "y": 400}, "inputs": {"left": false, "right": false, "up": false, "down": false}}
2025-09-25 18:34:21,171 - game_server - INFO - log_game_event:61 - Игровое событие: обновление_позиции - {"client_id": 0, "position": {"x": 1185, "y": 400}, "inputs": {"left": false, "right": false, "up": false, "down": false}}
2025-09-25 18:34:21,207 - game_server - INFO - log_game_event:61 - Игровое событие: обновление_позиции - {"client_id": 0, "position": {"x": 1185, "y": 400}, "inputs": {"left": false, "right": false, "up": false, "down": false}}
2025-09-25 18:34:21,245 - game_server - INFO - log_game_event:61 - Игровое событие: обновление_позиции - {"client_id": 0, "position": {"x": 1185, "y": 400}, "inputs": {"left": false, "right": false, "up": false, "down": false}}
2025-09-25 18:34:21,282 - game_server - INFO - log_game_event:61 - Игровое событие: обновление_позиции - {"client_id": 0, "position": {"x": 1185, "y": 400}, "inputs": {"left": false, "right": false, "up": false, "down": false}}
2025-09-25 18:34:21,318 - game_server - INFO - log_game_event:61 - Игровое событие: обновление_позиции - {"client_id": 0, "position": {"x": 1185, "y": 400}, "inputs": {"left": false, "right": false, "up": false, "down": false}}
2025-09-25 18:34:21,351 - game_server - INFO - log_game_event:61 - Игровое событие: обновление_позиции - {"client_id": 0, "position": {"x": 1185, "y": 400}, "inputs": {"left": false, "right": false, "up": false, "down": false}}
2025-09-25 18:34:21,385 - game_server - INFO - log_game_event:61 - Игровое событие: обновление_позиции - {"client_id": 0, "position": {"x": 1185, "y": 400}, "inputs": {"left": false, "right": false, "up": false, "down": false}}
2025-09-25 18:34:21,421 - game_server - INFO - log_game_event:61 - Игровое событие: обновление_позиции - {"client_id": 0, "position": {"x": 1185, "y": 400}, "inputs": {"left": false, "right": false, "up": false, "down": false}}
2025-09-25 18:34:21,459 - game_server - INFO - log_game_event:61 - Игровое событие: обновление_позиции - {"client_id": 0, "position": {"x": 1185, "y": 400}, "inputs": {"left": false, "right": false, "up": false, "down": false}}
2025-09-25 18:34:21,494 - game_server - INFO - log_game_event:61 - Игровое событие: обновление_позиции - {"client_id": 0, "position": {"x": 1185, "y": 400}, "inputs": {"left": false, "right": false, "up": false, "down": false}}
2025-09-25 18:34:21,530 - game_server - INFO - log_game_event:61 - Игровое событие: обновление_позиции - {"client_id": 0, "position": {"x": 1185, "y": 400}, "inputs": {"left": false, "right": false, "up": false, "down": false}}
2025-09-25 18:34:21,566 - game_server - INFO - log_game_event:61 - Игровое событие: обновление_позиции - {"client_id": 0, "position": {"x": 1185, "y": 400}, "inputs": {"left": false, "right": false, "up": false, "down": false}}
2025-09-25 18:34:21,602 - game_server - INFO - log_game_event:61 - Игровое событие: обновление_позиции - {"client_id": 0, "position": {"x": 1185, "y": 400}, "inputs": {"left": false, "right": false, "up": false, "down": false}}
2025-09-25 18:34:21,638 - game_server - INFO - log_game_event:61 - Игровое событие: обновление_позиции - {"client_id": 0, "position": {"x": 1185, "y": 400}, "inputs": {"left": false, "right": false, "up": false, "down": false}}
2025-09-25 18:34:21,676 - game_server - INFO - log_game_event:61 - Игровое событие: обновление_позиции - {"client_id": 0, "position": {"x": 1185, "y": 400}, "inputs": {"left": false, "right": false, "up": false, "down": false}}
2025-09-25 18:34:21,712 - game_server - INFO - log_game_event:61 - Игровое событие: обновление_позиции - {"client_id": 0, "position": {"x": 1185, "y": 400}, "inputs": {"left": false, "right": false, "up": false, "down": false}}
2025-09-25 18:34:21,750 - game_server - INFO - log_game_event:61 - Игровое событие: обновление_позиции - {"client_id": 0, "position": {"x": 1185, "y": 400}, "inputs": {"left": false, "right": false, "up": false, "down": false}}
2025-09-25 18:34:21,785 - game_server - INFO - log_game_event:61 - Игровое событие: обновление_позиции - {"client_id": 0, "position": {"x": 1185, "y": 400}, "inputs": {"left": false, "right": false, "up": false, "down": false}}
2025-09-25 18:34:21,822 - game_server - INFO - log_game_event:61 - Игровое событие: обновление_позиции - {"client_id": 0, "position": {"x": 1185, "y": 400}, "inputs": {"left": false, "right": false, "up": false, "down": false}}
2025-09-25 18:34:21,858 - game_server - INFO - log_game_event:61 - Игровое событие: обновление_позиции - {"client_id": 0, "position": {"x": 1185, "y": 400}, "inputs": {"left": false, "right": false, "up": false, "down": false}}
2025-09-25 18:34:21,897 - game_server - INFO - log_game_event:61 - Игровое событие: обновление_позиции - {"client_id": 0, "position": {"x": 1185, "y": 400}, "inputs": {"left": false, "right": false, "up": false, "down": false}}
2025-09-25 18:34:21,914 - game_server - INFO - log_connection:56 - Клиент 0: отключен
