2025-09-25 18:11:27,898 - game_server - INFO - <module>:87 - Сервер запущен на 192.168.1.4:5555 (привязан к 0.0.0.0)
2025-09-25 18:11:36,798 - game_server - INFO - log_connection:56 - Клиент 0: подключен - {"ip": "192.168.1.4", "port": 53938}
2025-09-25 18:11:36,815 - game_server - INFO - log_game_event:61 - Игровое событие: обновление_позиции - {"client_id": 0, "position": {"x": 960, "y": 540}, "inputs": {"left": false, "right": false, "up": false, "down": false}}
2025-09-25 18:11:36,842 - game_server - INFO - log_game_event:61 - Игровое событие: обновление_позиции - {"client_id": 0, "position": {"x": 960, "y": 540}, "inputs": {"left": false, "right": false, "up": false, "down": false}}
2025-09-25 18:11:36,866 - game_server - INFO - log_game_event:61 - Игровое событие: обновление_позиции - {"client_id": 0, "position": {"x": 960, "y": 540}, "inputs": {"left": false, "right": false, "up": false, "down": false}}
2025-09-25 18:11:36,897 - game_server - INFO - log_game_event:61 - Игровое событие: обновление_позиции - {"client_id": 0, "position": {"x": 960, "y": 540}, "inputs": {"left": false, "right": false, "up": false, "down": false}}
2025-09-25 18:11:36,930 - game_server - INFO - log_game_event:61 - Игровое событие: обновление_позиции - {"client_id": 0, "position": {"x": 960, "y": 540}, "inputs": {"left": false, "right": false, "up": false, "down": false}}
2025-09-25 18:11:36,964 - game_server - INFO - log_game_event:61 - Игровое событие: обновление_позиции - {"client_id": 0, "position": {"x": 960, "y": 540}, "inputs": {"left": false, "right": false, "up": false, "down": false}}
2025-09-25 18:11:36,998 - game_server - INFO - log_game_event:61 - Игровое событие: обновление_позиции - {"client_id": 0, "position": {"x": 960, "y": 540}, "inputs": {"left": false, "right": false, "up": false, "down": false}}
2025-09-25 18:11:37,037 - game_server - INFO - log_game_event:61 - Игровое событие: обновление_позиции - {"client_id": 0, "position": {"x": 960, "y": 540}, "inputs": {"left": false, "right": false, "up": false, "down": false}}
2025-09-25 18:11:37,074 - game_server - INFO - log_game_event:61 - Игровое событие: обновление_позиции - {"client_id": 0, "position": {"x": 960, "y": 540}, "inputs": {"left": false, "right": false, "up": false, "down": false}}
2025-09-25 18:11:37,106 - game_server - INFO - log_game_event:61 - Игровое событие: обновление_позиции - {"client_id": 0, "position": {"x": 960, "y": 540}, "inputs": {"left": false, "right": false, "up": false, "down": false}}
2025-09-25 18:11:37,142 - game_server - INFO - log_game_event:61 - Игровое событие: обновление_позиции - {"client_id": 0, "position": {"x": 960, "y": 540}, "inputs": {"left": false, "right": false, "up": false, "down": false}}
2025-09-25 18:11:37,180 - game_server - INFO - log_game_event:61 - Игровое событие: обновление_позиции - {"client_id": 0, "position": {"x": 960, "y": 540}, "inputs": {"left": false, "right": false, "up": false, "down": false}}
2025-09-25 18:11:37,221 - game_server - INFO - log_game_event:61 - Игровое событие: обновление_позиции - {"client_id": 0, "position": {"x": 960, "y": 540}, "inputs": {"left": false, "right": false, "up": false, "down": false}}
2025-09-25 18:11:37,253 - game_server - INFO - log_game_event:61 - Игровое событие: обновление_позиции - {"client_id": 0, "position": {"x": 960, "y": 540}, "inputs": {"left": false, "right": false, "up": false, "down": false}}
2025-09-25 18:11:37,289 - game_server - INFO - log_game_event:61 - Игровое событие: обновление_позиции - {"client_id": 0, "position": {"x": 960, "y": 540}, "inputs": {"left": false, "right": false, "up": false, "down": false}}
2025-09-25 18:11:37,321 - game_server - INFO - log_game_event:61 - Игровое событие: обновление_позиции - {"client_id": 0, "position": {"x": 960, "y": 540}, "inputs": {"left": false, "right": false, "up": false, "down": false}}
2025-09-25 18:11:37,357 - game_server - INFO - log_game_event:61 - Игровое событие: обновление_позиции - {"client_id": 0, "position": {"x": 960, "y": 540}, "inputs": {"left": false, "right": false, "up": false, "down": false}}
2025-09-25 18:11:37,395 - game_server - INFO - log_game_event:61 - Игровое событие: обновление_позиции - {"client_id": 0, "position": {"x": 960, "y": 540}, "inputs": {"left": false, "right": false, "up": false, "down": false}}
2025-09-25 18:11:37,428 - game_server - INFO - log_game_event:61 - Игровое событие: обновление_позиции - {"client_id": 0, "position": {"x": 960, "y": 540}, "inputs": {"left": false, "right": false, "up": false, "down": false}}
2025-09-25 18:11:37,463 - game_server - INFO - log_game_event:61 - Игровое событие: обновление_позиции - {"client_id": 0, "position": {"x": 960, "y": 540}, "inputs": {"left": false, "right": false, "up": false, "down": false}}
2025-09-25 18:11:37,499 - game_server - INFO - log_game_event:61 - Игровое событие: обновление_позиции - {"client_id": 0, "position": {"x": 960, "y": 540}, "inputs": {"left": false, "right": false, "up": false, "down": false}}
2025-09-25 18:11:37,538 - game_server - INFO - log_game_event:61 - Игровое событие: обновление_позиции - {"client_id": 0, "position": {"x": 960, "y": 540}, "inputs": {"left": false, "right": false, "up": false, "down": false}}
2025-09-25 18:11:37,578 - game_server - INFO - log_game_event:61 - Игровое событие: обновление_позиции - {"client_id": 0, "position": {"x": 960, "y": 540}, "inputs": {"left": false, "right": false, "up": false, "down": false}}
2025-09-25 18:11:37,616 - game_server - INFO - log_game_event:61 - Игровое событие: обновление_позиции - {"client_id": 0, "position": {"x": 960, "y": 540}, "inputs": {"left": false, "right": false, "up": false, "down": false}}
2025-09-25 18:11:37,659 - game_server - INFO - log_game_event:61 - Игровое событие: обновление_позиции - {"client_id": 0, "position": {"x": 960, "y": 540}, "inputs": {"left": false, "right": false, "up": false, "down": false}}
2025-09-25 18:11:37,697 - game_server - INFO - log_game_event:61 - Игровое событие: обновление_позиции - {"client_id": 0, "position": {"x": 960, "y": 540}, "inputs": {"left": false, "right": false, "up": false, "down": false}}
2025-09-25 18:11:37,737 - game_server - INFO - log_game_event:61 - Игровое событие: обновление_позиции - {"client_id": 0, "position": {"x": 960, "y": 540}, "inputs": {"left": false, "right": false, "up": false, "down": false}}
2025-09-25 18:11:37,777 - game_server - INFO - log_game_event:61 - Игровое событие: обновление_позиции - {"client_id": 0, "position": {"x": 960, "y": 540}, "inputs": {"left": false, "right": false, "up": false, "down": false}}
2025-09-25 18:11:37,816 - game_server - INFO - log_game_event:61 - Игровое событие: обновление_позиции - {"client_id": 0, "position": {"x": 960, "y": 540}, "inputs": {"left": false, "right": false, "up": false, "down": false}}
2025-09-25 18:11:37,855 - game_server - INFO - log_game_event:61 - Игровое событие: обновление_позиции - {"client_id": 0, "position": {"x": 960, "y": 540}, "inputs": {"left": false, "right": false, "up": false, "down": false}}
2025-09-25 18:11:37,891 - game_server - INFO - log_game_event:61 - Игровое событие: обновление_позиции - {"client_id": 0, "position": {"x": 960, "y": 540}, "inputs": {"left": false, "right": false, "up": false, "down": false}}
2025-09-25 18:11:37,929 - game_server - INFO - log_game_event:61 - Игровое событие: обновление_позиции - {"client_id": 0, "position": {"x": 960, "y": 540}, "inputs": {"left": false, "right": false, "up": false, "down": false}}
2025-09-25 18:11:37,968 - game_server - INFO - log_game_event:61 - Игровое событие: обновление_позиции - {"client_id": 0, "position": {"x": 960, "y": 540}, "inputs": {"left": false, "right": false, "up": false, "down": false}}
2025-09-25 18:11:38,005 - game_server - INFO - log_game_event:61 - Игровое событие: обновление_позиции - {"client_id": 0, "position": {"x": 960, "y": 540}, "inputs": {"left": false, "right": false, "up": false, "down": false}}
2025-09-25 18:11:38,045 - game_server - INFO - log_game_event:61 - Игровое событие: обновление_позиции - {"client_id": 0, "position": {"x": 960, "y": 540}, "inputs": {"left": false, "right": false, "up": false, "down": false}}
2025-09-25 18:11:38,085 - game_server - INFO - log_game_event:61 - Игровое событие: обновление_позиции - {"client_id": 0, "position": {"x": 960, "y": 540}, "inputs": {"left": false, "right": false, "up": false, "down": false}}
2025-09-25 18:11:38,115 - game_server - INFO - log_game_event:61 - Игровое событие: обновление_позиции - {"client_id": 0, "position": {"x": 960, "y": 540}, "inputs": {"left": false, "right": false, "up": false, "down": false}}
2025-09-25 18:11:38,145 - game_server - INFO - log_game_event:61 - Игровое событие: обновление_позиции - {"client_id": 0, "position": {"x": 960, "y": 540}, "inputs": {"left": false, "right": false, "up": false, "down": false}}
2025-09-25 18:11:38,177 - game_server - INFO - log_game_event:61 - Игровое событие: обновление_позиции - {"client_id": 0, "position": {"x": 960, "y": 540}, "inputs": {"left": false, "right": false, "up": false, "down": false}}
2025-09-25 18:11:38,214 - game_server - INFO - log_game_event:61 - Игровое событие: обновление_позиции - {"client_id": 0, "position": {"x": 960, "y": 540}, "inputs": {"left": false, "right": false, "up": false, "down": false}}
2025-09-25 18:11:38,251 - game_server - INFO - log_game_event:61 - Игровое событие: обновление_позиции - {"client_id": 0, "position": {"x": 960, "y": 540}, "inputs": {"left": false, "right": false, "up": false, "down": false}}
2025-09-25 18:11:38,289 - game_server - INFO - log_game_event:61 - Игровое событие: обновление_позиции - {"client_id": 0, "position": {"x": 960, "y": 540}, "inputs": {"left": false, "right": false, "up": false, "down": false}}
2025-09-25 18:11:38,327 - game_server - INFO - log_game_event:61 - Игровое событие: обновление_позиции - {"client_id": 0, "position": {"x": 960, "y": 540}, "inputs": {"left": false, "right": false, "up": false, "down": false}}
2025-09-25 18:11:38,366 - game_server - INFO - log_game_event:61 - Игровое событие: обновление_позиции - {"client_id": 0, "position": {"x": 960, "y": 540}, "inputs": {"left": false, "right": false, "up": false, "down": false}}
2025-09-25 18:11:38,403 - game_server - INFO - log_game_event:61 - Игровое событие: обновление_позиции - {"client_id": 0, "position": {"x": 960, "y": 540}, "inputs": {"left": false, "right": false, "up": false, "down": false}}
2025-09-25 18:11:38,441 - game_server - INFO - log_game_event:61 - Игровое событие: обновление_позиции - {"client_id": 0, "position": {"x": 960, "y": 540}, "inputs": {"left": false, "right": false, "up": false, "down": false}}
2025-09-25 18:11:38,479 - game_server - INFO - log_game_event:61 - Игровое событие: обновление_позиции - {"client_id": 0, "position": {"x": 960, "y": 540}, "inputs": {"left": false, "right": false, "up": false, "down": false}}
2025-09-25 18:11:38,515 - game_server - INFO - log_game_event:61 - Игровое событие: обновление_позиции - {"client_id": 0, "position": {"x": 960, "y": 540}, "inputs": {"left": false, "right": false, "up": false, "down": false}}
2025-09-25 18:11:38,552 - game_server - INFO - log_game_event:61 - Игровое событие: обновление_позиции - {"client_id": 0, "position": {"x": 960, "y": 540}, "inputs": {"left": false, "right": false, "up": false, "down": false}}
2025-09-25 18:11:38,581 - game_server - INFO - log_game_event:61 - Игровое событие: обновление_позиции - {"client_id": 0, "position": {"x": 960, "y": 540}, "inputs": {"left": false, "right": false, "up": false, "down": false}}
2025-09-25 18:11:38,618 - game_server - INFO - log_game_event:61 - Игровое событие: обновление_позиции - {"client_id": 0, "position": {"x": 960, "y": 540}, "inputs": {"left": false, "right": false, "up": false, "down": false}}
2025-09-25 18:11:38,654 - game_server - INFO - log_game_event:61 - Игровое событие: обновление_позиции - {"client_id": 0, "position": {"x": 960, "y": 540}, "inputs": {"left": false, "right": false, "up": false, "down": false}}
2025-09-25 18:11:38,688 - game_server - INFO - log_game_event:61 - Игровое событие: обновление_позиции - {"client_id": 0, "position": {"x": 960, "y": 540}, "inputs": {"left": false, "right": false, "up": false, "down": false}}
2025-09-25 18:11:38,742 - game_server - INFO - log_game_event:61 - Игровое событие: обновление_позиции - {"client_id": 0, "position": {"x": 960, "y": 540}, "inputs": {"left": false, "right": false, "up": false, "down": false}}
2025-09-25 18:11:38,789 - game_server - INFO - log_game_event:61 - Игровое событие: обновление_позиции - {"client_id": 0, "position": {"x": 960, "y": 540}, "inputs": {"left": false, "right": false, "up": false, "down": false}}
2025-09-25 18:11:38,812 - game_server - INFO - log_game_event:61 - Игровое событие: обновление_позиции - {"client_id": 0, "position": {"x": 960, "y": 540}, "inputs": {"left": false, "right": false, "up": false, "down": false}}
2025-09-25 18:11:38,838 - game_server - INFO - log_game_event:61 - Игровое событие: обновление_позиции - {"client_id": 0, "position": {"x": 960, "y": 540}, "inputs": {"left": false, "right": false, "up": false, "down": false}}
2025-09-25 18:11:38,874 - game_server - INFO - log_game_event:61 - Игровое событие: обновление_позиции - {"client_id": 0, "position": {"x": 960, "y": 540}, "inputs": {"left": false, "right": false, "up": false, "down": false}}
2025-09-25 18:11:38,912 - game_server - INFO - log_game_event:61 - Игровое событие: обновление_позиции - {"client_id": 0, "position": {"x": 960, "y": 540}, "inputs": {"left": false, "right": false, "up": false, "down": false}}
2025-09-25 18:11:38,951 - game_server - INFO - log_game_event:61 - Игровое событие: обновление_позиции - {"client_id": 0, "position": {"x": 960, "y": 540}, "inputs": {"left": false, "right": false, "up": false, "down": false}}
2025-09-25 18:11:38,988 - game_server - INFO - log_game_event:61 - Игровое событие: обновление_позиции - {"client_id": 0, "position": {"x": 960, "y": 540}, "inputs": {"left": false, "right": false, "up": false, "down": false}}
2025-09-25 18:11:39,025 - game_server - INFO - log_game_event:61 - Игровое событие: обновление_позиции - {"client_id": 0, "position": {"x": 960, "y": 540}, "inputs": {"left": false, "right": false, "up": false, "down": false}}
2025-09-25 18:11:39,063 - game_server - INFO - log_game_event:61 - Игровое событие: обновление_позиции - {"client_id": 0, "position": {"x": 960, "y": 540}, "inputs": {"left": false, "right": false, "up": false, "down": false}}
2025-09-25 18:11:39,101 - game_server - INFO - log_game_event:61 - Игровое событие: обновление_позиции - {"client_id": 0, "position": {"x": 960, "y": 540}, "inputs": {"left": false, "right": false, "up": false, "down": false}}
2025-09-25 18:11:39,140 - game_server - INFO - log_game_event:61 - Игровое событие: обновление_позиции - {"client_id": 0, "position": {"x": 960, "y": 540}, "inputs": {"left": false, "right": false, "up": false, "down": false}}
2025-09-25 18:11:39,178 - game_server - INFO - log_game_event:61 - Игровое событие: обновление_позиции - {"client_id": 0, "position": {"x": 960, "y": 540}, "inputs": {"left": false, "right": false, "up": false, "down": false}}
2025-09-25 18:11:39,213 - game_server - INFO - log_game_event:61 - Игровое событие: обновление_позиции - {"client_id": 0, "position": {"x": 960, "y": 540}, "inputs": {"left": false, "right": false, "up": false, "down": false}}
2025-09-25 18:11:39,251 - game_server - INFO - log_game_event:61 - Игровое событие: обновление_позиции - {"client_id": 0, "position": {"x": 960, "y": 540}, "inputs": {"left": false, "right": false, "up": false, "down": false}}
2025-09-25 18:11:39,288 - game_server - INFO - log_game_event:61 - Игровое событие: обновление_позиции - {"client_id": 0, "position": {"x": 960, "y": 540}, "inputs": {"left": false, "right": false, "up": false, "down": false}}
2025-09-25 18:11:39,324 - game_server - INFO - log_game_event:61 - Игровое событие: обновление_позиции - {"client_id": 0, "position": {"x": 960, "y": 540}, "inputs": {"left": false, "right": false, "up": false, "down": false}}
2025-09-25 18:11:39,359 - game_server - INFO - log_game_event:61 - Игровое событие: обновление_позиции - {"client_id": 0, "position": {"x": 960, "y": 540}, "inputs": {"left": false, "right": false, "up": false, "down": false}}
2025-09-25 18:11:39,397 - game_server - INFO - log_game_event:61 - Игровое событие: обновление_позиции - {"client_id": 0, "position": {"x": 960, "y": 540}, "inputs": {"left": false, "right": false, "up": false, "down": false}}
2025-09-25 18:11:39,434 - game_server - INFO - log_game_event:61 - Игровое событие: обновление_позиции - {"client_id": 0, "position": {"x": 960, "y": 540}, "inputs": {"left": false, "right": false, "up": false, "down": false}}
2025-09-25 18:11:39,472 - game_server - INFO - log_game_event:61 - Игровое событие: обновление_позиции - {"client_id": 0, "position": {"x": 960, "y": 540}, "inputs": {"left": false, "right": false, "up": false, "down": false}}
2025-09-25 18:11:39,510 - game_server - INFO - log_game_event:61 - Игровое событие: обновление_позиции - {"client_id": 0, "position": {"x": 960, "y": 540}, "inputs": {"left": false, "right": false, "up": false, "down": false}}
2025-09-25 18:11:39,546 - game_server - INFO - log_game_event:61 - Игровое событие: обновление_позиции - {"client_id": 0, "position": {"x": 960, "y": 540}, "inputs": {"left": false, "right": false, "up": false, "down": false}}
2025-09-25 18:11:39,586 - game_server - INFO - log_game_event:61 - Игровое событие: обновление_позиции - {"client_id": 0, "position": {"x": 960, "y": 540}, "inputs": {"left": false, "right": false, "up": false, "down": false}}
2025-09-25 18:11:39,623 - game_server - INFO - log_game_event:61 - Игровое событие: обновление_позиции - {"client_id": 0, "position": {"x": 960, "y": 540}, "inputs": {"left": false, "right": false, "up": false, "down": false}}
2025-09-25 18:11:39,658 - game_server - INFO - log_game_event:61 - Игровое событие: обновление_позиции - {"client_id": 0, "position": {"x": 960, "y": 540}, "inputs": {"left": false, "right": false, "up": false, "down": false}}
2025-09-25 18:11:39,695 - game_server - INFO - log_game_event:61 - Игровое событие: обновление_позиции - {"client_id": 0, "position": {"x": 960, "y": 540}, "inputs": {"left": false, "right": false, "up": false, "down": false}}
2025-09-25 18:11:39,733 - game_server - INFO - log_game_event:61 - Игровое событие: обновление_позиции - {"client_id": 0, "position": {"x": 960, "y": 540}, "inputs": {"left": false, "right": false, "up": false, "down": false}}
2025-09-25 18:11:39,769 - game_server - INFO - log_game_event:61 - Игровое событие: обновление_позиции - {"client_id": 0, "position": {"x": 960, "y": 540}, "inputs": {"left": false, "right": false, "up": false, "down": false}}
2025-09-25 18:11:39,807 - game_server - INFO - log_game_event:61 - Игровое событие: обновление_позиции - {"client_id": 0, "position": {"x": 960, "y": 540}, "inputs": {"left": false, "right": false, "up": false, "down": false}}
2025-09-25 18:11:39,841 - game_server - INFO - log_game_event:61 - Игровое событие: обновление_позиции - {"client_id": 0, "position": {"x": 960, "y": 540}, "inputs": {"left": false, "right": false, "up": false, "down": false}}
2025-09-25 18:11:39,879 - game_server - INFO - log_game_event:61 - Игровое событие: обновление_позиции - {"client_id": 0, "position": {"x": 960, "y": 540}, "inputs": {"left": false, "right": false, "up": false, "down": false}}
2025-09-25 18:11:39,916 - game_server - INFO - log_game_event:61 - Игровое событие: обновление_позиции - {"client_id": 0, "position": {"x": 960, "y": 540}, "inputs": {"left": false, "right": false, "up": false, "down": false}}
2025-09-25 18:11:39,954 - game_server - INFO - log_game_event:61 - Игровое событие: обновление_позиции - {"client_id": 0, "position": {"x": 960, "y": 540}, "inputs": {"left": false, "right": false, "up": false, "down": false}}
2025-09-25 18:11:39,991 - game_server - INFO - log_game_event:61 - Игровое событие: обновление_позиции - {"client_id": 0, "position": {"x": 960, "y": 540}, "inputs": {"left": false, "right": false, "up": false, "down": false}}
2025-09-25 18:11:40,028 - game_server - INFO - log_game_event:61 - Игровое событие: обновление_позиции - {"client_id": 0, "position": {"x": 960, "y": 540}, "inputs": {"left": false, "right": false, "up": false, "down": false}}
2025-09-25 18:11:40,061 - game_server - INFO - log_game_event:61 - Игровое событие: обновление_позиции - {"client_id": 0, "position": {"x": 960, "y": 540}, "inputs": {"left": false, "right": false, "up": false, "down": false}}
2025-09-25 18:11:40,097 - game_server - INFO - log_game_event:61 - Игровое событие: обновление_позиции - {"client_id": 0, "position": {"x": 960, "y": 540}, "inputs": {"left": false, "right": false, "up": false, "down": false}}
2025-09-25 18:11:40,137 - game_server - INFO - log_game_event:61 - Игровое событие: обновление_позиции - {"client_id": 0, "position": {"x": 960, "y": 540}, "inputs": {"left": false, "right": false, "up": false, "down": false}}
2025-09-25 18:11:40,174 - game_server - INFO - log_game_event:61 - Игровое событие: обновление_позиции - {"client_id": 0, "position": {"x": 960, "y": 540}, "inputs": {"left": false, "right": false, "up": false, "down": false}}
2025-09-25 18:11:40,210 - game_server - INFO - log_game_event:61 - Игровое событие: обновление_позиции - {"client_id": 0, "position": {"x": 960, "y": 540}, "inputs": {"left": false, "right": false, "up": false, "down": false}}
2025-09-25 18:11:40,248 - game_server - INFO - log_game_event:61 - Игровое событие: обновление_позиции - {"client_id": 0, "position": {"x": 960, "y": 540}, "inputs": {"left": false, "right": false, "up": false, "down": false}}
2025-09-25 18:11:40,286 - game_server - INFO - log_game_event:61 - Игровое событие: обновление_позиции - {"client_id": 0, "position": {"x": 960, "y": 540}, "inputs": {"left": false, "right": false, "up": false, "down": false}}
2025-09-25 18:11:40,323 - game_server - INFO - log_game_event:61 - Игровое событие: обновление_позиции - {"client_id": 0, "position": {"x": 960, "y": 540}, "inputs": {"left": false, "right": false, "up": false, "down": false}}
2025-09-25 18:11:40,359 - game_server - INFO - log_game_event:61 - Игровое событие: обновление_позиции - {"client_id": 0, "position": {"x": 960, "y": 540}, "inputs": {"left": false, "right": false, "up": false, "down": false}}
2025-09-25 18:11:40,396 - game_server - INFO - log_game_event:61 - Игровое событие: обновление_позиции - {"client_id": 0, "position": {"x": 960, "y": 540}, "inputs": {"left": false, "right": false, "up": false, "down": false}}
2025-09-25 18:11:40,434 - game_server - INFO - log_game_event:61 - Игровое событие: обновление_позиции - {"client_id": 0, "position": {"x": 960, "y": 540}, "inputs": {"left": false, "right": false, "up": false, "down": false}}
2025-09-25 18:11:40,470 - game_server - INFO - log_game_event:61 - Игровое событие: обновление_позиции - {"client_id": 0, "position": {"x": 960, "y": 540}, "inputs": {"left": false, "right": false, "up": false, "down": false}}
2025-09-25 18:11:40,508 - game_server - INFO - log_game_event:61 - Игровое событие: обновление_позиции - {"client_id": 0, "position": {"x": 960, "y": 540}, "inputs": {"left": false, "right": false, "up": false, "down": false}}
2025-09-25 18:11:40,543 - game_server - INFO - log_game_event:61 - Игровое событие: обновление_позиции - {"client_id": 0, "position": {"x": 960, "y": 540}, "inputs": {"left": false, "right": false, "up": false, "down": false}}
2025-09-25 18:11:40,576 - game_server - INFO - log_game_event:61 - Игровое событие: обновление_позиции - {"client_id": 0, "position": {"x": 960, "y": 540}, "inputs": {"left": false, "right": false, "up": false, "down": false}}
2025-09-25 18:11:40,614 - game_server - INFO - log_game_event:61 - Игровое событие: обновление_позиции - {"client_id": 0, "position": {"x": 960, "y": 540}, "inputs": {"left": false, "right": false, "up": false, "down": false}}
2025-09-25 18:11:40,649 - game_server - INFO - log_game_event:61 - Игровое событие: обновление_позиции - {"client_id": 0, "position": {"x": 960, "y": 540}, "inputs": {"left": false, "right": false, "up": false, "down": false}}
2025-09-25 18:11:40,687 - game_server - INFO - log_game_event:61 - Игровое событие: обновление_позиции - {"client_id": 0, "position": {"x": 960, "y": 540}, "inputs": {"left": false, "right": false, "up": false, "down": false}}
2025-09-25 18:11:40,723 - game_server - INFO - log_game_event:61 - Игровое событие: обновление_позиции - {"client_id": 0, "position": {"x": 960, "y": 540}, "inputs": {"left": false, "right": false, "up": false, "down": false}}
2025-09-25 18:11:40,760 - game_server - INFO - log_game_event:61 - Игровое событие: обновление_позиции - {"client_id": 0, "position": {"x": 960, "y": 540}, "inputs": {"left": false, "right": false, "up": false, "down": false}}
2025-09-25 18:11:40,799 - game_server - INFO - log_game_event:61 - Игровое событие: обновление_позиции - {"client_id": 0, "position": {"x": 960, "y": 540}, "inputs": {"left": false, "right": false, "up": false, "down": false}}
2025-09-25 18:11:40,836 - game_server - INFO - log_game_event:61 - Игровое событие: обновление_позиции - {"client_id": 0, "position": {"x": 960, "y": 540}, "inputs": {"left": false, "right": false, "up": false, "down": false}}
2025-09-25 18:11:40,873 - game_server - INFO - log_game_event:61 - Игровое событие: обновление_позиции - {"client_id": 0, "position": {"x": 960, "y": 540}, "inputs": {"left": false, "right": false, "up": false, "down": false}}
2025-09-25 18:11:40,908 - game_server - INFO - log_game_event:61 - Игровое событие: обновление_позиции - {"client_id": 0, "position": {"x": 960, "y": 540}, "inputs": {"left": false, "right": false, "up": false, "down": false}}
2025-09-25 18:11:40,946 - game_server - INFO - log_game_event:61 - Игровое событие: обновление_позиции - {"client_id": 0, "position": {"x": 960, "y": 540}, "inputs": {"left": false, "right": false, "up": false, "down": false}}
2025-09-25 18:11:40,982 - game_server - INFO - log_game_event:61 - Игровое событие: обновление_позиции - {"client_id": 0, "position": {"x": 960, "y": 540}, "inputs": {"left": false, "right": false, "up": false, "down": false}}
2025-09-25 18:11:41,022 - game_server - INFO - log_game_event:61 - Игровое событие: обновление_позиции - {"client_id": 0, "position": {"x": 960, "y": 535}, "inputs": {"left": false, "right": false, "up": true, "down": false}}
2025-09-25 18:11:41,058 - game_server - INFO - log_game_event:61 - Игровое событие: обновление_позиции - {"client_id": 0, "position": {"x": 960, "y": 530}, "inputs": {"left": false, "right": false, "up": true, "down": false}}
2025-09-25 18:11:41,094 - game_server - INFO - log_game_event:61 - Игровое событие: обновление_позиции - {"client_id": 0, "position": {"x": 960, "y": 525}, "inputs": {"left": false, "right": false, "up": true, "down": false}}
2025-09-25 18:11:41,133 - game_server - INFO - log_game_event:61 - Игровое событие: обновление_позиции - {"client_id": 0, "position": {"x": 960, "y": 520}, "inputs": {"left": false, "right": false, "up": true, "down": false}}
2025-09-25 18:11:41,169 - game_server - INFO - log_game_event:61 - Игровое событие: обновление_позиции - {"client_id": 0, "position": {"x": 960, "y": 515}, "inputs": {"left": false, "right": false, "up": true, "down": false}}
2025-09-25 18:11:41,203 - game_server - INFO - log_game_event:61 - Игровое событие: обновление_позиции - {"client_id": 0, "position": {"x": 960, "y": 510}, "inputs": {"left": false, "right": false, "up": true, "down": false}}
2025-09-25 18:11:41,239 - game_server - INFO - log_game_event:61 - Игровое событие: обновление_позиции - {"client_id": 0, "position": {"x": 960, "y": 505}, "inputs": {"left": false, "right": false, "up": true, "down": false}}
2025-09-25 18:11:41,275 - game_server - INFO - log_game_event:61 - Игровое событие: обновление_позиции - {"client_id": 0, "position": {"x": 960, "y": 500}, "inputs": {"left": false, "right": false, "up": true, "down": false}}
2025-09-25 18:11:41,312 - game_server - INFO - log_game_event:61 - Игровое событие: обновление_позиции - {"client_id": 0, "position": {"x": 960, "y": 495}, "inputs": {"left": false, "right": false, "up": true, "down": false}}
2025-09-25 18:11:41,353 - game_server - INFO - log_game_event:61 - Игровое событие: обновление_позиции - {"client_id": 0, "position": {"x": 960, "y": 490}, "inputs": {"left": false, "right": false, "up": true, "down": false}}
2025-09-25 18:11:41,391 - game_server - INFO - log_game_event:61 - Игровое событие: обновление_позиции - {"client_id": 0, "position": {"x": 960, "y": 485}, "inputs": {"left": false, "right": false, "up": true, "down": false}}
2025-09-25 18:11:41,429 - game_server - INFO - log_game_event:61 - Игровое событие: обновление_позиции - {"client_id": 0, "position": {"x": 960, "y": 480}, "inputs": {"left": false, "right": false, "up": true, "down": false}}
2025-09-25 18:11:41,466 - game_server - INFO - log_game_event:61 - Игровое событие: обновление_позиции - {"client_id": 0, "position": {"x": 960, "y": 475}, "inputs": {"left": false, "right": false, "up": true, "down": false}}
2025-09-25 18:11:41,503 - game_server - INFO - log_game_event:61 - Игровое событие: обновление_позиции - {"client_id": 0, "position": {"x": 960, "y": 470}, "inputs": {"left": false, "right": false, "up": true, "down": false}}
2025-09-25 18:11:41,540 - game_server - INFO - log_game_event:61 - Игровое событие: обновление_позиции - {"client_id": 0, "position": {"x": 960, "y": 465}, "inputs": {"left": false, "right": false, "up": true, "down": false}}
2025-09-25 18:11:41,574 - game_server - INFO - log_game_event:61 - Игровое событие: обновление_позиции - {"client_id": 0, "position": {"x": 960, "y": 460}, "inputs": {"left": false, "right": false, "up": true, "down": false}}
2025-09-25 18:11:41,609 - game_server - INFO - log_game_event:61 - Игровое событие: обновление_позиции - {"client_id": 0, "position": {"x": 960, "y": 455}, "inputs": {"left": false, "right": false, "up": true, "down": false}}
2025-09-25 18:11:41,640 - game_server - INFO - log_game_event:61 - Игровое событие: обновление_позиции - {"client_id": 0, "position": {"x": 960, "y": 450}, "inputs": {"left": false, "right": false, "up": true, "down": false}}
2025-09-25 18:11:41,676 - game_server - INFO - log_game_event:61 - Игровое событие: обновление_позиции - {"client_id": 0, "position": {"x": 960, "y": 445}, "inputs": {"left": false, "right": false, "up": true, "down": false}}
2025-09-25 18:11:41,715 - game_server - INFO - log_game_event:61 - Игровое событие: обновление_позиции - {"client_id": 0, "position": {"x": 960, "y": 440}, "inputs": {"left": false, "right": false, "up": true, "down": false}}
2025-09-25 18:11:41,750 - game_server - INFO - log_game_event:61 - Игровое событие: обновление_позиции - {"client_id": 0, "position": {"x": 960, "y": 435}, "inputs": {"left": false, "right": false, "up": true, "down": false}}
2025-09-25 18:11:41,788 - game_server - INFO - log_game_event:61 - Игровое событие: обновление_позиции - {"client_id": 0, "position": {"x": 960, "y": 430}, "inputs": {"left": false, "right": false, "up": true, "down": false}}
2025-09-25 18:11:41,824 - game_server - INFO - log_game_event:61 - Игровое событие: обновление_позиции - {"client_id": 0, "position": {"x": 960, "y": 425}, "inputs": {"left": false, "right": false, "up": true, "down": false}}
2025-09-25 18:11:41,863 - game_server - INFO - log_game_event:61 - Игровое событие: обновление_позиции - {"client_id": 0, "position": {"x": 960, "y": 420}, "inputs": {"left": false, "right": false, "up": true, "down": false}}
2025-09-25 18:11:41,898 - game_server - INFO - log_game_event:61 - Игровое событие: обновление_позиции - {"client_id": 0, "position": {"x": 960, "y": 415}, "inputs": {"left": false, "right": false, "up": true, "down": false}}
2025-09-25 18:11:41,936 - game_server - INFO - log_game_event:61 - Игровое событие: обновление_позиции - {"client_id": 0, "position": {"x": 960, "y": 410}, "inputs": {"left": false, "right": false, "up": true, "down": false}}
2025-09-25 18:11:41,974 - game_server - INFO - log_game_event:61 - Игровое событие: обновление_позиции - {"client_id": 0, "position": {"x": 960, "y": 405}, "inputs": {"left": false, "right": false, "up": true, "down": false}}
2025-09-25 18:11:42,011 - game_server - INFO - log_game_event:61 - Игровое событие: обновление_позиции - {"client_id": 0, "position": {"x": 960, "y": 400}, "inputs": {"left": false, "right": false, "up": true, "down": false}}
2025-09-25 18:11:42,048 - game_server - INFO - log_game_event:61 - Игровое событие: обновление_позиции - {"client_id": 0, "position": {"x": 960, "y": 395}, "inputs": {"left": false, "right": false, "up": true, "down": false}}
2025-09-25 18:11:42,088 - game_server - INFO - log_game_event:61 - Игровое событие: обновление_позиции - {"client_id": 0, "position": {"x": 960, "y": 390}, "inputs": {"left": false, "right": false, "up": true, "down": false}}
2025-09-25 18:11:42,124 - game_server - INFO - log_game_event:61 - Игровое событие: обновление_позиции - {"client_id": 0, "position": {"x": 960, "y": 385}, "inputs": {"left": false, "right": false, "up": true, "down": false}}
2025-09-25 18:11:42,163 - game_server - INFO - log_game_event:61 - Игровое событие: обновление_позиции - {"client_id": 0, "position": {"x": 960, "y": 380}, "inputs": {"left": false, "right": false, "up": true, "down": false}}
2025-09-25 18:11:42,201 - game_server - INFO - log_game_event:61 - Игровое событие: обновление_позиции - {"client_id": 0, "position": {"x": 960, "y": 375}, "inputs": {"left": false, "right": false, "up": true, "down": false}}
2025-09-25 18:11:42,237 - game_server - INFO - log_game_event:61 - Игровое событие: обновление_позиции - {"client_id": 0, "position": {"x": 960, "y": 370}, "inputs": {"left": false, "right": false, "up": true, "down": false}}
2025-09-25 18:11:42,273 - game_server - INFO - log_game_event:61 - Игровое событие: обновление_позиции - {"client_id": 0, "position": {"x": 960, "y": 365}, "inputs": {"left": false, "right": false, "up": true, "down": false}}
2025-09-25 18:11:42,309 - game_server - INFO - log_game_event:61 - Игровое событие: обновление_позиции - {"client_id": 0, "position": {"x": 960, "y": 360}, "inputs": {"left": false, "right": false, "up": true, "down": false}}
2025-09-25 18:11:42,346 - game_server - INFO - log_game_event:61 - Игровое событие: обновление_позиции - {"client_id": 0, "position": {"x": 960, "y": 365}, "inputs": {"left": false, "right": false, "up": false, "down": true}}
2025-09-25 18:11:42,384 - game_server - INFO - log_game_event:61 - Игровое событие: обновление_позиции - {"client_id": 0, "position": {"x": 960, "y": 370}, "inputs": {"left": false, "right": false, "up": false, "down": true}}
2025-09-25 18:11:42,420 - game_server - INFO - log_game_event:61 - Игровое событие: обновление_позиции - {"client_id": 0, "position": {"x": 960, "y": 375}, "inputs": {"left": false, "right": false, "up": false, "down": true}}
2025-09-25 18:11:42,461 - game_server - INFO - log_game_event:61 - Игровое событие: обновление_позиции - {"client_id": 0, "position": {"x": 960, "y": 380}, "inputs": {"left": false, "right": false, "up": false, "down": true}}
2025-09-25 18:11:42,510 - game_server - INFO - log_game_event:61 - Игровое событие: обновление_позиции - {"client_id": 0, "position": {"x": 960, "y": 385}, "inputs": {"left": false, "right": false, "up": false, "down": true}}
2025-09-25 18:11:42,536 - game_server - INFO - log_game_event:61 - Игровое событие: обновление_позиции - {"client_id": 0, "position": {"x": 960, "y": 390}, "inputs": {"left": false, "right": false, "up": false, "down": true}}
2025-09-25 18:11:42,561 - game_server - INFO - log_game_event:61 - Игровое событие: обновление_позиции - {"client_id": 0, "position": {"x": 960, "y": 395}, "inputs": {"left": false, "right": false, "up": false, "down": true}}
2025-09-25 18:11:42,593 - game_server - INFO - log_game_event:61 - Игровое событие: обновление_позиции - {"client_id": 0, "position": {"x": 960, "y": 400}, "inputs": {"left": false, "right": false, "up": false, "down": true}}
2025-09-25 18:11:42,628 - game_server - INFO - log_game_event:61 - Игровое событие: обновление_позиции - {"client_id": 0, "position": {"x": 960, "y": 405}, "inputs": {"left": false, "right": false, "up": false, "down": true}}
2025-09-25 18:11:42,667 - game_server - INFO - log_game_event:61 - Игровое событие: обновление_позиции - {"client_id": 0, "position": {"x": 960, "y": 410}, "inputs": {"left": false, "right": false, "up": false, "down": true}}
2025-09-25 18:11:42,704 - game_server - INFO - log_game_event:61 - Игровое событие: обновление_позиции - {"client_id": 0, "position": {"x": 960, "y": 415}, "inputs": {"left": false, "right": false, "up": false, "down": true}}
2025-09-25 18:11:42,740 - game_server - INFO - log_game_event:61 - Игровое событие: обновление_позиции - {"client_id": 0, "position": {"x": 960, "y": 420}, "inputs": {"left": false, "right": false, "up": false, "down": true}}
2025-09-25 18:11:42,776 - game_server - INFO - log_game_event:61 - Игровое событие: обновление_позиции - {"client_id": 0, "position": {"x": 960, "y": 425}, "inputs": {"left": false, "right": false, "up": false, "down": true}}
2025-09-25 18:11:42,813 - game_server - INFO - log_game_event:61 - Игровое событие: обновление_позиции - {"client_id": 0, "position": {"x": 960, "y": 430}, "inputs": {"left": false, "right": false, "up": false, "down": true}}
2025-09-25 18:11:42,851 - game_server - INFO - log_game_event:61 - Игровое событие: обновление_позиции - {"client_id": 0, "position": {"x": 965, "y": 435}, "inputs": {"left": false, "right": true, "up": false, "down": true}}
2025-09-25 18:11:42,886 - game_server - INFO - log_game_event:61 - Игровое событие: обновление_позиции - {"client_id": 0, "position": {"x": 970, "y": 440}, "inputs": {"left": false, "right": true, "up": false, "down": true}}
2025-09-25 18:11:42,918 - game_server - INFO - log_game_event:61 - Игровое событие: обновление_позиции - {"client_id": 0, "position": {"x": 975, "y": 445}, "inputs": {"left": false, "right": true, "up": false, "down": true}}
2025-09-25 18:11:42,954 - game_server - INFO - log_game_event:61 - Игровое событие: обновление_позиции - {"client_id": 0, "position": {"x": 980, "y": 450}, "inputs": {"left": false, "right": true, "up": false, "down": true}}
2025-09-25 18:11:42,989 - game_server - INFO - log_game_event:61 - Игровое событие: обновление_позиции - {"client_id": 0, "position": {"x": 985, "y": 455}, "inputs": {"left": false, "right": true, "up": false, "down": true}}
2025-09-25 18:11:43,023 - game_server - INFO - log_game_event:61 - Игровое событие: обновление_позиции - {"client_id": 0, "position": {"x": 990, "y": 460}, "inputs": {"left": false, "right": true, "up": false, "down": true}}
2025-09-25 18:11:43,059 - game_server - INFO - log_game_event:61 - Игровое событие: обновление_позиции - {"client_id": 0, "position": {"x": 995, "y": 465}, "inputs": {"left": false, "right": true, "up": false, "down": true}}
2025-09-25 18:11:43,092 - game_server - INFO - log_game_event:61 - Игровое событие: обновление_позиции - {"client_id": 0, "position": {"x": 1000, "y": 470}, "inputs": {"left": false, "right": true, "up": false, "down": true}}
2025-09-25 18:11:43,125 - game_server - INFO - log_game_event:61 - Игровое событие: обновление_позиции - {"client_id": 0, "position": {"x": 1005, "y": 475}, "inputs": {"left": false, "right": true, "up": false, "down": true}}
2025-09-25 18:11:43,161 - game_server - INFO - log_game_event:61 - Игровое событие: обновление_позиции - {"client_id": 0, "position": {"x": 1010, "y": 480}, "inputs": {"left": false, "right": true, "up": false, "down": true}}
2025-09-25 18:11:43,189 - game_server - INFO - log_game_event:61 - Игровое событие: обновление_позиции - {"client_id": 0, "position": {"x": 1015, "y": 485}, "inputs": {"left": false, "right": true, "up": false, "down": true}}
2025-09-25 18:11:43,225 - game_server - INFO - log_game_event:61 - Игровое событие: обновление_позиции - {"client_id": 0, "position": {"x": 1020, "y": 490}, "inputs": {"left": false, "right": true, "up": false, "down": true}}
2025-09-25 18:11:43,262 - game_server - INFO - log_game_event:61 - Игровое событие: обновление_позиции - {"client_id": 0, "position": {"x": 1025, "y": 495}, "inputs": {"left": false, "right": true, "up": false, "down": true}}
2025-09-25 18:11:43,300 - game_server - INFO - log_game_event:61 - Игровое событие: обновление_позиции - {"client_id": 0, "position": {"x": 1030, "y": 500}, "inputs": {"left": false, "right": true, "up": false, "down": true}}
2025-09-25 18:11:43,340 - game_server - INFO - log_game_event:61 - Игровое событие: обновление_позиции - {"client_id": 0, "position": {"x": 1035, "y": 505}, "inputs": {"left": false, "right": true, "up": false, "down": true}}
2025-09-25 18:11:43,377 - game_server - INFO - log_game_event:61 - Игровое событие: обновление_позиции - {"client_id": 0, "position": {"x": 1040, "y": 510}, "inputs": {"left": false, "right": true, "up": false, "down": true}}
2025-09-25 18:11:43,415 - game_server - INFO - log_game_event:61 - Игровое событие: обновление_позиции - {"client_id": 0, "position": {"x": 1045, "y": 510}, "inputs": {"left": false, "right": true, "up": false, "down": false}}
2025-09-25 18:11:43,453 - game_server - INFO - log_game_event:61 - Игровое событие: обновление_позиции - {"client_id": 0, "position": {"x": 1050, "y": 510}, "inputs": {"left": false, "right": true, "up": false, "down": false}}
2025-09-25 18:11:43,490 - game_server - INFO - log_game_event:61 - Игровое событие: обновление_позиции - {"client_id": 0, "position": {"x": 1055, "y": 510}, "inputs": {"left": false, "right": true, "up": false, "down": false}}
2025-09-25 18:11:43,526 - game_server - INFO - log_game_event:61 - Игровое событие: обновление_позиции - {"client_id": 0, "position": {"x": 1060, "y": 510}, "inputs": {"left": false, "right": true, "up": false, "down": false}}
2025-09-25 18:11:43,565 - game_server - INFO - log_game_event:61 - Игровое событие: обновление_позиции - {"client_id": 0, "position": {"x": 1065, "y": 510}, "inputs": {"left": false, "right": true, "up": false, "down": false}}
2025-09-25 18:11:43,596 - game_server - INFO - log_game_event:61 - Игровое событие: обновление_позиции - {"client_id": 0, "position": {"x": 1070, "y": 510}, "inputs": {"left": false, "right": true, "up": false, "down": false}}
2025-09-25 18:11:43,633 - game_server - INFO - log_game_event:61 - Игровое событие: обновление_позиции - {"client_id": 0, "position": {"x": 1075, "y": 510}, "inputs": {"left": false, "right": true, "up": false, "down": false}}
2025-09-25 18:11:43,666 - game_server - INFO - log_game_event:61 - Игровое событие: обновление_позиции - {"client_id": 0, "position": {"x": 1080, "y": 510}, "inputs": {"left": false, "right": true, "up": false, "down": false}}
2025-09-25 18:11:43,704 - game_server - INFO - log_game_event:61 - Игровое событие: обновление_позиции - {"client_id": 0, "position": {"x": 1085, "y": 510}, "inputs": {"left": false, "right": true, "up": false, "down": false}}
2025-09-25 18:11:43,740 - game_server - INFO - log_game_event:61 - Игровое событие: обновление_позиции - {"client_id": 0, "position": {"x": 1090, "y": 510}, "inputs": {"left": false, "right": true, "up": false, "down": false}}
2025-09-25 18:11:43,776 - game_server - INFO - log_game_event:61 - Игровое событие: обновление_позиции - {"client_id": 0, "position": {"x": 1095, "y": 510}, "inputs": {"left": false, "right": true, "up": false, "down": false}}
2025-09-25 18:11:43,814 - game_server - INFO - log_game_event:61 - Игровое событие: обновление_позиции - {"client_id": 0, "position": {"x": 1100, "y": 510}, "inputs": {"left": false, "right": true, "up": false, "down": false}}
2025-09-25 18:11:43,852 - game_server - INFO - log_game_event:61 - Игровое событие: обновление_позиции - {"client_id": 0, "position": {"x": 1105, "y": 510}, "inputs": {"left": true, "right": true, "up": false, "down": false}}
2025-09-25 18:11:43,890 - game_server - INFO - log_game_event:61 - Игровое событие: обновление_позиции - {"client_id": 0, "position": {"x": 1110, "y": 510}, "inputs": {"left": true, "right": true, "up": false, "down": false}}
2025-09-25 18:11:43,927 - game_server - INFO - log_game_event:61 - Игровое событие: обновление_позиции - {"client_id": 0, "position": {"x": 1115, "y": 510}, "inputs": {"left": true, "right": true, "up": false, "down": false}}
2025-09-25 18:11:43,964 - game_server - INFO - log_game_event:61 - Игровое событие: обновление_позиции - {"client_id": 0, "position": {"x": 1120, "y": 510}, "inputs": {"left": true, "right": true, "up": false, "down": false}}
2025-09-25 18:11:43,997 - game_server - INFO - log_game_event:61 - Игровое событие: обновление_позиции - {"client_id": 0, "position": {"x": 1125, "y": 510}, "inputs": {"left": true, "right": true, "up": false, "down": false}}
2025-09-25 18:11:44,032 - game_server - INFO - log_game_event:61 - Игровое событие: обновление_позиции - {"client_id": 0, "position": {"x": 1130, "y": 510}, "inputs": {"left": true, "right": true, "up": false, "down": false}}
2025-09-25 18:11:44,070 - game_server - INFO - log_game_event:61 - Игровое событие: обновление_позиции - {"client_id": 0, "position": {"x": 1135, "y": 510}, "inputs": {"left": true, "right": true, "up": false, "down": false}}
2025-09-25 18:11:44,106 - game_server - INFO - log_game_event:61 - Игровое событие: обновление_позиции - {"client_id": 0, "position": {"x": 1140, "y": 510}, "inputs": {"left": true, "right": true, "up": false, "down": false}}
2025-09-25 18:11:44,143 - game_server - INFO - log_game_event:61 - Игровое событие: обновление_позиции - {"client_id": 0, "position": {"x": 1145, "y": 510}, "inputs": {"left": true, "right": true, "up": false, "down": false}}
2025-09-25 18:11:44,179 - game_server - INFO - log_game_event:61 - Игровое событие: обновление_позиции - {"client_id": 0, "position": {"x": 1140, "y": 510}, "inputs": {"left": true, "right": false, "up": false, "down": false}}
2025-09-25 18:11:44,213 - game_server - INFO - log_game_event:61 - Игровое событие: обновление_позиции - {"client_id": 0, "position": {"x": 1135, "y": 510}, "inputs": {"left": true, "right": false, "up": false, "down": false}}
2025-09-25 18:11:44,246 - game_server - INFO - log_game_event:61 - Игровое событие: обновление_позиции - {"client_id": 0, "position": {"x": 1130, "y": 510}, "inputs": {"left": true, "right": false, "up": false, "down": false}}
2025-09-25 18:11:44,281 - game_server - INFO - log_game_event:61 - Игровое событие: обновление_позиции - {"client_id": 0, "position": {"x": 1125, "y": 510}, "inputs": {"left": true, "right": false, "up": false, "down": false}}
2025-09-25 18:11:44,317 - game_server - INFO - log_game_event:61 - Игровое событие: обновление_позиции - {"client_id": 0, "position": {"x": 1120, "y": 510}, "inputs": {"left": true, "right": false, "up": false, "down": false}}
2025-09-25 18:11:44,353 - game_server - INFO - log_game_event:61 - Игровое событие: обновление_позиции - {"client_id": 0, "position": {"x": 1115, "y": 510}, "inputs": {"left": true, "right": false, "up": false, "down": false}}
2025-09-25 18:11:44,389 - game_server - INFO - log_game_event:61 - Игровое событие: обновление_позиции - {"client_id": 0, "position": {"x": 1110, "y": 510}, "inputs": {"left": true, "right": false, "up": false, "down": false}}
2025-09-25 18:11:44,425 - game_server - INFO - log_game_event:61 - Игровое событие: обновление_позиции - {"client_id": 0, "position": {"x": 1105, "y": 510}, "inputs": {"left": true, "right": false, "up": false, "down": false}}
2025-09-25 18:11:44,462 - game_server - INFO - log_game_event:61 - Игровое событие: обновление_позиции - {"client_id": 0, "position": {"x": 1100, "y": 510}, "inputs": {"left": true, "right": false, "up": false, "down": false}}
2025-09-25 18:11:44,499 - game_server - INFO - log_game_event:61 - Игровое событие: обновление_позиции - {"client_id": 0, "position": {"x": 1095, "y": 510}, "inputs": {"left": true, "right": false, "up": false, "down": false}}
2025-09-25 18:11:44,537 - game_server - INFO - log_game_event:61 - Игровое событие: обновление_позиции - {"client_id": 0, "position": {"x": 1090, "y": 510}, "inputs": {"left": true, "right": false, "up": false, "down": false}}
2025-09-25 18:11:44,572 - game_server - INFO - log_game_event:61 - Игровое событие: обновление_позиции - {"client_id": 0, "position": {"x": 1085, "y": 510}, "inputs": {"left": true, "right": false, "up": false, "down": false}}
2025-09-25 18:11:44,610 - game_server - INFO - log_game_event:61 - Игровое событие: обновление_позиции - {"client_id": 0, "position": {"x": 1090, "y": 510}, "inputs": {"left": false, "right": true, "up": false, "down": false}}
2025-09-25 18:11:44,647 - game_server - INFO - log_game_event:61 - Игровое событие: обновление_позиции - {"client_id": 0, "position": {"x": 1095, "y": 510}, "inputs": {"left": false, "right": true, "up": false, "down": false}}
2025-09-25 18:11:44,684 - game_server - INFO - log_game_event:61 - Игровое событие: обновление_позиции - {"client_id": 0, "position": {"x": 1100, "y": 510}, "inputs": {"left": false, "right": true, "up": false, "down": false}}
2025-09-25 18:11:44,721 - game_server - INFO - log_game_event:61 - Игровое событие: обновление_позиции - {"client_id": 0, "position": {"x": 1105, "y": 510}, "inputs": {"left": false, "right": true, "up": false, "down": false}}
2025-09-25 18:11:44,756 - game_server - INFO - log_game_event:61 - Игровое событие: обновление_позиции - {"client_id": 0, "position": {"x": 1110, "y": 510}, "inputs": {"left": false, "right": true, "up": false, "down": false}}
2025-09-25 18:11:44,793 - game_server - INFO - log_game_event:61 - Игровое событие: обновление_позиции - {"client_id": 0, "position": {"x": 1115, "y": 510}, "inputs": {"left": false, "right": true, "up": false, "down": false}}
2025-09-25 18:11:44,830 - game_server - INFO - log_game_event:61 - Игровое событие: обновление_позиции - {"client_id": 0, "position": {"x": 1120, "y": 510}, "inputs": {"left": false, "right": true, "up": false, "down": false}}
2025-09-25 18:11:44,869 - game_server - INFO - log_game_event:61 - Игровое событие: обновление_позиции - {"client_id": 0, "position": {"x": 1125, "y": 510}, "inputs": {"left": false, "right": true, "up": false, "down": false}}
2025-09-25 18:11:44,904 - game_server - INFO - log_game_event:61 - Игровое событие: обновление_позиции - {"client_id": 0, "position": {"x": 1130, "y": 510}, "inputs": {"left": false, "right": true, "up": false, "down": false}}
2025-09-25 18:11:44,940 - game_server - INFO - log_game_event:61 - Игровое событие: обновление_позиции - {"client_id": 0, "position": {"x": 1135, "y": 510}, "inputs": {"left": false, "right": true, "up": false, "down": false}}
2025-09-25 18:11:44,977 - game_server - INFO - log_game_event:61 - Игровое событие: обновление_позиции - {"client_id": 0, "position": {"x": 1140, "y": 510}, "inputs": {"left": false, "right": true, "up": false, "down": false}}
2025-09-25 18:11:45,015 - game_server - INFO - log_game_event:61 - Игровое событие: обновление_позиции - {"client_id": 0, "position": {"x": 1145, "y": 510}, "inputs": {"left": false, "right": true, "up": false, "down": false}}
2025-09-25 18:11:45,051 - game_server - INFO - log_game_event:61 - Игровое событие: обновление_позиции - {"client_id": 0, "position": {"x": 1150, "y": 510}, "inputs": {"left": false, "right": true, "up": false, "down": false}}
2025-09-25 18:11:45,088 - game_server - INFO - log_game_event:61 - Игровое событие: обновление_позиции - {"client_id": 0, "position": {"x": 1155, "y": 510}, "inputs": {"left": false, "right": true, "up": false, "down": false}}
2025-09-25 18:11:45,124 - game_server - INFO - log_game_event:61 - Игровое событие: обновление_позиции - {"client_id": 0, "position": {"x": 1160, "y": 510}, "inputs": {"left": false, "right": true, "up": false, "down": false}}
2025-09-25 18:11:45,163 - game_server - INFO - log_game_event:61 - Игровое событие: обновление_позиции - {"client_id": 0, "position": {"x": 1165, "y": 510}, "inputs": {"left": false, "right": true, "up": false, "down": false}}
2025-09-25 18:11:45,200 - game_server - INFO - log_game_event:61 - Игровое событие: обновление_позиции - {"client_id": 0, "position": {"x": 1170, "y": 510}, "inputs": {"left": false, "right": true, "up": false, "down": false}}
2025-09-25 18:11:45,231 - game_server - INFO - log_game_event:61 - Игровое событие: обновление_позиции - {"client_id": 0, "position": {"x": 1175, "y": 510}, "inputs": {"left": false, "right": true, "up": false, "down": false}}
2025-09-25 18:11:45,268 - game_server - INFO - log_game_event:61 - Игровое событие: обновление_позиции - {"client_id": 0, "position": {"x": 1180, "y": 510}, "inputs": {"left": false, "right": true, "up": false, "down": false}}
2025-09-25 18:11:45,305 - game_server - INFO - log_game_event:61 - Игровое событие: обновление_позиции - {"client_id": 0, "position": {"x": 1185, "y": 510}, "inputs": {"left": false, "right": true, "up": false, "down": false}}
2025-09-25 18:11:45,339 - game_server - INFO - log_game_event:61 - Игровое событие: обновление_позиции - {"client_id": 0, "position": {"x": 1190, "y": 510}, "inputs": {"left": false, "right": true, "up": false, "down": false}}
2025-09-25 18:11:45,376 - game_server - INFO - log_game_event:61 - Игровое событие: обновление_позиции - {"client_id": 0, "position": {"x": 1195, "y": 510}, "inputs": {"left": false, "right": true, "up": false, "down": false}}
2025-09-25 18:11:45,412 - game_server - INFO - log_game_event:61 - Игровое событие: обновление_позиции - {"client_id": 0, "position": {"x": 1200, "y": 510}, "inputs": {"left": false, "right": true, "up": false, "down": false}}
2025-09-25 18:11:45,449 - game_server - INFO - log_game_event:61 - Игровое событие: обновление_позиции - {"client_id": 0, "position": {"x": 1205, "y": 510}, "inputs": {"left": false, "right": true, "up": false, "down": false}}
2025-09-25 18:11:45,486 - game_server - INFO - log_game_event:61 - Игровое событие: обновление_позиции - {"client_id": 0, "position": {"x": 1210, "y": 510}, "inputs": {"left": false, "right": true, "up": false, "down": false}}
2025-09-25 18:11:45,522 - game_server - INFO - log_game_event:61 - Игровое событие: обновление_позиции - {"client_id": 0, "position": {"x": 1215, "y": 510}, "inputs": {"left": false, "right": true, "up": false, "down": false}}
2025-09-25 18:11:45,560 - game_server - INFO - log_game_event:61 - Игровое событие: обновление_позиции - {"client_id": 0, "position": {"x": 1220, "y": 510}, "inputs": {"left": false, "right": true, "up": false, "down": false}}
2025-09-25 18:11:45,597 - game_server - INFO - log_game_event:61 - Игровое событие: обновление_позиции - {"client_id": 0, "position": {"x": 1225, "y": 510}, "inputs": {"left": false, "right": true, "up": false, "down": false}}
2025-09-25 18:11:45,635 - game_server - INFO - log_game_event:61 - Игровое событие: обновление_позиции - {"client_id": 0, "position": {"x": 1230, "y": 510}, "inputs": {"left": false, "right": true, "up": false, "down": false}}
2025-09-25 18:11:45,673 - game_server - INFO - log_game_event:61 - Игровое событие: обновление_позиции - {"client_id": 0, "position": {"x": 1235, "y": 505}, "inputs": {"left": false, "right": true, "up": true, "down": false}}
2025-09-25 18:11:45,709 - game_server - INFO - log_game_event:61 - Игровое событие: обновление_позиции - {"client_id": 0, "position": {"x": 1240, "y": 500}, "inputs": {"left": false, "right": true, "up": true, "down": false}}
2025-09-25 18:11:45,747 - game_server - INFO - log_game_event:61 - Игровое событие: обновление_позиции - {"client_id": 0, "position": {"x": 1245, "y": 495}, "inputs": {"left": false, "right": true, "up": true, "down": false}}
2025-09-25 18:11:45,784 - game_server - INFO - log_game_event:61 - Игровое событие: обновление_позиции - {"client_id": 0, "position": {"x": 1250, "y": 490}, "inputs": {"left": false, "right": true, "up": true, "down": false}}
2025-09-25 18:11:45,821 - game_server - INFO - log_game_event:61 - Игровое событие: обновление_позиции - {"client_id": 0, "position": {"x": 1255, "y": 485}, "inputs": {"left": false, "right": true, "up": true, "down": false}}
2025-09-25 18:11:45,856 - game_server - INFO - log_game_event:61 - Игровое событие: обновление_позиции - {"client_id": 0, "position": {"x": 1255, "y": 480}, "inputs": {"left": false, "right": false, "up": true, "down": false}}
2025-09-25 18:11:45,895 - game_server - INFO - log_game_event:61 - Игровое событие: обновление_позиции - {"client_id": 0, "position": {"x": 1255, "y": 475}, "inputs": {"left": false, "right": false, "up": true, "down": false}}
2025-09-25 18:11:45,933 - game_server - INFO - log_game_event:61 - Игровое событие: обновление_позиции - {"client_id": 0, "position": {"x": 1255, "y": 470}, "inputs": {"left": false, "right": false, "up": true, "down": false}}
2025-09-25 18:11:45,969 - game_server - INFO - log_game_event:61 - Игровое событие: обновление_позиции - {"client_id": 0, "position": {"x": 1255, "y": 465}, "inputs": {"left": false, "right": false, "up": true, "down": false}}
2025-09-25 18:11:46,006 - game_server - INFO - log_game_event:61 - Игровое событие: обновление_позиции - {"client_id": 0, "position": {"x": 1250, "y": 460}, "inputs": {"left": true, "right": false, "up": true, "down": false}}
2025-09-25 18:11:46,041 - game_server - INFO - log_game_event:61 - Игровое событие: обновление_позиции - {"client_id": 0, "position": {"x": 1245, "y": 455}, "inputs": {"left": true, "right": false, "up": true, "down": false}}
2025-09-25 18:11:46,076 - game_server - INFO - log_game_event:61 - Игровое событие: обновление_позиции - {"client_id": 0, "position": {"x": 1240, "y": 450}, "inputs": {"left": true, "right": false, "up": true, "down": false}}
2025-09-25 18:11:46,110 - game_server - INFO - log_game_event:61 - Игровое событие: обновление_позиции - {"client_id": 0, "position": {"x": 1235, "y": 445}, "inputs": {"left": true, "right": false, "up": true, "down": false}}
2025-09-25 18:11:46,145 - game_server - INFO - log_game_event:61 - Игровое событие: обновление_позиции - {"client_id": 0, "position": {"x": 1230, "y": 445}, "inputs": {"left": true, "right": false, "up": false, "down": false}}
2025-09-25 18:11:46,182 - game_server - INFO - log_game_event:61 - Игровое событие: обновление_позиции - {"client_id": 0, "position": {"x": 1225, "y": 445}, "inputs": {"left": true, "right": false, "up": false, "down": false}}
2025-09-25 18:11:46,220 - game_server - INFO - log_game_event:61 - Игровое событие: обновление_позиции - {"client_id": 0, "position": {"x": 1220, "y": 445}, "inputs": {"left": true, "right": false, "up": false, "down": false}}
2025-09-25 18:11:46,254 - game_server - INFO - log_game_event:61 - Игровое событие: обновление_позиции - {"client_id": 0, "position": {"x": 1215, "y": 445}, "inputs": {"left": true, "right": false, "up": false, "down": false}}
2025-09-25 18:11:46,286 - game_server - INFO - log_game_event:61 - Игровое событие: обновление_позиции - {"client_id": 0, "position": {"x": 1210, "y": 445}, "inputs": {"left": true, "right": false, "up": false, "down": false}}
2025-09-25 18:11:46,322 - game_server - INFO - log_game_event:61 - Игровое событие: обновление_позиции - {"client_id": 0, "position": {"x": 1205, "y": 445}, "inputs": {"left": true, "right": false, "up": false, "down": false}}
2025-09-25 18:11:46,358 - game_server - INFO - log_game_event:61 - Игровое событие: обновление_позиции - {"client_id": 0, "position": {"x": 1200, "y": 445}, "inputs": {"left": true, "right": false, "up": false, "down": false}}
2025-09-25 18:11:46,394 - game_server - INFO - log_game_event:61 - Игровое событие: обновление_позиции - {"client_id": 0, "position": {"x": 1195, "y": 445}, "inputs": {"left": true, "right": false, "up": false, "down": false}}
2025-09-25 18:11:46,430 - game_server - INFO - log_game_event:61 - Игровое событие: обновление_позиции - {"client_id": 0, "position": {"x": 1190, "y": 445}, "inputs": {"left": true, "right": false, "up": false, "down": false}}
2025-09-25 18:11:46,464 - game_server - INFO - log_game_event:61 - Игровое событие: обновление_позиции - {"client_id": 0, "position": {"x": 1185, "y": 445}, "inputs": {"left": true, "right": false, "up": false, "down": false}}
2025-09-25 18:11:46,500 - game_server - INFO - log_game_event:61 - Игровое событие: обновление_позиции - {"client_id": 0, "position": {"x": 1180, "y": 445}, "inputs": {"left": true, "right": false, "up": false, "down": false}}
2025-09-25 18:11:46,538 - game_server - INFO - log_game_event:61 - Игровое событие: обновление_позиции - {"client_id": 0, "position": {"x": 1175, "y": 445}, "inputs": {"left": true, "right": false, "up": false, "down": false}}
2025-09-25 18:11:46,573 - game_server - INFO - log_game_event:61 - Игровое событие: обновление_позиции - {"client_id": 0, "position": {"x": 1170, "y": 445}, "inputs": {"left": true, "right": false, "up": false, "down": false}}
2025-09-25 18:11:46,610 - game_server - INFO - log_game_event:61 - Игровое событие: обновление_позиции - {"client_id": 0, "position": {"x": 1165, "y": 445}, "inputs": {"left": true, "right": false, "up": false, "down": false}}
2025-09-25 18:11:46,648 - game_server - INFO - log_game_event:61 - Игровое событие: обновление_позиции - {"client_id": 0, "position": {"x": 1160, "y": 445}, "inputs": {"left": true, "right": false, "up": false, "down": false}}
2025-09-25 18:11:46,686 - game_server - INFO - log_game_event:61 - Игровое событие: обновление_позиции - {"client_id": 0, "position": {"x": 1155, "y": 445}, "inputs": {"left": true, "right": false, "up": false, "down": false}}
2025-09-25 18:11:46,723 - game_server - INFO - log_game_event:61 - Игровое событие: обновление_позиции - {"client_id": 0, "position": {"x": 1150, "y": 445}, "inputs": {"left": true, "right": false, "up": false, "down": false}}
2025-09-25 18:11:46,760 - game_server - INFO - log_game_event:61 - Игровое событие: обновление_позиции - {"client_id": 0, "position": {"x": 1145, "y": 445}, "inputs": {"left": true, "right": false, "up": false, "down": false}}
2025-09-25 18:11:46,798 - game_server - INFO - log_game_event:61 - Игровое событие: обновление_позиции - {"client_id": 0, "position": {"x": 1140, "y": 445}, "inputs": {"left": true, "right": false, "up": false, "down": false}}
2025-09-25 18:11:46,835 - game_server - INFO - log_game_event:61 - Игровое событие: обновление_позиции - {"client_id": 0, "position": {"x": 1135, "y": 445}, "inputs": {"left": true, "right": false, "up": false, "down": false}}
2025-09-25 18:11:46,869 - game_server - INFO - log_game_event:61 - Игровое событие: обновление_позиции - {"client_id": 0, "position": {"x": 1130, "y": 445}, "inputs": {"left": true, "right": false, "up": false, "down": false}}
2025-09-25 18:11:46,903 - game_server - INFO - log_game_event:61 - Игровое событие: обновление_позиции - {"client_id": 0, "position": {"x": 1125, "y": 445}, "inputs": {"left": true, "right": false, "up": false, "down": false}}
2025-09-25 18:11:46,940 - game_server - INFO - log_game_event:61 - Игровое событие: обновление_позиции - {"client_id": 0, "position": {"x": 1120, "y": 445}, "inputs": {"left": true, "right": false, "up": false, "down": false}}
2025-09-25 18:11:46,975 - game_server - INFO - log_game_event:61 - Игровое событие: обновление_позиции - {"client_id": 0, "position": {"x": 1115, "y": 445}, "inputs": {"left": true, "right": false, "up": false, "down": false}}
2025-09-25 18:11:47,014 - game_server - INFO - log_game_event:61 - Игровое событие: обновление_позиции - {"client_id": 0, "position": {"x": 1110, "y": 445}, "inputs": {"left": true, "right": false, "up": false, "down": false}}
2025-09-25 18:11:47,050 - game_server - INFO - log_game_event:61 - Игровое событие: обновление_позиции - {"client_id": 0, "position": {"x": 1105, "y": 445}, "inputs": {"left": true, "right": false, "up": false, "down": false}}
2025-09-25 18:11:47,087 - game_server - INFO - log_game_event:61 - Игровое событие: обновление_позиции - {"client_id": 0, "position": {"x": 1100, "y": 445}, "inputs": {"left": true, "right": false, "up": false, "down": false}}
2025-09-25 18:11:47,124 - game_server - INFO - log_game_event:61 - Игровое событие: обновление_позиции - {"client_id": 0, "position": {"x": 1095, "y": 445}, "inputs": {"left": true, "right": false, "up": false, "down": false}}
2025-09-25 18:11:47,160 - game_server - INFO - log_game_event:61 - Игровое событие: обновление_позиции - {"client_id": 0, "position": {"x": 1090, "y": 445}, "inputs": {"left": true, "right": false, "up": false, "down": false}}
2025-09-25 18:11:47,197 - game_server - INFO - log_game_event:61 - Игровое событие: обновление_позиции - {"client_id": 0, "position": {"x": 1085, "y": 445}, "inputs": {"left": true, "right": false, "up": false, "down": false}}
2025-09-25 18:11:47,236 - game_server - INFO - log_game_event:61 - Игровое событие: обновление_позиции - {"client_id": 0, "position": {"x": 1080, "y": 445}, "inputs": {"left": true, "right": false, "up": false, "down": false}}
2025-09-25 18:11:47,273 - game_server - INFO - log_game_event:61 - Игровое событие: обновление_позиции - {"client_id": 0, "position": {"x": 1075, "y": 445}, "inputs": {"left": true, "right": false, "up": false, "down": false}}
2025-09-25 18:11:47,308 - game_server - INFO - log_game_event:61 - Игровое событие: обновление_позиции - {"client_id": 0, "position": {"x": 1070, "y": 445}, "inputs": {"left": true, "right": false, "up": false, "down": false}}
2025-09-25 18:11:47,345 - game_server - INFO - log_game_event:61 - Игровое событие: обновление_позиции - {"client_id": 0, "position": {"x": 1065, "y": 445}, "inputs": {"left": true, "right": false, "up": false, "down": false}}
2025-09-25 18:11:47,383 - game_server - INFO - log_game_event:61 - Игровое событие: обновление_позиции - {"client_id": 0, "position": {"x": 1060, "y": 445}, "inputs": {"left": true, "right": false, "up": false, "down": false}}
2025-09-25 18:11:47,420 - game_server - INFO - log_game_event:61 - Игровое событие: обновление_позиции - {"client_id": 0, "position": {"x": 1055, "y": 445}, "inputs": {"left": true, "right": false, "up": false, "down": false}}
2025-09-25 18:11:47,456 - game_server - INFO - log_game_event:61 - Игровое событие: обновление_позиции - {"client_id": 0, "position": {"x": 1050, "y": 445}, "inputs": {"left": true, "right": false, "up": false, "down": false}}
2025-09-25 18:11:47,494 - game_server - INFO - log_game_event:61 - Игровое событие: обновление_позиции - {"client_id": 0, "position": {"x": 1045, "y": 445}, "inputs": {"left": true, "right": false, "up": false, "down": false}}
2025-09-25 18:11:47,531 - game_server - INFO - log_game_event:61 - Игровое событие: обновление_позиции - {"client_id": 0, "position": {"x": 1040, "y": 445}, "inputs": {"left": true, "right": false, "up": false, "down": false}}
2025-09-25 18:11:47,569 - game_server - INFO - log_game_event:61 - Игровое событие: обновление_позиции - {"client_id": 0, "position": {"x": 1035, "y": 445}, "inputs": {"left": true, "right": false, "up": false, "down": false}}
2025-09-25 18:11:47,605 - game_server - INFO - log_game_event:61 - Игровое событие: обновление_позиции - {"client_id": 0, "position": {"x": 1030, "y": 445}, "inputs": {"left": true, "right": false, "up": false, "down": false}}
2025-09-25 18:11:47,642 - game_server - INFO - log_game_event:61 - Игровое событие: обновление_позиции - {"client_id": 0, "position": {"x": 1025, "y": 445}, "inputs": {"left": true, "right": false, "up": false, "down": false}}
2025-09-25 18:11:47,678 - game_server - INFO - log_game_event:61 - Игровое событие: обновление_позиции - {"client_id": 0, "position": {"x": 1020, "y": 445}, "inputs": {"left": true, "right": false, "up": false, "down": false}}
2025-09-25 18:11:47,717 - game_server - INFO - log_game_event:61 - Игровое событие: обновление_позиции - {"client_id": 0, "position": {"x": 1015, "y": 445}, "inputs": {"left": true, "right": false, "up": false, "down": false}}
2025-09-25 18:11:47,754 - game_server - INFO - log_game_event:61 - Игровое событие: обновление_позиции - {"client_id": 0, "position": {"x": 1010, "y": 445}, "inputs": {"left": true, "right": false, "up": false, "down": false}}
2025-09-25 18:11:47,788 - game_server - INFO - log_game_event:61 - Игровое событие: обновление_позиции - {"client_id": 0, "position": {"x": 1005, "y": 445}, "inputs": {"left": true, "right": false, "up": false, "down": false}}
2025-09-25 18:11:47,821 - game_server - INFO - log_game_event:61 - Игровое событие: обновление_позиции - {"client_id": 0, "position": {"x": 1000, "y": 445}, "inputs": {"left": true, "right": false, "up": false, "down": false}}
2025-09-25 18:11:47,857 - game_server - INFO - log_game_event:61 - Игровое событие: обновление_позиции - {"client_id": 0, "position": {"x": 995, "y": 445}, "inputs": {"left": true, "right": false, "up": false, "down": false}}
2025-09-25 18:11:47,895 - game_server - INFO - log_game_event:61 - Игровое событие: обновление_позиции - {"client_id": 0, "position": {"x": 990, "y": 445}, "inputs": {"left": true, "right": false, "up": false, "down": false}}
2025-09-25 18:11:47,931 - game_server - INFO - log_game_event:61 - Игровое событие: обновление_позиции - {"client_id": 0, "position": {"x": 985, "y": 445}, "inputs": {"left": true, "right": false, "up": false, "down": false}}
2025-09-25 18:11:47,969 - game_server - INFO - log_game_event:61 - Игровое событие: обновление_позиции - {"client_id": 0, "position": {"x": 980, "y": 445}, "inputs": {"left": true, "right": false, "up": false, "down": false}}
2025-09-25 18:11:48,008 - game_server - INFO - log_game_event:61 - Игровое событие: обновление_позиции - {"client_id": 0, "position": {"x": 975, "y": 450}, "inputs": {"left": true, "right": false, "up": false, "down": true}}
2025-09-25 18:11:48,045 - game_server - INFO - log_game_event:61 - Игровое событие: обновление_позиции - {"client_id": 0, "position": {"x": 970, "y": 455}, "inputs": {"left": true, "right": false, "up": false, "down": true}}
2025-09-25 18:11:48,082 - game_server - INFO - log_game_event:61 - Игровое событие: обновление_позиции - {"client_id": 0, "position": {"x": 965, "y": 460}, "inputs": {"left": true, "right": false, "up": false, "down": true}}
2025-09-25 18:11:48,118 - game_server - INFO - log_game_event:61 - Игровое событие: обновление_позиции - {"client_id": 0, "position": {"x": 960, "y": 465}, "inputs": {"left": true, "right": false, "up": false, "down": true}}
2025-09-25 18:11:48,155 - game_server - INFO - log_game_event:61 - Игровое событие: обновление_позиции - {"client_id": 0, "position": {"x": 955, "y": 470}, "inputs": {"left": true, "right": false, "up": false, "down": true}}
2025-09-25 18:11:48,191 - game_server - INFO - log_game_event:61 - Игровое событие: обновление_позиции - {"client_id": 0, "position": {"x": 950, "y": 475}, "inputs": {"left": true, "right": false, "up": false, "down": true}}
2025-09-25 18:11:48,229 - game_server - INFO - log_game_event:61 - Игровое событие: обновление_позиции - {"client_id": 0, "position": {"x": 945, "y": 480}, "inputs": {"left": true, "right": false, "up": false, "down": true}}
2025-09-25 18:11:48,266 - game_server - INFO - log_game_event:61 - Игровое событие: обновление_позиции - {"client_id": 0, "position": {"x": 940, "y": 485}, "inputs": {"left": true, "right": false, "up": false, "down": true}}
2025-09-25 18:11:48,303 - game_server - INFO - log_game_event:61 - Игровое событие: обновление_позиции - {"client_id": 0, "position": {"x": 935, "y": 490}, "inputs": {"left": true, "right": false, "up": false, "down": true}}
2025-09-25 18:11:48,335 - game_server - INFO - log_game_event:61 - Игровое событие: обновление_позиции - {"client_id": 0, "position": {"x": 930, "y": 495}, "inputs": {"left": true, "right": false, "up": false, "down": true}}
2025-09-25 18:11:48,367 - game_server - INFO - log_game_event:61 - Игровое событие: обновление_позиции - {"client_id": 0, "position": {"x": 925, "y": 500}, "inputs": {"left": true, "right": false, "up": false, "down": true}}
2025-09-25 18:11:48,399 - game_server - INFO - log_game_event:61 - Игровое событие: обновление_позиции - {"client_id": 0, "position": {"x": 920, "y": 505}, "inputs": {"left": true, "right": false, "up": false, "down": true}}
2025-09-25 18:11:48,436 - game_server - INFO - log_game_event:61 - Игровое событие: обновление_позиции - {"client_id": 0, "position": {"x": 915, "y": 510}, "inputs": {"left": true, "right": false, "up": false, "down": true}}
2025-09-25 18:11:48,473 - game_server - INFO - log_game_event:61 - Игровое событие: обновление_позиции - {"client_id": 0, "position": {"x": 910, "y": 515}, "inputs": {"left": true, "right": false, "up": false, "down": true}}
2025-09-25 18:11:48,510 - game_server - INFO - log_game_event:61 - Игровое событие: обновление_позиции - {"client_id": 0, "position": {"x": 905, "y": 520}, "inputs": {"left": true, "right": false, "up": false, "down": true}}
2025-09-25 18:11:48,546 - game_server - INFO - log_game_event:61 - Игровое событие: обновление_позиции - {"client_id": 0, "position": {"x": 900, "y": 525}, "inputs": {"left": true, "right": false, "up": false, "down": true}}
2025-09-25 18:11:48,584 - game_server - INFO - log_game_event:61 - Игровое событие: обновление_позиции - {"client_id": 0, "position": {"x": 900, "y": 530}, "inputs": {"left": false, "right": false, "up": false, "down": true}}
2025-09-25 18:11:48,620 - game_server - INFO - log_game_event:61 - Игровое событие: обновление_позиции - {"client_id": 0, "position": {"x": 900, "y": 535}, "inputs": {"left": false, "right": false, "up": false, "down": true}}
2025-09-25 18:11:48,655 - game_server - INFO - log_game_event:61 - Игровое событие: обновление_позиции - {"client_id": 0, "position": {"x": 900, "y": 540}, "inputs": {"left": false, "right": false, "up": false, "down": true}}
2025-09-25 18:11:48,691 - game_server - INFO - log_game_event:61 - Игровое событие: обновление_позиции - {"client_id": 0, "position": {"x": 900, "y": 545}, "inputs": {"left": false, "right": false, "up": false, "down": true}}
2025-09-25 18:11:48,729 - game_server - INFO - log_game_event:61 - Игровое событие: обновление_позиции - {"client_id": 0, "position": {"x": 900, "y": 550}, "inputs": {"left": false, "right": false, "up": false, "down": true}}
2025-09-25 18:11:48,767 - game_server - INFO - log_game_event:61 - Игровое событие: обновление_позиции - {"client_id": 0, "position": {"x": 900, "y": 555}, "inputs": {"left": false, "right": false, "up": false, "down": true}}
2025-09-25 18:11:48,804 - game_server - INFO - log_game_event:61 - Игровое событие: обновление_позиции - {"client_id": 0, "position": {"x": 900, "y": 560}, "inputs": {"left": false, "right": false, "up": false, "down": true}}
2025-09-25 18:11:48,840 - game_server - INFO - log_game_event:61 - Игровое событие: обновление_позиции - {"client_id": 0, "position": {"x": 900, "y": 565}, "inputs": {"left": false, "right": false, "up": false, "down": true}}
2025-09-25 18:11:48,875 - game_server - INFO - log_game_event:61 - Игровое событие: обновление_позиции - {"client_id": 0, "position": {"x": 900, "y": 570}, "inputs": {"left": false, "right": false, "up": false, "down": true}}
2025-09-25 18:11:48,913 - game_server - INFO - log_game_event:61 - Игровое событие: обновление_позиции - {"client_id": 0, "position": {"x": 900, "y": 575}, "inputs": {"left": false, "right": false, "up": false, "down": true}}
2025-09-25 18:11:48,950 - game_server - INFO - log_game_event:61 - Игровое событие: обновление_позиции - {"client_id": 0, "position": {"x": 900, "y": 580}, "inputs": {"left": false, "right": false, "up": false, "down": true}}
2025-09-25 18:11:48,987 - game_server - INFO - log_game_event:61 - Игровое событие: обновление_позиции - {"client_id": 0, "position": {"x": 900, "y": 585}, "inputs": {"left": false, "right": false, "up": false, "down": true}}
2025-09-25 18:11:49,021 - game_server - INFO - log_game_event:61 - Игровое событие: обновление_позиции - {"client_id": 0, "position": {"x": 900, "y": 590}, "inputs": {"left": false, "right": false, "up": false, "down": true}}
2025-09-25 18:11:49,056 - game_server - INFO - log_game_event:61 - Игровое событие: обновление_позиции - {"client_id": 0, "position": {"x": 900, "y": 595}, "inputs": {"left": false, "right": false, "up": false, "down": true}}
2025-09-25 18:11:49,095 - game_server - INFO - log_game_event:61 - Игровое событие: обновление_позиции - {"client_id": 0, "position": {"x": 900, "y": 600}, "inputs": {"left": false, "right": false, "up": false, "down": true}}
2025-09-25 18:11:49,132 - game_server - INFO - log_game_event:61 - Игровое событие: обновление_позиции - {"client_id": 0, "position": {"x": 900, "y": 605}, "inputs": {"left": false, "right": false, "up": false, "down": true}}
2025-09-25 18:11:49,179 - game_server - INFO - log_game_event:61 - Игровое событие: обновление_позиции - {"client_id": 0, "position": {"x": 900, "y": 610}, "inputs": {"left": false, "right": false, "up": false, "down": true}}
2025-09-25 18:11:49,220 - game_server - INFO - log_game_event:61 - Игровое событие: обновление_позиции - {"client_id": 0, "position": {"x": 900, "y": 615}, "inputs": {"left": false, "right": false, "up": false, "down": true}}
2025-09-25 18:11:49,243 - game_server - INFO - log_game_event:61 - Игровое событие: обновление_позиции - {"client_id": 0, "position": {"x": 900, "y": 620}, "inputs": {"left": false, "right": false, "up": false, "down": true}}
2025-09-25 18:11:49,275 - game_server - INFO - log_game_event:61 - Игровое событие: обновление_позиции - {"client_id": 0, "position": {"x": 900, "y": 625}, "inputs": {"left": false, "right": false, "up": false, "down": true}}
2025-09-25 18:11:49,311 - game_server - INFO - log_game_event:61 - Игровое событие: обновление_позиции - {"client_id": 0, "position": {"x": 900, "y": 630}, "inputs": {"left": false, "right": false, "up": false, "down": true}}
2025-09-25 18:11:49,350 - game_server - INFO - log_game_event:61 - Игровое событие: обновление_позиции - {"client_id": 0, "position": {"x": 900, "y": 635}, "inputs": {"left": false, "right": false, "up": false, "down": true}}
2025-09-25 18:11:49,388 - game_server - INFO - log_game_event:61 - Игровое событие: обновление_позиции - {"client_id": 0, "position": {"x": 900, "y": 640}, "inputs": {"left": false, "right": false, "up": false, "down": true}}
2025-09-25 18:11:49,425 - game_server - INFO - log_game_event:61 - Игровое событие: обновление_позиции - {"client_id": 0, "position": {"x": 900, "y": 645}, "inputs": {"left": false, "right": false, "up": false, "down": true}}
2025-09-25 18:11:49,462 - game_server - INFO - log_game_event:61 - Игровое событие: обновление_позиции - {"client_id": 0, "position": {"x": 900, "y": 650}, "inputs": {"left": false, "right": false, "up": false, "down": true}}
2025-09-25 18:11:49,499 - game_server - INFO - log_game_event:61 - Игровое событие: обновление_позиции - {"client_id": 0, "position": {"x": 900, "y": 655}, "inputs": {"left": false, "right": false, "up": false, "down": true}}
2025-09-25 18:11:49,538 - game_server - INFO - log_game_event:61 - Игровое событие: обновление_позиции - {"client_id": 0, "position": {"x": 900, "y": 660}, "inputs": {"left": false, "right": false, "up": false, "down": true}}
2025-09-25 18:11:49,574 - game_server - INFO - log_game_event:61 - Игровое событие: обновление_позиции - {"client_id": 0, "position": {"x": 900, "y": 665}, "inputs": {"left": false, "right": false, "up": false, "down": true}}
2025-09-25 18:11:49,617 - game_server - INFO - log_game_event:61 - Игровое событие: обновление_позиции - {"client_id": 0, "position": {"x": 900, "y": 670}, "inputs": {"left": false, "right": false, "up": false, "down": true}}
2025-09-25 18:11:49,651 - game_server - INFO - log_game_event:61 - Игровое событие: обновление_позиции - {"client_id": 0, "position": {"x": 900, "y": 675}, "inputs": {"left": false, "right": false, "up": false, "down": true}}
2025-09-25 18:11:49,685 - game_server - INFO - log_game_event:61 - Игровое событие: обновление_позиции - {"client_id": 0, "position": {"x": 905, "y": 680}, "inputs": {"left": false, "right": true, "up": false, "down": true}}
2025-09-25 18:11:49,719 - game_server - INFO - log_game_event:61 - Игровое событие: обновление_позиции - {"client_id": 0, "position": {"x": 910, "y": 685}, "inputs": {"left": false, "right": true, "up": false, "down": true}}
2025-09-25 18:11:49,752 - game_server - INFO - log_game_event:61 - Игровое событие: обновление_позиции - {"client_id": 0, "position": {"x": 915, "y": 690}, "inputs": {"left": false, "right": true, "up": false, "down": true}}
2025-09-25 18:11:49,785 - game_server - INFO - log_game_event:61 - Игровое событие: обновление_позиции - {"client_id": 0, "position": {"x": 920, "y": 695}, "inputs": {"left": false, "right": true, "up": false, "down": true}}
2025-09-25 18:11:49,818 - game_server - INFO - log_game_event:61 - Игровое событие: обновление_позиции - {"client_id": 0, "position": {"x": 925, "y": 700}, "inputs": {"left": false, "right": true, "up": false, "down": true}}
2025-09-25 18:11:49,851 - game_server - INFO - log_game_event:61 - Игровое событие: обновление_позиции - {"client_id": 0, "position": {"x": 930, "y": 705}, "inputs": {"left": false, "right": true, "up": false, "down": true}}
2025-09-25 18:11:49,887 - game_server - INFO - log_game_event:61 - Игровое событие: обновление_позиции - {"client_id": 0, "position": {"x": 935, "y": 710}, "inputs": {"left": false, "right": true, "up": false, "down": true}}
2025-09-25 18:11:49,925 - game_server - INFO - log_game_event:61 - Игровое событие: обновление_позиции - {"client_id": 0, "position": {"x": 940, "y": 710}, "inputs": {"left": false, "right": true, "up": false, "down": false}}
2025-09-25 18:11:49,961 - game_server - INFO - log_game_event:61 - Игровое событие: обновление_позиции - {"client_id": 0, "position": {"x": 945, "y": 710}, "inputs": {"left": false, "right": true, "up": false, "down": false}}
2025-09-25 18:11:50,000 - game_server - INFO - log_game_event:61 - Игровое событие: обновление_позиции - {"client_id": 0, "position": {"x": 950, "y": 710}, "inputs": {"left": false, "right": true, "up": false, "down": false}}
2025-09-25 18:11:50,036 - game_server - INFO - log_game_event:61 - Игровое событие: обновление_позиции - {"client_id": 0, "position": {"x": 955, "y": 710}, "inputs": {"left": false, "right": true, "up": false, "down": false}}
2025-09-25 18:11:50,071 - game_server - INFO - log_game_event:61 - Игровое событие: обновление_позиции - {"client_id": 0, "position": {"x": 960, "y": 710}, "inputs": {"left": false, "right": true, "up": false, "down": false}}
2025-09-25 18:11:50,107 - game_server - INFO - log_game_event:61 - Игровое событие: обновление_позиции - {"client_id": 0, "position": {"x": 965, "y": 710}, "inputs": {"left": false, "right": true, "up": false, "down": false}}
2025-09-25 18:11:50,144 - game_server - INFO - log_game_event:61 - Игровое событие: обновление_позиции - {"client_id": 0, "position": {"x": 970, "y": 710}, "inputs": {"left": false, "right": true, "up": false, "down": false}}
2025-09-25 18:11:50,181 - game_server - INFO - log_game_event:61 - Игровое событие: обновление_позиции - {"client_id": 0, "position": {"x": 975, "y": 710}, "inputs": {"left": false, "right": true, "up": false, "down": false}}
2025-09-25 18:11:50,220 - game_server - INFO - log_game_event:61 - Игровое событие: обновление_позиции - {"client_id": 0, "position": {"x": 980, "y": 710}, "inputs": {"left": false, "right": true, "up": false, "down": false}}
2025-09-25 18:11:50,257 - game_server - INFO - log_game_event:61 - Игровое событие: обновление_позиции - {"client_id": 0, "position": {"x": 985, "y": 705}, "inputs": {"left": false, "right": true, "up": true, "down": false}}
2025-09-25 18:11:50,295 - game_server - INFO - log_game_event:61 - Игровое событие: обновление_позиции - {"client_id": 0, "position": {"x": 990, "y": 700}, "inputs": {"left": false, "right": true, "up": true, "down": false}}
2025-09-25 18:11:50,333 - game_server - INFO - log_game_event:61 - Игровое событие: обновление_позиции - {"client_id": 0, "position": {"x": 995, "y": 695}, "inputs": {"left": false, "right": true, "up": true, "down": false}}
2025-09-25 18:11:50,371 - game_server - INFO - log_game_event:61 - Игровое событие: обновление_позиции - {"client_id": 0, "position": {"x": 1000, "y": 690}, "inputs": {"left": false, "right": true, "up": true, "down": false}}
2025-09-25 18:11:50,408 - game_server - INFO - log_game_event:61 - Игровое событие: обновление_позиции - {"client_id": 0, "position": {"x": 1005, "y": 685}, "inputs": {"left": false, "right": true, "up": true, "down": false}}
2025-09-25 18:11:50,445 - game_server - INFO - log_game_event:61 - Игровое событие: обновление_позиции - {"client_id": 0, "position": {"x": 1010, "y": 680}, "inputs": {"left": false, "right": true, "up": true, "down": false}}
2025-09-25 18:11:50,482 - game_server - INFO - log_game_event:61 - Игровое событие: обновление_позиции - {"client_id": 0, "position": {"x": 1015, "y": 675}, "inputs": {"left": false, "right": true, "up": true, "down": false}}
2025-09-25 18:11:50,520 - game_server - INFO - log_game_event:61 - Игровое событие: обновление_позиции - {"client_id": 0, "position": {"x": 1015, "y": 670}, "inputs": {"left": false, "right": false, "up": true, "down": false}}
2025-09-25 18:11:50,556 - game_server - INFO - log_game_event:61 - Игровое событие: обновление_позиции - {"client_id": 0, "position": {"x": 1015, "y": 665}, "inputs": {"left": false, "right": false, "up": true, "down": false}}
2025-09-25 18:11:50,594 - game_server - INFO - log_game_event:61 - Игровое событие: обновление_позиции - {"client_id": 0, "position": {"x": 1015, "y": 660}, "inputs": {"left": false, "right": false, "up": true, "down": false}}
2025-09-25 18:11:50,630 - game_server - INFO - log_game_event:61 - Игровое событие: обновление_позиции - {"client_id": 0, "position": {"x": 1015, "y": 655}, "inputs": {"left": false, "right": false, "up": true, "down": false}}
2025-09-25 18:11:50,665 - game_server - INFO - log_game_event:61 - Игровое событие: обновление_позиции - {"client_id": 0, "position": {"x": 1015, "y": 650}, "inputs": {"left": false, "right": false, "up": true, "down": false}}
2025-09-25 18:11:50,699 - game_server - INFO - log_game_event:61 - Игровое событие: обновление_позиции - {"client_id": 0, "position": {"x": 1015, "y": 645}, "inputs": {"left": false, "right": false, "up": true, "down": false}}
2025-09-25 18:11:50,735 - game_server - INFO - log_game_event:61 - Игровое событие: обновление_позиции - {"client_id": 0, "position": {"x": 1015, "y": 640}, "inputs": {"left": false, "right": false, "up": true, "down": false}}
2025-09-25 18:11:50,773 - game_server - INFO - log_game_event:61 - Игровое событие: обновление_позиции - {"client_id": 0, "position": {"x": 1015, "y": 635}, "inputs": {"left": false, "right": false, "up": true, "down": false}}
2025-09-25 18:11:50,808 - game_server - INFO - log_game_event:61 - Игровое событие: обновление_позиции - {"client_id": 0, "position": {"x": 1015, "y": 630}, "inputs": {"left": false, "right": false, "up": true, "down": false}}
2025-09-25 18:11:50,844 - game_server - INFO - log_game_event:61 - Игровое событие: обновление_позиции - {"client_id": 0, "position": {"x": 1015, "y": 625}, "inputs": {"left": false, "right": false, "up": true, "down": false}}
2025-09-25 18:11:50,882 - game_server - INFO - log_game_event:61 - Игровое событие: обновление_позиции - {"client_id": 0, "position": {"x": 1015, "y": 620}, "inputs": {"left": false, "right": false, "up": true, "down": false}}
2025-09-25 18:11:50,919 - game_server - INFO - log_game_event:61 - Игровое событие: обновление_позиции - {"client_id": 0, "position": {"x": 1015, "y": 615}, "inputs": {"left": false, "right": false, "up": true, "down": false}}
2025-09-25 18:11:50,955 - game_server - INFO - log_game_event:61 - Игровое событие: обновление_позиции - {"client_id": 0, "position": {"x": 1015, "y": 610}, "inputs": {"left": false, "right": false, "up": true, "down": false}}
2025-09-25 18:11:50,990 - game_server - INFO - log_game_event:61 - Игровое событие: обновление_позиции - {"client_id": 0, "position": {"x": 1015, "y": 605}, "inputs": {"left": false, "right": false, "up": true, "down": false}}
2025-09-25 18:11:51,026 - game_server - INFO - log_game_event:61 - Игровое событие: обновление_позиции - {"client_id": 0, "position": {"x": 1015, "y": 600}, "inputs": {"left": false, "right": false, "up": true, "down": false}}
2025-09-25 18:11:51,066 - game_server - INFO - log_game_event:61 - Игровое событие: обновление_позиции - {"client_id": 0, "position": {"x": 1015, "y": 595}, "inputs": {"left": false, "right": false, "up": true, "down": false}}
2025-09-25 18:11:51,102 - game_server - INFO - log_game_event:61 - Игровое событие: обновление_позиции - {"client_id": 0, "position": {"x": 1015, "y": 590}, "inputs": {"left": false, "right": false, "up": true, "down": false}}
2025-09-25 18:11:51,140 - game_server - INFO - log_game_event:61 - Игровое событие: обновление_позиции - {"client_id": 0, "position": {"x": 1015, "y": 585}, "inputs": {"left": false, "right": false, "up": true, "down": false}}
2025-09-25 18:11:51,177 - game_server - INFO - log_game_event:61 - Игровое событие: обновление_позиции - {"client_id": 0, "position": {"x": 1015, "y": 580}, "inputs": {"left": false, "right": false, "up": true, "down": false}}
2025-09-25 18:11:51,216 - game_server - INFO - log_game_event:61 - Игровое событие: обновление_позиции - {"client_id": 0, "position": {"x": 1015, "y": 575}, "inputs": {"left": false, "right": false, "up": true, "down": false}}
2025-09-25 18:11:51,255 - game_server - INFO - log_game_event:61 - Игровое событие: обновление_позиции - {"client_id": 0, "position": {"x": 1015, "y": 570}, "inputs": {"left": false, "right": false, "up": true, "down": false}}
2025-09-25 18:11:51,293 - game_server - INFO - log_game_event:61 - Игровое событие: обновление_позиции - {"client_id": 0, "position": {"x": 1015, "y": 565}, "inputs": {"left": false, "right": false, "up": true, "down": false}}
2025-09-25 18:11:51,330 - game_server - INFO - log_game_event:61 - Игровое событие: обновление_позиции - {"client_id": 0, "position": {"x": 1015, "y": 560}, "inputs": {"left": false, "right": false, "up": true, "down": false}}
2025-09-25 18:11:51,368 - game_server - INFO - log_game_event:61 - Игровое событие: обновление_позиции - {"client_id": 0, "position": {"x": 1015, "y": 555}, "inputs": {"left": false, "right": false, "up": true, "down": false}}
2025-09-25 18:11:51,406 - game_server - INFO - log_game_event:61 - Игровое событие: обновление_позиции - {"client_id": 0, "position": {"x": 1015, "y": 550}, "inputs": {"left": false, "right": false, "up": true, "down": false}}
2025-09-25 18:11:51,440 - game_server - INFO - log_game_event:61 - Игровое событие: обновление_позиции - {"client_id": 0, "position": {"x": 1015, "y": 545}, "inputs": {"left": false, "right": false, "up": true, "down": false}}
2025-09-25 18:11:51,475 - game_server - INFO - log_game_event:61 - Игровое событие: обновление_позиции - {"client_id": 0, "position": {"x": 1015, "y": 540}, "inputs": {"left": false, "right": false, "up": true, "down": false}}
2025-09-25 18:11:51,513 - game_server - INFO - log_game_event:61 - Игровое событие: обновление_позиции - {"client_id": 0, "position": {"x": 1015, "y": 535}, "inputs": {"left": false, "right": false, "up": true, "down": false}}
2025-09-25 18:11:51,552 - game_server - INFO - log_game_event:61 - Игровое событие: обновление_позиции - {"client_id": 0, "position": {"x": 1015, "y": 530}, "inputs": {"left": false, "right": false, "up": true, "down": false}}
2025-09-25 18:11:51,589 - game_server - INFO - log_game_event:61 - Игровое событие: обновление_позиции - {"client_id": 0, "position": {"x": 1015, "y": 525}, "inputs": {"left": false, "right": false, "up": true, "down": false}}
2025-09-25 18:11:51,625 - game_server - INFO - log_game_event:61 - Игровое событие: обновление_позиции - {"client_id": 0, "position": {"x": 1015, "y": 520}, "inputs": {"left": false, "right": false, "up": true, "down": false}}
2025-09-25 18:11:51,662 - game_server - INFO - log_game_event:61 - Игровое событие: обновление_позиции - {"client_id": 0, "position": {"x": 1015, "y": 515}, "inputs": {"left": false, "right": false, "up": true, "down": false}}
2025-09-25 18:11:51,701 - game_server - INFO - log_game_event:61 - Игровое событие: обновление_позиции - {"client_id": 0, "position": {"x": 1015, "y": 510}, "inputs": {"left": false, "right": false, "up": true, "down": false}}
2025-09-25 18:11:51,739 - game_server - INFO - log_game_event:61 - Игровое событие: обновление_позиции - {"client_id": 0, "position": {"x": 1015, "y": 505}, "inputs": {"left": false, "right": false, "up": true, "down": false}}
2025-09-25 18:11:51,776 - game_server - INFO - log_game_event:61 - Игровое событие: обновление_позиции - {"client_id": 0, "position": {"x": 1015, "y": 500}, "inputs": {"left": false, "right": false, "up": true, "down": false}}
2025-09-25 18:11:51,814 - game_server - INFO - log_game_event:61 - Игровое событие: обновление_позиции - {"client_id": 0, "position": {"x": 1015, "y": 495}, "inputs": {"left": false, "right": false, "up": true, "down": false}}
2025-09-25 18:11:51,854 - game_server - INFO - log_game_event:61 - Игровое событие: обновление_позиции - {"client_id": 0, "position": {"x": 1015, "y": 490}, "inputs": {"left": false, "right": false, "up": true, "down": false}}
2025-09-25 18:11:51,891 - game_server - INFO - log_game_event:61 - Игровое событие: обновление_позиции - {"client_id": 0, "position": {"x": 1015, "y": 485}, "inputs": {"left": false, "right": false, "up": true, "down": false}}
2025-09-25 18:11:51,927 - game_server - INFO - log_game_event:61 - Игровое событие: обновление_позиции - {"client_id": 0, "position": {"x": 1015, "y": 480}, "inputs": {"left": false, "right": false, "up": true, "down": false}}
2025-09-25 18:11:51,964 - game_server - INFO - log_game_event:61 - Игровое событие: обновление_позиции - {"client_id": 0, "position": {"x": 1015, "y": 475}, "inputs": {"left": false, "right": false, "up": true, "down": false}}
2025-09-25 18:11:52,000 - game_server - INFO - log_game_event:61 - Игровое событие: обновление_позиции - {"client_id": 0, "position": {"x": 1015, "y": 470}, "inputs": {"left": false, "right": false, "up": true, "down": false}}
2025-09-25 18:11:52,032 - game_server - INFO - log_game_event:61 - Игровое событие: обновление_позиции - {"client_id": 0, "position": {"x": 1015, "y": 465}, "inputs": {"left": false, "right": false, "up": true, "down": false}}
2025-09-25 18:11:52,060 - game_server - INFO - log_game_event:61 - Игровое событие: обновление_позиции - {"client_id": 0, "position": {"x": 1015, "y": 460}, "inputs": {"left": false, "right": false, "up": true, "down": false}}
2025-09-25 18:11:52,095 - game_server - INFO - log_game_event:61 - Игровое событие: обновление_позиции - {"client_id": 0, "position": {"x": 1015, "y": 455}, "inputs": {"left": false, "right": false, "up": true, "down": false}}
2025-09-25 18:11:52,125 - game_server - INFO - log_game_event:61 - Игровое событие: обновление_позиции - {"client_id": 0, "position": {"x": 1015, "y": 450}, "inputs": {"left": false, "right": false, "up": true, "down": false}}
2025-09-25 18:11:52,155 - game_server - INFO - log_game_event:61 - Игровое событие: обновление_позиции - {"client_id": 0, "position": {"x": 1015, "y": 445}, "inputs": {"left": false, "right": false, "up": true, "down": false}}
2025-09-25 18:11:52,178 - game_server - INFO - log_game_event:61 - Игровое событие: обновление_позиции - {"client_id": 0, "position": {"x": 1015, "y": 440}, "inputs": {"left": false, "right": false, "up": true, "down": false}}
2025-09-25 18:11:52,212 - game_server - INFO - log_game_event:61 - Игровое событие: обновление_позиции - {"client_id": 0, "position": {"x": 1015, "y": 435}, "inputs": {"left": false, "right": false, "up": true, "down": false}}
2025-09-25 18:11:52,249 - game_server - INFO - log_game_event:61 - Игровое событие: обновление_позиции - {"client_id": 0, "position": {"x": 1015, "y": 430}, "inputs": {"left": false, "right": false, "up": true, "down": false}}
2025-09-25 18:11:52,284 - game_server - INFO - log_game_event:61 - Игровое событие: обновление_позиции - {"client_id": 0, "position": {"x": 1020, "y": 435}, "inputs": {"left": false, "right": true, "up": true, "down": true}}
2025-09-25 18:11:52,318 - game_server - INFO - log_game_event:61 - Игровое событие: обновление_позиции - {"client_id": 0, "position": {"x": 1025, "y": 440}, "inputs": {"left": false, "right": true, "up": true, "down": true}}
2025-09-25 18:11:52,351 - game_server - INFO - log_game_event:61 - Игровое событие: обновление_позиции - {"client_id": 0, "position": {"x": 1030, "y": 445}, "inputs": {"left": false, "right": true, "up": true, "down": true}}
2025-09-25 18:11:52,389 - game_server - INFO - log_game_event:61 - Игровое событие: обновление_позиции - {"client_id": 0, "position": {"x": 1035, "y": 450}, "inputs": {"left": false, "right": true, "up": true, "down": true}}
2025-09-25 18:11:52,425 - game_server - INFO - log_game_event:61 - Игровое событие: обновление_позиции - {"client_id": 0, "position": {"x": 1040, "y": 455}, "inputs": {"left": false, "right": true, "up": true, "down": true}}
2025-09-25 18:11:52,460 - game_server - INFO - log_game_event:61 - Игровое событие: обновление_позиции - {"client_id": 0, "position": {"x": 1045, "y": 460}, "inputs": {"left": false, "right": true, "up": false, "down": true}}
2025-09-25 18:11:52,493 - game_server - INFO - log_game_event:61 - Игровое событие: обновление_позиции - {"client_id": 0, "position": {"x": 1050, "y": 465}, "inputs": {"left": false, "right": true, "up": false, "down": true}}
2025-09-25 18:11:52,526 - game_server - INFO - log_game_event:61 - Игровое событие: обновление_позиции - {"client_id": 0, "position": {"x": 1055, "y": 470}, "inputs": {"left": false, "right": true, "up": false, "down": true}}
2025-09-25 18:11:52,556 - game_server - INFO - log_game_event:61 - Игровое событие: обновление_позиции - {"client_id": 0, "position": {"x": 1060, "y": 475}, "inputs": {"left": false, "right": true, "up": false, "down": true}}
2025-09-25 18:11:52,587 - game_server - INFO - log_game_event:61 - Игровое событие: обновление_позиции - {"client_id": 0, "position": {"x": 1065, "y": 480}, "inputs": {"left": false, "right": true, "up": false, "down": true}}
2025-09-25 18:11:52,620 - game_server - INFO - log_game_event:61 - Игровое событие: обновление_позиции - {"client_id": 0, "position": {"x": 1070, "y": 480}, "inputs": {"left": false, "right": true, "up": false, "down": false}}
2025-09-25 18:11:52,652 - game_server - INFO - log_game_event:61 - Игровое событие: обновление_позиции - {"client_id": 0, "position": {"x": 1075, "y": 480}, "inputs": {"left": false, "right": true, "up": false, "down": false}}
2025-09-25 18:11:52,686 - game_server - INFO - log_game_event:61 - Игровое событие: обновление_позиции - {"client_id": 0, "position": {"x": 1080, "y": 480}, "inputs": {"left": false, "right": true, "up": false, "down": false}}
2025-09-25 18:11:52,723 - game_server - INFO - log_game_event:61 - Игровое событие: обновление_позиции - {"client_id": 0, "position": {"x": 1085, "y": 480}, "inputs": {"left": false, "right": true, "up": false, "down": false}}
2025-09-25 18:11:52,761 - game_server - INFO - log_game_event:61 - Игровое событие: обновление_позиции - {"client_id": 0, "position": {"x": 1090, "y": 480}, "inputs": {"left": false, "right": true, "up": false, "down": false}}
2025-09-25 18:11:52,798 - game_server - INFO - log_game_event:61 - Игровое событие: обновление_позиции - {"client_id": 0, "position": {"x": 1095, "y": 480}, "inputs": {"left": false, "right": true, "up": false, "down": false}}
2025-09-25 18:11:52,836 - game_server - INFO - log_game_event:61 - Игровое событие: обновление_позиции - {"client_id": 0, "position": {"x": 1100, "y": 475}, "inputs": {"left": false, "right": true, "up": true, "down": false}}
2025-09-25 18:11:52,872 - game_server - INFO - log_game_event:61 - Игровое событие: обновление_позиции - {"client_id": 0, "position": {"x": 1105, "y": 470}, "inputs": {"left": false, "right": true, "up": true, "down": false}}
2025-09-25 18:11:52,908 - game_server - INFO - log_game_event:61 - Игровое событие: обновление_позиции - {"client_id": 0, "position": {"x": 1110, "y": 465}, "inputs": {"left": false, "right": true, "up": true, "down": false}}
2025-09-25 18:11:52,946 - game_server - INFO - log_game_event:61 - Игровое событие: обновление_позиции - {"client_id": 0, "position": {"x": 1115, "y": 460}, "inputs": {"left": false, "right": true, "up": true, "down": false}}
2025-09-25 18:11:52,984 - game_server - INFO - log_game_event:61 - Игровое событие: обновление_позиции - {"client_id": 0, "position": {"x": 1120, "y": 455}, "inputs": {"left": false, "right": true, "up": true, "down": false}}
2025-09-25 18:11:53,019 - game_server - INFO - log_game_event:61 - Игровое событие: обновление_позиции - {"client_id": 0, "position": {"x": 1125, "y": 460}, "inputs": {"left": false, "right": true, "up": true, "down": true}}
2025-09-25 18:11:53,054 - game_server - INFO - log_game_event:61 - Игровое событие: обновление_позиции - {"client_id": 0, "position": {"x": 1130, "y": 465}, "inputs": {"left": false, "right": true, "up": true, "down": true}}
2025-09-25 18:11:53,086 - game_server - INFO - log_game_event:61 - Игровое событие: обновление_позиции - {"client_id": 0, "position": {"x": 1135, "y": 470}, "inputs": {"left": false, "right": true, "up": true, "down": true}}
2025-09-25 18:11:53,120 - game_server - INFO - log_game_event:61 - Игровое событие: обновление_позиции - {"client_id": 0, "position": {"x": 1140, "y": 475}, "inputs": {"left": false, "right": true, "up": true, "down": true}}
2025-09-25 18:11:53,155 - game_server - INFO - log_game_event:61 - Игровое событие: обновление_позиции - {"client_id": 0, "position": {"x": 1145, "y": 480}, "inputs": {"left": false, "right": true, "up": true, "down": true}}
2025-09-25 18:11:53,189 - game_server - INFO - log_game_event:61 - Игровое событие: обновление_позиции - {"client_id": 0, "position": {"x": 1150, "y": 485}, "inputs": {"left": false, "right": true, "up": true, "down": true}}
2025-09-25 18:11:53,225 - game_server - INFO - log_game_event:61 - Игровое событие: обновление_позиции - {"client_id": 0, "position": {"x": 1155, "y": 490}, "inputs": {"left": false, "right": true, "up": true, "down": true}}
2025-09-25 18:11:53,261 - game_server - INFO - log_game_event:61 - Игровое событие: обновление_позиции - {"client_id": 0, "position": {"x": 1155, "y": 495}, "inputs": {"left": false, "right": false, "up": true, "down": true}}
2025-09-25 18:11:53,294 - game_server - INFO - log_game_event:61 - Игровое событие: обновление_позиции - {"client_id": 0, "position": {"x": 1155, "y": 500}, "inputs": {"left": false, "right": false, "up": true, "down": true}}
2025-09-25 18:11:53,325 - game_server - INFO - log_game_event:61 - Игровое событие: обновление_позиции - {"client_id": 0, "position": {"x": 1155, "y": 505}, "inputs": {"left": false, "right": false, "up": true, "down": true}}
2025-09-25 18:11:53,358 - game_server - INFO - log_game_event:61 - Игровое событие: обновление_позиции - {"client_id": 0, "position": {"x": 1155, "y": 510}, "inputs": {"left": false, "right": false, "up": true, "down": true}}
2025-09-25 18:11:53,387 - game_server - INFO - log_game_event:61 - Игровое событие: обновление_позиции - {"client_id": 0, "position": {"x": 1155, "y": 515}, "inputs": {"left": false, "right": false, "up": true, "down": true}}
2025-09-25 18:11:53,417 - game_server - INFO - log_game_event:61 - Игровое событие: обновление_позиции - {"client_id": 0, "position": {"x": 1155, "y": 520}, "inputs": {"left": false, "right": false, "up": true, "down": true}}
2025-09-25 18:11:53,448 - game_server - INFO - log_game_event:61 - Игровое событие: обновление_позиции - {"client_id": 0, "position": {"x": 1155, "y": 525}, "inputs": {"left": false, "right": false, "up": true, "down": true}}
2025-09-25 18:11:53,480 - game_server - INFO - log_game_event:61 - Игровое событие: обновление_позиции - {"client_id": 0, "position": {"x": 1155, "y": 530}, "inputs": {"left": false, "right": false, "up": true, "down": true}}
2025-09-25 18:11:53,516 - game_server - INFO - log_game_event:61 - Игровое событие: обновление_позиции - {"client_id": 0, "position": {"x": 1155, "y": 535}, "inputs": {"left": false, "right": false, "up": true, "down": true}}
2025-09-25 18:11:53,552 - game_server - INFO - log_game_event:61 - Игровое событие: обновление_позиции - {"client_id": 0, "position": {"x": 1155, "y": 540}, "inputs": {"left": false, "right": false, "up": true, "down": true}}
2025-09-25 18:11:53,579 - game_server - INFO - log_game_event:61 - Игровое событие: обновление_позиции - {"client_id": 0, "position": {"x": 1155, "y": 545}, "inputs": {"left": false, "right": false, "up": true, "down": true}}
2025-09-25 18:11:53,612 - game_server - INFO - log_game_event:61 - Игровое событие: обновление_позиции - {"client_id": 0, "position": {"x": 1155, "y": 550}, "inputs": {"left": false, "right": false, "up": true, "down": true}}
2025-09-25 18:11:53,648 - game_server - INFO - log_game_event:61 - Игровое событие: обновление_позиции - {"client_id": 0, "position": {"x": 1155, "y": 550}, "inputs": {"left": false, "right": false, "up": false, "down": false}}
2025-09-25 18:11:53,684 - game_server - INFO - log_game_event:61 - Игровое событие: обновление_позиции - {"client_id": 0, "position": {"x": 1155, "y": 550}, "inputs": {"left": false, "right": false, "up": false, "down": false}}
2025-09-25 18:11:53,714 - game_server - INFO - log_game_event:61 - Игровое событие: обновление_позиции - {"client_id": 0, "position": {"x": 1155, "y": 550}, "inputs": {"left": false, "right": false, "up": false, "down": false}}
2025-09-25 18:11:53,745 - game_server - INFO - log_game_event:61 - Игровое событие: обновление_позиции - {"client_id": 0, "position": {"x": 1155, "y": 550}, "inputs": {"left": false, "right": false, "up": false, "down": false}}
2025-09-25 18:11:53,772 - game_server - INFO - log_game_event:61 - Игровое событие: обновление_позиции - {"client_id": 0, "position": {"x": 1155, "y": 550}, "inputs": {"left": false, "right": false, "up": false, "down": false}}
2025-09-25 18:11:53,803 - game_server - INFO - log_game_event:61 - Игровое событие: обновление_позиции - {"client_id": 0, "position": {"x": 1155, "y": 550}, "inputs": {"left": false, "right": false, "up": false, "down": false}}
2025-09-25 18:11:53,837 - game_server - INFO - log_game_event:61 - Игровое событие: обновление_позиции - {"client_id": 0, "position": {"x": 1155, "y": 550}, "inputs": {"left": false, "right": false, "up": false, "down": false}}
2025-09-25 18:11:53,871 - game_server - INFO - log_game_event:61 - Игровое событие: обновление_позиции - {"client_id": 0, "position": {"x": 1155, "y": 550}, "inputs": {"left": false, "right": false, "up": false, "down": false}}
2025-09-25 18:11:53,905 - game_server - INFO - log_game_event:61 - Игровое событие: обновление_позиции - {"client_id": 0, "position": {"x": 1155, "y": 550}, "inputs": {"left": false, "right": false, "up": false, "down": false}}
2025-09-25 18:11:53,941 - game_server - INFO - log_game_event:61 - Игровое событие: обновление_позиции - {"client_id": 0, "position": {"x": 1155, "y": 550}, "inputs": {"left": false, "right": false, "up": false, "down": false}}
2025-09-25 18:11:53,979 - game_server - INFO - log_game_event:61 - Игровое событие: обновление_позиции - {"client_id": 0, "position": {"x": 1155, "y": 550}, "inputs": {"left": false, "right": false, "up": false, "down": false}}
2025-09-25 18:11:54,015 - game_server - INFO - log_game_event:61 - Игровое событие: обновление_позиции - {"client_id": 0, "position": {"x": 1155, "y": 550}, "inputs": {"left": false, "right": false, "up": false, "down": false}}
2025-09-25 18:11:54,051 - game_server - INFO - log_game_event:61 - Игровое событие: обновление_позиции - {"client_id": 0, "position": {"x": 1155, "y": 550}, "inputs": {"left": false, "right": false, "up": false, "down": false}}
2025-09-25 18:11:54,088 - game_server - INFO - log_game_event:61 - Игровое событие: обновление_позиции - {"client_id": 0, "position": {"x": 1155, "y": 550}, "inputs": {"left": false, "right": false, "up": false, "down": false}}
2025-09-25 18:11:54,126 - game_server - INFO - log_game_event:61 - Игровое событие: обновление_позиции - {"client_id": 0, "position": {"x": 1155, "y": 550}, "inputs": {"left": false, "right": false, "up": false, "down": false}}
2025-09-25 18:11:54,163 - game_server - INFO - log_game_event:61 - Игровое событие: обновление_позиции - {"client_id": 0, "position": {"x": 1155, "y": 550}, "inputs": {"left": false, "right": false, "up": false, "down": false}}
2025-09-25 18:11:54,200 - game_server - INFO - log_game_event:61 - Игровое событие: обновление_позиции - {"client_id": 0, "position": {"x": 1155, "y": 550}, "inputs": {"left": false, "right": false, "up": false, "down": false}}
2025-09-25 18:11:54,237 - game_server - INFO - log_game_event:61 - Игровое событие: обновление_позиции - {"client_id": 0, "position": {"x": 1155, "y": 550}, "inputs": {"left": false, "right": false, "up": false, "down": false}}
2025-09-25 18:11:54,275 - game_server - INFO - log_game_event:61 - Игровое событие: обновление_позиции - {"client_id": 0, "position": {"x": 1155, "y": 550}, "inputs": {"left": false, "right": false, "up": false, "down": false}}
2025-09-25 18:11:54,312 - game_server - INFO - log_game_event:61 - Игровое событие: обновление_позиции - {"client_id": 0, "position": {"x": 1155, "y": 550}, "inputs": {"left": false, "right": false, "up": false, "down": false}}
2025-09-25 18:11:54,350 - game_server - INFO - log_game_event:61 - Игровое событие: обновление_позиции - {"client_id": 0, "position": {"x": 1155, "y": 550}, "inputs": {"left": false, "right": false, "up": false, "down": false}}
2025-09-25 18:11:54,386 - game_server - INFO - log_game_event:61 - Игровое событие: обновление_позиции - {"client_id": 0, "position": {"x": 1155, "y": 550}, "inputs": {"left": false, "right": false, "up": false, "down": false}}
2025-09-25 18:11:54,422 - game_server - INFO - log_game_event:61 - Игровое событие: обновление_позиции - {"client_id": 0, "position": {"x": 1155, "y": 550}, "inputs": {"left": false, "right": false, "up": false, "down": false}}
2025-09-25 18:11:54,458 - game_server - INFO - log_game_event:61 - Игровое событие: обновление_позиции - {"client_id": 0, "position": {"x": 1155, "y": 550}, "inputs": {"left": false, "right": false, "up": false, "down": false}}
2025-09-25 18:11:54,495 - game_server - INFO - log_game_event:61 - Игровое событие: обновление_позиции - {"client_id": 0, "position": {"x": 1155, "y": 550}, "inputs": {"left": false, "right": false, "up": false, "down": false}}
2025-09-25 18:11:54,534 - game_server - INFO - log_game_event:61 - Игровое событие: обновление_позиции - {"client_id": 0, "position": {"x": 1155, "y": 550}, "inputs": {"left": false, "right": false, "up": false, "down": false}}
2025-09-25 18:11:54,570 - game_server - INFO - log_game_event:61 - Игровое событие: обновление_позиции - {"client_id": 0, "position": {"x": 1155, "y": 550}, "inputs": {"left": false, "right": false, "up": false, "down": false}}
2025-09-25 18:11:54,605 - game_server - INFO - log_game_event:61 - Игровое событие: обновление_позиции - {"client_id": 0, "position": {"x": 1155, "y": 550}, "inputs": {"left": false, "right": false, "up": false, "down": false}}
2025-09-25 18:11:54,641 - game_server - INFO - log_game_event:61 - Игровое событие: обновление_позиции - {"client_id": 0, "position": {"x": 1155, "y": 550}, "inputs": {"left": false, "right": false, "up": false, "down": false}}
2025-09-25 18:11:54,677 - game_server - INFO - log_game_event:61 - Игровое событие: обновление_позиции - {"client_id": 0, "position": {"x": 1155, "y": 550}, "inputs": {"left": false, "right": false, "up": false, "down": false}}
2025-09-25 18:11:54,714 - game_server - INFO - log_game_event:61 - Игровое событие: обновление_позиции - {"client_id": 0, "position": {"x": 1155, "y": 550}, "inputs": {"left": false, "right": false, "up": false, "down": false}}
2025-09-25 18:11:54,751 - game_server - INFO - log_game_event:61 - Игровое событие: обновление_позиции - {"client_id": 0, "position": {"x": 1155, "y": 550}, "inputs": {"left": false, "right": false, "up": false, "down": false}}
2025-09-25 18:11:54,771 - game_server - INFO - log_connection:56 - Клиент 0: отключен
