2025-09-23 18:42:36,495 - game_server - INFO - <module>:46 - Сервер запущен на 192.168.1.4:5555 (привязан к 0.0.0.0)
2025-09-23 18:42:58,007 - game_server - INFO - log_connection:56 - Клиент 0: подключен - {"ip": "192.168.1.4", "port": 51497}
2025-09-23 18:42:58,025 - game_server - INFO - log_game_event:61 - Игровое событие: обновление_позиции - {"client_id": 0, "position": {"x": 960, "y": 540}, "inputs": {"left": false, "right": false, "up": false, "down": false}}
2025-09-23 18:42:58,049 - game_server - INFO - log_game_event:61 - Игровое событие: обновление_позиции - {"client_id": 0, "position": {"x": 960, "y": 540}, "inputs": {"left": false, "right": false, "up": false, "down": false}}
2025-09-23 18:42:58,071 - game_server - INFO - log_game_event:61 - Игровое событие: обновление_позиции - {"client_id": 0, "position": {"x": 960, "y": 540}, "inputs": {"left": false, "right": false, "up": false, "down": false}}
2025-09-23 18:42:58,100 - game_server - INFO - log_game_event:61 - Игровое событие: обновление_позиции - {"client_id": 0, "position": {"x": 960, "y": 540}, "inputs": {"left": false, "right": false, "up": false, "down": false}}
2025-09-23 18:42:58,136 - game_server - INFO - log_game_event:61 - Игровое событие: обновление_позиции - {"client_id": 0, "position": {"x": 960, "y": 540}, "inputs": {"left": false, "right": false, "up": false, "down": false}}
2025-09-23 18:42:58,169 - game_server - INFO - log_game_event:61 - Игровое событие: обновление_позиции - {"client_id": 0, "position": {"x": 960, "y": 540}, "inputs": {"left": false, "right": false, "up": false, "down": false}}
2025-09-23 18:42:58,203 - game_server - INFO - log_game_event:61 - Игровое событие: обновление_позиции - {"client_id": 0, "position": {"x": 960, "y": 540}, "inputs": {"left": false, "right": false, "up": false, "down": false}}
2025-09-23 18:42:58,238 - game_server - INFO - log_game_event:61 - Игровое событие: обновление_позиции - {"client_id": 0, "position": {"x": 960, "y": 540}, "inputs": {"left": false, "right": false, "up": false, "down": false}}
2025-09-23 18:42:58,274 - game_server - INFO - log_game_event:61 - Игровое событие: обновление_позиции - {"client_id": 0, "position": {"x": 960, "y": 540}, "inputs": {"left": false, "right": false, "up": false, "down": false}}
2025-09-23 18:42:58,310 - game_server - INFO - log_game_event:61 - Игровое событие: обновление_позиции - {"client_id": 0, "position": {"x": 960, "y": 540}, "inputs": {"left": false, "right": false, "up": false, "down": false}}
2025-09-23 18:42:58,346 - game_server - INFO - log_game_event:61 - Игровое событие: обновление_позиции - {"client_id": 0, "position": {"x": 960, "y": 540}, "inputs": {"left": false, "right": false, "up": false, "down": false}}
2025-09-23 18:42:58,381 - game_server - INFO - log_game_event:61 - Игровое событие: обновление_позиции - {"client_id": 0, "position": {"x": 960, "y": 540}, "inputs": {"left": false, "right": false, "up": false, "down": false}}
2025-09-23 18:42:58,414 - game_server - INFO - log_game_event:61 - Игровое событие: обновление_позиции - {"client_id": 0, "position": {"x": 960, "y": 540}, "inputs": {"left": false, "right": false, "up": false, "down": false}}
2025-09-23 18:42:58,450 - game_server - INFO - log_game_event:61 - Игровое событие: обновление_позиции - {"client_id": 0, "position": {"x": 960, "y": 540}, "inputs": {"left": false, "right": false, "up": false, "down": false}}
2025-09-23 18:42:58,486 - game_server - INFO - log_game_event:61 - Игровое событие: обновление_позиции - {"client_id": 0, "position": {"x": 960, "y": 540}, "inputs": {"left": false, "right": false, "up": false, "down": false}}
2025-09-23 18:42:58,520 - game_server - INFO - log_game_event:61 - Игровое событие: обновление_позиции - {"client_id": 0, "position": {"x": 960, "y": 540}, "inputs": {"left": false, "right": false, "up": false, "down": false}}
2025-09-23 18:42:58,554 - game_server - INFO - log_game_event:61 - Игровое событие: обновление_позиции - {"client_id": 0, "position": {"x": 960, "y": 540}, "inputs": {"left": false, "right": false, "up": false, "down": false}}
2025-09-23 18:42:58,589 - game_server - INFO - log_game_event:61 - Игровое событие: обновление_позиции - {"client_id": 0, "position": {"x": 960, "y": 540}, "inputs": {"left": false, "right": false, "up": false, "down": false}}
2025-09-23 18:42:58,624 - game_server - INFO - log_game_event:61 - Игровое событие: обновление_позиции - {"client_id": 0, "position": {"x": 960, "y": 540}, "inputs": {"left": false, "right": false, "up": false, "down": false}}
2025-09-23 18:42:58,658 - game_server - INFO - log_game_event:61 - Игровое событие: обновление_позиции - {"client_id": 0, "position": {"x": 960, "y": 540}, "inputs": {"left": false, "right": false, "up": false, "down": false}}
2025-09-23 18:42:58,694 - game_server - INFO - log_game_event:61 - Игровое событие: обновление_позиции - {"client_id": 0, "position": {"x": 960, "y": 540}, "inputs": {"left": false, "right": false, "up": false, "down": false}}
2025-09-23 18:42:58,727 - game_server - INFO - log_game_event:61 - Игровое событие: обновление_позиции - {"client_id": 0, "position": {"x": 960, "y": 540}, "inputs": {"left": false, "right": false, "up": false, "down": false}}
2025-09-23 18:42:58,763 - game_server - INFO - log_game_event:61 - Игровое событие: обновление_позиции - {"client_id": 0, "position": {"x": 960, "y": 540}, "inputs": {"left": false, "right": false, "up": false, "down": false}}
2025-09-23 18:42:58,797 - game_server - INFO - log_game_event:61 - Игровое событие: обновление_позиции - {"client_id": 0, "position": {"x": 960, "y": 540}, "inputs": {"left": false, "right": false, "up": false, "down": false}}
2025-09-23 18:42:58,831 - game_server - INFO - log_game_event:61 - Игровое событие: обновление_позиции - {"client_id": 0, "position": {"x": 960, "y": 540}, "inputs": {"left": false, "right": false, "up": false, "down": false}}
2025-09-23 18:42:58,865 - game_server - INFO - log_game_event:61 - Игровое событие: обновление_позиции - {"client_id": 0, "position": {"x": 960, "y": 540}, "inputs": {"left": false, "right": false, "up": false, "down": false}}
2025-09-23 18:42:58,895 - game_server - INFO - log_game_event:61 - Игровое событие: обновление_позиции - {"client_id": 0, "position": {"x": 960, "y": 540}, "inputs": {"left": false, "right": false, "up": false, "down": false}}
2025-09-23 18:42:58,928 - game_server - INFO - log_game_event:61 - Игровое событие: обновление_позиции - {"client_id": 0, "position": {"x": 960, "y": 540}, "inputs": {"left": false, "right": false, "up": false, "down": false}}
2025-09-23 18:42:58,961 - game_server - INFO - log_game_event:61 - Игровое событие: обновление_позиции - {"client_id": 0, "position": {"x": 960, "y": 540}, "inputs": {"left": false, "right": false, "up": false, "down": false}}
2025-09-23 18:42:58,995 - game_server - INFO - log_game_event:61 - Игровое событие: обновление_позиции - {"client_id": 0, "position": {"x": 960, "y": 540}, "inputs": {"left": false, "right": false, "up": false, "down": false}}
2025-09-23 18:42:59,030 - game_server - INFO - log_game_event:61 - Игровое событие: обновление_позиции - {"client_id": 0, "position": {"x": 960, "y": 540}, "inputs": {"left": false, "right": false, "up": false, "down": false}}
2025-09-23 18:42:59,065 - game_server - INFO - log_game_event:61 - Игровое событие: обновление_позиции - {"client_id": 0, "position": {"x": 960, "y": 540}, "inputs": {"left": false, "right": false, "up": false, "down": false}}
2025-09-23 18:42:59,099 - game_server - INFO - log_game_event:61 - Игровое событие: обновление_позиции - {"client_id": 0, "position": {"x": 960, "y": 540}, "inputs": {"left": false, "right": false, "up": false, "down": false}}
2025-09-23 18:42:59,134 - game_server - INFO - log_game_event:61 - Игровое событие: обновление_позиции - {"client_id": 0, "position": {"x": 960, "y": 540}, "inputs": {"left": false, "right": false, "up": false, "down": false}}
2025-09-23 18:42:59,168 - game_server - INFO - log_game_event:61 - Игровое событие: обновление_позиции - {"client_id": 0, "position": {"x": 960, "y": 540}, "inputs": {"left": false, "right": false, "up": false, "down": false}}
2025-09-23 18:42:59,203 - game_server - INFO - log_game_event:61 - Игровое событие: обновление_позиции - {"client_id": 0, "position": {"x": 960, "y": 540}, "inputs": {"left": false, "right": false, "up": false, "down": false}}
2025-09-23 18:42:59,237 - game_server - INFO - log_game_event:61 - Игровое событие: обновление_позиции - {"client_id": 0, "position": {"x": 960, "y": 540}, "inputs": {"left": false, "right": false, "up": false, "down": false}}
2025-09-23 18:42:59,271 - game_server - INFO - log_game_event:61 - Игровое событие: обновление_позиции - {"client_id": 0, "position": {"x": 960, "y": 540}, "inputs": {"left": false, "right": false, "up": false, "down": false}}
2025-09-23 18:42:59,306 - game_server - INFO - log_game_event:61 - Игровое событие: обновление_позиции - {"client_id": 0, "position": {"x": 960, "y": 540}, "inputs": {"left": false, "right": false, "up": false, "down": false}}
2025-09-23 18:42:59,341 - game_server - INFO - log_game_event:61 - Игровое событие: обновление_позиции - {"client_id": 0, "position": {"x": 960, "y": 540}, "inputs": {"left": false, "right": false, "up": false, "down": false}}
2025-09-23 18:42:59,375 - game_server - INFO - log_game_event:61 - Игровое событие: обновление_позиции - {"client_id": 0, "position": {"x": 960, "y": 540}, "inputs": {"left": false, "right": false, "up": false, "down": false}}
2025-09-23 18:42:59,408 - game_server - INFO - log_game_event:61 - Игровое событие: обновление_позиции - {"client_id": 0, "position": {"x": 960, "y": 540}, "inputs": {"left": false, "right": false, "up": false, "down": false}}
2025-09-23 18:42:59,440 - game_server - INFO - log_game_event:61 - Игровое событие: обновление_позиции - {"client_id": 0, "position": {"x": 960, "y": 540}, "inputs": {"left": false, "right": false, "up": false, "down": false}}
2025-09-23 18:42:59,469 - game_server - INFO - log_game_event:61 - Игровое событие: обновление_позиции - {"client_id": 0, "position": {"x": 960, "y": 540}, "inputs": {"left": false, "right": false, "up": false, "down": false}}
2025-09-23 18:42:59,504 - game_server - INFO - log_game_event:61 - Игровое событие: обновление_позиции - {"client_id": 0, "position": {"x": 960, "y": 545}, "inputs": {"left": false, "right": false, "up": false, "down": true}}
2025-09-23 18:42:59,530 - game_server - INFO - log_game_event:61 - Игровое событие: обновление_позиции - {"client_id": 0, "position": {"x": 960, "y": 550}, "inputs": {"left": false, "right": false, "up": false, "down": true}}
2025-09-23 18:42:59,561 - game_server - INFO - log_game_event:61 - Игровое событие: обновление_позиции - {"client_id": 0, "position": {"x": 960, "y": 555}, "inputs": {"left": false, "right": false, "up": false, "down": true}}
2025-09-23 18:42:59,592 - game_server - INFO - log_game_event:61 - Игровое событие: обновление_позиции - {"client_id": 0, "position": {"x": 960, "y": 560}, "inputs": {"left": false, "right": false, "up": false, "down": true}}
2025-09-23 18:42:59,625 - game_server - INFO - log_game_event:61 - Игровое событие: обновление_позиции - {"client_id": 0, "position": {"x": 960, "y": 565}, "inputs": {"left": false, "right": false, "up": false, "down": true}}
2025-09-23 18:42:59,658 - game_server - INFO - log_game_event:61 - Игровое событие: обновление_позиции - {"client_id": 0, "position": {"x": 960, "y": 570}, "inputs": {"left": false, "right": false, "up": false, "down": true}}
2025-09-23 18:42:59,692 - game_server - INFO - log_game_event:61 - Игровое событие: обновление_позиции - {"client_id": 0, "position": {"x": 960, "y": 575}, "inputs": {"left": false, "right": false, "up": false, "down": true}}
2025-09-23 18:42:59,723 - game_server - INFO - log_game_event:61 - Игровое событие: обновление_позиции - {"client_id": 0, "position": {"x": 960, "y": 580}, "inputs": {"left": false, "right": false, "up": false, "down": true}}
2025-09-23 18:42:59,756 - game_server - INFO - log_game_event:61 - Игровое событие: обновление_позиции - {"client_id": 0, "position": {"x": 960, "y": 585}, "inputs": {"left": false, "right": false, "up": false, "down": true}}
2025-09-23 18:42:59,788 - game_server - INFO - log_game_event:61 - Игровое событие: обновление_позиции - {"client_id": 0, "position": {"x": 960, "y": 590}, "inputs": {"left": false, "right": false, "up": false, "down": true}}
2025-09-23 18:42:59,822 - game_server - INFO - log_game_event:61 - Игровое событие: обновление_позиции - {"client_id": 0, "position": {"x": 960, "y": 595}, "inputs": {"left": false, "right": false, "up": false, "down": true}}
2025-09-23 18:42:59,857 - game_server - INFO - log_game_event:61 - Игровое событие: обновление_позиции - {"client_id": 0, "position": {"x": 960, "y": 600}, "inputs": {"left": false, "right": false, "up": false, "down": true}}
2025-09-23 18:42:59,892 - game_server - INFO - log_game_event:61 - Игровое событие: обновление_позиции - {"client_id": 0, "position": {"x": 960, "y": 605}, "inputs": {"left": false, "right": false, "up": false, "down": true}}
2025-09-23 18:42:59,927 - game_server - INFO - log_game_event:61 - Игровое событие: обновление_позиции - {"client_id": 0, "position": {"x": 960, "y": 610}, "inputs": {"left": false, "right": false, "up": false, "down": true}}
2025-09-23 18:42:59,960 - game_server - INFO - log_game_event:61 - Игровое событие: обновление_позиции - {"client_id": 0, "position": {"x": 960, "y": 615}, "inputs": {"left": false, "right": false, "up": false, "down": true}}
2025-09-23 18:42:59,992 - game_server - INFO - log_game_event:61 - Игровое событие: обновление_позиции - {"client_id": 0, "position": {"x": 960, "y": 620}, "inputs": {"left": false, "right": false, "up": false, "down": true}}
2025-09-23 18:43:00,028 - game_server - INFO - log_game_event:61 - Игровое событие: обновление_позиции - {"client_id": 0, "position": {"x": 960, "y": 625}, "inputs": {"left": false, "right": false, "up": false, "down": true}}
2025-09-23 18:43:00,064 - game_server - INFO - log_game_event:61 - Игровое событие: обновление_позиции - {"client_id": 0, "position": {"x": 960, "y": 630}, "inputs": {"left": false, "right": false, "up": false, "down": true}}
2025-09-23 18:43:00,100 - game_server - INFO - log_game_event:61 - Игровое событие: обновление_позиции - {"client_id": 0, "position": {"x": 960, "y": 635}, "inputs": {"left": false, "right": false, "up": false, "down": true}}
2025-09-23 18:43:00,133 - game_server - INFO - log_game_event:61 - Игровое событие: обновление_позиции - {"client_id": 0, "position": {"x": 960, "y": 640}, "inputs": {"left": false, "right": false, "up": false, "down": true}}
2025-09-23 18:43:00,169 - game_server - INFO - log_game_event:61 - Игровое событие: обновление_позиции - {"client_id": 0, "position": {"x": 960, "y": 645}, "inputs": {"left": false, "right": false, "up": false, "down": true}}
2025-09-23 18:43:00,200 - game_server - INFO - log_game_event:61 - Игровое событие: обновление_позиции - {"client_id": 0, "position": {"x": 960, "y": 650}, "inputs": {"left": false, "right": false, "up": false, "down": true}}
2025-09-23 18:43:00,228 - game_server - INFO - log_game_event:61 - Игровое событие: обновление_позиции - {"client_id": 0, "position": {"x": 960, "y": 655}, "inputs": {"left": false, "right": false, "up": false, "down": true}}
2025-09-23 18:43:00,263 - game_server - INFO - log_game_event:61 - Игровое событие: обновление_позиции - {"client_id": 0, "position": {"x": 960, "y": 660}, "inputs": {"left": false, "right": false, "up": false, "down": true}}
2025-09-23 18:43:00,297 - game_server - INFO - log_game_event:61 - Игровое событие: обновление_позиции - {"client_id": 0, "position": {"x": 960, "y": 665}, "inputs": {"left": false, "right": false, "up": false, "down": true}}
2025-09-23 18:43:00,331 - game_server - INFO - log_game_event:61 - Игровое событие: обновление_позиции - {"client_id": 0, "position": {"x": 960, "y": 670}, "inputs": {"left": false, "right": false, "up": false, "down": true}}
2025-09-23 18:43:00,368 - game_server - INFO - log_game_event:61 - Игровое событие: обновление_позиции - {"client_id": 0, "position": {"x": 960, "y": 675}, "inputs": {"left": false, "right": false, "up": false, "down": true}}
2025-09-23 18:43:00,405 - game_server - INFO - log_game_event:61 - Игровое событие: обновление_позиции - {"client_id": 0, "position": {"x": 960, "y": 680}, "inputs": {"left": false, "right": false, "up": false, "down": true}}
2025-09-23 18:43:00,440 - game_server - INFO - log_game_event:61 - Игровое событие: обновление_позиции - {"client_id": 0, "position": {"x": 960, "y": 685}, "inputs": {"left": false, "right": false, "up": false, "down": true}}
2025-09-23 18:43:00,478 - game_server - INFO - log_game_event:61 - Игровое событие: обновление_позиции - {"client_id": 0, "position": {"x": 960, "y": 690}, "inputs": {"left": false, "right": false, "up": false, "down": true}}
2025-09-23 18:43:00,513 - game_server - INFO - log_game_event:61 - Игровое событие: обновление_позиции - {"client_id": 0, "position": {"x": 960, "y": 695}, "inputs": {"left": false, "right": false, "up": false, "down": true}}
2025-09-23 18:43:00,549 - game_server - INFO - log_game_event:61 - Игровое событие: обновление_позиции - {"client_id": 0, "position": {"x": 960, "y": 700}, "inputs": {"left": false, "right": false, "up": false, "down": true}}
2025-09-23 18:43:00,583 - game_server - INFO - log_game_event:61 - Игровое событие: обновление_позиции - {"client_id": 0, "position": {"x": 960, "y": 705}, "inputs": {"left": false, "right": false, "up": false, "down": true}}
2025-09-23 18:43:00,620 - game_server - INFO - log_game_event:61 - Игровое событие: обновление_позиции - {"client_id": 0, "position": {"x": 960, "y": 710}, "inputs": {"left": false, "right": false, "up": false, "down": true}}
2025-09-23 18:43:00,655 - game_server - INFO - log_game_event:61 - Игровое событие: обновление_позиции - {"client_id": 0, "position": {"x": 960, "y": 715}, "inputs": {"left": false, "right": false, "up": false, "down": true}}
2025-09-23 18:43:00,690 - game_server - INFO - log_game_event:61 - Игровое событие: обновление_позиции - {"client_id": 0, "position": {"x": 960, "y": 720}, "inputs": {"left": false, "right": false, "up": false, "down": true}}
2025-09-23 18:43:00,726 - game_server - INFO - log_game_event:61 - Игровое событие: обновление_позиции - {"client_id": 0, "position": {"x": 960, "y": 725}, "inputs": {"left": false, "right": false, "up": false, "down": true}}
2025-09-23 18:43:00,761 - game_server - INFO - log_game_event:61 - Игровое событие: обновление_позиции - {"client_id": 0, "position": {"x": 960, "y": 730}, "inputs": {"left": false, "right": false, "up": false, "down": true}}
2025-09-23 18:43:00,798 - game_server - INFO - log_game_event:61 - Игровое событие: обновление_позиции - {"client_id": 0, "position": {"x": 960, "y": 735}, "inputs": {"left": false, "right": false, "up": false, "down": true}}
2025-09-23 18:43:00,832 - game_server - INFO - log_game_event:61 - Игровое событие: обновление_позиции - {"client_id": 0, "position": {"x": 960, "y": 740}, "inputs": {"left": false, "right": false, "up": false, "down": true}}
2025-09-23 18:43:00,866 - game_server - INFO - log_game_event:61 - Игровое событие: обновление_позиции - {"client_id": 0, "position": {"x": 960, "y": 745}, "inputs": {"left": false, "right": false, "up": false, "down": true}}
2025-09-23 18:43:00,898 - game_server - INFO - log_game_event:61 - Игровое событие: обновление_позиции - {"client_id": 0, "position": {"x": 960, "y": 750}, "inputs": {"left": false, "right": false, "up": false, "down": true}}
2025-09-23 18:43:00,936 - game_server - INFO - log_game_event:61 - Игровое событие: обновление_позиции - {"client_id": 0, "position": {"x": 960, "y": 755}, "inputs": {"left": false, "right": false, "up": false, "down": true}}
2025-09-23 18:43:00,971 - game_server - INFO - log_game_event:61 - Игровое событие: обновление_позиции - {"client_id": 0, "position": {"x": 960, "y": 760}, "inputs": {"left": false, "right": false, "up": false, "down": true}}
2025-09-23 18:43:01,007 - game_server - INFO - log_game_event:61 - Игровое событие: обновление_позиции - {"client_id": 0, "position": {"x": 960, "y": 760}, "inputs": {"left": false, "right": false, "up": false, "down": false}}
2025-09-23 18:43:01,042 - game_server - INFO - log_game_event:61 - Игровое событие: обновление_позиции - {"client_id": 0, "position": {"x": 960, "y": 760}, "inputs": {"left": false, "right": false, "up": false, "down": false}}
2025-09-23 18:43:01,077 - game_server - INFO - log_game_event:61 - Игровое событие: обновление_позиции - {"client_id": 0, "position": {"x": 960, "y": 760}, "inputs": {"left": false, "right": false, "up": false, "down": false}}
2025-09-23 18:43:01,109 - game_server - INFO - log_game_event:61 - Игровое событие: обновление_позиции - {"client_id": 0, "position": {"x": 960, "y": 760}, "inputs": {"left": false, "right": false, "up": false, "down": false}}
2025-09-23 18:43:01,141 - game_server - INFO - log_game_event:61 - Игровое событие: обновление_позиции - {"client_id": 0, "position": {"x": 960, "y": 760}, "inputs": {"left": false, "right": false, "up": false, "down": false}}
2025-09-23 18:43:01,175 - game_server - INFO - log_game_event:61 - Игровое событие: обновление_позиции - {"client_id": 0, "position": {"x": 960, "y": 760}, "inputs": {"left": false, "right": false, "up": false, "down": false}}
2025-09-23 18:43:01,211 - game_server - INFO - log_game_event:61 - Игровое событие: обновление_позиции - {"client_id": 0, "position": {"x": 960, "y": 760}, "inputs": {"left": false, "right": false, "up": false, "down": false}}
2025-09-23 18:43:01,244 - game_server - INFO - log_game_event:61 - Игровое событие: обновление_позиции - {"client_id": 0, "position": {"x": 960, "y": 760}, "inputs": {"left": false, "right": false, "up": false, "down": false}}
2025-09-23 18:43:01,276 - game_server - INFO - log_game_event:61 - Игровое событие: обновление_позиции - {"client_id": 0, "position": {"x": 960, "y": 760}, "inputs": {"left": false, "right": false, "up": false, "down": false}}
2025-09-23 18:43:01,310 - game_server - INFO - log_game_event:61 - Игровое событие: обновление_позиции - {"client_id": 0, "position": {"x": 960, "y": 760}, "inputs": {"left": false, "right": false, "up": false, "down": false}}
2025-09-23 18:43:01,345 - game_server - INFO - log_game_event:61 - Игровое событие: обновление_позиции - {"client_id": 0, "position": {"x": 960, "y": 760}, "inputs": {"left": false, "right": false, "up": false, "down": false}}
2025-09-23 18:43:01,379 - game_server - INFO - log_game_event:61 - Игровое событие: обновление_позиции - {"client_id": 0, "position": {"x": 960, "y": 760}, "inputs": {"left": false, "right": false, "up": false, "down": false}}
2025-09-23 18:43:01,412 - game_server - INFO - log_game_event:61 - Игровое событие: обновление_позиции - {"client_id": 0, "position": {"x": 960, "y": 760}, "inputs": {"left": false, "right": false, "up": false, "down": false}}
2025-09-23 18:43:01,445 - game_server - INFO - log_game_event:61 - Игровое событие: обновление_позиции - {"client_id": 0, "position": {"x": 960, "y": 760}, "inputs": {"left": false, "right": false, "up": false, "down": false}}
2025-09-23 18:43:01,478 - game_server - INFO - log_game_event:61 - Игровое событие: обновление_позиции - {"client_id": 0, "position": {"x": 960, "y": 760}, "inputs": {"left": false, "right": false, "up": false, "down": false}}
2025-09-23 18:43:01,511 - game_server - INFO - log_game_event:61 - Игровое событие: обновление_позиции - {"client_id": 0, "position": {"x": 960, "y": 760}, "inputs": {"left": false, "right": false, "up": false, "down": false}}
2025-09-23 18:43:01,545 - game_server - INFO - log_game_event:61 - Игровое событие: обновление_позиции - {"client_id": 0, "position": {"x": 960, "y": 760}, "inputs": {"left": false, "right": false, "up": false, "down": false}}
2025-09-23 18:43:01,579 - game_server - INFO - log_game_event:61 - Игровое событие: обновление_позиции - {"client_id": 0, "position": {"x": 960, "y": 760}, "inputs": {"left": false, "right": false, "up": false, "down": false}}
2025-09-23 18:43:01,614 - game_server - INFO - log_game_event:61 - Игровое событие: обновление_позиции - {"client_id": 0, "position": {"x": 960, "y": 760}, "inputs": {"left": false, "right": false, "up": false, "down": false}}
2025-09-23 18:43:01,647 - game_server - INFO - log_game_event:61 - Игровое событие: обновление_позиции - {"client_id": 0, "position": {"x": 960, "y": 760}, "inputs": {"left": false, "right": false, "up": false, "down": false}}
2025-09-23 18:43:01,680 - game_server - INFO - log_game_event:61 - Игровое событие: обновление_позиции - {"client_id": 0, "position": {"x": 960, "y": 760}, "inputs": {"left": false, "right": false, "up": false, "down": false}}
2025-09-23 18:43:01,719 - game_server - INFO - log_game_event:61 - Игровое событие: обновление_позиции - {"client_id": 0, "position": {"x": 960, "y": 760}, "inputs": {"left": false, "right": false, "up": false, "down": false}}
2025-09-23 18:43:01,753 - game_server - INFO - log_game_event:61 - Игровое событие: обновление_позиции - {"client_id": 0, "position": {"x": 960, "y": 760}, "inputs": {"left": false, "right": false, "up": false, "down": false}}
2025-09-23 18:43:01,786 - game_server - INFO - log_game_event:61 - Игровое событие: обновление_позиции - {"client_id": 0, "position": {"x": 960, "y": 760}, "inputs": {"left": false, "right": false, "up": false, "down": false}}
2025-09-23 18:43:01,820 - game_server - INFO - log_game_event:61 - Игровое событие: обновление_позиции - {"client_id": 0, "position": {"x": 960, "y": 760}, "inputs": {"left": false, "right": false, "up": false, "down": false}}
2025-09-23 18:43:01,855 - game_server - INFO - log_game_event:61 - Игровое событие: обновление_позиции - {"client_id": 0, "position": {"x": 960, "y": 760}, "inputs": {"left": false, "right": false, "up": false, "down": false}}
2025-09-23 18:43:02,162 - game_server - INFO - log_game_event:61 - Игровое событие: обновление_позиции - {"client_id": 0, "position": {"x": 960, "y": 760}, "inputs": {"left": false, "right": false, "up": false, "down": false}}
2025-09-23 18:43:02,196 - game_server - INFO - log_game_event:61 - Игровое событие: обновление_позиции - {"client_id": 0, "position": {"x": 960, "y": 760}, "inputs": {"left": false, "right": false, "up": false, "down": false}}
2025-09-23 18:43:02,224 - game_server - INFO - log_game_event:61 - Игровое событие: обновление_позиции - {"client_id": 0, "position": {"x": 960, "y": 760}, "inputs": {"left": false, "right": false, "up": false, "down": false}}
2025-09-23 18:43:02,250 - game_server - INFO - log_game_event:61 - Игровое событие: обновление_позиции - {"client_id": 0, "position": {"x": 960, "y": 760}, "inputs": {"left": false, "right": false, "up": false, "down": false}}
2025-09-23 18:43:02,284 - game_server - INFO - log_game_event:61 - Игровое событие: обновление_позиции - {"client_id": 0, "position": {"x": 960, "y": 760}, "inputs": {"left": false, "right": false, "up": false, "down": false}}
2025-09-23 18:43:02,306 - game_server - INFO - log_game_event:61 - Игровое событие: обновление_позиции - {"client_id": 0, "position": {"x": 960, "y": 760}, "inputs": {"left": false, "right": false, "up": false, "down": false}}
2025-09-23 18:43:02,335 - game_server - INFO - log_game_event:61 - Игровое событие: обновление_позиции - {"client_id": 0, "position": {"x": 960, "y": 760}, "inputs": {"left": false, "right": false, "up": false, "down": false}}
2025-09-23 18:43:02,367 - game_server - INFO - log_game_event:61 - Игровое событие: обновление_позиции - {"client_id": 0, "position": {"x": 960, "y": 760}, "inputs": {"left": false, "right": false, "up": false, "down": false}}
2025-09-23 18:43:02,401 - game_server - INFO - log_game_event:61 - Игровое событие: обновление_позиции - {"client_id": 0, "position": {"x": 960, "y": 760}, "inputs": {"left": false, "right": false, "up": false, "down": false}}
2025-09-23 18:43:02,435 - game_server - INFO - log_game_event:61 - Игровое событие: обновление_позиции - {"client_id": 0, "position": {"x": 960, "y": 760}, "inputs": {"left": false, "right": false, "up": false, "down": false}}
2025-09-23 18:43:02,465 - game_server - INFO - log_game_event:61 - Игровое событие: обновление_позиции - {"client_id": 0, "position": {"x": 960, "y": 760}, "inputs": {"left": false, "right": false, "up": false, "down": false}}
2025-09-23 18:43:02,495 - game_server - INFO - log_game_event:61 - Игровое событие: обновление_позиции - {"client_id": 0, "position": {"x": 960, "y": 760}, "inputs": {"left": false, "right": false, "up": false, "down": false}}
2025-09-23 18:43:02,524 - game_server - INFO - log_game_event:61 - Игровое событие: обновление_позиции - {"client_id": 0, "position": {"x": 960, "y": 760}, "inputs": {"left": false, "right": false, "up": false, "down": false}}
2025-09-23 18:43:02,560 - game_server - INFO - log_game_event:61 - Игровое событие: обновление_позиции - {"client_id": 0, "position": {"x": 960, "y": 760}, "inputs": {"left": false, "right": false, "up": false, "down": false}}
2025-09-23 18:43:02,594 - game_server - INFO - log_game_event:61 - Игровое событие: обновление_позиции - {"client_id": 0, "position": {"x": 960, "y": 760}, "inputs": {"left": false, "right": false, "up": false, "down": false}}
2025-09-23 18:43:02,628 - game_server - INFO - log_game_event:61 - Игровое событие: обновление_позиции - {"client_id": 0, "position": {"x": 960, "y": 760}, "inputs": {"left": false, "right": false, "up": false, "down": false}}
2025-09-23 18:43:02,662 - game_server - INFO - log_game_event:61 - Игровое событие: обновление_позиции - {"client_id": 0, "position": {"x": 960, "y": 760}, "inputs": {"left": false, "right": false, "up": false, "down": false}}
2025-09-23 18:43:02,695 - game_server - INFO - log_game_event:61 - Игровое событие: обновление_позиции - {"client_id": 0, "position": {"x": 960, "y": 760}, "inputs": {"left": false, "right": false, "up": false, "down": false}}
2025-09-23 18:43:02,730 - game_server - INFO - log_game_event:61 - Игровое событие: обновление_позиции - {"client_id": 0, "position": {"x": 960, "y": 760}, "inputs": {"left": false, "right": false, "up": false, "down": false}}
2025-09-23 18:43:02,763 - game_server - INFO - log_game_event:61 - Игровое событие: обновление_позиции - {"client_id": 0, "position": {"x": 960, "y": 760}, "inputs": {"left": false, "right": false, "up": false, "down": false}}
2025-09-23 18:43:02,795 - game_server - INFO - log_game_event:61 - Игровое событие: обновление_позиции - {"client_id": 0, "position": {"x": 960, "y": 760}, "inputs": {"left": false, "right": false, "up": false, "down": false}}
2025-09-23 18:43:02,822 - game_server - INFO - log_game_event:61 - Игровое событие: обновление_позиции - {"client_id": 0, "position": {"x": 960, "y": 760}, "inputs": {"left": false, "right": false, "up": false, "down": false}}
2025-09-23 18:43:02,853 - game_server - INFO - log_game_event:61 - Игровое событие: обновление_позиции - {"client_id": 0, "position": {"x": 960, "y": 760}, "inputs": {"left": false, "right": false, "up": false, "down": false}}
2025-09-23 18:43:02,882 - game_server - INFO - log_game_event:61 - Игровое событие: обновление_позиции - {"client_id": 0, "position": {"x": 960, "y": 760}, "inputs": {"left": false, "right": false, "up": false, "down": false}}
2025-09-23 18:43:02,910 - game_server - INFO - log_game_event:61 - Игровое событие: обновление_позиции - {"client_id": 0, "position": {"x": 960, "y": 760}, "inputs": {"left": false, "right": false, "up": false, "down": false}}
2025-09-23 18:43:02,944 - game_server - INFO - log_game_event:61 - Игровое событие: обновление_позиции - {"client_id": 0, "position": {"x": 960, "y": 760}, "inputs": {"left": false, "right": false, "up": false, "down": false}}
2025-09-23 18:43:02,979 - game_server - INFO - log_game_event:61 - Игровое событие: обновление_позиции - {"client_id": 0, "position": {"x": 960, "y": 760}, "inputs": {"left": false, "right": false, "up": false, "down": false}}
2025-09-23 18:43:03,013 - game_server - INFO - log_game_event:61 - Игровое событие: обновление_позиции - {"client_id": 0, "position": {"x": 960, "y": 760}, "inputs": {"left": false, "right": false, "up": false, "down": false}}
2025-09-23 18:43:03,044 - game_server - INFO - log_game_event:61 - Игровое событие: обновление_позиции - {"client_id": 0, "position": {"x": 960, "y": 760}, "inputs": {"left": false, "right": false, "up": false, "down": false}}
2025-09-23 18:43:03,078 - game_server - INFO - log_game_event:61 - Игровое событие: обновление_позиции - {"client_id": 0, "position": {"x": 960, "y": 760}, "inputs": {"left": false, "right": false, "up": false, "down": false}}
2025-09-23 18:43:03,112 - game_server - INFO - log_game_event:61 - Игровое событие: обновление_позиции - {"client_id": 0, "position": {"x": 960, "y": 760}, "inputs": {"left": false, "right": false, "up": false, "down": false}}
2025-09-23 18:43:03,143 - game_server - INFO - log_game_event:61 - Игровое событие: обновление_позиции - {"client_id": 0, "position": {"x": 960, "y": 760}, "inputs": {"left": false, "right": false, "up": false, "down": false}}
2025-09-23 18:43:03,178 - game_server - INFO - log_game_event:61 - Игровое событие: обновление_позиции - {"client_id": 0, "position": {"x": 960, "y": 760}, "inputs": {"left": false, "right": false, "up": false, "down": false}}
2025-09-23 18:43:03,211 - game_server - INFO - log_game_event:61 - Игровое событие: обновление_позиции - {"client_id": 0, "position": {"x": 960, "y": 760}, "inputs": {"left": false, "right": false, "up": false, "down": false}}
2025-09-23 18:43:03,244 - game_server - INFO - log_game_event:61 - Игровое событие: обновление_позиции - {"client_id": 0, "position": {"x": 960, "y": 760}, "inputs": {"left": false, "right": false, "up": false, "down": false}}
2025-09-23 18:43:03,279 - game_server - INFO - log_game_event:61 - Игровое событие: обновление_позиции - {"client_id": 0, "position": {"x": 960, "y": 760}, "inputs": {"left": false, "right": false, "up": false, "down": false}}
2025-09-23 18:43:03,313 - game_server - INFO - log_game_event:61 - Игровое событие: обновление_позиции - {"client_id": 0, "position": {"x": 960, "y": 760}, "inputs": {"left": false, "right": false, "up": false, "down": false}}
2025-09-23 18:43:03,347 - game_server - INFO - log_game_event:61 - Игровое событие: обновление_позиции - {"client_id": 0, "position": {"x": 960, "y": 760}, "inputs": {"left": false, "right": false, "up": false, "down": false}}
2025-09-23 18:43:03,380 - game_server - INFO - log_game_event:61 - Игровое событие: обновление_позиции - {"client_id": 0, "position": {"x": 960, "y": 760}, "inputs": {"left": false, "right": false, "up": false, "down": false}}
2025-09-23 18:43:03,414 - game_server - INFO - log_game_event:61 - Игровое событие: обновление_позиции - {"client_id": 0, "position": {"x": 960, "y": 760}, "inputs": {"left": false, "right": false, "up": false, "down": false}}
2025-09-23 18:43:03,447 - game_server - INFO - log_game_event:61 - Игровое событие: обновление_позиции - {"client_id": 0, "position": {"x": 960, "y": 760}, "inputs": {"left": false, "right": false, "up": false, "down": false}}
2025-09-23 18:43:03,481 - game_server - INFO - log_game_event:61 - Игровое событие: обновление_позиции - {"client_id": 0, "position": {"x": 960, "y": 760}, "inputs": {"left": false, "right": false, "up": false, "down": false}}
2025-09-23 18:43:03,516 - game_server - INFO - log_game_event:61 - Игровое событие: обновление_позиции - {"client_id": 0, "position": {"x": 960, "y": 760}, "inputs": {"left": false, "right": false, "up": false, "down": false}}
2025-09-23 18:43:03,551 - game_server - INFO - log_game_event:61 - Игровое событие: обновление_позиции - {"client_id": 0, "position": {"x": 960, "y": 760}, "inputs": {"left": false, "right": false, "up": false, "down": false}}
2025-09-23 18:43:03,581 - game_server - INFO - log_game_event:61 - Игровое событие: обновление_позиции - {"client_id": 0, "position": {"x": 960, "y": 760}, "inputs": {"left": false, "right": false, "up": false, "down": false}}
2025-09-23 18:43:03,615 - game_server - INFO - log_game_event:61 - Игровое событие: обновление_позиции - {"client_id": 0, "position": {"x": 960, "y": 760}, "inputs": {"left": false, "right": false, "up": false, "down": false}}
2025-09-23 18:43:03,649 - game_server - INFO - log_game_event:61 - Игровое событие: обновление_позиции - {"client_id": 0, "position": {"x": 960, "y": 760}, "inputs": {"left": false, "right": false, "up": false, "down": false}}
2025-09-23 18:43:03,682 - game_server - INFO - log_game_event:61 - Игровое событие: обновление_позиции - {"client_id": 0, "position": {"x": 960, "y": 760}, "inputs": {"left": false, "right": false, "up": false, "down": false}}
2025-09-23 18:43:03,715 - game_server - INFO - log_game_event:61 - Игровое событие: обновление_позиции - {"client_id": 0, "position": {"x": 960, "y": 760}, "inputs": {"left": false, "right": false, "up": false, "down": false}}
2025-09-23 18:43:03,749 - game_server - INFO - log_game_event:61 - Игровое событие: обновление_позиции - {"client_id": 0, "position": {"x": 960, "y": 760}, "inputs": {"left": false, "right": false, "up": false, "down": false}}
2025-09-23 18:43:03,778 - game_server - INFO - log_game_event:61 - Игровое событие: обновление_позиции - {"client_id": 0, "position": {"x": 960, "y": 760}, "inputs": {"left": false, "right": false, "up": false, "down": false}}
2025-09-23 18:43:03,815 - game_server - INFO - log_game_event:61 - Игровое событие: обновление_позиции - {"client_id": 0, "position": {"x": 960, "y": 760}, "inputs": {"left": false, "right": false, "up": false, "down": false}}
2025-09-23 18:43:03,847 - game_server - INFO - log_game_event:61 - Игровое событие: обновление_позиции - {"client_id": 0, "position": {"x": 960, "y": 760}, "inputs": {"left": false, "right": false, "up": false, "down": false}}
2025-09-23 18:43:03,872 - game_server - INFO - log_game_event:61 - Игровое событие: обновление_позиции - {"client_id": 0, "position": {"x": 960, "y": 760}, "inputs": {"left": false, "right": false, "up": false, "down": false}}
2025-09-23 18:43:03,906 - game_server - INFO - log_game_event:61 - Игровое событие: обновление_позиции - {"client_id": 0, "position": {"x": 960, "y": 760}, "inputs": {"left": false, "right": false, "up": false, "down": false}}
2025-09-23 18:43:03,933 - game_server - INFO - log_game_event:61 - Игровое событие: обновление_позиции - {"client_id": 0, "position": {"x": 960, "y": 760}, "inputs": {"left": false, "right": false, "up": false, "down": false}}
2025-09-23 18:43:03,958 - game_server - INFO - log_game_event:61 - Игровое событие: обновление_позиции - {"client_id": 0, "position": {"x": 960, "y": 760}, "inputs": {"left": false, "right": false, "up": false, "down": false}}
2025-09-23 18:43:03,981 - game_server - INFO - log_game_event:61 - Игровое событие: обновление_позиции - {"client_id": 0, "position": {"x": 960, "y": 760}, "inputs": {"left": false, "right": false, "up": false, "down": false}}
2025-09-23 18:43:04,004 - game_server - INFO - log_game_event:61 - Игровое событие: обновление_позиции - {"client_id": 0, "position": {"x": 960, "y": 760}, "inputs": {"left": false, "right": false, "up": false, "down": false}}
2025-09-23 18:43:04,028 - game_server - INFO - log_game_event:61 - Игровое событие: обновление_позиции - {"client_id": 0, "position": {"x": 960, "y": 760}, "inputs": {"left": false, "right": false, "up": false, "down": false}}
2025-09-23 18:43:04,052 - game_server - INFO - log_game_event:61 - Игровое событие: обновление_позиции - {"client_id": 0, "position": {"x": 960, "y": 760}, "inputs": {"left": false, "right": false, "up": false, "down": false}}
2025-09-23 18:43:04,076 - game_server - INFO - log_game_event:61 - Игровое событие: обновление_позиции - {"client_id": 0, "position": {"x": 960, "y": 760}, "inputs": {"left": false, "right": false, "up": false, "down": false}}
2025-09-23 18:43:04,101 - game_server - INFO - log_game_event:61 - Игровое событие: обновление_позиции - {"client_id": 0, "position": {"x": 960, "y": 760}, "inputs": {"left": false, "right": false, "up": false, "down": false}}
2025-09-23 18:43:04,126 - game_server - INFO - log_game_event:61 - Игровое событие: обновление_позиции - {"client_id": 0, "position": {"x": 960, "y": 760}, "inputs": {"left": false, "right": false, "up": false, "down": false}}
2025-09-23 18:43:04,157 - game_server - INFO - log_game_event:61 - Игровое событие: обновление_позиции - {"client_id": 0, "position": {"x": 960, "y": 760}, "inputs": {"left": false, "right": false, "up": false, "down": false}}
2025-09-23 18:43:04,187 - game_server - INFO - log_game_event:61 - Игровое событие: обновление_позиции - {"client_id": 0, "position": {"x": 960, "y": 760}, "inputs": {"left": false, "right": false, "up": false, "down": false}}
2025-09-23 18:43:04,217 - game_server - INFO - log_game_event:61 - Игровое событие: обновление_позиции - {"client_id": 0, "position": {"x": 960, "y": 760}, "inputs": {"left": false, "right": false, "up": false, "down": false}}
2025-09-23 18:43:04,239 - game_server - INFO - log_game_event:61 - Игровое событие: обновление_позиции - {"client_id": 0, "position": {"x": 960, "y": 760}, "inputs": {"left": false, "right": false, "up": false, "down": false}}
2025-09-23 18:43:04,268 - game_server - INFO - log_game_event:61 - Игровое событие: обновление_позиции - {"client_id": 0, "position": {"x": 960, "y": 760}, "inputs": {"left": false, "right": false, "up": false, "down": false}}
2025-09-23 18:43:04,301 - game_server - INFO - log_game_event:61 - Игровое событие: обновление_позиции - {"client_id": 0, "position": {"x": 960, "y": 760}, "inputs": {"left": false, "right": false, "up": false, "down": false}}
2025-09-23 18:43:04,338 - game_server - INFO - log_game_event:61 - Игровое событие: обновление_позиции - {"client_id": 0, "position": {"x": 960, "y": 760}, "inputs": {"left": false, "right": false, "up": false, "down": false}}
2025-09-23 18:43:04,378 - game_server - INFO - log_game_event:61 - Игровое событие: обновление_позиции - {"client_id": 0, "position": {"x": 960, "y": 760}, "inputs": {"left": false, "right": false, "up": false, "down": false}}
2025-09-23 18:43:04,408 - game_server - INFO - log_game_event:61 - Игровое событие: обновление_позиции - {"client_id": 0, "position": {"x": 960, "y": 760}, "inputs": {"left": false, "right": false, "up": false, "down": false}}
2025-09-23 18:43:04,431 - game_server - INFO - log_game_event:61 - Игровое событие: обновление_позиции - {"client_id": 0, "position": {"x": 960, "y": 760}, "inputs": {"left": false, "right": false, "up": false, "down": false}}
2025-09-23 18:43:04,464 - game_server - INFO - log_game_event:61 - Игровое событие: обновление_позиции - {"client_id": 0, "position": {"x": 960, "y": 760}, "inputs": {"left": false, "right": false, "up": false, "down": false}}
2025-09-23 18:43:04,493 - game_server - INFO - log_game_event:61 - Игровое событие: обновление_позиции - {"client_id": 0, "position": {"x": 960, "y": 760}, "inputs": {"left": false, "right": false, "up": false, "down": false}}
2025-09-23 18:43:04,522 - game_server - INFO - log_game_event:61 - Игровое событие: обновление_позиции - {"client_id": 0, "position": {"x": 960, "y": 760}, "inputs": {"left": false, "right": false, "up": false, "down": false}}
2025-09-23 18:43:04,548 - game_server - INFO - log_game_event:61 - Игровое событие: обновление_позиции - {"client_id": 0, "position": {"x": 960, "y": 760}, "inputs": {"left": false, "right": false, "up": false, "down": false}}
2025-09-23 18:43:04,575 - game_server - INFO - log_game_event:61 - Игровое событие: обновление_позиции - {"client_id": 0, "position": {"x": 960, "y": 760}, "inputs": {"left": false, "right": false, "up": false, "down": false}}
2025-09-23 18:43:04,603 - game_server - INFO - log_game_event:61 - Игровое событие: обновление_позиции - {"client_id": 0, "position": {"x": 960, "y": 760}, "inputs": {"left": false, "right": false, "up": false, "down": false}}
2025-09-23 18:43:04,634 - game_server - INFO - log_game_event:61 - Игровое событие: обновление_позиции - {"client_id": 0, "position": {"x": 960, "y": 760}, "inputs": {"left": false, "right": false, "up": false, "down": false}}
2025-09-23 18:43:04,658 - game_server - INFO - log_game_event:61 - Игровое событие: обновление_позиции - {"client_id": 0, "position": {"x": 960, "y": 760}, "inputs": {"left": false, "right": false, "up": false, "down": false}}
2025-09-23 18:43:04,681 - game_server - INFO - log_game_event:61 - Игровое событие: обновление_позиции - {"client_id": 0, "position": {"x": 960, "y": 760}, "inputs": {"left": false, "right": false, "up": false, "down": false}}
2025-09-23 18:43:04,705 - game_server - INFO - log_game_event:61 - Игровое событие: обновление_позиции - {"client_id": 0, "position": {"x": 960, "y": 760}, "inputs": {"left": false, "right": false, "up": false, "down": false}}
2025-09-23 18:43:04,741 - game_server - INFO - log_game_event:61 - Игровое событие: обновление_позиции - {"client_id": 0, "position": {"x": 960, "y": 760}, "inputs": {"left": false, "right": false, "up": false, "down": false}}
2025-09-23 18:43:04,769 - game_server - INFO - log_game_event:61 - Игровое событие: обновление_позиции - {"client_id": 0, "position": {"x": 960, "y": 760}, "inputs": {"left": false, "right": false, "up": false, "down": false}}
2025-09-23 18:43:04,794 - game_server - INFO - log_game_event:61 - Игровое событие: обновление_позиции - {"client_id": 0, "position": {"x": 960, "y": 760}, "inputs": {"left": false, "right": false, "up": false, "down": false}}
2025-09-23 18:43:04,816 - game_server - INFO - log_game_event:61 - Игровое событие: обновление_позиции - {"client_id": 0, "position": {"x": 960, "y": 760}, "inputs": {"left": false, "right": false, "up": false, "down": false}}
2025-09-23 18:43:04,840 - game_server - INFO - log_game_event:61 - Игровое событие: обновление_позиции - {"client_id": 0, "position": {"x": 960, "y": 760}, "inputs": {"left": false, "right": false, "up": false, "down": false}}
2025-09-23 18:43:04,870 - game_server - INFO - log_game_event:61 - Игровое событие: обновление_позиции - {"client_id": 0, "position": {"x": 960, "y": 760}, "inputs": {"left": false, "right": false, "up": false, "down": false}}
2025-09-23 18:43:04,900 - game_server - INFO - log_game_event:61 - Игровое событие: обновление_позиции - {"client_id": 0, "position": {"x": 960, "y": 760}, "inputs": {"left": false, "right": false, "up": false, "down": false}}
2025-09-23 18:43:04,931 - game_server - INFO - log_game_event:61 - Игровое событие: обновление_позиции - {"client_id": 0, "position": {"x": 960, "y": 760}, "inputs": {"left": false, "right": false, "up": false, "down": false}}
2025-09-23 18:43:04,956 - game_server - INFO - log_game_event:61 - Игровое событие: обновление_позиции - {"client_id": 0, "position": {"x": 960, "y": 760}, "inputs": {"left": false, "right": false, "up": false, "down": false}}
2025-09-23 18:43:04,986 - game_server - INFO - log_game_event:61 - Игровое событие: обновление_позиции - {"client_id": 0, "position": {"x": 960, "y": 760}, "inputs": {"left": false, "right": false, "up": false, "down": false}}
2025-09-23 18:43:05,010 - game_server - INFO - log_game_event:61 - Игровое событие: обновление_позиции - {"client_id": 0, "position": {"x": 960, "y": 760}, "inputs": {"left": false, "right": false, "up": false, "down": false}}
2025-09-23 18:43:05,035 - game_server - INFO - log_game_event:61 - Игровое событие: обновление_позиции - {"client_id": 0, "position": {"x": 960, "y": 760}, "inputs": {"left": false, "right": false, "up": false, "down": false}}
2025-09-23 18:43:05,060 - game_server - INFO - log_game_event:61 - Игровое событие: обновление_позиции - {"client_id": 0, "position": {"x": 960, "y": 760}, "inputs": {"left": false, "right": false, "up": false, "down": false}}
2025-09-23 18:43:05,088 - game_server - INFO - log_game_event:61 - Игровое событие: обновление_позиции - {"client_id": 0, "position": {"x": 960, "y": 760}, "inputs": {"left": false, "right": false, "up": false, "down": false}}
2025-09-23 18:43:05,116 - game_server - INFO - log_game_event:61 - Игровое событие: обновление_позиции - {"client_id": 0, "position": {"x": 960, "y": 760}, "inputs": {"left": false, "right": false, "up": false, "down": false}}
2025-09-23 18:43:05,143 - game_server - INFO - log_game_event:61 - Игровое событие: обновление_позиции - {"client_id": 0, "position": {"x": 960, "y": 760}, "inputs": {"left": false, "right": false, "up": false, "down": false}}
2025-09-23 18:43:05,172 - game_server - INFO - log_game_event:61 - Игровое событие: обновление_позиции - {"client_id": 0, "position": {"x": 960, "y": 760}, "inputs": {"left": false, "right": false, "up": false, "down": false}}
2025-09-23 18:43:05,196 - game_server - INFO - log_game_event:61 - Игровое событие: обновление_позиции - {"client_id": 0, "position": {"x": 960, "y": 760}, "inputs": {"left": false, "right": false, "up": false, "down": false}}
2025-09-23 18:43:05,220 - game_server - INFO - log_game_event:61 - Игровое событие: обновление_позиции - {"client_id": 0, "position": {"x": 960, "y": 760}, "inputs": {"left": false, "right": false, "up": false, "down": false}}
2025-09-23 18:43:05,246 - game_server - INFO - log_game_event:61 - Игровое событие: обновление_позиции - {"client_id": 0, "position": {"x": 960, "y": 760}, "inputs": {"left": false, "right": false, "up": false, "down": false}}
2025-09-23 18:43:05,269 - game_server - INFO - log_game_event:61 - Игровое событие: обновление_позиции - {"client_id": 0, "position": {"x": 960, "y": 760}, "inputs": {"left": false, "right": false, "up": false, "down": false}}
2025-09-23 18:43:05,294 - game_server - INFO - log_game_event:61 - Игровое событие: обновление_позиции - {"client_id": 0, "position": {"x": 960, "y": 760}, "inputs": {"left": false, "right": false, "up": false, "down": false}}
2025-09-23 18:43:05,321 - game_server - INFO - log_game_event:61 - Игровое событие: обновление_позиции - {"client_id": 0, "position": {"x": 960, "y": 760}, "inputs": {"left": false, "right": false, "up": false, "down": false}}
2025-09-23 18:43:05,354 - game_server - INFO - log_game_event:61 - Игровое событие: обновление_позиции - {"client_id": 0, "position": {"x": 960, "y": 760}, "inputs": {"left": false, "right": false, "up": false, "down": false}}
2025-09-23 18:43:05,379 - game_server - INFO - log_game_event:61 - Игровое событие: обновление_позиции - {"client_id": 0, "position": {"x": 960, "y": 760}, "inputs": {"left": false, "right": false, "up": false, "down": false}}
2025-09-23 18:43:05,401 - game_server - INFO - log_game_event:61 - Игровое событие: обновление_позиции - {"client_id": 0, "position": {"x": 960, "y": 760}, "inputs": {"left": false, "right": false, "up": false, "down": false}}
2025-09-23 18:43:05,423 - game_server - INFO - log_game_event:61 - Игровое событие: обновление_позиции - {"client_id": 0, "position": {"x": 960, "y": 760}, "inputs": {"left": false, "right": false, "up": false, "down": false}}
2025-09-23 18:43:05,446 - game_server - INFO - log_game_event:61 - Игровое событие: обновление_позиции - {"client_id": 0, "position": {"x": 960, "y": 760}, "inputs": {"left": false, "right": false, "up": false, "down": false}}
2025-09-23 18:43:05,467 - game_server - INFO - log_game_event:61 - Игровое событие: обновление_позиции - {"client_id": 0, "position": {"x": 960, "y": 760}, "inputs": {"left": false, "right": false, "up": false, "down": false}}
2025-09-23 18:43:05,492 - game_server - INFO - log_game_event:61 - Игровое событие: обновление_позиции - {"client_id": 0, "position": {"x": 960, "y": 760}, "inputs": {"left": false, "right": false, "up": false, "down": false}}
2025-09-23 18:43:05,518 - game_server - INFO - log_game_event:61 - Игровое событие: обновление_позиции - {"client_id": 0, "position": {"x": 960, "y": 760}, "inputs": {"left": false, "right": false, "up": false, "down": false}}
2025-09-23 18:43:05,552 - game_server - INFO - log_game_event:61 - Игровое событие: обновление_позиции - {"client_id": 0, "position": {"x": 960, "y": 760}, "inputs": {"left": false, "right": false, "up": false, "down": false}}
2025-09-23 18:43:05,581 - game_server - INFO - log_game_event:61 - Игровое событие: обновление_позиции - {"client_id": 0, "position": {"x": 960, "y": 760}, "inputs": {"left": false, "right": false, "up": false, "down": false}}
2025-09-23 18:43:05,614 - game_server - INFO - log_game_event:61 - Игровое событие: обновление_позиции - {"client_id": 0, "position": {"x": 960, "y": 760}, "inputs": {"left": false, "right": false, "up": false, "down": false}}
2025-09-23 18:43:05,644 - game_server - INFO - log_game_event:61 - Игровое событие: обновление_позиции - {"client_id": 0, "position": {"x": 960, "y": 760}, "inputs": {"left": false, "right": false, "up": false, "down": false}}
2025-09-23 18:43:05,675 - game_server - INFO - log_game_event:61 - Игровое событие: обновление_позиции - {"client_id": 0, "position": {"x": 960, "y": 760}, "inputs": {"left": false, "right": false, "up": false, "down": false}}
2025-09-23 18:43:05,705 - game_server - INFO - log_game_event:61 - Игровое событие: обновление_позиции - {"client_id": 0, "position": {"x": 960, "y": 760}, "inputs": {"left": false, "right": false, "up": false, "down": false}}
2025-09-23 18:43:05,735 - game_server - INFO - log_game_event:61 - Игровое событие: обновление_позиции - {"client_id": 0, "position": {"x": 960, "y": 760}, "inputs": {"left": false, "right": false, "up": false, "down": false}}
2025-09-23 18:43:05,769 - game_server - INFO - log_game_event:61 - Игровое событие: обновление_позиции - {"client_id": 0, "position": {"x": 960, "y": 760}, "inputs": {"left": false, "right": false, "up": false, "down": false}}
2025-09-23 18:43:05,802 - game_server - INFO - log_game_event:61 - Игровое событие: обновление_позиции - {"client_id": 0, "position": {"x": 960, "y": 760}, "inputs": {"left": false, "right": false, "up": false, "down": false}}
2025-09-23 18:43:05,826 - game_server - INFO - log_game_event:61 - Игровое событие: обновление_позиции - {"client_id": 0, "position": {"x": 960, "y": 760}, "inputs": {"left": false, "right": false, "up": false, "down": false}}
2025-09-23 18:43:05,848 - game_server - INFO - log_game_event:61 - Игровое событие: обновление_позиции - {"client_id": 0, "position": {"x": 960, "y": 760}, "inputs": {"left": false, "right": false, "up": false, "down": false}}
2025-09-23 18:43:05,870 - game_server - INFO - log_game_event:61 - Игровое событие: обновление_позиции - {"client_id": 0, "position": {"x": 960, "y": 760}, "inputs": {"left": false, "right": false, "up": false, "down": false}}
2025-09-23 18:43:05,897 - game_server - INFO - log_game_event:61 - Игровое событие: обновление_позиции - {"client_id": 0, "position": {"x": 960, "y": 760}, "inputs": {"left": false, "right": false, "up": false, "down": false}}
2025-09-23 18:43:05,919 - game_server - INFO - log_game_event:61 - Игровое событие: обновление_позиции - {"client_id": 0, "position": {"x": 960, "y": 760}, "inputs": {"left": false, "right": false, "up": false, "down": false}}
2025-09-23 18:43:05,942 - game_server - INFO - log_game_event:61 - Игровое событие: обновление_позиции - {"client_id": 0, "position": {"x": 960, "y": 760}, "inputs": {"left": false, "right": false, "up": false, "down": false}}
2025-09-23 18:43:05,964 - game_server - INFO - log_game_event:61 - Игровое событие: обновление_позиции - {"client_id": 0, "position": {"x": 960, "y": 760}, "inputs": {"left": false, "right": false, "up": false, "down": false}}
2025-09-23 18:43:05,986 - game_server - INFO - log_game_event:61 - Игровое событие: обновление_позиции - {"client_id": 0, "position": {"x": 960, "y": 760}, "inputs": {"left": false, "right": false, "up": false, "down": false}}
2025-09-23 18:43:06,009 - game_server - INFO - log_game_event:61 - Игровое событие: обновление_позиции - {"client_id": 0, "position": {"x": 960, "y": 760}, "inputs": {"left": false, "right": false, "up": false, "down": false}}
2025-09-23 18:43:06,033 - game_server - INFO - log_game_event:61 - Игровое событие: обновление_позиции - {"client_id": 0, "position": {"x": 960, "y": 760}, "inputs": {"left": false, "right": false, "up": false, "down": false}}
2025-09-23 18:43:06,060 - game_server - INFO - log_game_event:61 - Игровое событие: обновление_позиции - {"client_id": 0, "position": {"x": 960, "y": 760}, "inputs": {"left": false, "right": false, "up": false, "down": false}}
2025-09-23 18:43:06,082 - game_server - INFO - log_game_event:61 - Игровое событие: обновление_позиции - {"client_id": 0, "position": {"x": 960, "y": 760}, "inputs": {"left": false, "right": false, "up": false, "down": false}}
2025-09-23 18:43:06,104 - game_server - INFO - log_game_event:61 - Игровое событие: обновление_позиции - {"client_id": 0, "position": {"x": 960, "y": 760}, "inputs": {"left": false, "right": false, "up": false, "down": false}}
2025-09-23 18:43:06,137 - game_server - INFO - log_game_event:61 - Игровое событие: обновление_позиции - {"client_id": 0, "position": {"x": 960, "y": 760}, "inputs": {"left": false, "right": false, "up": false, "down": false}}
2025-09-23 18:43:06,166 - game_server - INFO - log_game_event:61 - Игровое событие: обновление_позиции - {"client_id": 0, "position": {"x": 960, "y": 760}, "inputs": {"left": false, "right": false, "up": false, "down": false}}
2025-09-23 18:43:06,195 - game_server - INFO - log_game_event:61 - Игровое событие: обновление_позиции - {"client_id": 0, "position": {"x": 960, "y": 760}, "inputs": {"left": false, "right": false, "up": false, "down": false}}
2025-09-23 18:43:06,226 - game_server - INFO - log_game_event:61 - Игровое событие: обновление_позиции - {"client_id": 0, "position": {"x": 960, "y": 760}, "inputs": {"left": false, "right": false, "up": false, "down": false}}
2025-09-23 18:43:06,255 - game_server - INFO - log_game_event:61 - Игровое событие: обновление_позиции - {"client_id": 0, "position": {"x": 960, "y": 760}, "inputs": {"left": false, "right": false, "up": false, "down": false}}
2025-09-23 18:43:06,282 - game_server - INFO - log_game_event:61 - Игровое событие: обновление_позиции - {"client_id": 0, "position": {"x": 960, "y": 760}, "inputs": {"left": false, "right": false, "up": false, "down": false}}
2025-09-23 18:43:06,304 - game_server - INFO - log_game_event:61 - Игровое событие: обновление_позиции - {"client_id": 0, "position": {"x": 960, "y": 760}, "inputs": {"left": false, "right": false, "up": false, "down": false}}
2025-09-23 18:43:06,325 - game_server - INFO - log_game_event:61 - Игровое событие: обновление_позиции - {"client_id": 0, "position": {"x": 960, "y": 760}, "inputs": {"left": false, "right": false, "up": false, "down": false}}
2025-09-23 18:43:06,348 - game_server - INFO - log_game_event:61 - Игровое событие: обновление_позиции - {"client_id": 0, "position": {"x": 960, "y": 760}, "inputs": {"left": false, "right": false, "up": false, "down": false}}
2025-09-23 18:43:06,372 - game_server - INFO - log_game_event:61 - Игровое событие: обновление_позиции - {"client_id": 0, "position": {"x": 960, "y": 760}, "inputs": {"left": false, "right": false, "up": false, "down": false}}
2025-09-23 18:43:06,400 - game_server - INFO - log_game_event:61 - Игровое событие: обновление_позиции - {"client_id": 0, "position": {"x": 960, "y": 760}, "inputs": {"left": false, "right": false, "up": false, "down": false}}
2025-09-23 18:43:06,424 - game_server - INFO - log_game_event:61 - Игровое событие: обновление_позиции - {"client_id": 0, "position": {"x": 960, "y": 760}, "inputs": {"left": false, "right": false, "up": false, "down": false}}
2025-09-23 18:43:06,449 - game_server - INFO - log_game_event:61 - Игровое событие: обновление_позиции - {"client_id": 0, "position": {"x": 960, "y": 760}, "inputs": {"left": false, "right": false, "up": false, "down": false}}
2025-09-23 18:43:06,477 - game_server - INFO - log_game_event:61 - Игровое событие: обновление_позиции - {"client_id": 0, "position": {"x": 960, "y": 760}, "inputs": {"left": false, "right": false, "up": false, "down": false}}
2025-09-23 18:43:06,508 - game_server - INFO - log_game_event:61 - Игровое событие: обновление_позиции - {"client_id": 0, "position": {"x": 960, "y": 760}, "inputs": {"left": false, "right": false, "up": false, "down": false}}
2025-09-23 18:43:06,538 - game_server - INFO - log_game_event:61 - Игровое событие: обновление_позиции - {"client_id": 0, "position": {"x": 960, "y": 760}, "inputs": {"left": false, "right": false, "up": false, "down": false}}
2025-09-23 18:43:06,565 - game_server - INFO - log_game_event:61 - Игровое событие: обновление_позиции - {"client_id": 0, "position": {"x": 960, "y": 760}, "inputs": {"left": false, "right": false, "up": false, "down": false}}
2025-09-23 18:43:06,589 - game_server - INFO - log_game_event:61 - Игровое событие: обновление_позиции - {"client_id": 0, "position": {"x": 960, "y": 760}, "inputs": {"left": false, "right": false, "up": false, "down": false}}
2025-09-23 18:43:06,613 - game_server - INFO - log_game_event:61 - Игровое событие: обновление_позиции - {"client_id": 0, "position": {"x": 960, "y": 760}, "inputs": {"left": false, "right": false, "up": false, "down": false}}
2025-09-23 18:43:06,641 - game_server - INFO - log_game_event:61 - Игровое событие: обновление_позиции - {"client_id": 0, "position": {"x": 960, "y": 760}, "inputs": {"left": false, "right": false, "up": false, "down": false}}
2025-09-23 18:43:06,665 - game_server - INFO - log_game_event:61 - Игровое событие: обновление_позиции - {"client_id": 0, "position": {"x": 960, "y": 760}, "inputs": {"left": false, "right": false, "up": false, "down": false}}
2025-09-23 18:43:06,690 - game_server - INFO - log_game_event:61 - Игровое событие: обновление_позиции - {"client_id": 0, "position": {"x": 960, "y": 760}, "inputs": {"left": false, "right": false, "up": false, "down": false}}
2025-09-23 18:43:06,714 - game_server - INFO - log_game_event:61 - Игровое событие: обновление_позиции - {"client_id": 0, "position": {"x": 960, "y": 760}, "inputs": {"left": false, "right": false, "up": false, "down": false}}
2025-09-23 18:43:06,744 - game_server - INFO - log_game_event:61 - Игровое событие: обновление_позиции - {"client_id": 0, "position": {"x": 960, "y": 760}, "inputs": {"left": false, "right": false, "up": false, "down": false}}
2025-09-23 18:43:06,766 - game_server - INFO - log_game_event:61 - Игровое событие: обновление_позиции - {"client_id": 0, "position": {"x": 960, "y": 760}, "inputs": {"left": false, "right": false, "up": false, "down": false}}
2025-09-23 18:43:06,795 - game_server - INFO - log_game_event:61 - Игровое событие: обновление_позиции - {"client_id": 0, "position": {"x": 960, "y": 760}, "inputs": {"left": false, "right": false, "up": false, "down": false}}
2025-09-23 18:43:06,821 - game_server - INFO - log_game_event:61 - Игровое событие: обновление_позиции - {"client_id": 0, "position": {"x": 960, "y": 760}, "inputs": {"left": false, "right": false, "up": false, "down": false}}
2025-09-23 18:43:06,853 - game_server - INFO - log_game_event:61 - Игровое событие: обновление_позиции - {"client_id": 0, "position": {"x": 960, "y": 760}, "inputs": {"left": false, "right": false, "up": false, "down": false}}
2025-09-23 18:43:06,883 - game_server - INFO - log_game_event:61 - Игровое событие: обновление_позиции - {"client_id": 0, "position": {"x": 960, "y": 760}, "inputs": {"left": false, "right": false, "up": false, "down": false}}
2025-09-23 18:43:06,907 - game_server - INFO - log_game_event:61 - Игровое событие: обновление_позиции - {"client_id": 0, "position": {"x": 960, "y": 760}, "inputs": {"left": false, "right": false, "up": false, "down": false}}
2025-09-23 18:43:06,932 - game_server - INFO - log_game_event:61 - Игровое событие: обновление_позиции - {"client_id": 0, "position": {"x": 960, "y": 760}, "inputs": {"left": false, "right": false, "up": false, "down": false}}
2025-09-23 18:43:06,955 - game_server - INFO - log_game_event:61 - Игровое событие: обновление_позиции - {"client_id": 0, "position": {"x": 960, "y": 760}, "inputs": {"left": false, "right": false, "up": false, "down": false}}
2025-09-23 18:43:06,983 - game_server - INFO - log_game_event:61 - Игровое событие: обновление_позиции - {"client_id": 0, "position": {"x": 960, "y": 760}, "inputs": {"left": false, "right": false, "up": false, "down": false}}
2025-09-23 18:43:07,012 - game_server - INFO - log_game_event:61 - Игровое событие: обновление_позиции - {"client_id": 0, "position": {"x": 960, "y": 760}, "inputs": {"left": false, "right": false, "up": false, "down": false}}
2025-09-23 18:43:07,039 - game_server - INFO - log_game_event:61 - Игровое событие: обновление_позиции - {"client_id": 0, "position": {"x": 960, "y": 760}, "inputs": {"left": false, "right": false, "up": false, "down": false}}
2025-09-23 18:43:07,073 - game_server - INFO - log_game_event:61 - Игровое событие: обновление_позиции - {"client_id": 0, "position": {"x": 960, "y": 760}, "inputs": {"left": false, "right": false, "up": false, "down": false}}
2025-09-23 18:43:07,100 - game_server - INFO - log_game_event:61 - Игровое событие: обновление_позиции - {"client_id": 0, "position": {"x": 960, "y": 760}, "inputs": {"left": false, "right": false, "up": false, "down": false}}
2025-09-23 18:43:07,123 - game_server - INFO - log_game_event:61 - Игровое событие: обновление_позиции - {"client_id": 0, "position": {"x": 960, "y": 760}, "inputs": {"left": false, "right": false, "up": false, "down": false}}
2025-09-23 18:43:07,146 - game_server - INFO - log_game_event:61 - Игровое событие: обновление_позиции - {"client_id": 0, "position": {"x": 960, "y": 760}, "inputs": {"left": false, "right": false, "up": false, "down": false}}
2025-09-23 18:43:07,177 - game_server - INFO - log_game_event:61 - Игровое событие: обновление_позиции - {"client_id": 0, "position": {"x": 960, "y": 760}, "inputs": {"left": false, "right": false, "up": false, "down": false}}
2025-09-23 18:43:07,204 - game_server - INFO - log_game_event:61 - Игровое событие: обновление_позиции - {"client_id": 0, "position": {"x": 960, "y": 760}, "inputs": {"left": false, "right": false, "up": false, "down": false}}
2025-09-23 18:43:07,228 - game_server - INFO - log_game_event:61 - Игровое событие: обновление_позиции - {"client_id": 0, "position": {"x": 960, "y": 760}, "inputs": {"left": false, "right": false, "up": false, "down": false}}
2025-09-23 18:43:07,251 - game_server - INFO - log_game_event:61 - Игровое событие: обновление_позиции - {"client_id": 0, "position": {"x": 960, "y": 760}, "inputs": {"left": false, "right": false, "up": false, "down": false}}
2025-09-23 18:43:07,278 - game_server - INFO - log_game_event:61 - Игровое событие: обновление_позиции - {"client_id": 0, "position": {"x": 960, "y": 760}, "inputs": {"left": false, "right": false, "up": false, "down": false}}
2025-09-23 18:43:07,303 - game_server - INFO - log_game_event:61 - Игровое событие: обновление_позиции - {"client_id": 0, "position": {"x": 960, "y": 760}, "inputs": {"left": false, "right": false, "up": false, "down": false}}
2025-09-23 18:43:07,325 - game_server - INFO - log_game_event:61 - Игровое событие: обновление_позиции - {"client_id": 0, "position": {"x": 960, "y": 760}, "inputs": {"left": false, "right": false, "up": false, "down": false}}
2025-09-23 18:43:07,348 - game_server - INFO - log_game_event:61 - Игровое событие: обновление_позиции - {"client_id": 0, "position": {"x": 960, "y": 760}, "inputs": {"left": false, "right": false, "up": false, "down": false}}
2025-09-23 18:43:07,371 - game_server - INFO - log_game_event:61 - Игровое событие: обновление_позиции - {"client_id": 0, "position": {"x": 960, "y": 760}, "inputs": {"left": false, "right": false, "up": false, "down": false}}
2025-09-23 18:43:07,393 - game_server - INFO - log_game_event:61 - Игровое событие: обновление_позиции - {"client_id": 0, "position": {"x": 960, "y": 760}, "inputs": {"left": false, "right": false, "up": false, "down": false}}
2025-09-23 18:43:07,418 - game_server - INFO - log_game_event:61 - Игровое событие: обновление_позиции - {"client_id": 0, "position": {"x": 960, "y": 760}, "inputs": {"left": false, "right": false, "up": false, "down": false}}
2025-09-23 18:43:07,440 - game_server - INFO - log_game_event:61 - Игровое событие: обновление_позиции - {"client_id": 0, "position": {"x": 960, "y": 760}, "inputs": {"left": false, "right": false, "up": false, "down": false}}
2025-09-23 18:43:07,463 - game_server - INFO - log_game_event:61 - Игровое событие: обновление_позиции - {"client_id": 0, "position": {"x": 960, "y": 760}, "inputs": {"left": false, "right": false, "up": false, "down": false}}
2025-09-23 18:43:07,484 - game_server - INFO - log_game_event:61 - Игровое событие: обновление_позиции - {"client_id": 0, "position": {"x": 960, "y": 760}, "inputs": {"left": false, "right": false, "up": false, "down": false}}
2025-09-23 18:43:07,506 - game_server - INFO - log_game_event:61 - Игровое событие: обновление_позиции - {"client_id": 0, "position": {"x": 960, "y": 760}, "inputs": {"left": false, "right": false, "up": false, "down": false}}
2025-09-23 18:43:07,528 - game_server - INFO - log_game_event:61 - Игровое событие: обновление_позиции - {"client_id": 0, "position": {"x": 960, "y": 760}, "inputs": {"left": false, "right": false, "up": false, "down": false}}
2025-09-23 18:43:07,550 - game_server - INFO - log_game_event:61 - Игровое событие: обновление_позиции - {"client_id": 0, "position": {"x": 960, "y": 760}, "inputs": {"left": false, "right": false, "up": false, "down": false}}
2025-09-23 18:43:07,572 - game_server - INFO - log_game_event:61 - Игровое событие: обновление_позиции - {"client_id": 0, "position": {"x": 960, "y": 760}, "inputs": {"left": false, "right": false, "up": false, "down": false}}
2025-09-23 18:43:07,594 - game_server - INFO - log_game_event:61 - Игровое событие: обновление_позиции - {"client_id": 0, "position": {"x": 960, "y": 760}, "inputs": {"left": false, "right": false, "up": false, "down": false}}
2025-09-23 18:43:07,617 - game_server - INFO - log_game_event:61 - Игровое событие: обновление_позиции - {"client_id": 0, "position": {"x": 960, "y": 760}, "inputs": {"left": false, "right": false, "up": false, "down": false}}
2025-09-23 18:43:07,639 - game_server - INFO - log_game_event:61 - Игровое событие: обновление_позиции - {"client_id": 0, "position": {"x": 960, "y": 760}, "inputs": {"left": false, "right": false, "up": false, "down": false}}
2025-09-23 18:43:07,661 - game_server - INFO - log_game_event:61 - Игровое событие: обновление_позиции - {"client_id": 0, "position": {"x": 960, "y": 760}, "inputs": {"left": false, "right": false, "up": false, "down": false}}
2025-09-23 18:43:07,691 - game_server - INFO - log_game_event:61 - Игровое событие: обновление_позиции - {"client_id": 0, "position": {"x": 960, "y": 760}, "inputs": {"left": false, "right": false, "up": false, "down": false}}
2025-09-23 18:43:07,716 - game_server - INFO - log_game_event:61 - Игровое событие: обновление_позиции - {"client_id": 0, "position": {"x": 960, "y": 760}, "inputs": {"left": false, "right": false, "up": false, "down": false}}
2025-09-23 18:43:07,744 - game_server - INFO - log_game_event:61 - Игровое событие: обновление_позиции - {"client_id": 0, "position": {"x": 960, "y": 760}, "inputs": {"left": false, "right": false, "up": false, "down": false}}
2025-09-23 18:43:07,778 - game_server - INFO - log_game_event:61 - Игровое событие: обновление_позиции - {"client_id": 0, "position": {"x": 960, "y": 760}, "inputs": {"left": false, "right": false, "up": false, "down": false}}
2025-09-23 18:43:07,812 - game_server - INFO - log_game_event:61 - Игровое событие: обновление_позиции - {"client_id": 0, "position": {"x": 960, "y": 760}, "inputs": {"left": false, "right": false, "up": false, "down": false}}
2025-09-23 18:43:07,843 - game_server - INFO - log_game_event:61 - Игровое событие: обновление_позиции - {"client_id": 0, "position": {"x": 960, "y": 760}, "inputs": {"left": false, "right": false, "up": false, "down": false}}
2025-09-23 18:43:07,874 - game_server - INFO - log_game_event:61 - Игровое событие: обновление_позиции - {"client_id": 0, "position": {"x": 960, "y": 760}, "inputs": {"left": false, "right": false, "up": false, "down": false}}
2025-09-23 18:43:07,899 - game_server - INFO - log_game_event:61 - Игровое событие: обновление_позиции - {"client_id": 0, "position": {"x": 960, "y": 760}, "inputs": {"left": false, "right": false, "up": false, "down": false}}
2025-09-23 18:43:07,929 - game_server - INFO - log_game_event:61 - Игровое событие: обновление_позиции - {"client_id": 0, "position": {"x": 960, "y": 760}, "inputs": {"left": false, "right": false, "up": false, "down": false}}
2025-09-23 18:43:07,956 - game_server - INFO - log_game_event:61 - Игровое событие: обновление_позиции - {"client_id": 0, "position": {"x": 960, "y": 760}, "inputs": {"left": false, "right": false, "up": false, "down": false}}
2025-09-23 18:43:07,984 - game_server - INFO - log_game_event:61 - Игровое событие: обновление_позиции - {"client_id": 0, "position": {"x": 960, "y": 760}, "inputs": {"left": false, "right": false, "up": false, "down": false}}
2025-09-23 18:43:08,011 - game_server - INFO - log_game_event:61 - Игровое событие: обновление_позиции - {"client_id": 0, "position": {"x": 960, "y": 760}, "inputs": {"left": false, "right": false, "up": false, "down": false}}
2025-09-23 18:43:08,038 - game_server - INFO - log_game_event:61 - Игровое событие: обновление_позиции - {"client_id": 0, "position": {"x": 960, "y": 760}, "inputs": {"left": false, "right": false, "up": false, "down": false}}
2025-09-23 18:43:08,069 - game_server - INFO - log_game_event:61 - Игровое событие: обновление_позиции - {"client_id": 0, "position": {"x": 960, "y": 760}, "inputs": {"left": false, "right": false, "up": false, "down": false}}
2025-09-23 18:43:08,100 - game_server - INFO - log_game_event:61 - Игровое событие: обновление_позиции - {"client_id": 0, "position": {"x": 960, "y": 760}, "inputs": {"left": false, "right": false, "up": false, "down": false}}
2025-09-23 18:43:08,129 - game_server - INFO - log_game_event:61 - Игровое событие: обновление_позиции - {"client_id": 0, "position": {"x": 960, "y": 760}, "inputs": {"left": false, "right": false, "up": false, "down": false}}
2025-09-23 18:43:08,154 - game_server - INFO - log_game_event:61 - Игровое событие: обновление_позиции - {"client_id": 0, "position": {"x": 960, "y": 760}, "inputs": {"left": false, "right": false, "up": false, "down": false}}
2025-09-23 18:43:08,177 - game_server - INFO - log_game_event:61 - Игровое событие: обновление_позиции - {"client_id": 0, "position": {"x": 960, "y": 760}, "inputs": {"left": false, "right": false, "up": false, "down": false}}
2025-09-23 18:43:08,199 - game_server - INFO - log_game_event:61 - Игровое событие: обновление_позиции - {"client_id": 0, "position": {"x": 960, "y": 760}, "inputs": {"left": false, "right": false, "up": false, "down": false}}
2025-09-23 18:43:08,228 - game_server - INFO - log_game_event:61 - Игровое событие: обновление_позиции - {"client_id": 0, "position": {"x": 960, "y": 760}, "inputs": {"left": false, "right": false, "up": false, "down": false}}
2025-09-23 18:43:08,260 - game_server - INFO - log_game_event:61 - Игровое событие: обновление_позиции - {"client_id": 0, "position": {"x": 960, "y": 760}, "inputs": {"left": false, "right": false, "up": false, "down": false}}
2025-09-23 18:43:08,294 - game_server - INFO - log_game_event:61 - Игровое событие: обновление_позиции - {"client_id": 0, "position": {"x": 960, "y": 760}, "inputs": {"left": false, "right": false, "up": false, "down": false}}
2025-09-23 18:43:08,327 - game_server - INFO - log_game_event:61 - Игровое событие: обновление_позиции - {"client_id": 0, "position": {"x": 960, "y": 760}, "inputs": {"left": false, "right": false, "up": false, "down": false}}
2025-09-23 18:43:08,358 - game_server - INFO - log_game_event:61 - Игровое событие: обновление_позиции - {"client_id": 0, "position": {"x": 960, "y": 760}, "inputs": {"left": false, "right": false, "up": false, "down": false}}
2025-09-23 18:43:08,401 - game_server - INFO - log_game_event:61 - Игровое событие: обновление_позиции - {"client_id": 0, "position": {"x": 960, "y": 760}, "inputs": {"left": false, "right": false, "up": false, "down": false}}
2025-09-23 18:43:08,430 - game_server - INFO - log_game_event:61 - Игровое событие: обновление_позиции - {"client_id": 0, "position": {"x": 960, "y": 760}, "inputs": {"left": false, "right": false, "up": false, "down": false}}
2025-09-23 18:43:08,459 - game_server - INFO - log_game_event:61 - Игровое событие: обновление_позиции - {"client_id": 0, "position": {"x": 960, "y": 760}, "inputs": {"left": false, "right": false, "up": false, "down": false}}
2025-09-23 18:43:08,484 - game_server - INFO - log_game_event:61 - Игровое событие: обновление_позиции - {"client_id": 0, "position": {"x": 960, "y": 760}, "inputs": {"left": false, "right": false, "up": false, "down": false}}
2025-09-23 18:43:08,507 - game_server - INFO - log_game_event:61 - Игровое событие: обновление_позиции - {"client_id": 0, "position": {"x": 960, "y": 760}, "inputs": {"left": false, "right": false, "up": false, "down": false}}
2025-09-23 18:43:08,541 - game_server - INFO - log_game_event:61 - Игровое событие: обновление_позиции - {"client_id": 0, "position": {"x": 960, "y": 760}, "inputs": {"left": false, "right": false, "up": false, "down": false}}
2025-09-23 18:43:08,565 - game_server - INFO - log_game_event:61 - Игровое событие: обновление_позиции - {"client_id": 0, "position": {"x": 960, "y": 760}, "inputs": {"left": false, "right": false, "up": false, "down": false}}
2025-09-23 18:43:08,598 - game_server - INFO - log_game_event:61 - Игровое событие: обновление_позиции - {"client_id": 0, "position": {"x": 960, "y": 760}, "inputs": {"left": false, "right": false, "up": false, "down": false}}
2025-09-23 18:43:08,627 - game_server - INFO - log_game_event:61 - Игровое событие: обновление_позиции - {"client_id": 0, "position": {"x": 960, "y": 760}, "inputs": {"left": false, "right": false, "up": false, "down": false}}
2025-09-23 18:43:08,651 - game_server - INFO - log_game_event:61 - Игровое событие: обновление_позиции - {"client_id": 0, "position": {"x": 960, "y": 760}, "inputs": {"left": false, "right": false, "up": false, "down": false}}
2025-09-23 18:43:08,685 - game_server - INFO - log_game_event:61 - Игровое событие: обновление_позиции - {"client_id": 0, "position": {"x": 960, "y": 760}, "inputs": {"left": false, "right": false, "up": false, "down": false}}
2025-09-23 18:43:08,714 - game_server - INFO - log_game_event:61 - Игровое событие: обновление_позиции - {"client_id": 0, "position": {"x": 960, "y": 760}, "inputs": {"left": false, "right": false, "up": false, "down": false}}
2025-09-23 18:43:08,738 - game_server - INFO - log_game_event:61 - Игровое событие: обновление_позиции - {"client_id": 0, "position": {"x": 960, "y": 760}, "inputs": {"left": false, "right": false, "up": false, "down": false}}
2025-09-23 18:43:08,761 - game_server - INFO - log_game_event:61 - Игровое событие: обновление_позиции - {"client_id": 0, "position": {"x": 960, "y": 760}, "inputs": {"left": false, "right": false, "up": false, "down": false}}
2025-09-23 18:43:08,786 - game_server - INFO - log_game_event:61 - Игровое событие: обновление_позиции - {"client_id": 0, "position": {"x": 960, "y": 760}, "inputs": {"left": false, "right": false, "up": false, "down": false}}
2025-09-23 18:43:08,812 - game_server - INFO - log_game_event:61 - Игровое событие: обновление_позиции - {"client_id": 0, "position": {"x": 960, "y": 760}, "inputs": {"left": false, "right": false, "up": false, "down": false}}
2025-09-23 18:43:08,835 - game_server - INFO - log_game_event:61 - Игровое событие: обновление_позиции - {"client_id": 0, "position": {"x": 960, "y": 760}, "inputs": {"left": false, "right": false, "up": false, "down": false}}
2025-09-23 18:43:08,863 - game_server - INFO - log_game_event:61 - Игровое событие: обновление_позиции - {"client_id": 0, "position": {"x": 960, "y": 760}, "inputs": {"left": false, "right": false, "up": false, "down": false}}
2025-09-23 18:43:08,894 - game_server - INFO - log_game_event:61 - Игровое событие: обновление_позиции - {"client_id": 0, "position": {"x": 960, "y": 760}, "inputs": {"left": false, "right": false, "up": false, "down": false}}
2025-09-23 18:43:08,918 - game_server - INFO - log_game_event:61 - Игровое событие: обновление_позиции - {"client_id": 0, "position": {"x": 960, "y": 760}, "inputs": {"left": false, "right": false, "up": false, "down": false}}
2025-09-23 18:43:08,945 - game_server - INFO - log_game_event:61 - Игровое событие: обновление_позиции - {"client_id": 0, "position": {"x": 960, "y": 760}, "inputs": {"left": false, "right": false, "up": false, "down": false}}
2025-09-23 18:43:08,969 - game_server - INFO - log_game_event:61 - Игровое событие: обновление_позиции - {"client_id": 0, "position": {"x": 960, "y": 760}, "inputs": {"left": false, "right": false, "up": false, "down": false}}
2025-09-23 18:43:08,993 - game_server - INFO - log_game_event:61 - Игровое событие: обновление_позиции - {"client_id": 0, "position": {"x": 960, "y": 760}, "inputs": {"left": false, "right": false, "up": false, "down": false}}
2025-09-23 18:43:09,020 - game_server - INFO - log_game_event:61 - Игровое событие: обновление_позиции - {"client_id": 0, "position": {"x": 960, "y": 760}, "inputs": {"left": false, "right": false, "up": false, "down": false}}
2025-09-23 18:43:09,054 - game_server - INFO - log_game_event:61 - Игровое событие: обновление_позиции - {"client_id": 0, "position": {"x": 960, "y": 760}, "inputs": {"left": false, "right": false, "up": false, "down": false}}
2025-09-23 18:43:09,087 - game_server - INFO - log_game_event:61 - Игровое событие: обновление_позиции - {"client_id": 0, "position": {"x": 960, "y": 760}, "inputs": {"left": false, "right": false, "up": false, "down": false}}
2025-09-23 18:43:09,121 - game_server - INFO - log_game_event:61 - Игровое событие: обновление_позиции - {"client_id": 0, "position": {"x": 960, "y": 760}, "inputs": {"left": false, "right": false, "up": false, "down": false}}
2025-09-23 18:43:09,155 - game_server - INFO - log_game_event:61 - Игровое событие: обновление_позиции - {"client_id": 0, "position": {"x": 960, "y": 760}, "inputs": {"left": false, "right": false, "up": false, "down": false}}
2025-09-23 18:43:09,189 - game_server - INFO - log_game_event:61 - Игровое событие: обновление_позиции - {"client_id": 0, "position": {"x": 960, "y": 760}, "inputs": {"left": false, "right": false, "up": false, "down": false}}
2025-09-23 18:43:09,225 - game_server - INFO - log_game_event:61 - Игровое событие: обновление_позиции - {"client_id": 0, "position": {"x": 960, "y": 760}, "inputs": {"left": false, "right": false, "up": false, "down": false}}
2025-09-23 18:43:09,259 - game_server - INFO - log_game_event:61 - Игровое событие: обновление_позиции - {"client_id": 0, "position": {"x": 960, "y": 760}, "inputs": {"left": false, "right": false, "up": false, "down": false}}
2025-09-23 18:43:09,288 - game_server - INFO - log_game_event:61 - Игровое событие: обновление_позиции - {"client_id": 0, "position": {"x": 960, "y": 760}, "inputs": {"left": false, "right": false, "up": false, "down": false}}
2025-09-23 18:43:09,316 - game_server - INFO - log_game_event:61 - Игровое событие: обновление_позиции - {"client_id": 0, "position": {"x": 960, "y": 760}, "inputs": {"left": false, "right": false, "up": false, "down": false}}
2025-09-23 18:43:09,348 - game_server - INFO - log_game_event:61 - Игровое событие: обновление_позиции - {"client_id": 0, "position": {"x": 960, "y": 760}, "inputs": {"left": false, "right": false, "up": false, "down": false}}
2025-09-23 18:43:09,383 - game_server - INFO - log_game_event:61 - Игровое событие: обновление_позиции - {"client_id": 0, "position": {"x": 960, "y": 760}, "inputs": {"left": false, "right": false, "up": false, "down": false}}
2025-09-23 18:43:09,414 - game_server - INFO - log_game_event:61 - Игровое событие: обновление_позиции - {"client_id": 0, "position": {"x": 960, "y": 760}, "inputs": {"left": false, "right": false, "up": false, "down": false}}
2025-09-23 18:43:09,442 - game_server - INFO - log_game_event:61 - Игровое событие: обновление_позиции - {"client_id": 0, "position": {"x": 960, "y": 760}, "inputs": {"left": false, "right": false, "up": false, "down": false}}
2025-09-23 18:43:09,475 - game_server - INFO - log_game_event:61 - Игровое событие: обновление_позиции - {"client_id": 0, "position": {"x": 960, "y": 760}, "inputs": {"left": false, "right": false, "up": false, "down": false}}
2025-09-23 18:43:09,503 - game_server - INFO - log_game_event:61 - Игровое событие: обновление_позиции - {"client_id": 0, "position": {"x": 960, "y": 760}, "inputs": {"left": false, "right": false, "up": false, "down": false}}
2025-09-23 18:43:09,533 - game_server - INFO - log_game_event:61 - Игровое событие: обновление_позиции - {"client_id": 0, "position": {"x": 960, "y": 760}, "inputs": {"left": false, "right": false, "up": false, "down": false}}
2025-09-23 18:43:09,565 - game_server - INFO - log_game_event:61 - Игровое событие: обновление_позиции - {"client_id": 0, "position": {"x": 960, "y": 760}, "inputs": {"left": false, "right": false, "up": false, "down": false}}
2025-09-23 18:43:09,593 - game_server - INFO - log_game_event:61 - Игровое событие: обновление_позиции - {"client_id": 0, "position": {"x": 960, "y": 760}, "inputs": {"left": false, "right": false, "up": false, "down": false}}
2025-09-23 18:43:09,622 - game_server - INFO - log_game_event:61 - Игровое событие: обновление_позиции - {"client_id": 0, "position": {"x": 960, "y": 760}, "inputs": {"left": false, "right": false, "up": false, "down": false}}
2025-09-23 18:43:09,646 - game_server - INFO - log_game_event:61 - Игровое событие: обновление_позиции - {"client_id": 0, "position": {"x": 960, "y": 760}, "inputs": {"left": false, "right": false, "up": false, "down": false}}
2025-09-23 18:43:09,679 - game_server - INFO - log_game_event:61 - Игровое событие: обновление_позиции - {"client_id": 0, "position": {"x": 960, "y": 760}, "inputs": {"left": false, "right": false, "up": false, "down": false}}
2025-09-23 18:43:09,710 - game_server - INFO - log_game_event:61 - Игровое событие: обновление_позиции - {"client_id": 0, "position": {"x": 960, "y": 760}, "inputs": {"left": false, "right": false, "up": false, "down": false}}
2025-09-23 18:43:09,740 - game_server - INFO - log_game_event:61 - Игровое событие: обновление_позиции - {"client_id": 0, "position": {"x": 960, "y": 760}, "inputs": {"left": false, "right": false, "up": false, "down": false}}
2025-09-23 18:43:09,774 - game_server - INFO - log_game_event:61 - Игровое событие: обновление_позиции - {"client_id": 0, "position": {"x": 960, "y": 760}, "inputs": {"left": false, "right": false, "up": false, "down": false}}
2025-09-23 18:43:09,805 - game_server - INFO - log_game_event:61 - Игровое событие: обновление_позиции - {"client_id": 0, "position": {"x": 960, "y": 760}, "inputs": {"left": false, "right": false, "up": false, "down": false}}
2025-09-23 18:43:09,838 - game_server - INFO - log_game_event:61 - Игровое событие: обновление_позиции - {"client_id": 0, "position": {"x": 960, "y": 760}, "inputs": {"left": false, "right": false, "up": false, "down": false}}
2025-09-23 18:43:09,869 - game_server - INFO - log_game_event:61 - Игровое событие: обновление_позиции - {"client_id": 0, "position": {"x": 960, "y": 760}, "inputs": {"left": false, "right": false, "up": false, "down": false}}
2025-09-23 18:43:09,901 - game_server - INFO - log_game_event:61 - Игровое событие: обновление_позиции - {"client_id": 0, "position": {"x": 960, "y": 760}, "inputs": {"left": false, "right": false, "up": false, "down": false}}
2025-09-23 18:43:09,923 - game_server - INFO - log_game_event:61 - Игровое событие: обновление_позиции - {"client_id": 0, "position": {"x": 960, "y": 760}, "inputs": {"left": false, "right": false, "up": false, "down": false}}
2025-09-23 18:43:09,956 - game_server - INFO - log_game_event:61 - Игровое событие: обновление_позиции - {"client_id": 0, "position": {"x": 960, "y": 760}, "inputs": {"left": false, "right": false, "up": false, "down": false}}
2025-09-23 18:43:09,990 - game_server - INFO - log_game_event:61 - Игровое событие: обновление_позиции - {"client_id": 0, "position": {"x": 960, "y": 760}, "inputs": {"left": false, "right": false, "up": false, "down": false}}
2025-09-23 18:43:10,024 - game_server - INFO - log_game_event:61 - Игровое событие: обновление_позиции - {"client_id": 0, "position": {"x": 960, "y": 760}, "inputs": {"left": false, "right": false, "up": false, "down": false}}
2025-09-23 18:43:10,058 - game_server - INFO - log_game_event:61 - Игровое событие: обновление_позиции - {"client_id": 0, "position": {"x": 960, "y": 760}, "inputs": {"left": false, "right": false, "up": false, "down": false}}
2025-09-23 18:43:10,092 - game_server - INFO - log_game_event:61 - Игровое событие: обновление_позиции - {"client_id": 0, "position": {"x": 960, "y": 760}, "inputs": {"left": false, "right": false, "up": false, "down": false}}
2025-09-23 18:43:10,126 - game_server - INFO - log_game_event:61 - Игровое событие: обновление_позиции - {"client_id": 0, "position": {"x": 960, "y": 760}, "inputs": {"left": false, "right": false, "up": false, "down": false}}
2025-09-23 18:43:10,161 - game_server - INFO - log_game_event:61 - Игровое событие: обновление_позиции - {"client_id": 0, "position": {"x": 960, "y": 760}, "inputs": {"left": false, "right": false, "up": false, "down": false}}
2025-09-23 18:43:10,190 - game_server - INFO - log_game_event:61 - Игровое событие: обновление_позиции - {"client_id": 0, "position": {"x": 960, "y": 760}, "inputs": {"left": false, "right": false, "up": false, "down": false}}
2025-09-23 18:43:10,223 - game_server - INFO - log_game_event:61 - Игровое событие: обновление_позиции - {"client_id": 0, "position": {"x": 960, "y": 760}, "inputs": {"left": false, "right": false, "up": false, "down": false}}
2025-09-23 18:43:10,254 - game_server - INFO - log_game_event:61 - Игровое событие: обновление_позиции - {"client_id": 0, "position": {"x": 960, "y": 760}, "inputs": {"left": false, "right": false, "up": false, "down": false}}
2025-09-23 18:43:10,288 - game_server - INFO - log_game_event:61 - Игровое событие: обновление_позиции - {"client_id": 0, "position": {"x": 960, "y": 760}, "inputs": {"left": false, "right": false, "up": false, "down": false}}
2025-09-23 18:43:10,323 - game_server - INFO - log_game_event:61 - Игровое событие: обновление_позиции - {"client_id": 0, "position": {"x": 960, "y": 760}, "inputs": {"left": false, "right": false, "up": false, "down": false}}
2025-09-23 18:43:10,357 - game_server - INFO - log_game_event:61 - Игровое событие: обновление_позиции - {"client_id": 0, "position": {"x": 960, "y": 760}, "inputs": {"left": false, "right": false, "up": false, "down": false}}
2025-09-23 18:43:10,391 - game_server - INFO - log_game_event:61 - Игровое событие: обновление_позиции - {"client_id": 0, "position": {"x": 960, "y": 760}, "inputs": {"left": false, "right": false, "up": false, "down": false}}
2025-09-23 18:43:10,419 - game_server - INFO - log_game_event:61 - Игровое событие: обновление_позиции - {"client_id": 0, "position": {"x": 960, "y": 760}, "inputs": {"left": false, "right": false, "up": false, "down": false}}
2025-09-23 18:43:10,453 - game_server - INFO - log_game_event:61 - Игровое событие: обновление_позиции - {"client_id": 0, "position": {"x": 960, "y": 760}, "inputs": {"left": false, "right": false, "up": false, "down": false}}
2025-09-23 18:43:10,486 - game_server - INFO - log_game_event:61 - Игровое событие: обновление_позиции - {"client_id": 0, "position": {"x": 960, "y": 760}, "inputs": {"left": false, "right": false, "up": false, "down": false}}
2025-09-23 18:43:10,517 - game_server - INFO - log_game_event:61 - Игровое событие: обновление_позиции - {"client_id": 0, "position": {"x": 960, "y": 760}, "inputs": {"left": false, "right": false, "up": false, "down": false}}
2025-09-23 18:43:10,550 - game_server - INFO - log_game_event:61 - Игровое событие: обновление_позиции - {"client_id": 0, "position": {"x": 960, "y": 760}, "inputs": {"left": false, "right": false, "up": false, "down": false}}
2025-09-23 18:43:10,579 - game_server - INFO - log_game_event:61 - Игровое событие: обновление_позиции - {"client_id": 0, "position": {"x": 960, "y": 760}, "inputs": {"left": false, "right": false, "up": false, "down": false}}
2025-09-23 18:43:10,609 - game_server - INFO - log_game_event:61 - Игровое событие: обновление_позиции - {"client_id": 0, "position": {"x": 960, "y": 760}, "inputs": {"left": false, "right": false, "up": false, "down": false}}
2025-09-23 18:43:10,637 - game_server - INFO - log_game_event:61 - Игровое событие: обновление_позиции - {"client_id": 0, "position": {"x": 960, "y": 760}, "inputs": {"left": false, "right": false, "up": false, "down": false}}
2025-09-23 18:43:10,669 - game_server - INFO - log_game_event:61 - Игровое событие: обновление_позиции - {"client_id": 0, "position": {"x": 960, "y": 760}, "inputs": {"left": false, "right": false, "up": false, "down": false}}
2025-09-23 18:43:10,694 - game_server - INFO - log_game_event:61 - Игровое событие: обновление_позиции - {"client_id": 0, "position": {"x": 960, "y": 760}, "inputs": {"left": false, "right": false, "up": false, "down": false}}
2025-09-23 18:43:10,721 - game_server - INFO - log_game_event:61 - Игровое событие: обновление_позиции - {"client_id": 0, "position": {"x": 960, "y": 760}, "inputs": {"left": false, "right": false, "up": false, "down": false}}
2025-09-23 18:43:10,746 - game_server - INFO - log_game_event:61 - Игровое событие: обновление_позиции - {"client_id": 0, "position": {"x": 960, "y": 760}, "inputs": {"left": false, "right": false, "up": false, "down": false}}
2025-09-23 18:43:10,771 - game_server - INFO - log_game_event:61 - Игровое событие: обновление_позиции - {"client_id": 0, "position": {"x": 960, "y": 760}, "inputs": {"left": false, "right": false, "up": false, "down": false}}
2025-09-23 18:43:10,798 - game_server - INFO - log_game_event:61 - Игровое событие: обновление_позиции - {"client_id": 0, "position": {"x": 960, "y": 760}, "inputs": {"left": false, "right": false, "up": false, "down": false}}
2025-09-23 18:43:10,823 - game_server - INFO - log_game_event:61 - Игровое событие: обновление_позиции - {"client_id": 0, "position": {"x": 960, "y": 760}, "inputs": {"left": false, "right": false, "up": false, "down": false}}
2025-09-23 18:43:10,850 - game_server - INFO - log_game_event:61 - Игровое событие: обновление_позиции - {"client_id": 0, "position": {"x": 960, "y": 760}, "inputs": {"left": false, "right": false, "up": false, "down": false}}
2025-09-23 18:43:10,875 - game_server - INFO - log_game_event:61 - Игровое событие: обновление_позиции - {"client_id": 0, "position": {"x": 960, "y": 760}, "inputs": {"left": false, "right": false, "up": false, "down": false}}
2025-09-23 18:43:10,903 - game_server - INFO - log_game_event:61 - Игровое событие: обновление_позиции - {"client_id": 0, "position": {"x": 960, "y": 760}, "inputs": {"left": false, "right": false, "up": false, "down": false}}
2025-09-23 18:43:10,935 - game_server - INFO - log_game_event:61 - Игровое событие: обновление_позиции - {"client_id": 0, "position": {"x": 960, "y": 760}, "inputs": {"left": false, "right": false, "up": false, "down": false}}
2025-09-23 18:43:10,971 - game_server - INFO - log_game_event:61 - Игровое событие: обновление_позиции - {"client_id": 0, "position": {"x": 960, "y": 760}, "inputs": {"left": false, "right": false, "up": false, "down": false}}
2025-09-23 18:43:11,005 - game_server - INFO - log_game_event:61 - Игровое событие: обновление_позиции - {"client_id": 0, "position": {"x": 960, "y": 760}, "inputs": {"left": false, "right": false, "up": false, "down": false}}
2025-09-23 18:43:11,028 - game_server - INFO - log_game_event:61 - Игровое событие: обновление_позиции - {"client_id": 0, "position": {"x": 960, "y": 760}, "inputs": {"left": false, "right": false, "up": false, "down": false}}
2025-09-23 18:43:11,062 - game_server - INFO - log_game_event:61 - Игровое событие: обновление_позиции - {"client_id": 0, "position": {"x": 960, "y": 760}, "inputs": {"left": false, "right": false, "up": false, "down": false}}
2025-09-23 18:43:11,096 - game_server - INFO - log_game_event:61 - Игровое событие: обновление_позиции - {"client_id": 0, "position": {"x": 960, "y": 760}, "inputs": {"left": false, "right": false, "up": false, "down": false}}
2025-09-23 18:43:11,130 - game_server - INFO - log_game_event:61 - Игровое событие: обновление_позиции - {"client_id": 0, "position": {"x": 960, "y": 760}, "inputs": {"left": false, "right": false, "up": false, "down": false}}
2025-09-23 18:43:11,164 - game_server - INFO - log_game_event:61 - Игровое событие: обновление_позиции - {"client_id": 0, "position": {"x": 960, "y": 760}, "inputs": {"left": false, "right": false, "up": false, "down": false}}
2025-09-23 18:43:11,200 - game_server - INFO - log_game_event:61 - Игровое событие: обновление_позиции - {"client_id": 0, "position": {"x": 960, "y": 760}, "inputs": {"left": false, "right": false, "up": false, "down": false}}
2025-09-23 18:43:11,234 - game_server - INFO - log_game_event:61 - Игровое событие: обновление_позиции - {"client_id": 0, "position": {"x": 960, "y": 760}, "inputs": {"left": false, "right": false, "up": false, "down": false}}
2025-09-23 18:43:11,265 - game_server - INFO - log_game_event:61 - Игровое событие: обновление_позиции - {"client_id": 0, "position": {"x": 960, "y": 760}, "inputs": {"left": false, "right": false, "up": false, "down": false}}
2025-09-23 18:43:11,298 - game_server - INFO - log_game_event:61 - Игровое событие: обновление_позиции - {"client_id": 0, "position": {"x": 960, "y": 760}, "inputs": {"left": false, "right": false, "up": false, "down": false}}
2025-09-23 18:43:11,334 - game_server - INFO - log_game_event:61 - Игровое событие: обновление_позиции - {"client_id": 0, "position": {"x": 960, "y": 760}, "inputs": {"left": false, "right": false, "up": false, "down": false}}
2025-09-23 18:43:11,368 - game_server - INFO - log_game_event:61 - Игровое событие: обновление_позиции - {"client_id": 0, "position": {"x": 960, "y": 760}, "inputs": {"left": false, "right": false, "up": false, "down": false}}
2025-09-23 18:43:11,400 - game_server - INFO - log_game_event:61 - Игровое событие: обновление_позиции - {"client_id": 0, "position": {"x": 960, "y": 760}, "inputs": {"left": false, "right": false, "up": false, "down": false}}
2025-09-23 18:43:11,434 - game_server - INFO - log_game_event:61 - Игровое событие: обновление_позиции - {"client_id": 0, "position": {"x": 960, "y": 760}, "inputs": {"left": false, "right": false, "up": false, "down": false}}
2025-09-23 18:43:11,467 - game_server - INFO - log_game_event:61 - Игровое событие: обновление_позиции - {"client_id": 0, "position": {"x": 960, "y": 760}, "inputs": {"left": false, "right": false, "up": false, "down": false}}
2025-09-23 18:43:11,501 - game_server - INFO - log_game_event:61 - Игровое событие: обновление_позиции - {"client_id": 0, "position": {"x": 960, "y": 760}, "inputs": {"left": false, "right": false, "up": false, "down": false}}
2025-09-23 18:43:11,536 - game_server - INFO - log_game_event:61 - Игровое событие: обновление_позиции - {"client_id": 0, "position": {"x": 960, "y": 760}, "inputs": {"left": false, "right": false, "up": false, "down": false}}
2025-09-23 18:43:11,571 - game_server - INFO - log_game_event:61 - Игровое событие: обновление_позиции - {"client_id": 0, "position": {"x": 960, "y": 760}, "inputs": {"left": false, "right": false, "up": false, "down": false}}
2025-09-23 18:43:11,606 - game_server - INFO - log_game_event:61 - Игровое событие: обновление_позиции - {"client_id": 0, "position": {"x": 960, "y": 760}, "inputs": {"left": false, "right": false, "up": false, "down": false}}
2025-09-23 18:43:11,640 - game_server - INFO - log_game_event:61 - Игровое событие: обновление_позиции - {"client_id": 0, "position": {"x": 960, "y": 760}, "inputs": {"left": false, "right": false, "up": false, "down": false}}
2025-09-23 18:43:11,676 - game_server - INFO - log_game_event:61 - Игровое событие: обновление_позиции - {"client_id": 0, "position": {"x": 960, "y": 760}, "inputs": {"left": false, "right": false, "up": false, "down": false}}
2025-09-23 18:43:11,712 - game_server - INFO - log_game_event:61 - Игровое событие: обновление_позиции - {"client_id": 0, "position": {"x": 960, "y": 760}, "inputs": {"left": false, "right": false, "up": false, "down": false}}
2025-09-23 18:43:11,747 - game_server - INFO - log_game_event:61 - Игровое событие: обновление_позиции - {"client_id": 0, "position": {"x": 960, "y": 760}, "inputs": {"left": false, "right": false, "up": false, "down": false}}
2025-09-23 18:43:11,780 - game_server - INFO - log_game_event:61 - Игровое событие: обновление_позиции - {"client_id": 0, "position": {"x": 960, "y": 760}, "inputs": {"left": false, "right": false, "up": false, "down": false}}
2025-09-23 18:43:11,816 - game_server - INFO - log_game_event:61 - Игровое событие: обновление_позиции - {"client_id": 0, "position": {"x": 960, "y": 760}, "inputs": {"left": false, "right": false, "up": false, "down": false}}
2025-09-23 18:43:11,850 - game_server - INFO - log_game_event:61 - Игровое событие: обновление_позиции - {"client_id": 0, "position": {"x": 960, "y": 760}, "inputs": {"left": false, "right": false, "up": false, "down": false}}
2025-09-23 18:43:11,885 - game_server - INFO - log_game_event:61 - Игровое событие: обновление_позиции - {"client_id": 0, "position": {"x": 960, "y": 760}, "inputs": {"left": false, "right": false, "up": false, "down": false}}
2025-09-23 18:43:11,915 - game_server - INFO - log_game_event:61 - Игровое событие: обновление_позиции - {"client_id": 0, "position": {"x": 960, "y": 760}, "inputs": {"left": false, "right": false, "up": false, "down": false}}
2025-09-23 18:43:11,948 - game_server - INFO - log_game_event:61 - Игровое событие: обновление_позиции - {"client_id": 0, "position": {"x": 960, "y": 760}, "inputs": {"left": false, "right": false, "up": false, "down": false}}
2025-09-23 18:43:11,982 - game_server - INFO - log_game_event:61 - Игровое событие: обновление_позиции - {"client_id": 0, "position": {"x": 960, "y": 760}, "inputs": {"left": false, "right": false, "up": false, "down": false}}
2025-09-23 18:43:12,018 - game_server - INFO - log_game_event:61 - Игровое событие: обновление_позиции - {"client_id": 0, "position": {"x": 960, "y": 760}, "inputs": {"left": false, "right": false, "up": false, "down": false}}
2025-09-23 18:43:12,051 - game_server - INFO - log_game_event:61 - Игровое событие: обновление_позиции - {"client_id": 0, "position": {"x": 960, "y": 760}, "inputs": {"left": false, "right": false, "up": false, "down": false}}
2025-09-23 18:43:12,082 - game_server - INFO - log_game_event:61 - Игровое событие: обновление_позиции - {"client_id": 0, "position": {"x": 960, "y": 760}, "inputs": {"left": false, "right": false, "up": false, "down": false}}
2025-09-23 18:43:12,112 - game_server - INFO - log_game_event:61 - Игровое событие: обновление_позиции - {"client_id": 0, "position": {"x": 960, "y": 760}, "inputs": {"left": false, "right": false, "up": false, "down": false}}
2025-09-23 18:43:12,146 - game_server - INFO - log_game_event:61 - Игровое событие: обновление_позиции - {"client_id": 0, "position": {"x": 960, "y": 760}, "inputs": {"left": false, "right": false, "up": false, "down": false}}
2025-09-23 18:43:12,180 - game_server - INFO - log_game_event:61 - Игровое событие: обновление_позиции - {"client_id": 0, "position": {"x": 960, "y": 760}, "inputs": {"left": false, "right": false, "up": false, "down": false}}
2025-09-23 18:43:12,210 - game_server - INFO - log_game_event:61 - Игровое событие: обновление_позиции - {"client_id": 0, "position": {"x": 960, "y": 760}, "inputs": {"left": false, "right": false, "up": false, "down": false}}
2025-09-23 18:43:12,243 - game_server - INFO - log_game_event:61 - Игровое событие: обновление_позиции - {"client_id": 0, "position": {"x": 960, "y": 760}, "inputs": {"left": false, "right": false, "up": false, "down": false}}
2025-09-23 18:43:12,279 - game_server - INFO - log_game_event:61 - Игровое событие: обновление_позиции - {"client_id": 0, "position": {"x": 960, "y": 760}, "inputs": {"left": false, "right": false, "up": false, "down": false}}
2025-09-23 18:43:12,313 - game_server - INFO - log_game_event:61 - Игровое событие: обновление_позиции - {"client_id": 0, "position": {"x": 960, "y": 760}, "inputs": {"left": false, "right": false, "up": false, "down": false}}
2025-09-23 18:43:12,347 - game_server - INFO - log_game_event:61 - Игровое событие: обновление_позиции - {"client_id": 0, "position": {"x": 960, "y": 760}, "inputs": {"left": false, "right": false, "up": false, "down": false}}
2025-09-23 18:43:12,380 - game_server - INFO - log_game_event:61 - Игровое событие: обновление_позиции - {"client_id": 0, "position": {"x": 960, "y": 760}, "inputs": {"left": false, "right": false, "up": false, "down": false}}
2025-09-23 18:43:12,414 - game_server - INFO - log_game_event:61 - Игровое событие: обновление_позиции - {"client_id": 0, "position": {"x": 960, "y": 760}, "inputs": {"left": false, "right": false, "up": false, "down": false}}
2025-09-23 18:43:12,448 - game_server - INFO - log_game_event:61 - Игровое событие: обновление_позиции - {"client_id": 0, "position": {"x": 960, "y": 760}, "inputs": {"left": false, "right": false, "up": false, "down": false}}
2025-09-23 18:43:12,482 - game_server - INFO - log_game_event:61 - Игровое событие: обновление_позиции - {"client_id": 0, "position": {"x": 960, "y": 760}, "inputs": {"left": false, "right": false, "up": false, "down": false}}
2025-09-23 18:43:12,513 - game_server - INFO - log_game_event:61 - Игровое событие: обновление_позиции - {"client_id": 0, "position": {"x": 960, "y": 760}, "inputs": {"left": false, "right": false, "up": false, "down": false}}
2025-09-23 18:43:12,542 - game_server - INFO - log_game_event:61 - Игровое событие: обновление_позиции - {"client_id": 0, "position": {"x": 960, "y": 760}, "inputs": {"left": false, "right": false, "up": false, "down": false}}
2025-09-23 18:43:12,575 - game_server - INFO - log_game_event:61 - Игровое событие: обновление_позиции - {"client_id": 0, "position": {"x": 960, "y": 760}, "inputs": {"left": false, "right": false, "up": false, "down": false}}
2025-09-23 18:43:12,610 - game_server - INFO - log_game_event:61 - Игровое событие: обновление_позиции - {"client_id": 0, "position": {"x": 960, "y": 760}, "inputs": {"left": false, "right": false, "up": false, "down": false}}
2025-09-23 18:43:12,644 - game_server - INFO - log_game_event:61 - Игровое событие: обновление_позиции - {"client_id": 0, "position": {"x": 960, "y": 760}, "inputs": {"left": false, "right": false, "up": false, "down": false}}
2025-09-23 18:43:12,676 - game_server - INFO - log_game_event:61 - Игровое событие: обновление_позиции - {"client_id": 0, "position": {"x": 960, "y": 760}, "inputs": {"left": false, "right": false, "up": false, "down": false}}
2025-09-23 18:43:12,703 - game_server - INFO - log_game_event:61 - Игровое событие: обновление_позиции - {"client_id": 0, "position": {"x": 960, "y": 760}, "inputs": {"left": false, "right": false, "up": false, "down": false}}
2025-09-23 18:43:12,730 - game_server - INFO - log_game_event:61 - Игровое событие: обновление_позиции - {"client_id": 0, "position": {"x": 960, "y": 760}, "inputs": {"left": false, "right": false, "up": false, "down": false}}
2025-09-23 18:43:12,753 - game_server - INFO - log_game_event:61 - Игровое событие: обновление_позиции - {"client_id": 0, "position": {"x": 960, "y": 760}, "inputs": {"left": false, "right": false, "up": false, "down": false}}
2025-09-23 18:43:12,778 - game_server - INFO - log_game_event:61 - Игровое событие: обновление_позиции - {"client_id": 0, "position": {"x": 960, "y": 760}, "inputs": {"left": false, "right": false, "up": false, "down": false}}
2025-09-23 18:43:12,805 - game_server - INFO - log_game_event:61 - Игровое событие: обновление_позиции - {"client_id": 0, "position": {"x": 960, "y": 760}, "inputs": {"left": false, "right": false, "up": false, "down": false}}
2025-09-23 18:43:12,829 - game_server - INFO - log_game_event:61 - Игровое событие: обновление_позиции - {"client_id": 0, "position": {"x": 960, "y": 760}, "inputs": {"left": false, "right": false, "up": false, "down": false}}
2025-09-23 18:43:12,853 - game_server - INFO - log_game_event:61 - Игровое событие: обновление_позиции - {"client_id": 0, "position": {"x": 960, "y": 760}, "inputs": {"left": false, "right": false, "up": false, "down": false}}
2025-09-23 18:43:12,886 - game_server - INFO - log_game_event:61 - Игровое событие: обновление_позиции - {"client_id": 0, "position": {"x": 960, "y": 760}, "inputs": {"left": false, "right": false, "up": false, "down": false}}
2025-09-23 18:43:12,920 - game_server - INFO - log_game_event:61 - Игровое событие: обновление_позиции - {"client_id": 0, "position": {"x": 960, "y": 760}, "inputs": {"left": false, "right": false, "up": false, "down": false}}
2025-09-23 18:43:12,953 - game_server - INFO - log_game_event:61 - Игровое событие: обновление_позиции - {"client_id": 0, "position": {"x": 960, "y": 760}, "inputs": {"left": false, "right": false, "up": false, "down": false}}
2025-09-23 18:43:12,983 - game_server - INFO - log_game_event:61 - Игровое событие: обновление_позиции - {"client_id": 0, "position": {"x": 960, "y": 760}, "inputs": {"left": false, "right": false, "up": false, "down": false}}
2025-09-23 18:43:13,017 - game_server - INFO - log_game_event:61 - Игровое событие: обновление_позиции - {"client_id": 0, "position": {"x": 960, "y": 760}, "inputs": {"left": false, "right": false, "up": false, "down": false}}
2025-09-23 18:43:13,051 - game_server - INFO - log_game_event:61 - Игровое событие: обновление_позиции - {"client_id": 0, "position": {"x": 960, "y": 760}, "inputs": {"left": false, "right": false, "up": false, "down": false}}
2025-09-23 18:43:13,085 - game_server - INFO - log_game_event:61 - Игровое событие: обновление_позиции - {"client_id": 0, "position": {"x": 960, "y": 760}, "inputs": {"left": false, "right": false, "up": false, "down": false}}
2025-09-23 18:43:13,119 - game_server - INFO - log_game_event:61 - Игровое событие: обновление_позиции - {"client_id": 0, "position": {"x": 960, "y": 760}, "inputs": {"left": false, "right": false, "up": false, "down": false}}
2025-09-23 18:43:13,152 - game_server - INFO - log_game_event:61 - Игровое событие: обновление_позиции - {"client_id": 0, "position": {"x": 960, "y": 760}, "inputs": {"left": false, "right": false, "up": false, "down": false}}
2025-09-23 18:43:13,187 - game_server - INFO - log_game_event:61 - Игровое событие: обновление_позиции - {"client_id": 0, "position": {"x": 960, "y": 760}, "inputs": {"left": false, "right": false, "up": false, "down": false}}
2025-09-23 18:43:13,222 - game_server - INFO - log_game_event:61 - Игровое событие: обновление_позиции - {"client_id": 0, "position": {"x": 960, "y": 760}, "inputs": {"left": false, "right": false, "up": false, "down": false}}
2025-09-23 18:43:13,277 - game_server - ERROR - log_error:66 - Ошибка в Обработка клиента 0: [WinError 10054] Удаленный хост принудительно разорвал существующее подключение
Traceback (most recent call last):
  File "C:\Users\User\Desktop\Карта\server.py", line 71, in handle_client
    data = client_sock.recv(1024)
           ^^^^^^^^^^^^^^^^^^^^^^
ConnectionResetError: [WinError 10054] Удаленный хост принудительно разорвал существующее подключение
2025-09-23 18:43:13,303 - game_server - INFO - log_connection:56 - Клиент 0: отключен
